num_subjects,seed,split_type,subject,space,Bal_Acc,F1,Kappa
10,0,trait,,Raw,0.9962500000000001,0.9962435328752169,0.9958333333333333
10,0,trait,,Trait_LDA,0.9962500000000001,0.9962377817270414,0.9958333333333333
10,0,trait,,State_LDA,0.141875,0.09008730240587969,0.046527777777777724
10,0,trait,,Joint_LDA,0.9974999999999999,0.9974938581657795,0.9972222222222222
10,1,trait,,Raw,0.9487500000000001,0.9445224877516678,0.9430555555555555
10,1,trait,,Trait_LDA,0.9506249999999999,0.9470275998658881,0.9451388888888889
10,1,trait,,State_LDA,0.153125,0.09635126801415973,0.05902777777777779
10,1,trait,,Joint_LDA,0.943125,0.9393532315792799,0.9368055555555556
10,2,trait,,Raw,0.9493750000000001,0.9461536857959594,0.94375
10,2,trait,,Trait_LDA,0.9487500000000001,0.9455286796923842,0.9430555555555555
10,2,trait,,State_LDA,0.14125000000000001,0.09449888111916076,0.04583333333333328
10,2,trait,,Joint_LDA,0.9487499999999999,0.9455394665865808,0.9430555555555555
10,3,trait,,Raw,0.9487500000000001,0.9454166178366341,0.9430555555555555
10,3,trait,,Trait_LDA,0.94625,0.941526407376277,0.9402777777777778
10,3,trait,,State_LDA,0.11875,0.07998854146666234,0.02083333333333348
10,3,trait,,Joint_LDA,0.9275,0.921945818216433,0.9194444444444444
10,4,trait,,Raw,0.945,0.9416564305682902,0.9388888888888889
10,4,trait,,Trait_LDA,0.945,0.9416662210470141,0.9388888888888889
10,4,trait,,State_LDA,0.121875,0.0770568361254221,0.02430555555555569
10,4,trait,,Joint_LDA,0.931875,0.9284570258072243,0.9243055555555556
10,5,trait,,Raw,0.9887499999999999,0.9887270780006198,0.9875
10,5,trait,,Trait_LDA,0.9974999999999999,0.9974998290870177,0.9972222222222222
10,5,trait,,State_LDA,0.1375,0.07841109384009684,0.04166666666666663
10,5,trait,,Joint_LDA,0.983125,0.9830713894465746,0.98125
10,6,trait,,Raw,0.94625,0.9429083584846415,0.9402777777777778
10,6,trait,,Trait_LDA,0.943125,0.9397886952147992,0.9368055555555556
10,6,trait,,State_LDA,0.109375,0.08017886336580818,0.01041666666666663
10,6,trait,,Joint_LDA,0.9418749999999999,0.938531549499514,0.9354166666666667
10,7,trait,,Raw,0.9487500000000001,0.9449003544731444,0.9430555555555555
10,7,trait,,Trait_LDA,0.9487500000000001,0.9446420574499392,0.9430555555555555
10,7,trait,,State_LDA,0.09125,0.06543945471968951,-0.009722222222222632
10,7,trait,,Joint_LDA,0.945625,0.9420840086126614,0.9395833333333333
10,8,trait,,Raw,0.9487500000000001,0.9454166605630914,0.9430555555555555
10,8,trait,,Trait_LDA,0.9487500000000001,0.9452014345884979,0.9430555555555555
10,8,trait,,State_LDA,0.14187500000000003,0.09200732658093033,0.046527777777777724
10,8,trait,,Joint_LDA,0.9481249999999999,0.9445943748091139,0.9423611111111111
10,9,trait,,Raw,0.945,0.9415525144857023,0.9388888888888889
10,9,trait,,Trait_LDA,0.945625,0.9405091025565943,0.9395833333333333
10,9,trait,,State_LDA,0.156875,0.11774892729222892,0.06319444444444444
10,9,trait,,Joint_LDA,0.9349999999999999,0.9295887929606519,0.9277777777777778
4,0,trait,,Raw,1.0,1.0,1.0
4,0,trait,,Trait_LDA,1.0,1.0,1.0
4,0,trait,,State_LDA,0.275,0.1771968255798313,0.033333333333333326
4,0,trait,,Joint_LDA,1.0,1.0,1.0
4,1,trait,,Raw,0.875,0.8651111249519894,0.8333333333333334
4,1,trait,,Trait_LDA,0.875,0.865352158390133,0.8333333333333334
4,1,trait,,State_LDA,0.346875,0.23234811551823836,0.12916666666666665
4,1,trait,,Joint_LDA,0.875,0.8646507383441181,0.8333333333333334
4,2,trait,,Raw,1.0,1.0,1.0
4,2,trait,,Trait_LDA,1.0,1.0,1.0
4,2,trait,,State_LDA,0.246875,0.24167392184683495,-0.004166666666666652
4,2,trait,,Joint_LDA,1.0,1.0,1.0
4,3,trait,,Raw,1.0,1.0,1.0
4,3,trait,,Trait_LDA,1.0,1.0,1.0
4,3,trait,,State_LDA,0.3203125,0.2962290743719743,0.09375
4,3,trait,,Joint_LDA,1.0,1.0,1.0
4,4,trait,,Raw,0.875,0.8666666666666666,0.8333333333333334
4,4,trait,,Trait_LDA,0.875,0.8666666666666666,0.8333333333333334
4,4,trait,,State_LDA,0.2203125,0.1785844056329036,-0.039583333333333304
4,4,trait,,Joint_LDA,0.875,0.8666666666666666,0.8333333333333334
4,5,trait,,Raw,1.0,1.0,1.0
4,5,trait,,Trait_LDA,1.0,1.0,1.0
4,5,trait,,State_LDA,0.2140625,0.1765418898326243,-0.04791666666666661
4,5,trait,,Joint_LDA,1.0,1.0,1.0
4,6,trait,,Raw,1.0,1.0,1.0
4,6,trait,,Trait_LDA,1.0,1.0,1.0
4,6,trait,,State_LDA,0.2328125,0.20974264898419373,-0.022916666666666696
4,6,trait,,Joint_LDA,1.0,1.0,1.0
4,7,trait,,Raw,0.9984375,0.998437484741062,0.9979166666666667
4,7,trait,,Trait_LDA,0.9984375,0.998437484741062,0.9979166666666667
4,7,trait,,State_LDA,0.24062499999999998,0.168401142041399,-0.012499999999999956
4,7,trait,,Joint_LDA,0.9984375,0.998437484741062,0.9979166666666667
4,8,trait,,Raw,1.0,1.0,1.0
4,8,trait,,Trait_LDA,1.0,1.0,1.0
4,8,trait,,State_LDA,0.303125,0.20328772313168514,0.0708333333333333
4,8,trait,,Joint_LDA,0.9984375,0.998437484741062,0.9979166666666667
4,9,trait,,Raw,1.0,1.0,1.0
4,9,trait,,Trait_LDA,1.0,1.0,1.0
4,9,trait,,State_LDA,0.296875,0.21644121463998842,0.0625
4,9,trait,,Joint_LDA,0.9921875,0.99218665779835,0.9895833333333334
8,0,trait,,Raw,0.9359375,0.9314993518055303,0.9267857142857143
8,0,trait,,Trait_LDA,0.9429687499999999,0.9383336136876032,0.9348214285714286
8,0,trait,,State_LDA,0.18515625000000002,0.11317995836905098,0.06874999999999998
8,0,trait,,Joint_LDA,0.9328124999999999,0.9274427585958918,0.9232142857142858
8,1,trait,,Raw,0.95859375,0.9568163388856179,0.9526785714285715
8,1,trait,,Trait_LDA,0.9390624999999999,0.9355016095350911,0.9303571428571429
8,1,trait,,State_LDA,0.19062500000000002,0.13156164620825817,0.07499999999999996
8,1,trait,,Joint_LDA,0.9453125,0.9435089727740076,0.9375
8,2,trait,,Raw,0.996875,0.9968745116424441,0.9964285714285714
8,2,trait,,Trait_LDA,1.0,1.0,1.0
8,2,trait,,State_LDA,0.14609375,0.10505707632636675,0.024107142857142883
8,2,trait,,Joint_LDA,0.99296875,0.99295078377097,0.9919642857142857
8,3,trait,,Raw,0.92890625,0.9233937616889343,0.91875
8,3,trait,,Trait_LDA,0.93671875,0.9328694987349979,0.9276785714285715
8,3,trait,,State_LDA,0.1890625,0.10873656171895024,0.07321428571428568
8,3,trait,,Joint_LDA,0.93671875,0.9323787113459583,0.9276785714285715
8,4,trait,,Raw,0.99765625,0.9976560439882411,0.9973214285714286
8,4,trait,,Trait_LDA,0.99375,0.99372962271659,0.9928571428571429
8,4,trait,,State_LDA,0.18125000000000002,0.1231199927891215,0.06428571428571428
8,4,trait,,Joint_LDA,0.9945312500000001,0.9945257407275432,0.99375
8,5,trait,,Raw,0.9609375,0.9600030972735,0.9553571428571429
8,5,trait,,Trait_LDA,0.9421875,0.9389212166233337,0.9339285714285714
8,5,trait,,State_LDA,0.128125,0.09096383259793644,0.0035714285714285587
8,5,trait,,Joint_LDA,0.95703125,0.955974372899394,0.9508928571428571
8,6,trait,,Raw,0.93671875,0.9325520757038643,0.9276785714285715
8,6,trait,,Trait_LDA,0.9359375,0.9317707722957927,0.9267857142857143
8,6,trait,,State_LDA,0.17890625000000002,0.10752617839805774,0.06160714285714286
8,6,trait,,Joint_LDA,0.9328125,0.9286639327971729,0.9232142857142858
8,7,trait,,Raw,0.9375,0.930932273093231,0.9285714285714286
8,7,trait,,Trait_LDA,0.93671875,0.9314553952970039,0.9276785714285715
8,7,trait,,State_LDA,0.12578125,0.09736812791202122,0.0008928571428571397
8,7,trait,,Joint_LDA,0.93515625,0.9296191747289224,0.9258928571428572
8,8,trait,,Raw,0.9375,0.9333333333333333,0.9285714285714286
8,8,trait,,Trait_LDA,0.946875,0.9441399241083276,0.9392857142857143
8,8,trait,,State_LDA,0.18125,0.11832076595849447,0.06428571428571428
8,8,trait,,Joint_LDA,0.946875,0.9427809148779419,0.9392857142857143
8,9,trait,,Raw,0.99921875,0.999218742370531,0.9991071428571429
8,9,trait,,Trait_LDA,0.99921875,0.999218742370531,0.9991071428571429
8,9,trait,,State_LDA,0.1609375,0.1154492557467727,0.04107142857142854
8,9,trait,,Joint_LDA,0.99921875,0.999218742370531,0.9991071428571429
all,0,trait,,Raw,0.9598214285714286,0.9571295498082243,0.9567307692307693
all,0,trait,,Trait_LDA,0.9263392857142857,0.9228480936748396,0.9206730769230769
all,0,trait,,State_LDA,0.125,0.07153440540259204,0.05769230769230771
all,0,trait,,Joint_LDA,0.942857142857143,0.9400243959443481,0.9384615384615385
10,0,within_state,1.0,Raw,0.6125,0.5895817255749345,0.4833333333333333
10,0,within_state,1.0,Trait_LDA,0.6125,0.5895817255749345,0.4833333333333333
10,0,within_state,1.0,State_LDA,0.64375,0.6269053461337601,0.525
10,0,within_state,1.0,Joint_LDA,0.6187499999999999,0.5937788018433179,0.4916666666666667
10,0,within_state,10.0,Raw,0.5625,0.550838536995826,0.41666666666666663
10,0,within_state,10.0,Trait_LDA,0.5625,0.550838536995826,0.41666666666666663
10,0,within_state,10.0,State_LDA,0.56875,0.5577395577395577,0.42500000000000004
10,0,within_state,10.0,Joint_LDA,0.58125,0.5542047954502902,0.44166666666666665
10,0,within_state,11.0,Raw,0.74375,0.7502077129243597,0.6583333333333333
10,0,within_state,11.0,Trait_LDA,0.74375,0.7502077129243597,0.6583333333333333
10,0,within_state,11.0,State_LDA,0.75625,0.7604389371544602,0.675
10,0,within_state,11.0,Joint_LDA,0.75,0.750573735540714,0.6666666666666667
10,0,within_state,12.0,Raw,0.64375,0.631648509206054,0.525
10,0,within_state,12.0,Trait_LDA,0.64375,0.631648509206054,0.525
10,0,within_state,12.0,State_LDA,0.6312500000000001,0.6185193437644417,0.5083333333333333
10,0,within_state,12.0,Joint_LDA,0.6375,0.6011433195818577,0.5166666666666666
10,0,within_state,13.0,Raw,0.54375,0.5125695335900727,0.3916666666666667
10,0,within_state,13.0,Trait_LDA,0.54375,0.5125695335900727,0.3916666666666667
10,0,within_state,13.0,State_LDA,0.5375,0.503412376013776,0.3833333333333333
10,0,within_state,13.0,Joint_LDA,0.5625,0.5248397435897436,0.41666666666666663
10,0,within_state,2.0,Raw,0.59375,0.5677731344777539,0.45833333333333337
10,0,within_state,2.0,Trait_LDA,0.59375,0.5677731344777539,0.45833333333333337
10,0,within_state,2.0,State_LDA,0.5875000000000001,0.5565972790972791,0.44999999999999996
10,0,within_state,2.0,Joint_LDA,0.6125,0.5994255481418991,0.4833333333333333
10,0,within_state,4.0,Raw,0.85625,0.8562011559752524,0.8083333333333333
10,0,within_state,4.0,Trait_LDA,0.85625,0.8562011559752524,0.8083333333333333
10,0,within_state,4.0,State_LDA,0.80625,0.8062229980070356,0.7416666666666667
10,0,within_state,4.0,Joint_LDA,0.8062499999999999,0.8051449275362319,0.7416666666666667
10,0,within_state,5.0,Raw,0.7562500000000001,0.7571421018843698,0.675
10,0,within_state,5.0,Trait_LDA,0.7562500000000001,0.7571421018843698,0.675
10,0,within_state,5.0,State_LDA,0.7375,0.7380791405390947,0.65
10,0,within_state,5.0,Joint_LDA,0.73125,0.721873235460192,0.6416666666666666
10,0,within_state,6.0,Raw,0.88125,0.8801744487499271,0.8416666666666667
10,0,within_state,6.0,Trait_LDA,0.88125,0.8801744487499271,0.8416666666666667
10,0,within_state,6.0,State_LDA,0.8875000000000001,0.8871874357629141,0.85
10,0,within_state,6.0,Joint_LDA,0.8625,0.8627610810438817,0.8166666666666667
10,0,within_state,7.0,Raw,0.625,0.6203626908269007,0.5
10,0,within_state,7.0,Trait_LDA,0.625,0.6203626908269007,0.5
10,0,within_state,7.0,State_LDA,0.66875,0.6720238095238096,0.5583333333333333
10,0,within_state,7.0,Joint_LDA,0.675,0.6733544135268273,0.5666666666666667
10,1,within_state,1.0,Raw,0.6125,0.5895817255749345,0.4833333333333333
10,1,within_state,1.0,Trait_LDA,0.6125,0.5895817255749345,0.4833333333333333
10,1,within_state,1.0,State_LDA,0.64375,0.6269053461337601,0.525
10,1,within_state,1.0,Joint_LDA,0.6187499999999999,0.5937788018433179,0.4916666666666667
10,1,within_state,11.0,Raw,0.74375,0.7502077129243597,0.6583333333333333
10,1,within_state,11.0,Trait_LDA,0.74375,0.7502077129243597,0.6583333333333333
10,1,within_state,11.0,State_LDA,0.75625,0.7604389371544602,0.675
10,1,within_state,11.0,Joint_LDA,0.75,0.750573735540714,0.6666666666666667
10,1,within_state,12.0,Raw,0.64375,0.631648509206054,0.525
10,1,within_state,12.0,Trait_LDA,0.64375,0.631648509206054,0.525
10,1,within_state,12.0,State_LDA,0.6312500000000001,0.6185193437644417,0.5083333333333333
10,1,within_state,12.0,Joint_LDA,0.6375,0.6011433195818577,0.5166666666666666
10,1,within_state,14.0,Raw,0.65,0.6106093189964158,0.5333333333333333
10,1,within_state,14.0,Trait_LDA,0.65,0.6106093189964158,0.5333333333333333
10,1,within_state,14.0,State_LDA,0.65625,0.6178532827514629,0.5416666666666667
10,1,within_state,14.0,Joint_LDA,0.6625,0.6353272112692403,0.55
10,1,within_state,2.0,Raw,0.59375,0.5677731344777539,0.45833333333333337
10,1,within_state,2.0,Trait_LDA,0.59375,0.5677731344777539,0.45833333333333337
10,1,within_state,2.0,State_LDA,0.5875000000000001,0.5565972790972791,0.44999999999999996
10,1,within_state,2.0,Joint_LDA,0.6125,0.5994255481418991,0.4833333333333333
10,1,within_state,4.0,Raw,0.85625,0.8562011559752524,0.8083333333333333
10,1,within_state,4.0,Trait_LDA,0.85625,0.8562011559752524,0.8083333333333333
10,1,within_state,4.0,State_LDA,0.80625,0.8062229980070356,0.7416666666666667
10,1,within_state,4.0,Joint_LDA,0.8062499999999999,0.8051449275362319,0.7416666666666667
10,1,within_state,5.0,Raw,0.7562500000000001,0.7571421018843698,0.675
10,1,within_state,5.0,Trait_LDA,0.7562500000000001,0.7571421018843698,0.675
10,1,within_state,5.0,State_LDA,0.7375,0.7380791405390947,0.65
10,1,within_state,5.0,Joint_LDA,0.73125,0.721873235460192,0.6416666666666666
10,1,within_state,6.0,Raw,0.88125,0.8801744487499271,0.8416666666666667
10,1,within_state,6.0,Trait_LDA,0.88125,0.8801744487499271,0.8416666666666667
10,1,within_state,6.0,State_LDA,0.8875000000000001,0.8871874357629141,0.85
10,1,within_state,6.0,Joint_LDA,0.8625,0.8627610810438817,0.8166666666666667
10,1,within_state,7.0,Raw,0.625,0.6203626908269007,0.5
10,1,within_state,7.0,Trait_LDA,0.625,0.6203626908269007,0.5
10,1,within_state,7.0,State_LDA,0.66875,0.6720238095238096,0.5583333333333333
10,1,within_state,7.0,Joint_LDA,0.675,0.6733544135268273,0.5666666666666667
10,1,within_state,8.0,Raw,0.45625,0.4119049110699874,0.275
10,1,within_state,8.0,Trait_LDA,0.45625,0.4119049110699874,0.275
10,1,within_state,8.0,State_LDA,0.4625,0.42540484207150875,0.2833333333333333
10,1,within_state,8.0,Joint_LDA,0.53125,0.4876730563896896,0.375
10,2,within_state,1.0,Raw,0.6125,0.5895817255749345,0.4833333333333333
10,2,within_state,1.0,Trait_LDA,0.6125,0.5895817255749345,0.4833333333333333
10,2,within_state,1.0,State_LDA,0.64375,0.6269053461337601,0.525
10,2,within_state,1.0,Joint_LDA,0.6187499999999999,0.5937788018433179,0.4916666666666667
10,2,within_state,11.0,Raw,0.74375,0.7502077129243597,0.6583333333333333
10,2,within_state,11.0,Trait_LDA,0.74375,0.7502077129243597,0.6583333333333333
10,2,within_state,11.0,State_LDA,0.75625,0.7604389371544602,0.675
10,2,within_state,11.0,Joint_LDA,0.75,0.750573735540714,0.6666666666666667
10,2,within_state,12.0,Raw,0.64375,0.631648509206054,0.525
10,2,within_state,12.0,Trait_LDA,0.64375,0.631648509206054,0.525
10,2,within_state,12.0,State_LDA,0.6312500000000001,0.6185193437644417,0.5083333333333333
10,2,within_state,12.0,Joint_LDA,0.6375,0.6011433195818577,0.5166666666666666
10,2,within_state,13.0,Raw,0.54375,0.5125695335900727,0.3916666666666667
10,2,within_state,13.0,Trait_LDA,0.54375,0.5125695335900727,0.3916666666666667
10,2,within_state,13.0,State_LDA,0.5375,0.503412376013776,0.3833333333333333
10,2,within_state,13.0,Joint_LDA,0.5625,0.5248397435897436,0.41666666666666663
10,2,within_state,14.0,Raw,0.65,0.6106093189964158,0.5333333333333333
10,2,within_state,14.0,Trait_LDA,0.65,0.6106093189964158,0.5333333333333333
10,2,within_state,14.0,State_LDA,0.65625,0.6178532827514629,0.5416666666666667
10,2,within_state,14.0,Joint_LDA,0.6625,0.6353272112692403,0.55
10,2,within_state,2.0,Raw,0.59375,0.5677731344777539,0.45833333333333337
10,2,within_state,2.0,Trait_LDA,0.59375,0.5677731344777539,0.45833333333333337
10,2,within_state,2.0,State_LDA,0.5875000000000001,0.5565972790972791,0.44999999999999996
10,2,within_state,2.0,Joint_LDA,0.6125,0.5994255481418991,0.4833333333333333
10,2,within_state,4.0,Raw,0.85625,0.8562011559752524,0.8083333333333333
10,2,within_state,4.0,Trait_LDA,0.85625,0.8562011559752524,0.8083333333333333
10,2,within_state,4.0,State_LDA,0.80625,0.8062229980070356,0.7416666666666667
10,2,within_state,4.0,Joint_LDA,0.8062499999999999,0.8051449275362319,0.7416666666666667
10,2,within_state,6.0,Raw,0.88125,0.8801744487499271,0.8416666666666667
10,2,within_state,6.0,Trait_LDA,0.88125,0.8801744487499271,0.8416666666666667
10,2,within_state,6.0,State_LDA,0.8875000000000001,0.8871874357629141,0.85
10,2,within_state,6.0,Joint_LDA,0.8625,0.8627610810438817,0.8166666666666667
10,2,within_state,7.0,Raw,0.625,0.6203626908269007,0.5
10,2,within_state,7.0,Trait_LDA,0.625,0.6203626908269007,0.5
10,2,within_state,7.0,State_LDA,0.66875,0.6720238095238096,0.5583333333333333
10,2,within_state,7.0,Joint_LDA,0.675,0.6733544135268273,0.5666666666666667
10,2,within_state,9.0,Raw,0.475,0.4398404258951927,0.30000000000000004
10,2,within_state,9.0,Trait_LDA,0.475,0.4398404258951927,0.30000000000000004
10,2,within_state,9.0,State_LDA,0.46875,0.42950442580945725,0.29166666666666663
10,2,within_state,9.0,Joint_LDA,0.4375,0.40373591194392267,0.25
10,3,within_state,12.0,Raw,0.64375,0.631648509206054,0.525
10,3,within_state,12.0,Trait_LDA,0.64375,0.631648509206054,0.525
10,3,within_state,12.0,State_LDA,0.6312500000000001,0.6185193437644417,0.5083333333333333
10,3,within_state,12.0,Joint_LDA,0.6375,0.6011433195818577,0.5166666666666666
10,3,within_state,13.0,Raw,0.54375,0.5125695335900727,0.3916666666666667
10,3,within_state,13.0,Trait_LDA,0.54375,0.5125695335900727,0.3916666666666667
10,3,within_state,13.0,State_LDA,0.5375,0.503412376013776,0.3833333333333333
10,3,within_state,13.0,Joint_LDA,0.5625,0.5248397435897436,0.41666666666666663
10,3,within_state,14.0,Raw,0.65,0.6106093189964158,0.5333333333333333
10,3,within_state,14.0,Trait_LDA,0.65,0.6106093189964158,0.5333333333333333
10,3,within_state,14.0,State_LDA,0.65625,0.6178532827514629,0.5416666666666667
10,3,within_state,14.0,Joint_LDA,0.6625,0.6353272112692403,0.55
10,3,within_state,3.0,Raw,0.7875,0.7903276727877815,0.7166666666666667
10,3,within_state,3.0,Trait_LDA,0.7875,0.7903276727877815,0.7166666666666667
10,3,within_state,3.0,State_LDA,0.76875,0.7750182519724474,0.6916666666666667
10,3,within_state,3.0,Joint_LDA,0.75625,0.7610248685174698,0.675
10,3,within_state,4.0,Raw,0.85625,0.8562011559752524,0.8083333333333333
10,3,within_state,4.0,Trait_LDA,0.85625,0.8562011559752524,0.8083333333333333
10,3,within_state,4.0,State_LDA,0.80625,0.8062229980070356,0.7416666666666667
10,3,within_state,4.0,Joint_LDA,0.8062499999999999,0.8051449275362319,0.7416666666666667
10,3,within_state,5.0,Raw,0.7562500000000001,0.7571421018843698,0.675
10,3,within_state,5.0,Trait_LDA,0.7562500000000001,0.7571421018843698,0.675
10,3,within_state,5.0,State_LDA,0.7375,0.7380791405390947,0.65
10,3,within_state,5.0,Joint_LDA,0.73125,0.721873235460192,0.6416666666666666
10,3,within_state,6.0,Raw,0.88125,0.8801744487499271,0.8416666666666667
10,3,within_state,6.0,Trait_LDA,0.88125,0.8801744487499271,0.8416666666666667
10,3,within_state,6.0,State_LDA,0.8875000000000001,0.8871874357629141,0.85
10,3,within_state,6.0,Joint_LDA,0.8625,0.8627610810438817,0.8166666666666667
10,3,within_state,7.0,Raw,0.625,0.6203626908269007,0.5
10,3,within_state,7.0,Trait_LDA,0.625,0.6203626908269007,0.5
10,3,within_state,7.0,State_LDA,0.66875,0.6720238095238096,0.5583333333333333
10,3,within_state,7.0,Joint_LDA,0.675,0.6733544135268273,0.5666666666666667
10,3,within_state,8.0,Raw,0.45625,0.4119049110699874,0.275
10,3,within_state,8.0,Trait_LDA,0.45625,0.4119049110699874,0.275
10,3,within_state,8.0,State_LDA,0.4625,0.42540484207150875,0.2833333333333333
10,3,within_state,8.0,Joint_LDA,0.53125,0.4876730563896896,0.375
10,3,within_state,9.0,Raw,0.475,0.4398404258951927,0.30000000000000004
10,3,within_state,9.0,Trait_LDA,0.475,0.4398404258951927,0.30000000000000004
10,3,within_state,9.0,State_LDA,0.46875,0.42950442580945725,0.29166666666666663
10,3,within_state,9.0,Joint_LDA,0.4375,0.40373591194392267,0.25
10,4,within_state,1.0,Raw,0.6125,0.5895817255749345,0.4833333333333333
10,4,within_state,1.0,Trait_LDA,0.6125,0.5895817255749345,0.4833333333333333
10,4,within_state,1.0,State_LDA,0.64375,0.6269053461337601,0.525
10,4,within_state,1.0,Joint_LDA,0.6187499999999999,0.5937788018433179,0.4916666666666667
10,4,within_state,10.0,Raw,0.5625,0.550838536995826,0.41666666666666663
10,4,within_state,10.0,Trait_LDA,0.5625,0.550838536995826,0.41666666666666663
10,4,within_state,10.0,State_LDA,0.56875,0.5577395577395577,0.42500000000000004
10,4,within_state,10.0,Joint_LDA,0.58125,0.5542047954502902,0.44166666666666665
10,4,within_state,11.0,Raw,0.74375,0.7502077129243597,0.6583333333333333
10,4,within_state,11.0,Trait_LDA,0.74375,0.7502077129243597,0.6583333333333333
10,4,within_state,11.0,State_LDA,0.75625,0.7604389371544602,0.675
10,4,within_state,11.0,Joint_LDA,0.75,0.750573735540714,0.6666666666666667
10,4,within_state,13.0,Raw,0.54375,0.5125695335900727,0.3916666666666667
10,4,within_state,13.0,Trait_LDA,0.54375,0.5125695335900727,0.3916666666666667
10,4,within_state,13.0,State_LDA,0.5375,0.503412376013776,0.3833333333333333
10,4,within_state,13.0,Joint_LDA,0.5625,0.5248397435897436,0.41666666666666663
10,4,within_state,14.0,Raw,0.65,0.6106093189964158,0.5333333333333333
10,4,within_state,14.0,Trait_LDA,0.65,0.6106093189964158,0.5333333333333333
10,4,within_state,14.0,State_LDA,0.65625,0.6178532827514629,0.5416666666666667
10,4,within_state,14.0,Joint_LDA,0.6625,0.6353272112692403,0.55
10,4,within_state,3.0,Raw,0.7875,0.7903276727877815,0.7166666666666667
10,4,within_state,3.0,Trait_LDA,0.7875,0.7903276727877815,0.7166666666666667
10,4,within_state,3.0,State_LDA,0.76875,0.7750182519724474,0.6916666666666667
10,4,within_state,3.0,Joint_LDA,0.75625,0.7610248685174698,0.675
10,4,within_state,5.0,Raw,0.7562500000000001,0.7571421018843698,0.675
10,4,within_state,5.0,Trait_LDA,0.7562500000000001,0.7571421018843698,0.675
10,4,within_state,5.0,State_LDA,0.7375,0.7380791405390947,0.65
10,4,within_state,5.0,Joint_LDA,0.73125,0.721873235460192,0.6416666666666666
10,4,within_state,6.0,Raw,0.88125,0.8801744487499271,0.8416666666666667
10,4,within_state,6.0,Trait_LDA,0.88125,0.8801744487499271,0.8416666666666667
10,4,within_state,6.0,State_LDA,0.8875000000000001,0.8871874357629141,0.85
10,4,within_state,6.0,Joint_LDA,0.8625,0.8627610810438817,0.8166666666666667
10,4,within_state,8.0,Raw,0.45625,0.4119049110699874,0.275
10,4,within_state,8.0,Trait_LDA,0.45625,0.4119049110699874,0.275
10,4,within_state,8.0,State_LDA,0.4625,0.42540484207150875,0.2833333333333333
10,4,within_state,8.0,Joint_LDA,0.53125,0.4876730563896896,0.375
10,4,within_state,9.0,Raw,0.475,0.4398404258951927,0.30000000000000004
10,4,within_state,9.0,Trait_LDA,0.475,0.4398404258951927,0.30000000000000004
10,4,within_state,9.0,State_LDA,0.46875,0.42950442580945725,0.29166666666666663
10,4,within_state,9.0,Joint_LDA,0.4375,0.40373591194392267,0.25
10,5,within_state,1.0,Raw,0.6125,0.5895817255749345,0.4833333333333333
10,5,within_state,1.0,Trait_LDA,0.6125,0.5895817255749345,0.4833333333333333
10,5,within_state,1.0,State_LDA,0.64375,0.6269053461337601,0.525
10,5,within_state,1.0,Joint_LDA,0.6187499999999999,0.5937788018433179,0.4916666666666667
10,5,within_state,10.0,Raw,0.5625,0.550838536995826,0.41666666666666663
10,5,within_state,10.0,Trait_LDA,0.5625,0.550838536995826,0.41666666666666663
10,5,within_state,10.0,State_LDA,0.56875,0.5577395577395577,0.42500000000000004
10,5,within_state,10.0,Joint_LDA,0.58125,0.5542047954502902,0.44166666666666665
10,5,within_state,12.0,Raw,0.64375,0.631648509206054,0.525
10,5,within_state,12.0,Trait_LDA,0.64375,0.631648509206054,0.525
10,5,within_state,12.0,State_LDA,0.6312500000000001,0.6185193437644417,0.5083333333333333
10,5,within_state,12.0,Joint_LDA,0.6375,0.6011433195818577,0.5166666666666666
10,5,within_state,13.0,Raw,0.54375,0.5125695335900727,0.3916666666666667
10,5,within_state,13.0,Trait_LDA,0.54375,0.5125695335900727,0.3916666666666667
10,5,within_state,13.0,State_LDA,0.5375,0.503412376013776,0.3833333333333333
10,5,within_state,13.0,Joint_LDA,0.5625,0.5248397435897436,0.41666666666666663
10,5,within_state,2.0,Raw,0.59375,0.5677731344777539,0.45833333333333337
10,5,within_state,2.0,Trait_LDA,0.59375,0.5677731344777539,0.45833333333333337
10,5,within_state,2.0,State_LDA,0.5875000000000001,0.5565972790972791,0.44999999999999996
10,5,within_state,2.0,Joint_LDA,0.6125,0.5994255481418991,0.4833333333333333
10,5,within_state,4.0,Raw,0.85625,0.8562011559752524,0.8083333333333333
10,5,within_state,4.0,Trait_LDA,0.85625,0.8562011559752524,0.8083333333333333
10,5,within_state,4.0,State_LDA,0.80625,0.8062229980070356,0.7416666666666667
10,5,within_state,4.0,Joint_LDA,0.8062499999999999,0.8051449275362319,0.7416666666666667
10,5,within_state,5.0,Raw,0.7562500000000001,0.7571421018843698,0.675
10,5,within_state,5.0,Trait_LDA,0.7562500000000001,0.7571421018843698,0.675
10,5,within_state,5.0,State_LDA,0.7375,0.7380791405390947,0.65
10,5,within_state,5.0,Joint_LDA,0.73125,0.721873235460192,0.6416666666666666
10,5,within_state,7.0,Raw,0.625,0.6203626908269007,0.5
10,5,within_state,7.0,Trait_LDA,0.625,0.6203626908269007,0.5
10,5,within_state,7.0,State_LDA,0.66875,0.6720238095238096,0.5583333333333333
10,5,within_state,7.0,Joint_LDA,0.675,0.6733544135268273,0.5666666666666667
10,5,within_state,8.0,Raw,0.45625,0.4119049110699874,0.275
10,5,within_state,8.0,Trait_LDA,0.45625,0.4119049110699874,0.275
10,5,within_state,8.0,State_LDA,0.4625,0.42540484207150875,0.2833333333333333
10,5,within_state,8.0,Joint_LDA,0.53125,0.4876730563896896,0.375
10,5,within_state,9.0,Raw,0.475,0.4398404258951927,0.30000000000000004
10,5,within_state,9.0,Trait_LDA,0.475,0.4398404258951927,0.30000000000000004
10,5,within_state,9.0,State_LDA,0.46875,0.42950442580945725,0.29166666666666663
10,5,within_state,9.0,Joint_LDA,0.4375,0.40373591194392267,0.25
10,6,within_state,1.0,Raw,0.6125,0.5895817255749345,0.4833333333333333
10,6,within_state,1.0,Trait_LDA,0.6125,0.5895817255749345,0.4833333333333333
10,6,within_state,1.0,State_LDA,0.64375,0.6269053461337601,0.525
10,6,within_state,1.0,Joint_LDA,0.6187499999999999,0.5937788018433179,0.4916666666666667
10,6,within_state,11.0,Raw,0.74375,0.7502077129243597,0.6583333333333333
10,6,within_state,11.0,Trait_LDA,0.74375,0.7502077129243597,0.6583333333333333
10,6,within_state,11.0,State_LDA,0.75625,0.7604389371544602,0.675
10,6,within_state,11.0,Joint_LDA,0.75,0.750573735540714,0.6666666666666667
10,6,within_state,12.0,Raw,0.64375,0.631648509206054,0.525
10,6,within_state,12.0,Trait_LDA,0.64375,0.631648509206054,0.525
10,6,within_state,12.0,State_LDA,0.6312500000000001,0.6185193437644417,0.5083333333333333
10,6,within_state,12.0,Joint_LDA,0.6375,0.6011433195818577,0.5166666666666666
10,6,within_state,13.0,Raw,0.54375,0.5125695335900727,0.3916666666666667
10,6,within_state,13.0,Trait_LDA,0.54375,0.5125695335900727,0.3916666666666667
10,6,within_state,13.0,State_LDA,0.5375,0.503412376013776,0.3833333333333333
10,6,within_state,13.0,Joint_LDA,0.5625,0.5248397435897436,0.41666666666666663
10,6,within_state,14.0,Raw,0.65,0.6106093189964158,0.5333333333333333
10,6,within_state,14.0,Trait_LDA,0.65,0.6106093189964158,0.5333333333333333
10,6,within_state,14.0,State_LDA,0.65625,0.6178532827514629,0.5416666666666667
10,6,within_state,14.0,Joint_LDA,0.6625,0.6353272112692403,0.55
10,6,within_state,2.0,Raw,0.59375,0.5677731344777539,0.45833333333333337
10,6,within_state,2.0,Trait_LDA,0.59375,0.5677731344777539,0.45833333333333337
10,6,within_state,2.0,State_LDA,0.5875000000000001,0.5565972790972791,0.44999999999999996
10,6,within_state,2.0,Joint_LDA,0.6125,0.5994255481418991,0.4833333333333333
10,6,within_state,4.0,Raw,0.85625,0.8562011559752524,0.8083333333333333
10,6,within_state,4.0,Trait_LDA,0.85625,0.8562011559752524,0.8083333333333333
10,6,within_state,4.0,State_LDA,0.80625,0.8062229980070356,0.7416666666666667
10,6,within_state,4.0,Joint_LDA,0.8062499999999999,0.8051449275362319,0.7416666666666667
10,6,within_state,5.0,Raw,0.7562500000000001,0.7571421018843698,0.675
10,6,within_state,5.0,Trait_LDA,0.7562500000000001,0.7571421018843698,0.675
10,6,within_state,5.0,State_LDA,0.7375,0.7380791405390947,0.65
10,6,within_state,5.0,Joint_LDA,0.73125,0.721873235460192,0.6416666666666666
10,6,within_state,6.0,Raw,0.88125,0.8801744487499271,0.8416666666666667
10,6,within_state,6.0,Trait_LDA,0.88125,0.8801744487499271,0.8416666666666667
10,6,within_state,6.0,State_LDA,0.8875000000000001,0.8871874357629141,0.85
10,6,within_state,6.0,Joint_LDA,0.8625,0.8627610810438817,0.8166666666666667
10,6,within_state,8.0,Raw,0.45625,0.4119049110699874,0.275
10,6,within_state,8.0,Trait_LDA,0.45625,0.4119049110699874,0.275
10,6,within_state,8.0,State_LDA,0.4625,0.42540484207150875,0.2833333333333333
10,6,within_state,8.0,Joint_LDA,0.53125,0.4876730563896896,0.375
10,7,within_state,1.0,Raw,0.6125,0.5895817255749345,0.4833333333333333
10,7,within_state,1.0,Trait_LDA,0.6125,0.5895817255749345,0.4833333333333333
10,7,within_state,1.0,State_LDA,0.64375,0.6269053461337601,0.525
10,7,within_state,1.0,Joint_LDA,0.6187499999999999,0.5937788018433179,0.4916666666666667
10,7,within_state,11.0,Raw,0.74375,0.7502077129243597,0.6583333333333333
10,7,within_state,11.0,Trait_LDA,0.74375,0.7502077129243597,0.6583333333333333
10,7,within_state,11.0,State_LDA,0.75625,0.7604389371544602,0.675
10,7,within_state,11.0,Joint_LDA,0.75,0.750573735540714,0.6666666666666667
10,7,within_state,12.0,Raw,0.64375,0.631648509206054,0.525
10,7,within_state,12.0,Trait_LDA,0.64375,0.631648509206054,0.525
10,7,within_state,12.0,State_LDA,0.6312500000000001,0.6185193437644417,0.5083333333333333
10,7,within_state,12.0,Joint_LDA,0.6375,0.6011433195818577,0.5166666666666666
10,7,within_state,13.0,Raw,0.54375,0.5125695335900727,0.3916666666666667
10,7,within_state,13.0,Trait_LDA,0.54375,0.5125695335900727,0.3916666666666667
10,7,within_state,13.0,State_LDA,0.5375,0.503412376013776,0.3833333333333333
10,7,within_state,13.0,Joint_LDA,0.5625,0.5248397435897436,0.41666666666666663
10,7,within_state,14.0,Raw,0.65,0.6106093189964158,0.5333333333333333
10,7,within_state,14.0,Trait_LDA,0.65,0.6106093189964158,0.5333333333333333
10,7,within_state,14.0,State_LDA,0.65625,0.6178532827514629,0.5416666666666667
10,7,within_state,14.0,Joint_LDA,0.6625,0.6353272112692403,0.55
10,7,within_state,3.0,Raw,0.7875,0.7903276727877815,0.7166666666666667
10,7,within_state,3.0,Trait_LDA,0.7875,0.7903276727877815,0.7166666666666667
10,7,within_state,3.0,State_LDA,0.76875,0.7750182519724474,0.6916666666666667
10,7,within_state,3.0,Joint_LDA,0.75625,0.7610248685174698,0.675
10,7,within_state,4.0,Raw,0.85625,0.8562011559752524,0.8083333333333333
10,7,within_state,4.0,Trait_LDA,0.85625,0.8562011559752524,0.8083333333333333
10,7,within_state,4.0,State_LDA,0.80625,0.8062229980070356,0.7416666666666667
10,7,within_state,4.0,Joint_LDA,0.8062499999999999,0.8051449275362319,0.7416666666666667
10,7,within_state,5.0,Raw,0.7562500000000001,0.7571421018843698,0.675
10,7,within_state,5.0,Trait_LDA,0.7562500000000001,0.7571421018843698,0.675
10,7,within_state,5.0,State_LDA,0.7375,0.7380791405390947,0.65
10,7,within_state,5.0,Joint_LDA,0.73125,0.721873235460192,0.6416666666666666
10,7,within_state,6.0,Raw,0.88125,0.8801744487499271,0.8416666666666667
10,7,within_state,6.0,Trait_LDA,0.88125,0.8801744487499271,0.8416666666666667
10,7,within_state,6.0,State_LDA,0.8875000000000001,0.8871874357629141,0.85
10,7,within_state,6.0,Joint_LDA,0.8625,0.8627610810438817,0.8166666666666667
10,7,within_state,7.0,Raw,0.625,0.6203626908269007,0.5
10,7,within_state,7.0,Trait_LDA,0.625,0.6203626908269007,0.5
10,7,within_state,7.0,State_LDA,0.66875,0.6720238095238096,0.5583333333333333
10,7,within_state,7.0,Joint_LDA,0.675,0.6733544135268273,0.5666666666666667
10,8,within_state,11.0,Raw,0.74375,0.7502077129243597,0.6583333333333333
10,8,within_state,11.0,Trait_LDA,0.74375,0.7502077129243597,0.6583333333333333
10,8,within_state,11.0,State_LDA,0.75625,0.7604389371544602,0.675
10,8,within_state,11.0,Joint_LDA,0.75,0.750573735540714,0.6666666666666667
10,8,within_state,12.0,Raw,0.64375,0.631648509206054,0.525
10,8,within_state,12.0,Trait_LDA,0.64375,0.631648509206054,0.525
10,8,within_state,12.0,State_LDA,0.6312500000000001,0.6185193437644417,0.5083333333333333
10,8,within_state,12.0,Joint_LDA,0.6375,0.6011433195818577,0.5166666666666666
10,8,within_state,13.0,Raw,0.54375,0.5125695335900727,0.3916666666666667
10,8,within_state,13.0,Trait_LDA,0.54375,0.5125695335900727,0.3916666666666667
10,8,within_state,13.0,State_LDA,0.5375,0.503412376013776,0.3833333333333333
10,8,within_state,13.0,Joint_LDA,0.5625,0.5248397435897436,0.41666666666666663
10,8,within_state,14.0,Raw,0.65,0.6106093189964158,0.5333333333333333
10,8,within_state,14.0,Trait_LDA,0.65,0.6106093189964158,0.5333333333333333
10,8,within_state,14.0,State_LDA,0.65625,0.6178532827514629,0.5416666666666667
10,8,within_state,14.0,Joint_LDA,0.6625,0.6353272112692403,0.55
10,8,within_state,2.0,Raw,0.59375,0.5677731344777539,0.45833333333333337
10,8,within_state,2.0,Trait_LDA,0.59375,0.5677731344777539,0.45833333333333337
10,8,within_state,2.0,State_LDA,0.5875000000000001,0.5565972790972791,0.44999999999999996
10,8,within_state,2.0,Joint_LDA,0.6125,0.5994255481418991,0.4833333333333333
10,8,within_state,3.0,Raw,0.7875,0.7903276727877815,0.7166666666666667
10,8,within_state,3.0,Trait_LDA,0.7875,0.7903276727877815,0.7166666666666667
10,8,within_state,3.0,State_LDA,0.76875,0.7750182519724474,0.6916666666666667
10,8,within_state,3.0,Joint_LDA,0.75625,0.7610248685174698,0.675
10,8,within_state,5.0,Raw,0.7562500000000001,0.7571421018843698,0.675
10,8,within_state,5.0,Trait_LDA,0.7562500000000001,0.7571421018843698,0.675
10,8,within_state,5.0,State_LDA,0.7375,0.7380791405390947,0.65
10,8,within_state,5.0,Joint_LDA,0.73125,0.721873235460192,0.6416666666666666
10,8,within_state,6.0,Raw,0.88125,0.8801744487499271,0.8416666666666667
10,8,within_state,6.0,Trait_LDA,0.88125,0.8801744487499271,0.8416666666666667
10,8,within_state,6.0,State_LDA,0.8875000000000001,0.8871874357629141,0.85
10,8,within_state,6.0,Joint_LDA,0.8625,0.8627610810438817,0.8166666666666667
10,8,within_state,7.0,Raw,0.625,0.6203626908269007,0.5
10,8,within_state,7.0,Trait_LDA,0.625,0.6203626908269007,0.5
10,8,within_state,7.0,State_LDA,0.66875,0.6720238095238096,0.5583333333333333
10,8,within_state,7.0,Joint_LDA,0.675,0.6733544135268273,0.5666666666666667
10,8,within_state,9.0,Raw,0.475,0.4398404258951927,0.30000000000000004
10,8,within_state,9.0,Trait_LDA,0.475,0.4398404258951927,0.30000000000000004
10,8,within_state,9.0,State_LDA,0.46875,0.42950442580945725,0.29166666666666663
10,8,within_state,9.0,Joint_LDA,0.4375,0.40373591194392267,0.25
10,9,within_state,10.0,Raw,0.5625,0.550838536995826,0.41666666666666663
10,9,within_state,10.0,Trait_LDA,0.5625,0.550838536995826,0.41666666666666663
10,9,within_state,10.0,State_LDA,0.56875,0.5577395577395577,0.42500000000000004
10,9,within_state,10.0,Joint_LDA,0.58125,0.5542047954502902,0.44166666666666665
10,9,within_state,11.0,Raw,0.74375,0.7502077129243597,0.6583333333333333
10,9,within_state,11.0,Trait_LDA,0.74375,0.7502077129243597,0.6583333333333333
10,9,within_state,11.0,State_LDA,0.75625,0.7604389371544602,0.675
10,9,within_state,11.0,Joint_LDA,0.75,0.750573735540714,0.6666666666666667
10,9,within_state,12.0,Raw,0.64375,0.631648509206054,0.525
10,9,within_state,12.0,Trait_LDA,0.64375,0.631648509206054,0.525
10,9,within_state,12.0,State_LDA,0.6312500000000001,0.6185193437644417,0.5083333333333333
10,9,within_state,12.0,Joint_LDA,0.6375,0.6011433195818577,0.5166666666666666
10,9,within_state,14.0,Raw,0.65,0.6106093189964158,0.5333333333333333
10,9,within_state,14.0,Trait_LDA,0.65,0.6106093189964158,0.5333333333333333
10,9,within_state,14.0,State_LDA,0.65625,0.6178532827514629,0.5416666666666667
10,9,within_state,14.0,Joint_LDA,0.6625,0.6353272112692403,0.55
10,9,within_state,2.0,Raw,0.59375,0.5677731344777539,0.45833333333333337
10,9,within_state,2.0,Trait_LDA,0.59375,0.5677731344777539,0.45833333333333337
10,9,within_state,2.0,State_LDA,0.5875000000000001,0.5565972790972791,0.44999999999999996
10,9,within_state,2.0,Joint_LDA,0.6125,0.5994255481418991,0.4833333333333333
10,9,within_state,5.0,Raw,0.7562500000000001,0.7571421018843698,0.675
10,9,within_state,5.0,Trait_LDA,0.7562500000000001,0.7571421018843698,0.675
10,9,within_state,5.0,State_LDA,0.7375,0.7380791405390947,0.65
10,9,within_state,5.0,Joint_LDA,0.73125,0.721873235460192,0.6416666666666666
10,9,within_state,6.0,Raw,0.88125,0.8801744487499271,0.8416666666666667
10,9,within_state,6.0,Trait_LDA,0.88125,0.8801744487499271,0.8416666666666667
10,9,within_state,6.0,State_LDA,0.8875000000000001,0.8871874357629141,0.85
10,9,within_state,6.0,Joint_LDA,0.8625,0.8627610810438817,0.8166666666666667
10,9,within_state,7.0,Raw,0.625,0.6203626908269007,0.5
10,9,within_state,7.0,Trait_LDA,0.625,0.6203626908269007,0.5
10,9,within_state,7.0,State_LDA,0.66875,0.6720238095238096,0.5583333333333333
10,9,within_state,7.0,Joint_LDA,0.675,0.6733544135268273,0.5666666666666667
10,9,within_state,8.0,Raw,0.45625,0.4119049110699874,0.275
10,9,within_state,8.0,Trait_LDA,0.45625,0.4119049110699874,0.275
10,9,within_state,8.0,State_LDA,0.4625,0.42540484207150875,0.2833333333333333
10,9,within_state,8.0,Joint_LDA,0.53125,0.4876730563896896,0.375
10,9,within_state,9.0,Raw,0.475,0.4398404258951927,0.30000000000000004
10,9,within_state,9.0,Trait_LDA,0.475,0.4398404258951927,0.30000000000000004
10,9,within_state,9.0,State_LDA,0.46875,0.42950442580945725,0.29166666666666663
10,9,within_state,9.0,Joint_LDA,0.4375,0.40373591194392267,0.25
4,0,within_state,1.0,Raw,0.6125,0.5895817255749345,0.4833333333333333
4,0,within_state,1.0,Trait_LDA,0.6125,0.5895817255749345,0.4833333333333333
4,0,within_state,1.0,State_LDA,0.64375,0.6269053461337601,0.525
4,0,within_state,1.0,Joint_LDA,0.6187499999999999,0.5937788018433179,0.4916666666666667
4,0,within_state,2.0,Raw,0.59375,0.5677731344777539,0.45833333333333337
4,0,within_state,2.0,Trait_LDA,0.59375,0.5677731344777539,0.45833333333333337
4,0,within_state,2.0,State_LDA,0.5875000000000001,0.5565972790972791,0.44999999999999996
4,0,within_state,2.0,Joint_LDA,0.6125,0.5994255481418991,0.4833333333333333
4,0,within_state,4.0,Raw,0.85625,0.8562011559752524,0.8083333333333333
4,0,within_state,4.0,Trait_LDA,0.85625,0.8562011559752524,0.8083333333333333
4,0,within_state,4.0,State_LDA,0.80625,0.8062229980070356,0.7416666666666667
4,0,within_state,4.0,Joint_LDA,0.8062499999999999,0.8051449275362319,0.7416666666666667
4,0,within_state,5.0,Raw,0.7562500000000001,0.7571421018843698,0.675
4,0,within_state,5.0,Trait_LDA,0.7562500000000001,0.7571421018843698,0.675
4,0,within_state,5.0,State_LDA,0.7375,0.7380791405390947,0.65
4,0,within_state,5.0,Joint_LDA,0.73125,0.721873235460192,0.6416666666666666
4,1,within_state,1.0,Raw,0.6125,0.5895817255749345,0.4833333333333333
4,1,within_state,1.0,Trait_LDA,0.6125,0.5895817255749345,0.4833333333333333
4,1,within_state,1.0,State_LDA,0.64375,0.6269053461337601,0.525
4,1,within_state,1.0,Joint_LDA,0.6187499999999999,0.5937788018433179,0.4916666666666667
4,1,within_state,14.0,Raw,0.65,0.6106093189964158,0.5333333333333333
4,1,within_state,14.0,Trait_LDA,0.65,0.6106093189964158,0.5333333333333333
4,1,within_state,14.0,State_LDA,0.65625,0.6178532827514629,0.5416666666666667
4,1,within_state,14.0,Joint_LDA,0.6625,0.6353272112692403,0.55
4,1,within_state,3.0,Raw,0.7875,0.7903276727877815,0.7166666666666667
4,1,within_state,3.0,Trait_LDA,0.7875,0.7903276727877815,0.7166666666666667
4,1,within_state,3.0,State_LDA,0.76875,0.7750182519724474,0.6916666666666667
4,1,within_state,3.0,Joint_LDA,0.75625,0.7610248685174698,0.675
4,1,within_state,8.0,Raw,0.45625,0.4119049110699874,0.275
4,1,within_state,8.0,Trait_LDA,0.45625,0.4119049110699874,0.275
4,1,within_state,8.0,State_LDA,0.4625,0.42540484207150875,0.2833333333333333
4,1,within_state,8.0,Joint_LDA,0.53125,0.4876730563896896,0.375
4,2,within_state,10.0,Raw,0.5625,0.550838536995826,0.41666666666666663
4,2,within_state,10.0,Trait_LDA,0.5625,0.550838536995826,0.41666666666666663
4,2,within_state,10.0,State_LDA,0.56875,0.5577395577395577,0.42500000000000004
4,2,within_state,10.0,Joint_LDA,0.58125,0.5542047954502902,0.44166666666666665
4,2,within_state,12.0,Raw,0.64375,0.631648509206054,0.525
4,2,within_state,12.0,Trait_LDA,0.64375,0.631648509206054,0.525
4,2,within_state,12.0,State_LDA,0.6312500000000001,0.6185193437644417,0.5083333333333333
4,2,within_state,12.0,Joint_LDA,0.6375,0.6011433195818577,0.5166666666666666
4,2,within_state,3.0,Raw,0.7875,0.7903276727877815,0.7166666666666667
4,2,within_state,3.0,Trait_LDA,0.7875,0.7903276727877815,0.7166666666666667
4,2,within_state,3.0,State_LDA,0.76875,0.7750182519724474,0.6916666666666667
4,2,within_state,3.0,Joint_LDA,0.75625,0.7610248685174698,0.675
4,2,within_state,6.0,Raw,0.88125,0.8801744487499271,0.8416666666666667
4,2,within_state,6.0,Trait_LDA,0.88125,0.8801744487499271,0.8416666666666667
4,2,within_state,6.0,State_LDA,0.8875000000000001,0.8871874357629141,0.85
4,2,within_state,6.0,Joint_LDA,0.8625,0.8627610810438817,0.8166666666666667
4,3,within_state,2.0,Raw,0.59375,0.5677731344777539,0.45833333333333337
4,3,within_state,2.0,Trait_LDA,0.59375,0.5677731344777539,0.45833333333333337
4,3,within_state,2.0,State_LDA,0.5875000000000001,0.5565972790972791,0.44999999999999996
4,3,within_state,2.0,Joint_LDA,0.6125,0.5994255481418991,0.4833333333333333
4,3,within_state,3.0,Raw,0.7875,0.7903276727877815,0.7166666666666667
4,3,within_state,3.0,Trait_LDA,0.7875,0.7903276727877815,0.7166666666666667
4,3,within_state,3.0,State_LDA,0.76875,0.7750182519724474,0.6916666666666667
4,3,within_state,3.0,Joint_LDA,0.75625,0.7610248685174698,0.675
4,3,within_state,5.0,Raw,0.7562500000000001,0.7571421018843698,0.675
4,3,within_state,5.0,Trait_LDA,0.7562500000000001,0.7571421018843698,0.675
4,3,within_state,5.0,State_LDA,0.7375,0.7380791405390947,0.65
4,3,within_state,5.0,Joint_LDA,0.73125,0.721873235460192,0.6416666666666666
4,3,within_state,6.0,Raw,0.88125,0.8801744487499271,0.8416666666666667
4,3,within_state,6.0,Trait_LDA,0.88125,0.8801744487499271,0.8416666666666667
4,3,within_state,6.0,State_LDA,0.8875000000000001,0.8871874357629141,0.85
4,3,within_state,6.0,Joint_LDA,0.8625,0.8627610810438817,0.8166666666666667
4,4,within_state,10.0,Raw,0.5625,0.550838536995826,0.41666666666666663
4,4,within_state,10.0,Trait_LDA,0.5625,0.550838536995826,0.41666666666666663
4,4,within_state,10.0,State_LDA,0.56875,0.5577395577395577,0.42500000000000004
4,4,within_state,10.0,Joint_LDA,0.58125,0.5542047954502902,0.44166666666666665
4,4,within_state,11.0,Raw,0.74375,0.7502077129243597,0.6583333333333333
4,4,within_state,11.0,Trait_LDA,0.74375,0.7502077129243597,0.6583333333333333
4,4,within_state,11.0,State_LDA,0.75625,0.7604389371544602,0.675
4,4,within_state,11.0,Joint_LDA,0.75,0.750573735540714,0.6666666666666667
4,4,within_state,14.0,Raw,0.65,0.6106093189964158,0.5333333333333333
4,4,within_state,14.0,Trait_LDA,0.65,0.6106093189964158,0.5333333333333333
4,4,within_state,14.0,State_LDA,0.65625,0.6178532827514629,0.5416666666666667
4,4,within_state,14.0,Joint_LDA,0.6625,0.6353272112692403,0.55
4,4,within_state,6.0,Raw,0.88125,0.8801744487499271,0.8416666666666667
4,4,within_state,6.0,Trait_LDA,0.88125,0.8801744487499271,0.8416666666666667
4,4,within_state,6.0,State_LDA,0.8875000000000001,0.8871874357629141,0.85
4,4,within_state,6.0,Joint_LDA,0.8625,0.8627610810438817,0.8166666666666667
4,5,within_state,10.0,Raw,0.5625,0.550838536995826,0.41666666666666663
4,5,within_state,10.0,Trait_LDA,0.5625,0.550838536995826,0.41666666666666663
4,5,within_state,10.0,State_LDA,0.56875,0.5577395577395577,0.42500000000000004
4,5,within_state,10.0,Joint_LDA,0.58125,0.5542047954502902,0.44166666666666665
4,5,within_state,3.0,Raw,0.7875,0.7903276727877815,0.7166666666666667
4,5,within_state,3.0,Trait_LDA,0.7875,0.7903276727877815,0.7166666666666667
4,5,within_state,3.0,State_LDA,0.76875,0.7750182519724474,0.6916666666666667
4,5,within_state,3.0,Joint_LDA,0.75625,0.7610248685174698,0.675
4,5,within_state,4.0,Raw,0.85625,0.8562011559752524,0.8083333333333333
4,5,within_state,4.0,Trait_LDA,0.85625,0.8562011559752524,0.8083333333333333
4,5,within_state,4.0,State_LDA,0.80625,0.8062229980070356,0.7416666666666667
4,5,within_state,4.0,Joint_LDA,0.8062499999999999,0.8051449275362319,0.7416666666666667
4,5,within_state,6.0,Raw,0.88125,0.8801744487499271,0.8416666666666667
4,5,within_state,6.0,Trait_LDA,0.88125,0.8801744487499271,0.8416666666666667
4,5,within_state,6.0,State_LDA,0.8875000000000001,0.8871874357629141,0.85
4,5,within_state,6.0,Joint_LDA,0.8625,0.8627610810438817,0.8166666666666667
4,6,within_state,10.0,Raw,0.5625,0.550838536995826,0.41666666666666663
4,6,within_state,10.0,Trait_LDA,0.5625,0.550838536995826,0.41666666666666663
4,6,within_state,10.0,State_LDA,0.56875,0.5577395577395577,0.42500000000000004
4,6,within_state,10.0,Joint_LDA,0.58125,0.5542047954502902,0.44166666666666665
4,6,within_state,13.0,Raw,0.54375,0.5125695335900727,0.3916666666666667
4,6,within_state,13.0,Trait_LDA,0.54375,0.5125695335900727,0.3916666666666667
4,6,within_state,13.0,State_LDA,0.5375,0.503412376013776,0.3833333333333333
4,6,within_state,13.0,Joint_LDA,0.5625,0.5248397435897436,0.41666666666666663
4,6,within_state,2.0,Raw,0.59375,0.5677731344777539,0.45833333333333337
4,6,within_state,2.0,Trait_LDA,0.59375,0.5677731344777539,0.45833333333333337
4,6,within_state,2.0,State_LDA,0.5875000000000001,0.5565972790972791,0.44999999999999996
4,6,within_state,2.0,Joint_LDA,0.6125,0.5994255481418991,0.4833333333333333
4,6,within_state,4.0,Raw,0.85625,0.8562011559752524,0.8083333333333333
4,6,within_state,4.0,Trait_LDA,0.85625,0.8562011559752524,0.8083333333333333
4,6,within_state,4.0,State_LDA,0.80625,0.8062229980070356,0.7416666666666667
4,6,within_state,4.0,Joint_LDA,0.8062499999999999,0.8051449275362319,0.7416666666666667
4,7,within_state,1.0,Raw,0.6125,0.5895817255749345,0.4833333333333333
4,7,within_state,1.0,Trait_LDA,0.6125,0.5895817255749345,0.4833333333333333
4,7,within_state,1.0,State_LDA,0.64375,0.6269053461337601,0.525
4,7,within_state,1.0,Joint_LDA,0.6187499999999999,0.5937788018433179,0.4916666666666667
4,7,within_state,13.0,Raw,0.54375,0.5125695335900727,0.3916666666666667
4,7,within_state,13.0,Trait_LDA,0.54375,0.5125695335900727,0.3916666666666667
4,7,within_state,13.0,State_LDA,0.5375,0.503412376013776,0.3833333333333333
4,7,within_state,13.0,Joint_LDA,0.5625,0.5248397435897436,0.41666666666666663
4,7,within_state,4.0,Raw,0.85625,0.8562011559752524,0.8083333333333333
4,7,within_state,4.0,Trait_LDA,0.85625,0.8562011559752524,0.8083333333333333
4,7,within_state,4.0,State_LDA,0.80625,0.8062229980070356,0.7416666666666667
4,7,within_state,4.0,Joint_LDA,0.8062499999999999,0.8051449275362319,0.7416666666666667
4,7,within_state,7.0,Raw,0.625,0.6203626908269007,0.5
4,7,within_state,7.0,Trait_LDA,0.625,0.6203626908269007,0.5
4,7,within_state,7.0,State_LDA,0.66875,0.6720238095238096,0.5583333333333333
4,7,within_state,7.0,Joint_LDA,0.675,0.6733544135268273,0.5666666666666667
4,8,within_state,4.0,Raw,0.85625,0.8562011559752524,0.8083333333333333
4,8,within_state,4.0,Trait_LDA,0.85625,0.8562011559752524,0.8083333333333333
4,8,within_state,4.0,State_LDA,0.80625,0.8062229980070356,0.7416666666666667
4,8,within_state,4.0,Joint_LDA,0.8062499999999999,0.8051449275362319,0.7416666666666667
4,8,within_state,5.0,Raw,0.7562500000000001,0.7571421018843698,0.675
4,8,within_state,5.0,Trait_LDA,0.7562500000000001,0.7571421018843698,0.675
4,8,within_state,5.0,State_LDA,0.7375,0.7380791405390947,0.65
4,8,within_state,5.0,Joint_LDA,0.73125,0.721873235460192,0.6416666666666666
4,8,within_state,7.0,Raw,0.625,0.6203626908269007,0.5
4,8,within_state,7.0,Trait_LDA,0.625,0.6203626908269007,0.5
4,8,within_state,7.0,State_LDA,0.66875,0.6720238095238096,0.5583333333333333
4,8,within_state,7.0,Joint_LDA,0.675,0.6733544135268273,0.5666666666666667
4,8,within_state,8.0,Raw,0.45625,0.4119049110699874,0.275
4,8,within_state,8.0,Trait_LDA,0.45625,0.4119049110699874,0.275
4,8,within_state,8.0,State_LDA,0.4625,0.42540484207150875,0.2833333333333333
4,8,within_state,8.0,Joint_LDA,0.53125,0.4876730563896896,0.375
4,9,within_state,13.0,Raw,0.54375,0.5125695335900727,0.3916666666666667
4,9,within_state,13.0,Trait_LDA,0.54375,0.5125695335900727,0.3916666666666667
4,9,within_state,13.0,State_LDA,0.5375,0.503412376013776,0.3833333333333333
4,9,within_state,13.0,Joint_LDA,0.5625,0.5248397435897436,0.41666666666666663
4,9,within_state,7.0,Raw,0.625,0.6203626908269007,0.5
4,9,within_state,7.0,Trait_LDA,0.625,0.6203626908269007,0.5
4,9,within_state,7.0,State_LDA,0.66875,0.6720238095238096,0.5583333333333333
4,9,within_state,7.0,Joint_LDA,0.675,0.6733544135268273,0.5666666666666667
4,9,within_state,8.0,Raw,0.45625,0.4119049110699874,0.275
4,9,within_state,8.0,Trait_LDA,0.45625,0.4119049110699874,0.275
4,9,within_state,8.0,State_LDA,0.4625,0.42540484207150875,0.2833333333333333
4,9,within_state,8.0,Joint_LDA,0.53125,0.4876730563896896,0.375
4,9,within_state,9.0,Raw,0.475,0.4398404258951927,0.30000000000000004
4,9,within_state,9.0,Trait_LDA,0.475,0.4398404258951927,0.30000000000000004
4,9,within_state,9.0,State_LDA,0.46875,0.42950442580945725,0.29166666666666663
4,9,within_state,9.0,Joint_LDA,0.4375,0.40373591194392267,0.25
8,0,within_state,1.0,Raw,0.6125,0.5895817255749345,0.4833333333333333
8,0,within_state,1.0,Trait_LDA,0.6125,0.5895817255749345,0.4833333333333333
8,0,within_state,1.0,State_LDA,0.64375,0.6269053461337601,0.525
8,0,within_state,1.0,Joint_LDA,0.6187499999999999,0.5937788018433179,0.4916666666666667
8,0,within_state,10.0,Raw,0.5625,0.550838536995826,0.41666666666666663
8,0,within_state,10.0,Trait_LDA,0.5625,0.550838536995826,0.41666666666666663
8,0,within_state,10.0,State_LDA,0.56875,0.5577395577395577,0.42500000000000004
8,0,within_state,10.0,Joint_LDA,0.58125,0.5542047954502902,0.44166666666666665
8,0,within_state,13.0,Raw,0.54375,0.5125695335900727,0.3916666666666667
8,0,within_state,13.0,Trait_LDA,0.54375,0.5125695335900727,0.3916666666666667
8,0,within_state,13.0,State_LDA,0.5375,0.503412376013776,0.3833333333333333
8,0,within_state,13.0,Joint_LDA,0.5625,0.5248397435897436,0.41666666666666663
8,0,within_state,14.0,Raw,0.65,0.6106093189964158,0.5333333333333333
8,0,within_state,14.0,Trait_LDA,0.65,0.6106093189964158,0.5333333333333333
8,0,within_state,14.0,State_LDA,0.65625,0.6178532827514629,0.5416666666666667
8,0,within_state,14.0,Joint_LDA,0.6625,0.6353272112692403,0.55
8,0,within_state,2.0,Raw,0.59375,0.5677731344777539,0.45833333333333337
8,0,within_state,2.0,Trait_LDA,0.59375,0.5677731344777539,0.45833333333333337
8,0,within_state,2.0,State_LDA,0.5875000000000001,0.5565972790972791,0.44999999999999996
8,0,within_state,2.0,Joint_LDA,0.6125,0.5994255481418991,0.4833333333333333
8,0,within_state,5.0,Raw,0.7562500000000001,0.7571421018843698,0.675
8,0,within_state,5.0,Trait_LDA,0.7562500000000001,0.7571421018843698,0.675
8,0,within_state,5.0,State_LDA,0.7375,0.7380791405390947,0.65
8,0,within_state,5.0,Joint_LDA,0.73125,0.721873235460192,0.6416666666666666
8,0,within_state,6.0,Raw,0.88125,0.8801744487499271,0.8416666666666667
8,0,within_state,6.0,Trait_LDA,0.88125,0.8801744487499271,0.8416666666666667
8,0,within_state,6.0,State_LDA,0.8875000000000001,0.8871874357629141,0.85
8,0,within_state,6.0,Joint_LDA,0.8625,0.8627610810438817,0.8166666666666667
8,0,within_state,7.0,Raw,0.625,0.6203626908269007,0.5
8,0,within_state,7.0,Trait_LDA,0.625,0.6203626908269007,0.5
8,0,within_state,7.0,State_LDA,0.66875,0.6720238095238096,0.5583333333333333
8,0,within_state,7.0,Joint_LDA,0.675,0.6733544135268273,0.5666666666666667
8,1,within_state,1.0,Raw,0.6125,0.5895817255749345,0.4833333333333333
8,1,within_state,1.0,Trait_LDA,0.6125,0.5895817255749345,0.4833333333333333
8,1,within_state,1.0,State_LDA,0.64375,0.6269053461337601,0.525
8,1,within_state,1.0,Joint_LDA,0.6187499999999999,0.5937788018433179,0.4916666666666667
8,1,within_state,12.0,Raw,0.64375,0.631648509206054,0.525
8,1,within_state,12.0,Trait_LDA,0.64375,0.631648509206054,0.525
8,1,within_state,12.0,State_LDA,0.6312500000000001,0.6185193437644417,0.5083333333333333
8,1,within_state,12.0,Joint_LDA,0.6375,0.6011433195818577,0.5166666666666666
8,1,within_state,14.0,Raw,0.65,0.6106093189964158,0.5333333333333333
8,1,within_state,14.0,Trait_LDA,0.65,0.6106093189964158,0.5333333333333333
8,1,within_state,14.0,State_LDA,0.65625,0.6178532827514629,0.5416666666666667
8,1,within_state,14.0,Joint_LDA,0.6625,0.6353272112692403,0.55
8,1,within_state,2.0,Raw,0.59375,0.5677731344777539,0.45833333333333337
8,1,within_state,2.0,Trait_LDA,0.59375,0.5677731344777539,0.45833333333333337
8,1,within_state,2.0,State_LDA,0.5875000000000001,0.5565972790972791,0.44999999999999996
8,1,within_state,2.0,Joint_LDA,0.6125,0.5994255481418991,0.4833333333333333
8,1,within_state,4.0,Raw,0.85625,0.8562011559752524,0.8083333333333333
8,1,within_state,4.0,Trait_LDA,0.85625,0.8562011559752524,0.8083333333333333
8,1,within_state,4.0,State_LDA,0.80625,0.8062229980070356,0.7416666666666667
8,1,within_state,4.0,Joint_LDA,0.8062499999999999,0.8051449275362319,0.7416666666666667
8,1,within_state,7.0,Raw,0.625,0.6203626908269007,0.5
8,1,within_state,7.0,Trait_LDA,0.625,0.6203626908269007,0.5
8,1,within_state,7.0,State_LDA,0.66875,0.6720238095238096,0.5583333333333333
8,1,within_state,7.0,Joint_LDA,0.675,0.6733544135268273,0.5666666666666667
8,1,within_state,8.0,Raw,0.45625,0.4119049110699874,0.275
8,1,within_state,8.0,Trait_LDA,0.45625,0.4119049110699874,0.275
8,1,within_state,8.0,State_LDA,0.4625,0.42540484207150875,0.2833333333333333
8,1,within_state,8.0,Joint_LDA,0.53125,0.4876730563896896,0.375
8,1,within_state,9.0,Raw,0.475,0.4398404258951927,0.30000000000000004
8,1,within_state,9.0,Trait_LDA,0.475,0.4398404258951927,0.30000000000000004
8,1,within_state,9.0,State_LDA,0.46875,0.42950442580945725,0.29166666666666663
8,1,within_state,9.0,Joint_LDA,0.4375,0.40373591194392267,0.25
8,2,within_state,1.0,Raw,0.6125,0.5895817255749345,0.4833333333333333
8,2,within_state,1.0,Trait_LDA,0.6125,0.5895817255749345,0.4833333333333333
8,2,within_state,1.0,State_LDA,0.64375,0.6269053461337601,0.525
8,2,within_state,1.0,Joint_LDA,0.6187499999999999,0.5937788018433179,0.4916666666666667
8,2,within_state,10.0,Raw,0.5625,0.550838536995826,0.41666666666666663
8,2,within_state,10.0,Trait_LDA,0.5625,0.550838536995826,0.41666666666666663
8,2,within_state,10.0,State_LDA,0.56875,0.5577395577395577,0.42500000000000004
8,2,within_state,10.0,Joint_LDA,0.58125,0.5542047954502902,0.44166666666666665
8,2,within_state,11.0,Raw,0.74375,0.7502077129243597,0.6583333333333333
8,2,within_state,11.0,Trait_LDA,0.74375,0.7502077129243597,0.6583333333333333
8,2,within_state,11.0,State_LDA,0.75625,0.7604389371544602,0.675
8,2,within_state,11.0,Joint_LDA,0.75,0.750573735540714,0.6666666666666667
8,2,within_state,13.0,Raw,0.54375,0.5125695335900727,0.3916666666666667
8,2,within_state,13.0,Trait_LDA,0.54375,0.5125695335900727,0.3916666666666667
8,2,within_state,13.0,State_LDA,0.5375,0.503412376013776,0.3833333333333333
8,2,within_state,13.0,Joint_LDA,0.5625,0.5248397435897436,0.41666666666666663
8,2,within_state,3.0,Raw,0.7875,0.7903276727877815,0.7166666666666667
8,2,within_state,3.0,Trait_LDA,0.7875,0.7903276727877815,0.7166666666666667
8,2,within_state,3.0,State_LDA,0.76875,0.7750182519724474,0.6916666666666667
8,2,within_state,3.0,Joint_LDA,0.75625,0.7610248685174698,0.675
8,2,within_state,6.0,Raw,0.88125,0.8801744487499271,0.8416666666666667
8,2,within_state,6.0,Trait_LDA,0.88125,0.8801744487499271,0.8416666666666667
8,2,within_state,6.0,State_LDA,0.8875000000000001,0.8871874357629141,0.85
8,2,within_state,6.0,Joint_LDA,0.8625,0.8627610810438817,0.8166666666666667
8,2,within_state,7.0,Raw,0.625,0.6203626908269007,0.5
8,2,within_state,7.0,Trait_LDA,0.625,0.6203626908269007,0.5
8,2,within_state,7.0,State_LDA,0.66875,0.6720238095238096,0.5583333333333333
8,2,within_state,7.0,Joint_LDA,0.675,0.6733544135268273,0.5666666666666667
8,2,within_state,9.0,Raw,0.475,0.4398404258951927,0.30000000000000004
8,2,within_state,9.0,Trait_LDA,0.475,0.4398404258951927,0.30000000000000004
8,2,within_state,9.0,State_LDA,0.46875,0.42950442580945725,0.29166666666666663
8,2,within_state,9.0,Joint_LDA,0.4375,0.40373591194392267,0.25
8,3,within_state,13.0,Raw,0.54375,0.5125695335900727,0.3916666666666667
8,3,within_state,13.0,Trait_LDA,0.54375,0.5125695335900727,0.3916666666666667
8,3,within_state,13.0,State_LDA,0.5375,0.503412376013776,0.3833333333333333
8,3,within_state,13.0,Joint_LDA,0.5625,0.5248397435897436,0.41666666666666663
8,3,within_state,14.0,Raw,0.65,0.6106093189964158,0.5333333333333333
8,3,within_state,14.0,Trait_LDA,0.65,0.6106093189964158,0.5333333333333333
8,3,within_state,14.0,State_LDA,0.65625,0.6178532827514629,0.5416666666666667
8,3,within_state,14.0,Joint_LDA,0.6625,0.6353272112692403,0.55
8,3,within_state,2.0,Raw,0.59375,0.5677731344777539,0.45833333333333337
8,3,within_state,2.0,Trait_LDA,0.59375,0.5677731344777539,0.45833333333333337
8,3,within_state,2.0,State_LDA,0.5875000000000001,0.5565972790972791,0.44999999999999996
8,3,within_state,2.0,Joint_LDA,0.6125,0.5994255481418991,0.4833333333333333
8,3,within_state,4.0,Raw,0.85625,0.8562011559752524,0.8083333333333333
8,3,within_state,4.0,Trait_LDA,0.85625,0.8562011559752524,0.8083333333333333
8,3,within_state,4.0,State_LDA,0.80625,0.8062229980070356,0.7416666666666667
8,3,within_state,4.0,Joint_LDA,0.8062499999999999,0.8051449275362319,0.7416666666666667
8,3,within_state,5.0,Raw,0.7562500000000001,0.7571421018843698,0.675
8,3,within_state,5.0,Trait_LDA,0.7562500000000001,0.7571421018843698,0.675
8,3,within_state,5.0,State_LDA,0.7375,0.7380791405390947,0.65
8,3,within_state,5.0,Joint_LDA,0.73125,0.721873235460192,0.6416666666666666
8,3,within_state,6.0,Raw,0.88125,0.8801744487499271,0.8416666666666667
8,3,within_state,6.0,Trait_LDA,0.88125,0.8801744487499271,0.8416666666666667
8,3,within_state,6.0,State_LDA,0.8875000000000001,0.8871874357629141,0.85
8,3,within_state,6.0,Joint_LDA,0.8625,0.8627610810438817,0.8166666666666667
8,3,within_state,7.0,Raw,0.625,0.6203626908269007,0.5
8,3,within_state,7.0,Trait_LDA,0.625,0.6203626908269007,0.5
8,3,within_state,7.0,State_LDA,0.66875,0.6720238095238096,0.5583333333333333
8,3,within_state,7.0,Joint_LDA,0.675,0.6733544135268273,0.5666666666666667
8,3,within_state,8.0,Raw,0.45625,0.4119049110699874,0.275
8,3,within_state,8.0,Trait_LDA,0.45625,0.4119049110699874,0.275
8,3,within_state,8.0,State_LDA,0.4625,0.42540484207150875,0.2833333333333333
8,3,within_state,8.0,Joint_LDA,0.53125,0.4876730563896896,0.375
8,4,within_state,1.0,Raw,0.6125,0.5895817255749345,0.4833333333333333
8,4,within_state,1.0,Trait_LDA,0.6125,0.5895817255749345,0.4833333333333333
8,4,within_state,1.0,State_LDA,0.64375,0.6269053461337601,0.525
8,4,within_state,1.0,Joint_LDA,0.6187499999999999,0.5937788018433179,0.4916666666666667
8,4,within_state,10.0,Raw,0.5625,0.550838536995826,0.41666666666666663
8,4,within_state,10.0,Trait_LDA,0.5625,0.550838536995826,0.41666666666666663
8,4,within_state,10.0,State_LDA,0.56875,0.5577395577395577,0.42500000000000004
8,4,within_state,10.0,Joint_LDA,0.58125,0.5542047954502902,0.44166666666666665
8,4,within_state,12.0,Raw,0.64375,0.631648509206054,0.525
8,4,within_state,12.0,Trait_LDA,0.64375,0.631648509206054,0.525
8,4,within_state,12.0,State_LDA,0.6312500000000001,0.6185193437644417,0.5083333333333333
8,4,within_state,12.0,Joint_LDA,0.6375,0.6011433195818577,0.5166666666666666
8,4,within_state,2.0,Raw,0.59375,0.5677731344777539,0.45833333333333337
8,4,within_state,2.0,Trait_LDA,0.59375,0.5677731344777539,0.45833333333333337
8,4,within_state,2.0,State_LDA,0.5875000000000001,0.5565972790972791,0.44999999999999996
8,4,within_state,2.0,Joint_LDA,0.6125,0.5994255481418991,0.4833333333333333
8,4,within_state,3.0,Raw,0.7875,0.7903276727877815,0.7166666666666667
8,4,within_state,3.0,Trait_LDA,0.7875,0.7903276727877815,0.7166666666666667
8,4,within_state,3.0,State_LDA,0.76875,0.7750182519724474,0.6916666666666667
8,4,within_state,3.0,Joint_LDA,0.75625,0.7610248685174698,0.675
8,4,within_state,4.0,Raw,0.85625,0.8562011559752524,0.8083333333333333
8,4,within_state,4.0,Trait_LDA,0.85625,0.8562011559752524,0.8083333333333333
8,4,within_state,4.0,State_LDA,0.80625,0.8062229980070356,0.7416666666666667
8,4,within_state,4.0,Joint_LDA,0.8062499999999999,0.8051449275362319,0.7416666666666667
8,4,within_state,7.0,Raw,0.625,0.6203626908269007,0.5
8,4,within_state,7.0,Trait_LDA,0.625,0.6203626908269007,0.5
8,4,within_state,7.0,State_LDA,0.66875,0.6720238095238096,0.5583333333333333
8,4,within_state,7.0,Joint_LDA,0.675,0.6733544135268273,0.5666666666666667
8,4,within_state,8.0,Raw,0.45625,0.4119049110699874,0.275
8,4,within_state,8.0,Trait_LDA,0.45625,0.4119049110699874,0.275
8,4,within_state,8.0,State_LDA,0.4625,0.42540484207150875,0.2833333333333333
8,4,within_state,8.0,Joint_LDA,0.53125,0.4876730563896896,0.375
8,5,within_state,1.0,Raw,0.6125,0.5895817255749345,0.4833333333333333
8,5,within_state,1.0,Trait_LDA,0.6125,0.5895817255749345,0.4833333333333333
8,5,within_state,1.0,State_LDA,0.64375,0.6269053461337601,0.525
8,5,within_state,1.0,Joint_LDA,0.6187499999999999,0.5937788018433179,0.4916666666666667
8,5,within_state,10.0,Raw,0.5625,0.550838536995826,0.41666666666666663
8,5,within_state,10.0,Trait_LDA,0.5625,0.550838536995826,0.41666666666666663
8,5,within_state,10.0,State_LDA,0.56875,0.5577395577395577,0.42500000000000004
8,5,within_state,10.0,Joint_LDA,0.58125,0.5542047954502902,0.44166666666666665
8,5,within_state,13.0,Raw,0.54375,0.5125695335900727,0.3916666666666667
8,5,within_state,13.0,Trait_LDA,0.54375,0.5125695335900727,0.3916666666666667
8,5,within_state,13.0,State_LDA,0.5375,0.503412376013776,0.3833333333333333
8,5,within_state,13.0,Joint_LDA,0.5625,0.5248397435897436,0.41666666666666663
8,5,within_state,14.0,Raw,0.65,0.6106093189964158,0.5333333333333333
8,5,within_state,14.0,Trait_LDA,0.65,0.6106093189964158,0.5333333333333333
8,5,within_state,14.0,State_LDA,0.65625,0.6178532827514629,0.5416666666666667
8,5,within_state,14.0,Joint_LDA,0.6625,0.6353272112692403,0.55
8,5,within_state,3.0,Raw,0.7875,0.7903276727877815,0.7166666666666667
8,5,within_state,3.0,Trait_LDA,0.7875,0.7903276727877815,0.7166666666666667
8,5,within_state,3.0,State_LDA,0.76875,0.7750182519724474,0.6916666666666667
8,5,within_state,3.0,Joint_LDA,0.75625,0.7610248685174698,0.675
8,5,within_state,6.0,Raw,0.88125,0.8801744487499271,0.8416666666666667
8,5,within_state,6.0,Trait_LDA,0.88125,0.8801744487499271,0.8416666666666667
8,5,within_state,6.0,State_LDA,0.8875000000000001,0.8871874357629141,0.85
8,5,within_state,6.0,Joint_LDA,0.8625,0.8627610810438817,0.8166666666666667
8,5,within_state,7.0,Raw,0.625,0.6203626908269007,0.5
8,5,within_state,7.0,Trait_LDA,0.625,0.6203626908269007,0.5
8,5,within_state,7.0,State_LDA,0.66875,0.6720238095238096,0.5583333333333333
8,5,within_state,7.0,Joint_LDA,0.675,0.6733544135268273,0.5666666666666667
8,5,within_state,9.0,Raw,0.475,0.4398404258951927,0.30000000000000004
8,5,within_state,9.0,Trait_LDA,0.475,0.4398404258951927,0.30000000000000004
8,5,within_state,9.0,State_LDA,0.46875,0.42950442580945725,0.29166666666666663
8,5,within_state,9.0,Joint_LDA,0.4375,0.40373591194392267,0.25
8,6,within_state,1.0,Raw,0.6125,0.5895817255749345,0.4833333333333333
8,6,within_state,1.0,Trait_LDA,0.6125,0.5895817255749345,0.4833333333333333
8,6,within_state,1.0,State_LDA,0.64375,0.6269053461337601,0.525
8,6,within_state,1.0,Joint_LDA,0.6187499999999999,0.5937788018433179,0.4916666666666667
8,6,within_state,12.0,Raw,0.64375,0.631648509206054,0.525
8,6,within_state,12.0,Trait_LDA,0.64375,0.631648509206054,0.525
8,6,within_state,12.0,State_LDA,0.6312500000000001,0.6185193437644417,0.5083333333333333
8,6,within_state,12.0,Joint_LDA,0.6375,0.6011433195818577,0.5166666666666666
8,6,within_state,13.0,Raw,0.54375,0.5125695335900727,0.3916666666666667
8,6,within_state,13.0,Trait_LDA,0.54375,0.5125695335900727,0.3916666666666667
8,6,within_state,13.0,State_LDA,0.5375,0.503412376013776,0.3833333333333333
8,6,within_state,13.0,Joint_LDA,0.5625,0.5248397435897436,0.41666666666666663
8,6,within_state,14.0,Raw,0.65,0.6106093189964158,0.5333333333333333
8,6,within_state,14.0,Trait_LDA,0.65,0.6106093189964158,0.5333333333333333
8,6,within_state,14.0,State_LDA,0.65625,0.6178532827514629,0.5416666666666667
8,6,within_state,14.0,Joint_LDA,0.6625,0.6353272112692403,0.55
8,6,within_state,2.0,Raw,0.59375,0.5677731344777539,0.45833333333333337
8,6,within_state,2.0,Trait_LDA,0.59375,0.5677731344777539,0.45833333333333337
8,6,within_state,2.0,State_LDA,0.5875000000000001,0.5565972790972791,0.44999999999999996
8,6,within_state,2.0,Joint_LDA,0.6125,0.5994255481418991,0.4833333333333333
8,6,within_state,3.0,Raw,0.7875,0.7903276727877815,0.7166666666666667
8,6,within_state,3.0,Trait_LDA,0.7875,0.7903276727877815,0.7166666666666667
8,6,within_state,3.0,State_LDA,0.76875,0.7750182519724474,0.6916666666666667
8,6,within_state,3.0,Joint_LDA,0.75625,0.7610248685174698,0.675
8,6,within_state,5.0,Raw,0.7562500000000001,0.7571421018843698,0.675
8,6,within_state,5.0,Trait_LDA,0.7562500000000001,0.7571421018843698,0.675
8,6,within_state,5.0,State_LDA,0.7375,0.7380791405390947,0.65
8,6,within_state,5.0,Joint_LDA,0.73125,0.721873235460192,0.6416666666666666
8,6,within_state,8.0,Raw,0.45625,0.4119049110699874,0.275
8,6,within_state,8.0,Trait_LDA,0.45625,0.4119049110699874,0.275
8,6,within_state,8.0,State_LDA,0.4625,0.42540484207150875,0.2833333333333333
8,6,within_state,8.0,Joint_LDA,0.53125,0.4876730563896896,0.375
8,7,within_state,1.0,Raw,0.6125,0.5895817255749345,0.4833333333333333
8,7,within_state,1.0,Trait_LDA,0.6125,0.5895817255749345,0.4833333333333333
8,7,within_state,1.0,State_LDA,0.64375,0.6269053461337601,0.525
8,7,within_state,1.0,Joint_LDA,0.6187499999999999,0.5937788018433179,0.4916666666666667
8,7,within_state,11.0,Raw,0.74375,0.7502077129243597,0.6583333333333333
8,7,within_state,11.0,Trait_LDA,0.74375,0.7502077129243597,0.6583333333333333
8,7,within_state,11.0,State_LDA,0.75625,0.7604389371544602,0.675
8,7,within_state,11.0,Joint_LDA,0.75,0.750573735540714,0.6666666666666667
8,7,within_state,13.0,Raw,0.54375,0.5125695335900727,0.3916666666666667
8,7,within_state,13.0,Trait_LDA,0.54375,0.5125695335900727,0.3916666666666667
8,7,within_state,13.0,State_LDA,0.5375,0.503412376013776,0.3833333333333333
8,7,within_state,13.0,Joint_LDA,0.5625,0.5248397435897436,0.41666666666666663
8,7,within_state,14.0,Raw,0.65,0.6106093189964158,0.5333333333333333
8,7,within_state,14.0,Trait_LDA,0.65,0.6106093189964158,0.5333333333333333
8,7,within_state,14.0,State_LDA,0.65625,0.6178532827514629,0.5416666666666667
8,7,within_state,14.0,Joint_LDA,0.6625,0.6353272112692403,0.55
8,7,within_state,2.0,Raw,0.59375,0.5677731344777539,0.45833333333333337
8,7,within_state,2.0,Trait_LDA,0.59375,0.5677731344777539,0.45833333333333337
8,7,within_state,2.0,State_LDA,0.5875000000000001,0.5565972790972791,0.44999999999999996
8,7,within_state,2.0,Joint_LDA,0.6125,0.5994255481418991,0.4833333333333333
8,7,within_state,3.0,Raw,0.7875,0.7903276727877815,0.7166666666666667
8,7,within_state,3.0,Trait_LDA,0.7875,0.7903276727877815,0.7166666666666667
8,7,within_state,3.0,State_LDA,0.76875,0.7750182519724474,0.6916666666666667
8,7,within_state,3.0,Joint_LDA,0.75625,0.7610248685174698,0.675
8,7,within_state,4.0,Raw,0.85625,0.8562011559752524,0.8083333333333333
8,7,within_state,4.0,Trait_LDA,0.85625,0.8562011559752524,0.8083333333333333
8,7,within_state,4.0,State_LDA,0.80625,0.8062229980070356,0.7416666666666667
8,7,within_state,4.0,Joint_LDA,0.8062499999999999,0.8051449275362319,0.7416666666666667
8,7,within_state,6.0,Raw,0.88125,0.8801744487499271,0.8416666666666667
8,7,within_state,6.0,Trait_LDA,0.88125,0.8801744487499271,0.8416666666666667
8,7,within_state,6.0,State_LDA,0.8875000000000001,0.8871874357629141,0.85
8,7,within_state,6.0,Joint_LDA,0.8625,0.8627610810438817,0.8166666666666667
8,8,within_state,12.0,Raw,0.64375,0.631648509206054,0.525
8,8,within_state,12.0,Trait_LDA,0.64375,0.631648509206054,0.525
8,8,within_state,12.0,State_LDA,0.6312500000000001,0.6185193437644417,0.5083333333333333
8,8,within_state,12.0,Joint_LDA,0.6375,0.6011433195818577,0.5166666666666666
8,8,within_state,14.0,Raw,0.65,0.6106093189964158,0.5333333333333333
8,8,within_state,14.0,Trait_LDA,0.65,0.6106093189964158,0.5333333333333333
8,8,within_state,14.0,State_LDA,0.65625,0.6178532827514629,0.5416666666666667
8,8,within_state,14.0,Joint_LDA,0.6625,0.6353272112692403,0.55
8,8,within_state,2.0,Raw,0.59375,0.5677731344777539,0.45833333333333337
8,8,within_state,2.0,Trait_LDA,0.59375,0.5677731344777539,0.45833333333333337
8,8,within_state,2.0,State_LDA,0.5875000000000001,0.5565972790972791,0.44999999999999996
8,8,within_state,2.0,Joint_LDA,0.6125,0.5994255481418991,0.4833333333333333
8,8,within_state,4.0,Raw,0.85625,0.8562011559752524,0.8083333333333333
8,8,within_state,4.0,Trait_LDA,0.85625,0.8562011559752524,0.8083333333333333
8,8,within_state,4.0,State_LDA,0.80625,0.8062229980070356,0.7416666666666667
8,8,within_state,4.0,Joint_LDA,0.8062499999999999,0.8051449275362319,0.7416666666666667
8,8,within_state,5.0,Raw,0.7562500000000001,0.7571421018843698,0.675
8,8,within_state,5.0,Trait_LDA,0.7562500000000001,0.7571421018843698,0.675
8,8,within_state,5.0,State_LDA,0.7375,0.7380791405390947,0.65
8,8,within_state,5.0,Joint_LDA,0.73125,0.721873235460192,0.6416666666666666
8,8,within_state,6.0,Raw,0.88125,0.8801744487499271,0.8416666666666667
8,8,within_state,6.0,Trait_LDA,0.88125,0.8801744487499271,0.8416666666666667
8,8,within_state,6.0,State_LDA,0.8875000000000001,0.8871874357629141,0.85
8,8,within_state,6.0,Joint_LDA,0.8625,0.8627610810438817,0.8166666666666667
8,8,within_state,7.0,Raw,0.625,0.6203626908269007,0.5
8,8,within_state,7.0,Trait_LDA,0.625,0.6203626908269007,0.5
8,8,within_state,7.0,State_LDA,0.66875,0.6720238095238096,0.5583333333333333
8,8,within_state,7.0,Joint_LDA,0.675,0.6733544135268273,0.5666666666666667
8,8,within_state,9.0,Raw,0.475,0.4398404258951927,0.30000000000000004
8,8,within_state,9.0,Trait_LDA,0.475,0.4398404258951927,0.30000000000000004
8,8,within_state,9.0,State_LDA,0.46875,0.42950442580945725,0.29166666666666663
8,8,within_state,9.0,Joint_LDA,0.4375,0.40373591194392267,0.25
8,9,within_state,11.0,Raw,0.74375,0.7502077129243597,0.6583333333333333
8,9,within_state,11.0,Trait_LDA,0.74375,0.7502077129243597,0.6583333333333333
8,9,within_state,11.0,State_LDA,0.75625,0.7604389371544602,0.675
8,9,within_state,11.0,Joint_LDA,0.75,0.750573735540714,0.6666666666666667
8,9,within_state,12.0,Raw,0.64375,0.631648509206054,0.525
8,9,within_state,12.0,Trait_LDA,0.64375,0.631648509206054,0.525
8,9,within_state,12.0,State_LDA,0.6312500000000001,0.6185193437644417,0.5083333333333333
8,9,within_state,12.0,Joint_LDA,0.6375,0.6011433195818577,0.5166666666666666
8,9,within_state,13.0,Raw,0.54375,0.5125695335900727,0.3916666666666667
8,9,within_state,13.0,Trait_LDA,0.54375,0.5125695335900727,0.3916666666666667
8,9,within_state,13.0,State_LDA,0.5375,0.503412376013776,0.3833333333333333
8,9,within_state,13.0,Joint_LDA,0.5625,0.5248397435897436,0.41666666666666663
8,9,within_state,3.0,Raw,0.7875,0.7903276727877815,0.7166666666666667
8,9,within_state,3.0,Trait_LDA,0.7875,0.7903276727877815,0.7166666666666667
8,9,within_state,3.0,State_LDA,0.76875,0.7750182519724474,0.6916666666666667
8,9,within_state,3.0,Joint_LDA,0.75625,0.7610248685174698,0.675
8,9,within_state,4.0,Raw,0.85625,0.8562011559752524,0.8083333333333333
8,9,within_state,4.0,Trait_LDA,0.85625,0.8562011559752524,0.8083333333333333
8,9,within_state,4.0,State_LDA,0.80625,0.8062229980070356,0.7416666666666667
8,9,within_state,4.0,Joint_LDA,0.8062499999999999,0.8051449275362319,0.7416666666666667
8,9,within_state,6.0,Raw,0.88125,0.8801744487499271,0.8416666666666667
8,9,within_state,6.0,Trait_LDA,0.88125,0.8801744487499271,0.8416666666666667
8,9,within_state,6.0,State_LDA,0.8875000000000001,0.8871874357629141,0.85
8,9,within_state,6.0,Joint_LDA,0.8625,0.8627610810438817,0.8166666666666667
8,9,within_state,7.0,Raw,0.625,0.6203626908269007,0.5
8,9,within_state,7.0,Trait_LDA,0.625,0.6203626908269007,0.5
8,9,within_state,7.0,State_LDA,0.66875,0.6720238095238096,0.5583333333333333
8,9,within_state,7.0,Joint_LDA,0.675,0.6733544135268273,0.5666666666666667
8,9,within_state,9.0,Raw,0.475,0.4398404258951927,0.30000000000000004
8,9,within_state,9.0,Trait_LDA,0.475,0.4398404258951927,0.30000000000000004
8,9,within_state,9.0,State_LDA,0.46875,0.42950442580945725,0.29166666666666663
8,9,within_state,9.0,Joint_LDA,0.4375,0.40373591194392267,0.25
all,0,within_state,1.0,Raw,0.6125,0.5895817255749345,0.4833333333333333
all,0,within_state,1.0,Trait_LDA,0.6125,0.5895817255749345,0.4833333333333333
all,0,within_state,1.0,State_LDA,0.64375,0.6269053461337601,0.525
all,0,within_state,1.0,Joint_LDA,0.6187499999999999,0.5937788018433179,0.4916666666666667
all,0,within_state,10.0,Raw,0.5625,0.550838536995826,0.41666666666666663
all,0,within_state,10.0,Trait_LDA,0.5625,0.550838536995826,0.41666666666666663
all,0,within_state,10.0,State_LDA,0.56875,0.5577395577395577,0.42500000000000004
all,0,within_state,10.0,Joint_LDA,0.58125,0.5542047954502902,0.44166666666666665
all,0,within_state,11.0,Raw,0.74375,0.7502077129243597,0.6583333333333333
all,0,within_state,11.0,Trait_LDA,0.74375,0.7502077129243597,0.6583333333333333
all,0,within_state,11.0,State_LDA,0.75625,0.7604389371544602,0.675
all,0,within_state,11.0,Joint_LDA,0.75,0.750573735540714,0.6666666666666667
all,0,within_state,12.0,Raw,0.64375,0.631648509206054,0.525
all,0,within_state,12.0,Trait_LDA,0.64375,0.631648509206054,0.525
all,0,within_state,12.0,State_LDA,0.6312500000000001,0.6185193437644417,0.5083333333333333
all,0,within_state,12.0,Joint_LDA,0.6375,0.6011433195818577,0.5166666666666666
all,0,within_state,13.0,Raw,0.54375,0.5125695335900727,0.3916666666666667
all,0,within_state,13.0,Trait_LDA,0.54375,0.5125695335900727,0.3916666666666667
all,0,within_state,13.0,State_LDA,0.5375,0.503412376013776,0.3833333333333333
all,0,within_state,13.0,Joint_LDA,0.5625,0.5248397435897436,0.41666666666666663
all,0,within_state,14.0,Raw,0.65,0.6106093189964158,0.5333333333333333
all,0,within_state,14.0,Trait_LDA,0.65,0.6106093189964158,0.5333333333333333
all,0,within_state,14.0,State_LDA,0.65625,0.6178532827514629,0.5416666666666667
all,0,within_state,14.0,Joint_LDA,0.6625,0.6353272112692403,0.55
all,0,within_state,2.0,Raw,0.59375,0.5677731344777539,0.45833333333333337
all,0,within_state,2.0,Trait_LDA,0.59375,0.5677731344777539,0.45833333333333337
all,0,within_state,2.0,State_LDA,0.5875000000000001,0.5565972790972791,0.44999999999999996
all,0,within_state,2.0,Joint_LDA,0.6125,0.5994255481418991,0.4833333333333333
all,0,within_state,3.0,Raw,0.7875,0.7903276727877815,0.7166666666666667
all,0,within_state,3.0,Trait_LDA,0.7875,0.7903276727877815,0.7166666666666667
all,0,within_state,3.0,State_LDA,0.76875,0.7750182519724474,0.6916666666666667
all,0,within_state,3.0,Joint_LDA,0.75625,0.7610248685174698,0.675
all,0,within_state,4.0,Raw,0.85625,0.8562011559752524,0.8083333333333333
all,0,within_state,4.0,Trait_LDA,0.85625,0.8562011559752524,0.8083333333333333
all,0,within_state,4.0,State_LDA,0.80625,0.8062229980070356,0.7416666666666667
all,0,within_state,4.0,Joint_LDA,0.8062499999999999,0.8051449275362319,0.7416666666666667
all,0,within_state,5.0,Raw,0.7562500000000001,0.7571421018843698,0.675
all,0,within_state,5.0,Trait_LDA,0.7562500000000001,0.7571421018843698,0.675
all,0,within_state,5.0,State_LDA,0.7375,0.7380791405390947,0.65
all,0,within_state,5.0,Joint_LDA,0.73125,0.721873235460192,0.6416666666666666
all,0,within_state,6.0,Raw,0.88125,0.8801744487499271,0.8416666666666667
all,0,within_state,6.0,Trait_LDA,0.88125,0.8801744487499271,0.8416666666666667
all,0,within_state,6.0,State_LDA,0.8875000000000001,0.8871874357629141,0.85
all,0,within_state,6.0,Joint_LDA,0.8625,0.8627610810438817,0.8166666666666667
all,0,within_state,7.0,Raw,0.625,0.6203626908269007,0.5
all,0,within_state,7.0,Trait_LDA,0.625,0.6203626908269007,0.5
all,0,within_state,7.0,State_LDA,0.66875,0.6720238095238096,0.5583333333333333
all,0,within_state,7.0,Joint_LDA,0.675,0.6733544135268273,0.5666666666666667
all,0,within_state,8.0,Raw,0.45625,0.4119049110699874,0.275
all,0,within_state,8.0,Trait_LDA,0.45625,0.4119049110699874,0.275
all,0,within_state,8.0,State_LDA,0.4625,0.42540484207150875,0.2833333333333333
all,0,within_state,8.0,Joint_LDA,0.53125,0.4876730563896896,0.375
all,0,within_state,9.0,Raw,0.475,0.4398404258951927,0.30000000000000004
all,0,within_state,9.0,Trait_LDA,0.475,0.4398404258951927,0.30000000000000004
all,0,within_state,9.0,State_LDA,0.46875,0.42950442580945725,0.29166666666666663
all,0,within_state,9.0,Joint_LDA,0.4375,0.40373591194392267,0.25
10,0,between_state,1.0,Raw,0.45625,0.42366984631690513,0.275
10,0,between_state,1.0,Trait_LDA,0.31875,0.2585858585858586,0.09166666666666667
10,0,between_state,1.0,State_LDA,0.44999999999999996,0.41374754712199785,0.2666666666666667
10,0,between_state,1.0,Joint_LDA,0.425,0.37431816168830184,0.23333333333333328
10,0,between_state,10.0,Raw,0.2625,0.1260454002389486,0.01666666666666672
10,0,between_state,10.0,Trait_LDA,0.32499999999999996,0.2725200657185951,0.09999999999999998
10,0,between_state,10.0,State_LDA,0.25,0.10471204188481675,0.0
10,0,between_state,10.0,Joint_LDA,0.25,0.10050251256281408,0.0
10,0,between_state,11.0,Raw,0.24999999999999997,0.16162720097146327,0.0
10,0,between_state,11.0,Trait_LDA,0.23125,0.21123903508771927,-0.02499999999999991
10,0,between_state,11.0,State_LDA,0.24999999999999997,0.1617236033524758,0.0
10,0,between_state,11.0,Joint_LDA,0.275,0.2263888888888889,0.033333333333333326
10,0,between_state,12.0,Raw,0.41875000000000007,0.38063865682575815,0.22499999999999998
10,0,between_state,12.0,Trait_LDA,0.36250000000000004,0.29585409914457256,0.15000000000000002
10,0,between_state,12.0,State_LDA,0.43125,0.3904700693104307,0.2416666666666667
10,0,between_state,12.0,Joint_LDA,0.38125,0.3522558518962474,0.17500000000000004
10,0,between_state,13.0,Raw,0.3125,0.2580404959609148,0.08333333333333337
10,0,between_state,13.0,Trait_LDA,0.11875000000000001,0.09290399522957662,-0.17500000000000004
10,0,between_state,13.0,State_LDA,0.29375,0.2521220159151194,0.05833333333333335
10,0,between_state,13.0,Joint_LDA,0.3125,0.2555599668404547,0.08333333333333337
10,0,between_state,2.0,Raw,0.26875,0.1385840108401084,0.025000000000000022
10,0,between_state,2.0,Trait_LDA,0.275,0.16530803408973488,0.033333333333333326
10,0,between_state,2.0,State_LDA,0.26875,0.13854933768367358,0.025000000000000022
10,0,between_state,2.0,Joint_LDA,0.2625,0.12637362637362637,0.01666666666666672
10,0,between_state,4.0,Raw,0.49375,0.4325221110375045,0.32499999999999996
10,0,between_state,4.0,Trait_LDA,0.3125,0.260876332842476,0.08333333333333337
10,0,between_state,4.0,State_LDA,0.48124999999999996,0.42785630994026796,0.30833333333333335
10,0,between_state,4.0,Joint_LDA,0.39375,0.33511590807845715,0.19166666666666665
10,0,between_state,5.0,Raw,0.5125,0.44265232974910396,0.35
10,0,between_state,5.0,Trait_LDA,0.3625,0.24675863108698928,0.15000000000000002
10,0,between_state,5.0,State_LDA,0.51875,0.45063671549913475,0.3583333333333333
10,0,between_state,5.0,Joint_LDA,0.425,0.35749679828603576,0.23333333333333328
10,0,between_state,6.0,Raw,0.5375,0.5317124136819825,0.3833333333333333
10,0,between_state,6.0,Trait_LDA,0.34375,0.23124098124098125,0.125
10,0,between_state,6.0,State_LDA,0.53125,0.5251345255533304,0.375
10,0,between_state,6.0,Joint_LDA,0.4,0.3483660130718954,0.19999999999999996
10,0,between_state,7.0,Raw,0.36250000000000004,0.3475818258150287,0.15000000000000002
10,0,between_state,7.0,Trait_LDA,0.325,0.2527794580546874,0.09999999999999998
10,0,between_state,7.0,State_LDA,0.36250000000000004,0.3475818258150287,0.15000000000000002
10,0,between_state,7.0,Joint_LDA,0.38125,0.33877291060092596,0.17500000000000004
10,1,between_state,1.0,Raw,0.48125,0.46481595007773874,0.30833333333333335
10,1,between_state,1.0,Trait_LDA,0.29375,0.20102275854735605,0.05833333333333335
10,1,between_state,1.0,State_LDA,0.475,0.4531882040554829,0.30000000000000004
10,1,between_state,1.0,Joint_LDA,0.48125,0.4477488366129409,0.30833333333333335
10,1,between_state,11.0,Raw,0.25,0.11967727476467951,0.0
10,1,between_state,11.0,Trait_LDA,0.25,0.1,0.0
10,1,between_state,11.0,State_LDA,0.2625,0.140625,0.01666666666666672
10,1,between_state,11.0,Joint_LDA,0.25,0.11067997043606799,0.0
10,1,between_state,12.0,Raw,0.46875,0.46259779414103885,0.29166666666666663
10,1,between_state,12.0,Trait_LDA,0.25,0.13302845528455284,0.0
10,1,between_state,12.0,State_LDA,0.4625,0.45179522423661933,0.2833333333333333
10,1,between_state,12.0,Joint_LDA,0.39375000000000004,0.3771965904715231,0.19166666666666665
10,1,between_state,14.0,Raw,0.33125,0.22893772893772893,0.10833333333333328
10,1,between_state,14.0,Trait_LDA,0.25,0.16666666666666666,0.0
10,1,between_state,14.0,State_LDA,0.3375,0.2364370871931209,0.1166666666666667
10,1,between_state,14.0,Joint_LDA,0.3625,0.269567597153804,0.15000000000000002
10,1,between_state,2.0,Raw,0.3125,0.21011941987551744,0.08333333333333337
10,1,between_state,2.0,Trait_LDA,0.2625,0.19673596445748343,0.01666666666666672
10,1,between_state,2.0,State_LDA,0.31875,0.21775067750677507,0.09166666666666667
10,1,between_state,2.0,Joint_LDA,0.28125,0.15734649122807018,0.04166666666666663
10,1,between_state,4.0,Raw,0.53125,0.4814681855736124,0.375
10,1,between_state,4.0,Trait_LDA,0.23125,0.18798721361346135,-0.02499999999999991
10,1,between_state,4.0,State_LDA,0.5687500000000001,0.514729710552955,0.42500000000000004
10,1,between_state,4.0,Joint_LDA,0.4625,0.4088103007319869,0.2833333333333333
10,1,between_state,5.0,Raw,0.44375,0.37153023909266086,0.2583333333333333
10,1,between_state,5.0,Trait_LDA,0.28125,0.1898559758538106,0.04166666666666663
10,1,between_state,5.0,State_LDA,0.45,0.3782299221058286,0.2666666666666667
10,1,between_state,5.0,Joint_LDA,0.525,0.45401069518716575,0.3666666666666667
10,1,between_state,6.0,Raw,0.41874999999999996,0.3723822693676867,0.22499999999999998
10,1,between_state,6.0,Trait_LDA,0.2625,0.13929547228727557,0.01666666666666672
10,1,between_state,6.0,State_LDA,0.46249999999999997,0.4175923765803733,0.2833333333333333
10,1,between_state,6.0,Joint_LDA,0.36875,0.29152617568766637,0.15833333333333333
10,1,between_state,7.0,Raw,0.3875,0.3266367605386795,0.18333333333333335
10,1,between_state,7.0,Trait_LDA,0.33125000000000004,0.2874092964060482,0.10833333333333328
10,1,between_state,7.0,State_LDA,0.38125000000000003,0.3209225266193434,0.17500000000000004
10,1,between_state,7.0,Joint_LDA,0.38749999999999996,0.3256908624422054,0.18333333333333335
10,1,between_state,8.0,Raw,0.45625,0.39106134878193705,0.275
10,1,between_state,8.0,Trait_LDA,0.25625,0.17465156794425088,0.008333333333333304
10,1,between_state,8.0,State_LDA,0.45625,0.3904181567225046,0.275
10,1,between_state,8.0,Joint_LDA,0.3,0.18956521739130433,0.06666666666666665
10,2,between_state,1.0,Raw,0.50625,0.5082866915422886,0.3416666666666667
10,2,between_state,1.0,Trait_LDA,0.29374999999999996,0.21685624592302674,0.05833333333333335
10,2,between_state,1.0,State_LDA,0.5187499999999999,0.5218944117599043,0.3583333333333333
10,2,between_state,1.0,Joint_LDA,0.5625,0.5616803979768279,0.41666666666666663
10,2,between_state,11.0,Raw,0.34375,0.2808249843720962,0.125
10,2,between_state,11.0,Trait_LDA,0.2875,0.16884433430952916,0.050000000000000044
10,2,between_state,11.0,State_LDA,0.35625,0.2958153373644304,0.14166666666666672
10,2,between_state,11.0,Joint_LDA,0.25,0.1,0.0
10,2,between_state,12.0,Raw,0.475,0.42605376909004317,0.30000000000000004
10,2,between_state,12.0,Trait_LDA,0.25,0.12249163879598662,0.0
10,2,between_state,12.0,State_LDA,0.4625,0.41539560038891593,0.2833333333333333
10,2,between_state,12.0,Joint_LDA,0.45,0.4408709411117226,0.2666666666666667
10,2,between_state,13.0,Raw,0.40625,0.35945355488473707,0.20833333333333337
10,2,between_state,13.0,Trait_LDA,0.18125000000000002,0.13751456559675737,-0.09166666666666656
10,2,between_state,13.0,State_LDA,0.39375,0.35901980935117905,0.19166666666666665
10,2,between_state,13.0,Joint_LDA,0.24375000000000002,0.16054076994017744,-0.008333333333333304
10,2,between_state,14.0,Raw,0.50625,0.37251082251082246,0.3416666666666667
10,2,between_state,14.0,Trait_LDA,0.31875,0.26500721500721497,0.09166666666666667
10,2,between_state,14.0,State_LDA,0.50625,0.3760418488080667,0.3416666666666667
10,2,between_state,14.0,Joint_LDA,0.5,0.3766233766233766,0.33333333333333337
10,2,between_state,2.0,Raw,0.3,0.1907546664478365,0.06666666666666665
10,2,between_state,2.0,Trait_LDA,0.30625,0.28368340520239255,0.07499999999999996
10,2,between_state,2.0,State_LDA,0.3,0.19045029498817623,0.06666666666666665
10,2,between_state,2.0,Joint_LDA,0.275,0.14764492753623187,0.033333333333333326
10,2,between_state,4.0,Raw,0.5375000000000001,0.514134683724236,0.3833333333333333
10,2,between_state,4.0,Trait_LDA,0.275,0.23709251169205403,0.033333333333333326
10,2,between_state,4.0,State_LDA,0.5625,0.536110188261351,0.41666666666666663
10,2,between_state,4.0,Joint_LDA,0.55625,0.5085448829418908,0.4083333333333333
10,2,between_state,6.0,Raw,0.4125,0.368327720369828,0.21666666666666667
10,2,between_state,6.0,Trait_LDA,0.25,0.10152284263959391,0.0
10,2,between_state,6.0,State_LDA,0.40625,0.3564091050793179,0.20833333333333337
10,2,between_state,6.0,Joint_LDA,0.5750000000000001,0.5636913014363995,0.43333333333333335
10,2,between_state,7.0,Raw,0.39375000000000004,0.31460126337376293,0.19166666666666665
10,2,between_state,7.0,Trait_LDA,0.33125,0.24853359417117807,0.10833333333333328
10,2,between_state,7.0,State_LDA,0.39375,0.3249120221615571,0.19166666666666665
10,2,between_state,7.0,Joint_LDA,0.4,0.3404601687497071,0.19999999999999996
10,2,between_state,9.0,Raw,0.33125000000000004,0.2505914909535949,0.10833333333333328
10,2,between_state,9.0,Trait_LDA,0.2875,0.2771188214948369,0.050000000000000044
10,2,between_state,9.0,State_LDA,0.325,0.2419180198768408,0.09999999999999998
10,2,between_state,9.0,Joint_LDA,0.3375,0.2890259300060903,0.1166666666666667
10,3,between_state,12.0,Raw,0.4625,0.4449666513779001,0.2833333333333333
10,3,between_state,12.0,Trait_LDA,0.25,0.1,0.0
10,3,between_state,12.0,State_LDA,0.48125,0.46252613240418117,0.30833333333333335
10,3,between_state,12.0,Joint_LDA,0.45625,0.40621659338764604,0.275
10,3,between_state,13.0,Raw,0.38125,0.3820427321391848,0.17500000000000004
10,3,between_state,13.0,Trait_LDA,0.25,0.20527416770518073,0.0
10,3,between_state,13.0,State_LDA,0.4,0.4041612796840446,0.19999999999999996
10,3,between_state,13.0,Joint_LDA,0.2875,0.25726825017245136,0.050000000000000044
10,3,between_state,14.0,Raw,0.475,0.38218542576505277,0.30000000000000004
10,3,between_state,14.0,Trait_LDA,0.2625,0.17712045616535993,0.01666666666666672
10,3,between_state,14.0,State_LDA,0.48125,0.37544989562753883,0.30833333333333335
10,3,between_state,14.0,Joint_LDA,0.43125,0.2967643726989521,0.2416666666666667
10,3,between_state,3.0,Raw,0.45625,0.3878345535061953,0.275
10,3,between_state,3.0,Trait_LDA,0.30000000000000004,0.19710770495654217,0.06666666666666665
10,3,between_state,3.0,State_LDA,0.45625,0.3896593162290452,0.275
10,3,between_state,3.0,Joint_LDA,0.55,0.460989010989011,0.4
10,3,between_state,4.0,Raw,0.5562499999999999,0.5107194392908678,0.4083333333333333
10,3,between_state,4.0,Trait_LDA,0.27499999999999997,0.21547314578005117,0.033333333333333326
10,3,between_state,4.0,State_LDA,0.60625,0.5664113746764529,0.475
10,3,between_state,4.0,Joint_LDA,0.4875,0.4006185111691267,0.31666666666666665
10,3,between_state,5.0,Raw,0.35624999999999996,0.29754206155986435,0.14166666666666672
10,3,between_state,5.0,Trait_LDA,0.225,0.1569144684252598,-0.03333333333333344
10,3,between_state,5.0,State_LDA,0.35625,0.29638953942232626,0.14166666666666672
10,3,between_state,5.0,Joint_LDA,0.43125,0.3766138399194693,0.2416666666666667
10,3,between_state,6.0,Raw,0.60625,0.5641636141636142,0.475
10,3,between_state,6.0,Trait_LDA,0.26875,0.1385504257232006,0.025000000000000022
10,3,between_state,6.0,State_LDA,0.58125,0.5269733276784242,0.44166666666666665
10,3,between_state,6.0,Joint_LDA,0.5,0.4514146567717996,0.33333333333333337
10,3,between_state,7.0,Raw,0.44999999999999996,0.40660503424587935,0.2666666666666667
10,3,between_state,7.0,Trait_LDA,0.30625,0.19513457556935818,0.07499999999999996
10,3,between_state,7.0,State_LDA,0.44999999999999996,0.4067744088482075,0.2666666666666667
10,3,between_state,7.0,Joint_LDA,0.43750000000000006,0.39311505244341066,0.25
10,3,between_state,8.0,Raw,0.25625,0.12489778379645303,0.008333333333333304
10,3,between_state,8.0,Trait_LDA,0.26875,0.21789011862541274,0.025000000000000022
10,3,between_state,8.0,State_LDA,0.25625,0.12550370728562218,0.008333333333333304
10,3,between_state,8.0,Joint_LDA,0.29375,0.17612994350282485,0.05833333333333335
10,3,between_state,9.0,Raw,0.35625,0.2730223353222203,0.14166666666666672
10,3,between_state,9.0,Trait_LDA,0.23750000000000002,0.14808624031007753,-0.016666666666666607
10,3,between_state,9.0,State_LDA,0.3625,0.28382160110420984,0.15000000000000002
10,3,between_state,9.0,Joint_LDA,0.425,0.35115431524100255,0.23333333333333328
10,4,between_state,1.0,Raw,0.4375,0.40325975294378635,0.25
10,4,between_state,1.0,Trait_LDA,0.28125,0.22325601225314887,0.04166666666666663
10,4,between_state,1.0,State_LDA,0.43125,0.395128980765011,0.2416666666666667
10,4,between_state,1.0,Joint_LDA,0.45,0.4007146923975907,0.2666666666666667
10,4,between_state,10.0,Raw,0.3,0.18994883040935673,0.06666666666666665
10,4,between_state,10.0,Trait_LDA,0.25,0.1604472193988674,0.0
10,4,between_state,10.0,State_LDA,0.3,0.18994883040935673,0.06666666666666665
10,4,between_state,10.0,Joint_LDA,0.26875,0.15953998147576412,0.025000000000000022
10,4,between_state,11.0,Raw,0.3125,0.23621084797555386,0.08333333333333337
10,4,between_state,11.0,Trait_LDA,0.25,0.1368071818891491,0.0
10,4,between_state,11.0,State_LDA,0.325,0.24417138263158722,0.09999999999999998
10,4,between_state,11.0,Joint_LDA,0.29375,0.20133329858939614,0.05833333333333335
10,4,between_state,13.0,Raw,0.42500000000000004,0.3863456790123457,0.23333333333333328
10,4,between_state,13.0,Trait_LDA,0.275,0.2118835341365462,0.033333333333333326
10,4,between_state,13.0,State_LDA,0.4125,0.3768703111975549,0.21666666666666667
10,4,between_state,13.0,Joint_LDA,0.44375,0.3835970558436141,0.2583333333333333
10,4,between_state,14.0,Raw,0.45625,0.39187564128103336,0.275
10,4,between_state,14.0,Trait_LDA,0.2625,0.1749096971380939,0.01666666666666672
10,4,between_state,14.0,State_LDA,0.44375,0.374229992919876,0.2583333333333333
10,4,between_state,14.0,Joint_LDA,0.36250000000000004,0.32962992889463477,0.15000000000000002
10,4,between_state,3.0,Raw,0.38125,0.31009199134199134,0.17500000000000004
10,4,between_state,3.0,Trait_LDA,0.26249999999999996,0.12540034491254004,0.01666666666666672
10,4,between_state,3.0,State_LDA,0.3625,0.2785718688362919,0.15000000000000002
10,4,between_state,3.0,Joint_LDA,0.41874999999999996,0.3572735609540711,0.22499999999999998
10,4,between_state,5.0,Raw,0.28125,0.15638297872340426,0.04166666666666663
10,4,between_state,5.0,Trait_LDA,0.3125,0.28766400943142123,0.08333333333333337
10,4,between_state,5.0,State_LDA,0.28125,0.1558201058201058,0.04166666666666663
10,4,between_state,5.0,Joint_LDA,0.39375,0.26692111959287534,0.19166666666666665
10,4,between_state,6.0,Raw,0.46875,0.4794856567177051,0.29166666666666663
10,4,between_state,6.0,Trait_LDA,0.325,0.2981610719519855,0.09999999999999998
10,4,between_state,6.0,State_LDA,0.46875,0.4800258165730281,0.29166666666666663
10,4,between_state,6.0,Joint_LDA,0.5062500000000001,0.47969231071481694,0.3416666666666667
10,4,between_state,8.0,Raw,0.30625,0.22033982759479795,0.07499999999999996
10,4,between_state,8.0,Trait_LDA,0.28125,0.20402721999107543,0.04166666666666663
10,4,between_state,8.0,State_LDA,0.30625,0.21144044127915096,0.07499999999999996
10,4,between_state,8.0,Joint_LDA,0.3375,0.2737702968357574,0.1166666666666667
10,4,between_state,9.0,Raw,0.375,0.28137385987995744,0.16666666666666663
10,4,between_state,9.0,Trait_LDA,0.24375000000000002,0.1267072957119482,-0.008333333333333304
10,4,between_state,9.0,State_LDA,0.38125000000000003,0.2849532583997311,0.17500000000000004
10,4,between_state,9.0,Joint_LDA,0.39375000000000004,0.3355169002751827,0.19166666666666665
10,5,between_state,1.0,Raw,0.45625000000000004,0.4514213940783376,0.275
10,5,between_state,1.0,Trait_LDA,0.35,0.28670127815290625,0.1333333333333333
10,5,between_state,1.0,State_LDA,0.4625,0.4555454638752052,0.2833333333333333
10,5,between_state,1.0,Joint_LDA,0.44375,0.42007727264191685,0.2583333333333333
10,5,between_state,10.0,Raw,0.275,0.16903901467659857,0.033333333333333326
10,5,between_state,10.0,Trait_LDA,0.3625,0.2916285496474176,0.15000000000000002
10,5,between_state,10.0,State_LDA,0.26875,0.17024727849470117,0.025000000000000022
10,5,between_state,10.0,Joint_LDA,0.3125,0.19987105093488072,0.08333333333333337
10,5,between_state,12.0,Raw,0.5125,0.4824470450319347,0.35
10,5,between_state,12.0,Trait_LDA,0.2625,0.17824754022849634,0.01666666666666672
10,5,between_state,12.0,State_LDA,0.50625,0.47880434782608694,0.3416666666666667
10,5,between_state,12.0,Joint_LDA,0.4625,0.4042571317571318,0.2833333333333333
10,5,between_state,13.0,Raw,0.2875,0.23159966327668188,0.050000000000000044
10,5,between_state,13.0,Trait_LDA,0.2125,0.15756563124984177,-0.050000000000000044
10,5,between_state,13.0,State_LDA,0.30000000000000004,0.24779509398579044,0.06666666666666665
10,5,between_state,13.0,Joint_LDA,0.425,0.404981000450904,0.23333333333333328
10,5,between_state,2.0,Raw,0.25625,0.11342760454435581,0.008333333333333304
10,5,between_state,2.0,Trait_LDA,0.26875,0.15753446501990423,0.025000000000000022
10,5,between_state,2.0,State_LDA,0.25625,0.11342760454435581,0.008333333333333304
10,5,between_state,2.0,Joint_LDA,0.275,0.14882205745305754,0.033333333333333326
10,5,between_state,4.0,Raw,0.45,0.3840227355104236,0.2666666666666667
10,5,between_state,4.0,Trait_LDA,0.31875,0.21645246838025295,0.09166666666666667
10,5,between_state,4.0,State_LDA,0.45,0.3839541170463089,0.2666666666666667
10,5,between_state,4.0,Joint_LDA,0.4125,0.33576203123241455,0.21666666666666667
10,5,between_state,5.0,Raw,0.4375,0.3553824049513705,0.25
10,5,between_state,5.0,Trait_LDA,0.275,0.16066919191919193,0.033333333333333326
10,5,between_state,5.0,State_LDA,0.44375000000000003,0.3634732749016229,0.2583333333333333
10,5,between_state,5.0,Joint_LDA,0.45625,0.36595434780751585,0.275
10,5,between_state,7.0,Raw,0.38749999999999996,0.32880575012901186,0.18333333333333335
10,5,between_state,7.0,Trait_LDA,0.325,0.23171884452510588,0.09999999999999998
10,5,between_state,7.0,State_LDA,0.38125,0.32060328380552644,0.17500000000000004
10,5,between_state,7.0,Joint_LDA,0.3625,0.3115675085126743,0.15000000000000002
10,5,between_state,8.0,Raw,0.3875,0.35139318885448917,0.18333333333333335
10,5,between_state,8.0,Trait_LDA,0.25,0.12796414112203586,0.0
10,5,between_state,8.0,State_LDA,0.4,0.367541270083643,0.19999999999999996
10,5,between_state,8.0,Joint_LDA,0.38125,0.27339074949581776,0.17500000000000004
10,5,between_state,9.0,Raw,0.35,0.27526532389424485,0.1333333333333333
10,5,between_state,9.0,Trait_LDA,0.25625,0.11269763451403358,0.008333333333333304
10,5,between_state,9.0,State_LDA,0.34375,0.2638227252428223,0.125
10,5,between_state,9.0,Joint_LDA,0.36875,0.27818380689586597,0.15833333333333333
10,6,between_state,1.0,Raw,0.475,0.46401534096827335,0.30000000000000004
10,6,between_state,1.0,Trait_LDA,0.3125,0.25246495280322967,0.08333333333333337
10,6,between_state,1.0,State_LDA,0.46874999999999994,0.4562470269640127,0.29166666666666663
10,6,between_state,1.0,Joint_LDA,0.50625,0.5045274874633037,0.3416666666666667
10,6,between_state,11.0,Raw,0.35,0.30153013896167485,0.1333333333333333
10,6,between_state,11.0,Trait_LDA,0.23125,0.14153550903762113,-0.02499999999999991
10,6,between_state,11.0,State_LDA,0.3375,0.28651427962489345,0.1166666666666667
10,6,between_state,11.0,Joint_LDA,0.31875,0.2379878186329799,0.09166666666666667
10,6,between_state,12.0,Raw,0.45625,0.4388613975481977,0.275
10,6,between_state,12.0,Trait_LDA,0.35624999999999996,0.3080420779519336,0.14166666666666672
10,6,between_state,12.0,State_LDA,0.46875,0.44922130161240414,0.29166666666666663
10,6,between_state,12.0,Joint_LDA,0.39375,0.36488820390888,0.19166666666666665
10,6,between_state,13.0,Raw,0.44375000000000003,0.3991581639823481,0.2583333333333333
10,6,between_state,13.0,Trait_LDA,0.21875,0.2081046498377461,-0.04166666666666674
10,6,between_state,13.0,State_LDA,0.43125,0.39345238095238094,0.2416666666666667
10,6,between_state,13.0,Joint_LDA,0.36249999999999993,0.27813889567243605,0.15000000000000002
10,6,between_state,14.0,Raw,0.325,0.3114192527013843,0.09999999999999998
10,6,between_state,14.0,Trait_LDA,0.28125,0.2076193270735524,0.04166666666666663
10,6,between_state,14.0,State_LDA,0.325,0.30481928076046366,0.09999999999999998
10,6,between_state,14.0,Joint_LDA,0.26875,0.19613189920719085,0.025000000000000022
10,6,between_state,2.0,Raw,0.38125,0.3003534493065519,0.17500000000000004
10,6,between_state,2.0,Trait_LDA,0.3,0.2533075942211215,0.06666666666666665
10,6,between_state,2.0,State_LDA,0.3875,0.3189231963688486,0.18333333333333335
10,6,between_state,2.0,Joint_LDA,0.38749999999999996,0.3321806021986854,0.18333333333333335
10,6,between_state,4.0,Raw,0.41874999999999996,0.3585218337282691,0.22499999999999998
10,6,between_state,4.0,Trait_LDA,0.275,0.25364786527299243,0.033333333333333326
10,6,between_state,4.0,State_LDA,0.4375,0.380749650853719,0.25
10,6,between_state,4.0,Joint_LDA,0.39375,0.33280691338478796,0.19166666666666665
10,6,between_state,5.0,Raw,0.44375,0.37546917395236656,0.2583333333333333
10,6,between_state,5.0,Trait_LDA,0.42500000000000004,0.36228273963173296,0.23333333333333328
10,6,between_state,5.0,State_LDA,0.44375,0.37546917395236656,0.2583333333333333
10,6,between_state,5.0,Joint_LDA,0.43125,0.36537130580043164,0.2416666666666667
10,6,between_state,6.0,Raw,0.5,0.4788057661903565,0.33333333333333337
10,6,between_state,6.0,Trait_LDA,0.3375,0.268082723727885,0.1166666666666667
10,6,between_state,6.0,State_LDA,0.5,0.4704073533041176,0.33333333333333337
10,6,between_state,6.0,Joint_LDA,0.45,0.4123312961548256,0.2666666666666667
10,6,between_state,8.0,Raw,0.61875,0.5997013006654568,0.4916666666666667
10,6,between_state,8.0,Trait_LDA,0.26875,0.21910320193902283,0.025000000000000022
10,6,between_state,8.0,State_LDA,0.59375,0.5756999341238471,0.45833333333333337
10,6,between_state,8.0,Joint_LDA,0.38125000000000003,0.30757515607379116,0.17500000000000004
10,7,between_state,1.0,Raw,0.46249999999999997,0.4535741137768942,0.2833333333333333
10,7,between_state,1.0,Trait_LDA,0.30625,0.21525096525096526,0.07499999999999996
10,7,between_state,1.0,State_LDA,0.4625,0.4516110248447205,0.2833333333333333
10,7,between_state,1.0,Joint_LDA,0.5812499999999999,0.5768143031288094,0.44166666666666665
10,7,between_state,11.0,Raw,0.25,0.2318640495039832,0.0
10,7,between_state,11.0,Trait_LDA,0.26875,0.2155672422598589,0.025000000000000022
10,7,between_state,11.0,State_LDA,0.25,0.22917653729022225,0.0
10,7,between_state,11.0,Joint_LDA,0.24375000000000002,0.11726680200876162,-0.008333333333333304
10,7,between_state,12.0,Raw,0.4875,0.4829893231987701,0.31666666666666665
10,7,between_state,12.0,Trait_LDA,0.25625000000000003,0.14222222222222222,0.008333333333333304
10,7,between_state,12.0,State_LDA,0.5,0.49604612299465245,0.33333333333333337
10,7,between_state,12.0,Joint_LDA,0.4375,0.4245678233541129,0.25
10,7,between_state,13.0,Raw,0.46249999999999997,0.46266338924233663,0.2833333333333333
10,7,between_state,13.0,Trait_LDA,0.26249999999999996,0.19527459108583178,0.01666666666666672
10,7,between_state,13.0,State_LDA,0.425,0.42697132616487454,0.23333333333333328
10,7,between_state,13.0,Joint_LDA,0.30625,0.2869608427747963,0.07499999999999996
10,7,between_state,14.0,Raw,0.41875,0.28121571209128815,0.22499999999999998
10,7,between_state,14.0,Trait_LDA,0.23125,0.13749770684278115,-0.02499999999999991
10,7,between_state,14.0,State_LDA,0.41875,0.28003629764065335,0.22499999999999998
10,7,between_state,14.0,Joint_LDA,0.4125,0.272027972027972,0.21666666666666667
10,7,between_state,3.0,Raw,0.3625,0.29763091637236183,0.15000000000000002
10,7,between_state,3.0,Trait_LDA,0.22499999999999998,0.1930923677655585,-0.03333333333333344
10,7,between_state,3.0,State_LDA,0.36875,0.30297996140224726,0.15833333333333333
10,7,between_state,3.0,Joint_LDA,0.4625,0.4114501895285477,0.2833333333333333
10,7,between_state,4.0,Raw,0.675,0.6520337301587301,0.5666666666666667
10,7,between_state,4.0,Trait_LDA,0.24375,0.20117937280346038,-0.008333333333333304
10,7,between_state,4.0,State_LDA,0.6625,0.640481419444502,0.55
10,7,between_state,4.0,Joint_LDA,0.475,0.3982935394913617,0.30000000000000004
10,7,between_state,5.0,Raw,0.41874999999999996,0.3571466973886329,0.22499999999999998
10,7,between_state,5.0,Trait_LDA,0.275,0.17767392384284758,0.033333333333333326
10,7,between_state,5.0,State_LDA,0.40625,0.34403631517574546,0.20833333333333337
10,7,between_state,5.0,Joint_LDA,0.425,0.38343519225872164,0.23333333333333328
10,7,between_state,6.0,Raw,0.6125,0.5881316457157226,0.4833333333333333
10,7,between_state,6.0,Trait_LDA,0.26875,0.2057663025972885,0.025000000000000022
10,7,between_state,6.0,State_LDA,0.575,0.5447905208283514,0.43333333333333335
10,7,between_state,6.0,Joint_LDA,0.50625,0.4706773629219967,0.3416666666666667
10,7,between_state,7.0,Raw,0.5,0.4723631298843473,0.33333333333333337
10,7,between_state,7.0,Trait_LDA,0.275,0.1774383078730905,0.033333333333333326
10,7,between_state,7.0,State_LDA,0.5,0.46911928651059087,0.33333333333333337
10,7,between_state,7.0,Joint_LDA,0.45,0.4039322790479127,0.2666666666666667
10,8,between_state,11.0,Raw,0.29375,0.25076367092753754,0.05833333333333335
10,8,between_state,11.0,Trait_LDA,0.28125,0.2475729158593609,0.04166666666666663
10,8,between_state,11.0,State_LDA,0.3,0.25920896067481913,0.06666666666666665
10,8,between_state,11.0,Joint_LDA,0.25,0.1,0.0
10,8,between_state,12.0,Raw,0.45,0.4189757419288873,0.2666666666666667
10,8,between_state,12.0,Trait_LDA,0.2625,0.14921142116196295,0.01666666666666672
10,8,between_state,12.0,State_LDA,0.44375,0.4075946244049693,0.2583333333333333
10,8,between_state,12.0,Joint_LDA,0.39375000000000004,0.3639374789585905,0.19166666666666665
10,8,between_state,13.0,Raw,0.42499999999999993,0.40917174280460544,0.23333333333333328
10,8,between_state,13.0,Trait_LDA,0.16875,0.15765138341791168,-0.10833333333333339
10,8,between_state,13.0,State_LDA,0.41874999999999996,0.4063358149161605,0.22499999999999998
10,8,between_state,13.0,Joint_LDA,0.2875,0.24747680890538035,0.050000000000000044
10,8,between_state,14.0,Raw,0.38125,0.26778601524284273,0.17500000000000004
10,8,between_state,14.0,Trait_LDA,0.25,0.16739039081103796,0.0
10,8,between_state,14.0,State_LDA,0.35625,0.2528809711897003,0.14166666666666672
10,8,between_state,14.0,Joint_LDA,0.39375000000000004,0.2696243341743762,0.19166666666666665
10,8,between_state,2.0,Raw,0.28125,0.1624532242342273,0.04166666666666663
10,8,between_state,2.0,Trait_LDA,0.3375,0.32306151488826373,0.1166666666666667
10,8,between_state,2.0,State_LDA,0.28125,0.1624532242342273,0.04166666666666663
10,8,between_state,2.0,Joint_LDA,0.25625,0.11315074961633809,0.008333333333333304
10,8,between_state,3.0,Raw,0.36875,0.2957922419460881,0.15833333333333333
10,8,between_state,3.0,Trait_LDA,0.28125,0.22413696222964619,0.04166666666666663
10,8,between_state,3.0,State_LDA,0.36875,0.2957922419460881,0.15833333333333333
10,8,between_state,3.0,Joint_LDA,0.50625,0.43804557773219344,0.3416666666666667
10,8,between_state,5.0,Raw,0.39375,0.34069396213733616,0.19166666666666665
10,8,between_state,5.0,Trait_LDA,0.36875,0.33487056726113595,0.15833333333333333
10,8,between_state,5.0,State_LDA,0.39375,0.34069396213733616,0.19166666666666665
10,8,between_state,5.0,Joint_LDA,0.475,0.3956609670895385,0.30000000000000004
10,8,between_state,6.0,Raw,0.41875,0.38116977454117473,0.22499999999999998
10,8,between_state,6.0,Trait_LDA,0.2625,0.1252913752913753,0.01666666666666672
10,8,between_state,6.0,State_LDA,0.43124999999999997,0.38737216003244,0.2416666666666667
10,8,between_state,6.0,Joint_LDA,0.34375,0.35649885345007293,0.125
10,8,between_state,7.0,Raw,0.5,0.4429348201578024,0.33333333333333337
10,8,between_state,7.0,Trait_LDA,0.29375,0.25181986495915265,0.05833333333333335
10,8,between_state,7.0,State_LDA,0.50625,0.4498160970427329,0.3416666666666667
10,8,between_state,7.0,Joint_LDA,0.47500000000000003,0.40441368908998165,0.30000000000000004
10,8,between_state,9.0,Raw,0.38749999999999996,0.3135073297283781,0.18333333333333335
10,8,between_state,9.0,Trait_LDA,0.3,0.22502497502497504,0.06666666666666665
10,8,between_state,9.0,State_LDA,0.375,0.2982467926832841,0.16666666666666663
10,8,between_state,9.0,Joint_LDA,0.3125,0.28214686548019885,0.08333333333333337
10,9,between_state,10.0,Raw,0.25,0.10752688172043011,0.0
10,9,between_state,10.0,Trait_LDA,0.27499999999999997,0.15875613747954173,0.033333333333333326
10,9,between_state,10.0,State_LDA,0.25,0.10526315789473684,0.0
10,9,between_state,10.0,Joint_LDA,0.2875,0.19355277139397534,0.050000000000000044
10,9,between_state,11.0,Raw,0.24375,0.10880770954728822,-0.008333333333333304
10,9,between_state,11.0,Trait_LDA,0.33125,0.22783251231527094,0.10833333333333328
10,9,between_state,11.0,State_LDA,0.25625,0.13,0.008333333333333304
10,9,between_state,11.0,Joint_LDA,0.2375,0.09844559585492228,-0.016666666666666607
10,9,between_state,12.0,Raw,0.45624999999999993,0.4312370493162039,0.275
10,9,between_state,12.0,Trait_LDA,0.26875,0.21400711761427557,0.025000000000000022
10,9,between_state,12.0,State_LDA,0.4625,0.43937694699323754,0.2833333333333333
10,9,between_state,12.0,Joint_LDA,0.36875,0.3406797043926424,0.15833333333333333
10,9,between_state,14.0,Raw,0.41875,0.3221500721500722,0.22499999999999998
10,9,between_state,14.0,Trait_LDA,0.25,0.16671297582661848,0.0
10,9,between_state,14.0,State_LDA,0.39375,0.3013541544362256,0.19166666666666665
10,9,between_state,14.0,Joint_LDA,0.45625,0.35423278179020795,0.275
10,9,between_state,2.0,Raw,0.2875,0.17064976920765848,0.050000000000000044
10,9,between_state,2.0,Trait_LDA,0.275,0.22145613437748268,0.033333333333333326
10,9,between_state,2.0,State_LDA,0.3,0.19449686276359862,0.06666666666666665
10,9,between_state,2.0,Joint_LDA,0.26875,0.13608156028368795,0.025000000000000022
10,9,between_state,5.0,Raw,0.46875,0.37915267494706745,0.29166666666666663
10,9,between_state,5.0,Trait_LDA,0.275,0.18918635462345773,0.033333333333333326
10,9,between_state,5.0,State_LDA,0.475,0.3834267627394413,0.30000000000000004
10,9,between_state,5.0,Joint_LDA,0.4875,0.4103084845472545,0.31666666666666665
10,9,between_state,6.0,Raw,0.44375,0.4090765660718501,0.2583333333333333
10,9,between_state,6.0,Trait_LDA,0.25,0.10152284263959391,0.0
10,9,between_state,6.0,State_LDA,0.45625,0.4245117401799429,0.275
10,9,between_state,6.0,Joint_LDA,0.3875,0.4059065934065934,0.18333333333333335
10,9,between_state,7.0,Raw,0.425,0.369489425406359,0.23333333333333328
10,9,between_state,7.0,Trait_LDA,0.3,0.25626722837676186,0.06666666666666665
10,9,between_state,7.0,State_LDA,0.425,0.3770782619763575,0.23333333333333328
10,9,between_state,7.0,Joint_LDA,0.40625,0.3489737274220033,0.20833333333333337
10,9,between_state,8.0,Raw,0.39999999999999997,0.3537202395422602,0.19999999999999996
10,9,between_state,8.0,Trait_LDA,0.25,0.21476288135690397,0.0
10,9,between_state,8.0,State_LDA,0.4125,0.3614772765899589,0.21666666666666667
10,9,between_state,8.0,Joint_LDA,0.4,0.31773279352226724,0.19999999999999996
10,9,between_state,9.0,Raw,0.39375000000000004,0.30119949494949494,0.19166666666666665
10,9,between_state,9.0,Trait_LDA,0.24375000000000002,0.19597854376944074,-0.008333333333333304
10,9,between_state,9.0,State_LDA,0.40625,0.3090909090909091,0.20833333333333337
10,9,between_state,9.0,Joint_LDA,0.35625,0.27335675271308146,0.14166666666666672
4,0,between_state,1.0,Raw,0.48750000000000004,0.4345099453313029,0.31666666666666665
4,0,between_state,1.0,Trait_LDA,0.2625,0.125,0.01666666666666672
4,0,between_state,1.0,State_LDA,0.48750000000000004,0.43486704893428857,0.31666666666666665
4,0,between_state,1.0,Joint_LDA,0.4375,0.38364012480860304,0.25
4,0,between_state,2.0,Raw,0.25625,0.11269763451403358,0.008333333333333304
4,0,between_state,2.0,Trait_LDA,0.26875,0.18945779531324725,0.025000000000000022
4,0,between_state,2.0,State_LDA,0.25625,0.11269763451403358,0.008333333333333304
4,0,between_state,2.0,Joint_LDA,0.25,0.1,0.0
4,0,between_state,4.0,Raw,0.5,0.43439018261015244,0.33333333333333337
4,0,between_state,4.0,Trait_LDA,0.29375,0.24786628733997154,0.05833333333333335
4,0,between_state,4.0,State_LDA,0.5125,0.45433590655083683,0.35
4,0,between_state,4.0,Joint_LDA,0.2875,0.17076641108785476,0.050000000000000044
4,0,between_state,5.0,Raw,0.5,0.42743407807997474,0.33333333333333337
4,0,between_state,5.0,Trait_LDA,0.28125,0.17866137175080266,0.04166666666666663
4,0,between_state,5.0,State_LDA,0.5187499999999999,0.4435705575878506,0.3583333333333333
4,0,between_state,5.0,Joint_LDA,0.4375,0.3664153816866552,0.25
4,1,between_state,1.0,Raw,0.35,0.35572238610608653,0.1333333333333333
4,1,between_state,1.0,Trait_LDA,0.25625,0.11315074961633809,0.008333333333333304
4,1,between_state,1.0,State_LDA,0.31875,0.300527950310559,0.09166666666666667
4,1,between_state,1.0,Joint_LDA,0.35625,0.3639432263830338,0.14166666666666672
4,1,between_state,14.0,Raw,0.4625,0.47883703330397787,0.2833333333333333
4,1,between_state,14.0,Trait_LDA,0.28125,0.23576144336785831,0.04166666666666663
4,1,between_state,14.0,State_LDA,0.475,0.49381977671451355,0.30000000000000004
4,1,between_state,14.0,Joint_LDA,0.475,0.5113839343346501,0.30000000000000004
4,1,between_state,3.0,Raw,0.28125,0.15744060959211115,0.04166666666666663
4,1,between_state,3.0,Trait_LDA,0.25625000000000003,0.13686579378068742,0.008333333333333304
4,1,between_state,3.0,State_LDA,0.28125,0.1581196581196581,0.04166666666666663
4,1,between_state,3.0,Joint_LDA,0.33749999999999997,0.2619753957222579,0.1166666666666667
4,1,between_state,8.0,Raw,0.3,0.19943542695836275,0.06666666666666665
4,1,between_state,8.0,Trait_LDA,0.25,0.1,0.0
4,1,between_state,8.0,State_LDA,0.35625,0.23903982710713184,0.14166666666666672
4,1,between_state,8.0,Joint_LDA,0.325,0.21764184397163122,0.09999999999999998
4,2,between_state,10.0,Raw,0.45625000000000004,0.431375978677328,0.275
4,2,between_state,10.0,Trait_LDA,0.25,0.1,0.0
4,2,between_state,10.0,State_LDA,0.4625,0.4473802317085899,0.2833333333333333
4,2,between_state,10.0,Joint_LDA,0.34375,0.28358506515255427,0.125
4,2,between_state,12.0,Raw,0.3375,0.2289615890170878,0.1166666666666667
4,2,between_state,12.0,Trait_LDA,0.30625,0.23956916099773243,0.07499999999999996
4,2,between_state,12.0,State_LDA,0.375,0.26304175959030995,0.16666666666666663
4,2,between_state,12.0,Joint_LDA,0.42500000000000004,0.34227011708553956,0.23333333333333328
4,2,between_state,3.0,Raw,0.25625000000000003,0.14234899870801035,0.008333333333333304
4,2,between_state,3.0,Trait_LDA,0.2625,0.12481962481962482,0.01666666666666672
4,2,between_state,3.0,State_LDA,0.2625,0.153528737727545,0.01666666666666672
4,2,between_state,3.0,Joint_LDA,0.38125,0.27312570796343616,0.17500000000000004
4,2,between_state,6.0,Raw,0.19375,0.15375232929602486,-0.07499999999999996
4,2,between_state,6.0,Trait_LDA,0.275,0.15422775879175393,0.033333333333333326
4,2,between_state,6.0,State_LDA,0.1625,0.12967389640673815,-0.1166666666666667
4,2,between_state,6.0,Joint_LDA,0.1,0.0819538180684144,-0.19999999999999996
4,3,between_state,2.0,Raw,0.25625,0.11320522296132052,0.008333333333333304
4,3,between_state,2.0,Trait_LDA,0.26875,0.17875901673786682,0.025000000000000022
4,3,between_state,2.0,State_LDA,0.25625,0.11320522296132052,0.008333333333333304
4,3,between_state,2.0,Joint_LDA,0.26875,0.13864629427081887,0.025000000000000022
4,3,between_state,3.0,Raw,0.5125000000000001,0.4664785681714546,0.35
4,3,between_state,3.0,Trait_LDA,0.23125,0.1699762681593751,-0.02499999999999991
4,3,between_state,3.0,State_LDA,0.51875,0.4703545371637027,0.3583333333333333
4,3,between_state,3.0,Joint_LDA,0.475,0.41333931207521124,0.30000000000000004
4,3,between_state,5.0,Raw,0.31875,0.21724962877412968,0.09166666666666667
4,3,between_state,5.0,Trait_LDA,0.24375,0.14573804157943165,-0.008333333333333304
4,3,between_state,5.0,State_LDA,0.30624999999999997,0.21317109519828434,0.07499999999999996
4,3,between_state,5.0,Joint_LDA,0.3375,0.26997075765591017,0.1166666666666667
4,3,between_state,6.0,Raw,0.55,0.4816686987739619,0.4
4,3,between_state,6.0,Trait_LDA,0.25625,0.11423593827775012,0.008333333333333304
4,3,between_state,6.0,State_LDA,0.54375,0.4743814192343604,0.3916666666666667
4,3,between_state,6.0,Joint_LDA,0.35,0.2351029252437703,0.1333333333333333
4,4,between_state,10.0,Raw,0.28125,0.1806579172366621,0.04166666666666663
4,4,between_state,10.0,Trait_LDA,0.2375,0.12964121818940344,-0.016666666666666607
4,4,between_state,10.0,State_LDA,0.2875,0.18065221775077372,0.050000000000000044
4,4,between_state,10.0,Joint_LDA,0.28125,0.17636278991027593,0.04166666666666663
4,4,between_state,11.0,Raw,0.25,0.10101010101010101,0.0
4,4,between_state,11.0,Trait_LDA,0.3375,0.2789083557951482,0.1166666666666667
4,4,between_state,11.0,State_LDA,0.25,0.11111111111111112,0.0
4,4,between_state,11.0,Joint_LDA,0.275,0.20537209143403834,0.033333333333333326
4,4,between_state,14.0,Raw,0.42500000000000004,0.37819988921277503,0.23333333333333328
4,4,between_state,14.0,Trait_LDA,0.29375,0.19791666666666669,0.05833333333333335
4,4,between_state,14.0,State_LDA,0.4125,0.3579136690647482,0.21666666666666667
4,4,between_state,14.0,Joint_LDA,0.325,0.2731154408666121,0.09999999999999998
4,4,between_state,6.0,Raw,0.19375,0.1775371687136393,-0.07499999999999996
4,4,between_state,6.0,Trait_LDA,0.1875,0.15531350812773045,-0.08333333333333326
4,4,between_state,6.0,State_LDA,0.19375,0.18157380254154448,-0.07499999999999996
4,4,between_state,6.0,Joint_LDA,0.28125,0.1939753617601585,0.04166666666666663
4,5,between_state,10.0,Raw,0.38125,0.31365778374684855,0.17500000000000004
4,5,between_state,10.0,Trait_LDA,0.24375000000000002,0.11960784313725491,-0.008333333333333304
4,5,between_state,10.0,State_LDA,0.4,0.3527199602199602,0.19999999999999996
4,5,between_state,10.0,Joint_LDA,0.33125,0.2237394957983193,0.10833333333333328
4,5,between_state,3.0,Raw,0.45625,0.42713510370226787,0.275
4,5,between_state,3.0,Trait_LDA,0.24375000000000002,0.14383880736081994,-0.008333333333333304
4,5,between_state,3.0,State_LDA,0.48125,0.4580016655310773,0.30833333333333335
4,5,between_state,3.0,Joint_LDA,0.5125,0.45088657108941693,0.35
4,5,between_state,4.0,Raw,0.6625,0.6170077041067095,0.55
4,5,between_state,4.0,Trait_LDA,0.20625,0.09482758620689655,-0.05833333333333335
4,5,between_state,4.0,State_LDA,0.65625,0.6114696867165934,0.5416666666666667
4,5,between_state,4.0,Joint_LDA,0.45625,0.45436411338310073,0.275
4,5,between_state,6.0,Raw,0.51875,0.48015805799834155,0.3583333333333333
4,5,between_state,6.0,Trait_LDA,0.2375,0.18905882352941178,-0.016666666666666607
4,5,between_state,6.0,State_LDA,0.51875,0.48348039860850894,0.3583333333333333
4,5,between_state,6.0,Joint_LDA,0.50625,0.4722068816316447,0.3416666666666667
4,6,between_state,10.0,Raw,0.25,0.1,0.0
4,6,between_state,10.0,Trait_LDA,0.275,0.19411551881237368,0.033333333333333326
4,6,between_state,10.0,State_LDA,0.25,0.1,0.0
4,6,between_state,10.0,Joint_LDA,0.25625,0.12221706864564008,0.008333333333333304
4,6,between_state,13.0,Raw,0.41874999999999996,0.3796242617366766,0.22499999999999998
4,6,between_state,13.0,Trait_LDA,0.26249999999999996,0.1298596733379342,0.01666666666666672
4,6,between_state,13.0,State_LDA,0.39999999999999997,0.3631494630620963,0.19999999999999996
4,6,between_state,13.0,Joint_LDA,0.42499999999999993,0.38002552397317935,0.23333333333333328
4,6,between_state,2.0,Raw,0.2625,0.1379495947315096,0.01666666666666672
4,6,between_state,2.0,Trait_LDA,0.25,0.1,0.0
4,6,between_state,2.0,State_LDA,0.25625,0.12517463872447077,0.008333333333333304
4,6,between_state,2.0,Joint_LDA,0.3375,0.25357428035615454,0.1166666666666667
4,6,between_state,4.0,Raw,0.5375000000000001,0.5112457016434234,0.3833333333333333
4,6,between_state,4.0,Trait_LDA,0.1875,0.12331536388140162,-0.08333333333333326
4,6,between_state,4.0,State_LDA,0.53125,0.5006487465726597,0.375
4,6,between_state,4.0,Joint_LDA,0.51875,0.5091652496663193,0.3583333333333333
4,7,between_state,1.0,Raw,0.44999999999999996,0.40743439176453533,0.2666666666666667
4,7,between_state,1.0,Trait_LDA,0.29375,0.207002457002457,0.05833333333333335
4,7,between_state,1.0,State_LDA,0.4625,0.42118138515721365,0.2833333333333333
4,7,between_state,1.0,Joint_LDA,0.4875,0.4580444137966262,0.31666666666666665
4,7,between_state,13.0,Raw,0.30625,0.26673992673992675,0.07499999999999996
4,7,between_state,13.0,Trait_LDA,0.2625,0.132569558101473,0.01666666666666672
4,7,between_state,13.0,State_LDA,0.30000000000000004,0.2663752109219205,0.06666666666666665
4,7,between_state,13.0,Joint_LDA,0.275,0.23119381691760044,0.033333333333333326
4,7,between_state,4.0,Raw,0.475,0.4339731641329239,0.30000000000000004
4,7,between_state,4.0,Trait_LDA,0.3,0.20503700229309985,0.06666666666666665
4,7,between_state,4.0,State_LDA,0.4625,0.41481389708430016,0.2833333333333333
4,7,between_state,4.0,Joint_LDA,0.43125,0.3716343542956446,0.2416666666666667
4,7,between_state,7.0,Raw,0.38125,0.32422310479375693,0.17500000000000004
4,7,between_state,7.0,Trait_LDA,0.2625,0.1773793494436964,0.01666666666666672
4,7,between_state,7.0,State_LDA,0.38749999999999996,0.32517744225061296,0.18333333333333335
4,7,between_state,7.0,Joint_LDA,0.4125,0.2975873424971363,0.21666666666666667
4,8,between_state,4.0,Raw,0.51875,0.44317328414214074,0.3583333333333333
4,8,between_state,4.0,Trait_LDA,0.23750000000000002,0.10575139146567718,-0.016666666666666607
4,8,between_state,4.0,State_LDA,0.525,0.45136425227888644,0.3666666666666667
4,8,between_state,4.0,Joint_LDA,0.49375,0.40843837535014005,0.32499999999999996
4,8,between_state,5.0,Raw,0.4,0.3306338028169014,0.19999999999999996
4,8,between_state,5.0,Trait_LDA,0.23125,0.14162086785333444,-0.02499999999999991
4,8,between_state,5.0,State_LDA,0.40625,0.3376736111111111,0.20833333333333337
4,8,between_state,5.0,Joint_LDA,0.4375,0.37967481676688136,0.25
4,8,between_state,7.0,Raw,0.34375,0.2548131910026687,0.125
4,8,between_state,7.0,Trait_LDA,0.33125,0.2228813559322034,0.10833333333333328
4,8,between_state,7.0,State_LDA,0.35,0.2607007143942848,0.1333333333333333
4,8,between_state,7.0,Joint_LDA,0.36875,0.2913438782041982,0.15833333333333333
4,8,between_state,8.0,Raw,0.26875,0.13859649122807016,0.025000000000000022
4,8,between_state,8.0,Trait_LDA,0.28125,0.20212409541677837,0.04166666666666663
4,8,between_state,8.0,State_LDA,0.25625,0.11499754540991654,0.008333333333333304
4,8,between_state,8.0,Joint_LDA,0.25,0.10152284263959391,0.0
4,9,between_state,13.0,Raw,0.35000000000000003,0.2939024390243902,0.1333333333333333
4,9,between_state,13.0,Trait_LDA,0.25625,0.19237213403880069,0.008333333333333304
4,9,between_state,13.0,State_LDA,0.35,0.2895176064574972,0.1333333333333333
4,9,between_state,13.0,Joint_LDA,0.28750000000000003,0.20519216555801922,0.050000000000000044
4,9,between_state,7.0,Raw,0.4625,0.430606162843005,0.2833333333333333
4,9,between_state,7.0,Trait_LDA,0.23750000000000002,0.20393081217076814,-0.016666666666666607
4,9,between_state,7.0,State_LDA,0.46875,0.4329877339063479,0.29166666666666663
4,9,between_state,7.0,Joint_LDA,0.45,0.39208909370199696,0.2666666666666667
4,9,between_state,8.0,Raw,0.31875,0.2397929606625259,0.09166666666666667
4,9,between_state,8.0,Trait_LDA,0.26875,0.20557488379860278,0.025000000000000022
4,9,between_state,8.0,State_LDA,0.31875,0.2475638974718588,0.09166666666666667
4,9,between_state,8.0,Joint_LDA,0.2875,0.20801441786674005,0.050000000000000044
4,9,between_state,9.0,Raw,0.38749999999999996,0.33080054274084125,0.18333333333333335
4,9,between_state,9.0,Trait_LDA,0.29375,0.1931652579422909,0.05833333333333335
4,9,between_state,9.0,State_LDA,0.375,0.32269851356024265,0.16666666666666663
4,9,between_state,9.0,Joint_LDA,0.38749999999999996,0.32926294620412266,0.18333333333333335
8,0,between_state,1.0,Raw,0.44375,0.4068132761472262,0.2583333333333333
8,0,between_state,1.0,Trait_LDA,0.3625,0.25386928628708905,0.15000000000000002
8,0,between_state,1.0,State_LDA,0.425,0.38053094044635394,0.23333333333333328
8,0,between_state,1.0,Joint_LDA,0.5062500000000001,0.4881799610501436,0.3416666666666667
8,0,between_state,10.0,Raw,0.26875,0.1416256157635468,0.025000000000000022
8,0,between_state,10.0,Trait_LDA,0.24375000000000002,0.19273820774980668,-0.008333333333333304
8,0,between_state,10.0,State_LDA,0.26875,0.14166666666666666,0.025000000000000022
8,0,between_state,10.0,Joint_LDA,0.23124999999999998,0.12780092774589197,-0.02499999999999991
8,0,between_state,13.0,Raw,0.33125,0.30857443406069957,0.10833333333333328
8,0,between_state,13.0,Trait_LDA,0.15625,0.0998159329525989,-0.125
8,0,between_state,13.0,State_LDA,0.35,0.33032203652489034,0.1333333333333333
8,0,between_state,13.0,Joint_LDA,0.30624999999999997,0.2857164967828952,0.07499999999999996
8,0,between_state,14.0,Raw,0.44375,0.340407559919755,0.2583333333333333
8,0,between_state,14.0,Trait_LDA,0.25,0.16392479435957696,0.0
8,0,between_state,14.0,State_LDA,0.43125,0.3290640659318217,0.2416666666666667
8,0,between_state,14.0,Joint_LDA,0.34375,0.23519214703425229,0.125
8,0,between_state,2.0,Raw,0.2625,0.12614070018251203,0.01666666666666672
8,0,between_state,2.0,Trait_LDA,0.31875,0.24337726792581674,0.09166666666666667
8,0,between_state,2.0,State_LDA,0.2625,0.12614070018251203,0.01666666666666672
8,0,between_state,2.0,Joint_LDA,0.25625,0.11342760454435581,0.008333333333333304
8,0,between_state,5.0,Raw,0.39375000000000004,0.26386288347976383,0.19166666666666665
8,0,between_state,5.0,Trait_LDA,0.25625,0.12283909574468085,0.008333333333333304
8,0,between_state,5.0,State_LDA,0.39375000000000004,0.26445955619183964,0.19166666666666665
8,0,between_state,5.0,Joint_LDA,0.3,0.17648099027409372,0.06666666666666665
8,0,between_state,6.0,Raw,0.71875,0.7141669130691898,0.625
8,0,between_state,6.0,Trait_LDA,0.3875,0.3405450905450905,0.18333333333333335
8,0,between_state,6.0,State_LDA,0.7,0.6936982770316104,0.6
8,0,between_state,6.0,Joint_LDA,0.5875,0.5893636305358048,0.44999999999999996
8,0,between_state,7.0,Raw,0.45624999999999993,0.3958124467782673,0.275
8,0,between_state,7.0,Trait_LDA,0.38749999999999996,0.3220330237358101,0.18333333333333335
8,0,between_state,7.0,State_LDA,0.44999999999999996,0.3886695896354102,0.2666666666666667
8,0,between_state,7.0,Joint_LDA,0.34375,0.3016268909754825,0.125
8,1,between_state,1.0,Raw,0.50625,0.5077674062049062,0.3416666666666667
8,1,between_state,1.0,Trait_LDA,0.2875,0.16383507203179334,0.050000000000000044
8,1,between_state,1.0,State_LDA,0.50625,0.5049346903855101,0.3416666666666667
8,1,between_state,1.0,Joint_LDA,0.50625,0.5141473506608284,0.3416666666666667
8,1,between_state,12.0,Raw,0.5187499999999999,0.5088208787336694,0.3583333333333333
8,1,between_state,12.0,Trait_LDA,0.25,0.11061267855034826,0.0
8,1,between_state,12.0,State_LDA,0.50625,0.4821084678561314,0.3416666666666667
8,1,between_state,12.0,Joint_LDA,0.47500000000000003,0.4508947605499413,0.30000000000000004
8,1,between_state,14.0,Raw,0.48125,0.32706740300198245,0.30833333333333335
8,1,between_state,14.0,Trait_LDA,0.25625,0.18027421799641724,0.008333333333333304
8,1,between_state,14.0,State_LDA,0.475,0.321353065539112,0.30000000000000004
8,1,between_state,14.0,Joint_LDA,0.5,0.3746498599439776,0.33333333333333337
8,1,between_state,2.0,Raw,0.3125,0.21581670927936064,0.08333333333333337
8,1,between_state,2.0,Trait_LDA,0.25625,0.17052242031943646,0.008333333333333304
8,1,between_state,2.0,State_LDA,0.30625,0.20389064716795807,0.07499999999999996
8,1,between_state,2.0,Joint_LDA,0.26875,0.13541666666666669,0.025000000000000022
8,1,between_state,4.0,Raw,0.5375,0.4687662108128704,0.3833333333333333
8,1,between_state,4.0,Trait_LDA,0.31875,0.24395378740237705,0.09166666666666667
8,1,between_state,4.0,State_LDA,0.53125,0.4652142344086693,0.375
8,1,between_state,4.0,Joint_LDA,0.53125,0.4651005142589995,0.375
8,1,between_state,7.0,Raw,0.36875,0.3120529983495324,0.15833333333333333
8,1,between_state,7.0,Trait_LDA,0.34375,0.2872564513418857,0.125
8,1,between_state,7.0,State_LDA,0.36250000000000004,0.3044771018455229,0.15000000000000002
8,1,between_state,7.0,Joint_LDA,0.36250000000000004,0.3082381919860231,0.15000000000000002
8,1,between_state,8.0,Raw,0.44375,0.3964017126019901,0.2583333333333333
8,1,between_state,8.0,Trait_LDA,0.2875,0.19211580352751034,0.050000000000000044
8,1,between_state,8.0,State_LDA,0.44375,0.39434059781204234,0.2583333333333333
8,1,between_state,8.0,Joint_LDA,0.31875,0.22806034599087793,0.09166666666666667
8,1,between_state,9.0,Raw,0.39375,0.3366455708680822,0.19166666666666665
8,1,between_state,9.0,Trait_LDA,0.25,0.14145236092193655,0.0
8,1,between_state,9.0,State_LDA,0.3625,0.29489511186406897,0.15000000000000002
8,1,between_state,9.0,Joint_LDA,0.38125,0.3055669925824964,0.17500000000000004
8,2,between_state,1.0,Raw,0.4625,0.4635994836806196,0.2833333333333333
8,2,between_state,1.0,Trait_LDA,0.325,0.25019438656883175,0.09999999999999998
8,2,between_state,1.0,State_LDA,0.46875000000000006,0.4707554653770462,0.29166666666666663
8,2,between_state,1.0,Joint_LDA,0.4375,0.39162487854105543,0.25
8,2,between_state,10.0,Raw,0.30625,0.19671781756180734,0.07499999999999996
8,2,between_state,10.0,Trait_LDA,0.24375,0.09798994974874371,-0.008333333333333304
8,2,between_state,10.0,State_LDA,0.31875,0.2013888888888889,0.09166666666666667
8,2,between_state,10.0,Joint_LDA,0.33125,0.21783216783216783,0.10833333333333328
8,2,between_state,11.0,Raw,0.26875,0.19768159128437757,0.025000000000000022
8,2,between_state,11.0,Trait_LDA,0.275,0.18181818181818182,0.033333333333333326
8,2,between_state,11.0,State_LDA,0.26875000000000004,0.19875591843062276,0.025000000000000022
8,2,between_state,11.0,Joint_LDA,0.30625,0.23368016497937757,0.07499999999999996
8,2,between_state,13.0,Raw,0.35,0.3062950937950938,0.1333333333333333
8,2,between_state,13.0,Trait_LDA,0.24375,0.09848484848484848,-0.008333333333333304
8,2,between_state,13.0,State_LDA,0.3125,0.2819917292545076,0.08333333333333337
8,2,between_state,13.0,Joint_LDA,0.36874999999999997,0.3518751759076837,0.15833333333333333
8,2,between_state,3.0,Raw,0.36875,0.28807874346349094,0.15833333333333333
8,2,between_state,3.0,Trait_LDA,0.26249999999999996,0.17462197756253922,0.01666666666666672
8,2,between_state,3.0,State_LDA,0.35625,0.2756969908619987,0.14166666666666672
8,2,between_state,3.0,Joint_LDA,0.39999999999999997,0.3413365897252266,0.19999999999999996
8,2,between_state,6.0,Raw,0.50625,0.48934939566795643,0.3416666666666667
8,2,between_state,6.0,Trait_LDA,0.25,0.10050251256281408,0.0
8,2,between_state,6.0,State_LDA,0.5,0.4807583099315383,0.33333333333333337
8,2,between_state,6.0,Joint_LDA,0.475,0.4288085255066387,0.30000000000000004
8,2,between_state,7.0,Raw,0.41250000000000003,0.3693744851639589,0.21666666666666667
8,2,between_state,7.0,Trait_LDA,0.36875,0.3274642024642025,0.15833333333333333
8,2,between_state,7.0,State_LDA,0.41875,0.37561229258197626,0.22499999999999998
8,2,between_state,7.0,Joint_LDA,0.46249999999999997,0.443789532049022,0.2833333333333333
8,2,between_state,9.0,Raw,0.30625,0.19962503899074618,0.07499999999999996
8,2,between_state,9.0,Trait_LDA,0.24375,0.14158653846153846,-0.008333333333333304
8,2,between_state,9.0,State_LDA,0.30625,0.20009197214557878,0.07499999999999996
8,2,between_state,9.0,Joint_LDA,0.4125,0.361872727223127,0.21666666666666667
8,3,between_state,13.0,Raw,0.35624999999999996,0.345002981058669,0.14166666666666672
8,3,between_state,13.0,Trait_LDA,0.29375,0.24960331156809523,0.05833333333333335
8,3,between_state,13.0,State_LDA,0.34375,0.3367857142857143,0.125
8,3,between_state,13.0,Joint_LDA,0.35625,0.2777777777777778,0.14166666666666672
8,3,between_state,14.0,Raw,0.5,0.38223704038577455,0.33333333333333337
8,3,between_state,14.0,Trait_LDA,0.25,0.1725291886666171,0.0
8,3,between_state,14.0,State_LDA,0.49375,0.37265097255380975,0.32499999999999996
8,3,between_state,14.0,Joint_LDA,0.48124999999999996,0.407627183426977,0.30833333333333335
8,3,between_state,2.0,Raw,0.31875,0.22526242072283836,0.09166666666666667
8,3,between_state,2.0,Trait_LDA,0.28125,0.1833633043381287,0.04166666666666663
8,3,between_state,2.0,State_LDA,0.325,0.23463842333069113,0.09999999999999998
8,3,between_state,2.0,Joint_LDA,0.25625,0.11320522296132052,0.008333333333333304
8,3,between_state,4.0,Raw,0.575,0.5447191359390908,0.43333333333333335
8,3,between_state,4.0,Trait_LDA,0.34375,0.3121031746031746,0.125
8,3,between_state,4.0,State_LDA,0.59375,0.5697682131265797,0.45833333333333337
8,3,between_state,4.0,Joint_LDA,0.4875,0.43279587490980764,0.31666666666666665
8,3,between_state,5.0,Raw,0.4,0.3271170006464124,0.19999999999999996
8,3,between_state,5.0,Trait_LDA,0.25625000000000003,0.14188251618871417,0.008333333333333304
8,3,between_state,5.0,State_LDA,0.4,0.3270975892199179,0.19999999999999996
8,3,between_state,5.0,Joint_LDA,0.48750000000000004,0.41946426851049007,0.31666666666666665
8,3,between_state,6.0,Raw,0.51875,0.504198890814872,0.3583333333333333
8,3,between_state,6.0,Trait_LDA,0.26875,0.13636363636363635,0.025000000000000022
8,3,between_state,6.0,State_LDA,0.5062500000000001,0.4901797137886643,0.3416666666666667
8,3,between_state,6.0,Joint_LDA,0.45625,0.42276243634939287,0.275
8,3,between_state,7.0,Raw,0.42500000000000004,0.35322177822177825,0.23333333333333328
8,3,between_state,7.0,Trait_LDA,0.325,0.2553396358543417,0.09999999999999998
8,3,between_state,7.0,State_LDA,0.42500000000000004,0.35442251461988306,0.23333333333333328
8,3,between_state,7.0,Joint_LDA,0.425,0.37121813898587275,0.23333333333333328
8,3,between_state,8.0,Raw,0.36875,0.30844155844155846,0.15833333333333333
8,3,between_state,8.0,Trait_LDA,0.2875,0.18317307692307694,0.050000000000000044
8,3,between_state,8.0,State_LDA,0.36875,0.30844155844155846,0.15833333333333333
8,3,between_state,8.0,Joint_LDA,0.3375,0.24985862683631446,0.1166666666666667
8,4,between_state,1.0,Raw,0.39375,0.3797372659494519,0.19166666666666665
8,4,between_state,1.0,Trait_LDA,0.34375,0.2934546132844188,0.125
8,4,between_state,1.0,State_LDA,0.39375,0.380504941562307,0.19166666666666665
8,4,between_state,1.0,Joint_LDA,0.4,0.37576600548298666,0.19999999999999996
8,4,between_state,10.0,Raw,0.30625,0.18394886363636365,0.07499999999999996
8,4,between_state,10.0,Trait_LDA,0.33125000000000004,0.2958078868748221,0.10833333333333328
8,4,between_state,10.0,State_LDA,0.3,0.17648641377454938,0.06666666666666665
8,4,between_state,10.0,Joint_LDA,0.28125,0.15445990180032734,0.04166666666666663
8,4,between_state,12.0,Raw,0.46875,0.4274876046883287,0.29166666666666663
8,4,between_state,12.0,Trait_LDA,0.2625,0.18857042734096902,0.01666666666666672
8,4,between_state,12.0,State_LDA,0.4625,0.4221112606023072,0.2833333333333333
8,4,between_state,12.0,Joint_LDA,0.42499999999999993,0.3880540944106548,0.23333333333333328
8,4,between_state,2.0,Raw,0.26875,0.1374917522312385,0.025000000000000022
8,4,between_state,2.0,Trait_LDA,0.29375,0.1994718036352338,0.05833333333333335
8,4,between_state,2.0,State_LDA,0.26875,0.1374917522312385,0.025000000000000022
8,4,between_state,2.0,Joint_LDA,0.2625,0.12562272649557532,0.01666666666666672
8,4,between_state,3.0,Raw,0.3,0.20935049893086244,0.06666666666666665
8,4,between_state,3.0,Trait_LDA,0.26875,0.1874729437229437,0.025000000000000022
8,4,between_state,3.0,State_LDA,0.30624999999999997,0.21758107134278165,0.07499999999999996
8,4,between_state,3.0,Joint_LDA,0.25,0.13079289112945763,0.0
8,4,between_state,4.0,Raw,0.6000000000000001,0.5292597231589428,0.4666666666666667
8,4,between_state,4.0,Trait_LDA,0.25,0.24980012206135802,0.0
8,4,between_state,4.0,State_LDA,0.59375,0.5251093408309904,0.45833333333333337
8,4,between_state,4.0,Joint_LDA,0.45625,0.3604923355735105,0.275
8,4,between_state,7.0,Raw,0.36874999999999997,0.3060601753139066,0.15833333333333333
8,4,between_state,7.0,Trait_LDA,0.28750000000000003,0.17542613636363635,0.050000000000000044
8,4,between_state,7.0,State_LDA,0.3625,0.3021481523258073,0.15000000000000002
8,4,between_state,7.0,Joint_LDA,0.33125000000000004,0.2553182384064737,0.10833333333333328
8,4,between_state,8.0,Raw,0.325,0.22574234660360004,0.09999999999999998
8,4,between_state,8.0,Trait_LDA,0.33125,0.2229807415924116,0.10833333333333328
8,4,between_state,8.0,State_LDA,0.325,0.22662151182901225,0.09999999999999998
8,4,between_state,8.0,Joint_LDA,0.30625,0.20226826719677854,0.07499999999999996
8,5,between_state,1.0,Raw,0.48750000000000004,0.46413785189552365,0.31666666666666665
8,5,between_state,1.0,Trait_LDA,0.28125,0.17826627310859094,0.04166666666666663
8,5,between_state,1.0,State_LDA,0.4875,0.46382225019584217,0.31666666666666665
8,5,between_state,1.0,Joint_LDA,0.525,0.4854787339644081,0.3666666666666667
8,5,between_state,10.0,Raw,0.35,0.22802778616732106,0.1333333333333333
8,5,between_state,10.0,Trait_LDA,0.24375,0.15293668954996187,-0.008333333333333304
8,5,between_state,10.0,State_LDA,0.35,0.2261904761904762,0.1333333333333333
8,5,between_state,10.0,Joint_LDA,0.36875,0.2600746652053293,0.15833333333333333
8,5,between_state,13.0,Raw,0.28125,0.25604386913555915,0.04166666666666663
8,5,between_state,13.0,Trait_LDA,0.25,0.1,0.0
8,5,between_state,13.0,State_LDA,0.2625,0.2270386696052895,0.01666666666666672
8,5,between_state,13.0,Joint_LDA,0.31875,0.31469155844155844,0.09166666666666667
8,5,between_state,14.0,Raw,0.5125,0.41214493378794415,0.35
8,5,between_state,14.0,Trait_LDA,0.2375,0.15626345243219975,-0.016666666666666607
8,5,between_state,14.0,State_LDA,0.5125,0.4099485420240137,0.35
8,5,between_state,14.0,Joint_LDA,0.3625,0.23422069557750108,0.15000000000000002
8,5,between_state,3.0,Raw,0.43124999999999997,0.3875253549695741,0.2416666666666667
8,5,between_state,3.0,Trait_LDA,0.27499999999999997,0.15724815724815724,0.033333333333333326
8,5,between_state,3.0,State_LDA,0.43124999999999997,0.3876314301865461,0.2416666666666667
8,5,between_state,3.0,Joint_LDA,0.44375,0.3890389271745204,0.2583333333333333
8,5,between_state,6.0,Raw,0.64375,0.6378311061241644,0.525
8,5,between_state,6.0,Trait_LDA,0.31875,0.25510195058977486,0.09166666666666667
8,5,between_state,6.0,State_LDA,0.64375,0.6331615678399874,0.525
8,5,between_state,6.0,Joint_LDA,0.60625,0.5860555172149375,0.475
8,5,between_state,7.0,Raw,0.44375,0.39156570803359125,0.2583333333333333
8,5,between_state,7.0,Trait_LDA,0.275,0.1863249822835466,0.033333333333333326
8,5,between_state,7.0,State_LDA,0.42499999999999993,0.36957105425185066,0.23333333333333328
8,5,between_state,7.0,Joint_LDA,0.34375,0.26167285095856524,0.125
8,5,between_state,9.0,Raw,0.30625,0.20316930441502987,0.07499999999999996
8,5,between_state,9.0,Trait_LDA,0.25,0.12192152823298061,0.0
8,5,between_state,9.0,State_LDA,0.3,0.1921551239986994,0.06666666666666665
8,5,between_state,9.0,Joint_LDA,0.41875000000000007,0.3446667050425973,0.22499999999999998
8,6,between_state,1.0,Raw,0.3375,0.28810172529621497,0.1166666666666667
8,6,between_state,1.0,Trait_LDA,0.26875,0.1358974358974359,0.025000000000000022
8,6,between_state,1.0,State_LDA,0.325,0.2723546021111813,0.09999999999999998
8,6,between_state,1.0,Joint_LDA,0.35000000000000003,0.32634144459665176,0.1333333333333333
8,6,between_state,12.0,Raw,0.5,0.48796505915649535,0.33333333333333337
8,6,between_state,12.0,Trait_LDA,0.25,0.20125786163522014,0.0
8,6,between_state,12.0,State_LDA,0.49374999999999997,0.4849880033221569,0.32499999999999996
8,6,between_state,12.0,Joint_LDA,0.48125,0.46753525211543706,0.30833333333333335
8,6,between_state,13.0,Raw,0.49375,0.46502911971691213,0.32499999999999996
8,6,between_state,13.0,Trait_LDA,0.34375,0.2900986028086398,0.125
8,6,between_state,13.0,State_LDA,0.5,0.47233440678562627,0.33333333333333337
8,6,between_state,13.0,Joint_LDA,0.4625,0.40435374029743754,0.2833333333333333
8,6,between_state,14.0,Raw,0.4,0.3625112675941802,0.19999999999999996
8,6,between_state,14.0,Trait_LDA,0.31875,0.28049932523616733,0.09166666666666667
8,6,between_state,14.0,State_LDA,0.38125,0.3438507435122337,0.17500000000000004
8,6,between_state,14.0,Joint_LDA,0.36250000000000004,0.32890606661098465,0.15000000000000002
8,6,between_state,2.0,Raw,0.3,0.19506191988640126,0.06666666666666665
8,6,between_state,2.0,Trait_LDA,0.26875,0.2215205193090549,0.025000000000000022
8,6,between_state,2.0,State_LDA,0.30625,0.20510082895885623,0.07499999999999996
8,6,between_state,2.0,Joint_LDA,0.2625,0.12609677144560866,0.01666666666666672
8,6,between_state,3.0,Raw,0.29374999999999996,0.18019157585192874,0.05833333333333335
8,6,between_state,3.0,Trait_LDA,0.32499999999999996,0.2246510146823416,0.09999999999999998
8,6,between_state,3.0,State_LDA,0.2875,0.1708434610119297,0.050000000000000044
8,6,between_state,3.0,Joint_LDA,0.48124999999999996,0.42575519723711064,0.30833333333333335
8,6,between_state,5.0,Raw,0.3125,0.24430770428201934,0.08333333333333337
8,6,between_state,5.0,Trait_LDA,0.31875000000000003,0.22545022898835737,0.09166666666666667
8,6,between_state,5.0,State_LDA,0.3125,0.24479337712096333,0.08333333333333337
8,6,between_state,5.0,Joint_LDA,0.35625,0.2931973442344097,0.14166666666666672
8,6,between_state,8.0,Raw,0.46875,0.4311548398026385,0.29166666666666663
8,6,between_state,8.0,Trait_LDA,0.24375000000000002,0.15869883040935673,-0.008333333333333304
8,6,between_state,8.0,State_LDA,0.475,0.4422127629622763,0.30000000000000004
8,6,between_state,8.0,Joint_LDA,0.45625,0.44316201227965935,0.275
8,7,between_state,1.0,Raw,0.5125,0.4960245018139755,0.35
8,7,between_state,1.0,Trait_LDA,0.28125,0.21804376317738902,0.04166666666666663
8,7,between_state,1.0,State_LDA,0.5125,0.5026512110263616,0.35
8,7,between_state,1.0,Joint_LDA,0.5,0.5058109277635605,0.33333333333333337
8,7,between_state,11.0,Raw,0.33749999999999997,0.312692428349828,0.1166666666666667
8,7,between_state,11.0,Trait_LDA,0.2625,0.17035263717890256,0.01666666666666672
8,7,between_state,11.0,State_LDA,0.33749999999999997,0.31158595073689416,0.1166666666666667
8,7,between_state,11.0,Joint_LDA,0.34375,0.3032224353875189,0.125
8,7,between_state,13.0,Raw,0.4375,0.37309113300492613,0.25
8,7,between_state,13.0,Trait_LDA,0.225,0.12051264250782925,-0.03333333333333344
8,7,between_state,13.0,State_LDA,0.4375,0.38317566301817113,0.25
8,7,between_state,13.0,Joint_LDA,0.43125,0.3618265030713731,0.2416666666666667
8,7,between_state,14.0,Raw,0.475,0.44276416848573047,0.30000000000000004
8,7,between_state,14.0,Trait_LDA,0.275,0.1855575166909677,0.033333333333333326
8,7,between_state,14.0,State_LDA,0.5,0.4783228784471535,0.33333333333333337
8,7,between_state,14.0,Joint_LDA,0.38125,0.29963694697737253,0.17500000000000004
8,7,between_state,2.0,Raw,0.4937499999999999,0.41726472555023486,0.32499999999999996
8,7,between_state,2.0,Trait_LDA,0.25,0.14303030303030304,0.0
8,7,between_state,2.0,State_LDA,0.5125,0.4420708018268994,0.35
8,7,between_state,2.0,Joint_LDA,0.46875,0.33467081560500334,0.29166666666666663
8,7,between_state,3.0,Raw,0.43125,0.41722831562657814,0.2416666666666667
8,7,between_state,3.0,Trait_LDA,0.26875,0.18176091306603426,0.025000000000000022
8,7,between_state,3.0,State_LDA,0.43125,0.4154360827022697,0.2416666666666667
8,7,between_state,3.0,Joint_LDA,0.3375,0.2717222939332473,0.1166666666666667
8,7,between_state,4.0,Raw,0.5687500000000001,0.5464628274268105,0.42500000000000004
8,7,between_state,4.0,Trait_LDA,0.26875000000000004,0.22078536542822255,0.025000000000000022
8,7,between_state,4.0,State_LDA,0.575,0.5512179787049378,0.43333333333333335
8,7,between_state,4.0,Joint_LDA,0.6125,0.5854413150203327,0.4833333333333333
8,7,between_state,6.0,Raw,0.625,0.6092748644598016,0.5
8,7,between_state,6.0,Trait_LDA,0.25,0.10309278350515463,0.0
8,7,between_state,6.0,State_LDA,0.63125,0.61286982711932,0.5083333333333333
8,7,between_state,6.0,Joint_LDA,0.6499999999999999,0.6156367041198502,0.5333333333333333
8,8,between_state,12.0,Raw,0.49375,0.48857759167618325,0.32499999999999996
8,8,between_state,12.0,Trait_LDA,0.29375,0.23482455006733685,0.05833333333333335
8,8,between_state,12.0,State_LDA,0.48124999999999996,0.47198451648579526,0.30833333333333335
8,8,between_state,12.0,Joint_LDA,0.4375,0.4072067901234568,0.25
8,8,between_state,14.0,Raw,0.48125,0.37004936791573806,0.30833333333333335
8,8,between_state,14.0,Trait_LDA,0.25,0.17047178398058252,0.0
8,8,between_state,14.0,State_LDA,0.49375,0.3904007770556088,0.32499999999999996
8,8,between_state,14.0,Joint_LDA,0.41874999999999996,0.3462438936539024,0.22499999999999998
8,8,between_state,2.0,Raw,0.2625,0.12591308654203293,0.01666666666666672
8,8,between_state,2.0,Trait_LDA,0.2875,0.19659943426392817,0.050000000000000044
8,8,between_state,2.0,State_LDA,0.2625,0.12638713149206626,0.01666666666666672
8,8,between_state,2.0,Joint_LDA,0.25625,0.11342760454435581,0.008333333333333304
8,8,between_state,4.0,Raw,0.5375,0.4722922577651783,0.3833333333333333
8,8,between_state,4.0,Trait_LDA,0.35000000000000003,0.28494100126016725,0.1333333333333333
8,8,between_state,4.0,State_LDA,0.55,0.4878769532376175,0.4
8,8,between_state,4.0,Joint_LDA,0.51875,0.47482917562054255,0.3583333333333333
8,8,between_state,5.0,Raw,0.425,0.34234946776919917,0.23333333333333328
8,8,between_state,5.0,Trait_LDA,0.3375,0.22,0.1166666666666667
8,8,between_state,5.0,State_LDA,0.4375,0.3552133591023484,0.25
8,8,between_state,5.0,Joint_LDA,0.44375000000000003,0.3699776770143007,0.2583333333333333
8,8,between_state,6.0,Raw,0.39375000000000004,0.34978842600870136,0.19166666666666665
8,8,between_state,6.0,Trait_LDA,0.25625,0.11528790545637414,0.008333333333333304
8,8,between_state,6.0,State_LDA,0.40625,0.36590802031823233,0.20833333333333337
8,8,between_state,6.0,Joint_LDA,0.5125,0.5066115879254565,0.35
8,8,between_state,7.0,Raw,0.39375,0.32547886481242716,0.19166666666666665
8,8,between_state,7.0,Trait_LDA,0.30000000000000004,0.23259930863724987,0.06666666666666665
8,8,between_state,7.0,State_LDA,0.39375,0.32619047619047614,0.19166666666666665
8,8,between_state,7.0,Joint_LDA,0.33125,0.268016360334847,0.10833333333333328
8,8,between_state,9.0,Raw,0.34375,0.2971712662337662,0.125
8,8,between_state,9.0,Trait_LDA,0.275,0.21691522762951335,0.033333333333333326
8,8,between_state,9.0,State_LDA,0.33125000000000004,0.2775654484638049,0.10833333333333328
8,8,between_state,9.0,Joint_LDA,0.32499999999999996,0.2563692480359147,0.09999999999999998
8,9,between_state,11.0,Raw,0.30625,0.2874945781826068,0.07499999999999996
8,9,between_state,11.0,Trait_LDA,0.25,0.20029062318781943,0.0
8,9,between_state,11.0,State_LDA,0.31250000000000006,0.2909347485550694,0.08333333333333337
8,9,between_state,11.0,Joint_LDA,0.29374999999999996,0.25034704479645714,0.05833333333333335
8,9,between_state,12.0,Raw,0.48750000000000004,0.4864629371671625,0.31666666666666665
8,9,between_state,12.0,Trait_LDA,0.2875,0.2194852949559578,0.050000000000000044
8,9,between_state,12.0,State_LDA,0.49375,0.4927651411669677,0.32499999999999996
8,9,between_state,12.0,Joint_LDA,0.41875,0.34289135698494577,0.22499999999999998
8,9,between_state,13.0,Raw,0.39375000000000004,0.3965117312367711,0.19166666666666665
8,9,between_state,13.0,Trait_LDA,0.15625,0.08750000000000001,-0.125
8,9,between_state,13.0,State_LDA,0.41874999999999996,0.41986502684443183,0.22499999999999998
8,9,between_state,13.0,Joint_LDA,0.39999999999999997,0.3731062391506459,0.19999999999999996
8,9,between_state,3.0,Raw,0.33749999999999997,0.2553450862715679,0.1166666666666667
8,9,between_state,3.0,Trait_LDA,0.25625,0.1136687233032748,0.008333333333333304
8,9,between_state,3.0,State_LDA,0.33125,0.24837751416438397,0.10833333333333328
8,9,between_state,3.0,Joint_LDA,0.35625,0.26418551916890787,0.14166666666666672
8,9,between_state,4.0,Raw,0.6625,0.6502339588949401,0.55
8,9,between_state,4.0,Trait_LDA,0.16874999999999998,0.1452135451881902,-0.10833333333333339
8,9,between_state,4.0,State_LDA,0.6875,0.6741376246436291,0.5833333333333333
8,9,between_state,4.0,Joint_LDA,0.425,0.3589863838316239,0.23333333333333328
8,9,between_state,6.0,Raw,0.4125,0.3537769407825905,0.21666666666666667
8,9,between_state,6.0,Trait_LDA,0.25625,0.11449650822257265,0.008333333333333304
8,9,between_state,6.0,State_LDA,0.41874999999999996,0.36033471359558317,0.22499999999999998
8,9,between_state,6.0,Joint_LDA,0.36250000000000004,0.29215814071947066,0.15000000000000002
8,9,between_state,7.0,Raw,0.4375,0.39002525252525255,0.25
8,9,between_state,7.0,Trait_LDA,0.28750000000000003,0.21892539447209572,0.050000000000000044
8,9,between_state,7.0,State_LDA,0.40625,0.3588548018888576,0.20833333333333337
8,9,between_state,7.0,Joint_LDA,0.42499999999999993,0.3571483285841223,0.23333333333333328
8,9,between_state,9.0,Raw,0.44375,0.40556742470999696,0.2583333333333333
8,9,between_state,9.0,Trait_LDA,0.28125,0.24898212490124255,0.04166666666666663
8,9,between_state,9.0,State_LDA,0.42500000000000004,0.3866540723288511,0.23333333333333328
8,9,between_state,9.0,Joint_LDA,0.35,0.3290268716992855,0.1333333333333333
all,0,between_state,1.0,Raw,0.4375,0.4190410010157909,0.25
all,0,between_state,1.0,Trait_LDA,0.3125,0.23052292535051155,0.08333333333333337
all,0,between_state,1.0,State_LDA,0.4375,0.4190410010157909,0.25
all,0,between_state,1.0,Joint_LDA,0.39375000000000004,0.3811785873106628,0.19166666666666665
all,0,between_state,10.0,Raw,0.30625,0.18452380952380953,0.07499999999999996
all,0,between_state,10.0,Trait_LDA,0.23750000000000002,0.1156832298136646,-0.016666666666666607
all,0,between_state,10.0,State_LDA,0.3,0.1890119498688429,0.06666666666666665
all,0,between_state,10.0,Joint_LDA,0.24375,0.09948979591836735,-0.008333333333333304
all,0,between_state,11.0,Raw,0.26875,0.17210591133004927,0.025000000000000022
all,0,between_state,11.0,Trait_LDA,0.325,0.22239275573632108,0.09999999999999998
all,0,between_state,11.0,State_LDA,0.2625,0.16056132677237106,0.01666666666666672
all,0,between_state,11.0,Joint_LDA,0.20625,0.09705882352941177,-0.05833333333333335
all,0,between_state,12.0,Raw,0.49375,0.45352554219344227,0.32499999999999996
all,0,between_state,12.0,Trait_LDA,0.46875,0.41003804042128134,0.29166666666666663
all,0,between_state,12.0,State_LDA,0.48750000000000004,0.4541294402996531,0.31666666666666665
all,0,between_state,12.0,Joint_LDA,0.375,0.3148634038742129,0.16666666666666663
all,0,between_state,13.0,Raw,0.425,0.3803740779768177,0.23333333333333328
all,0,between_state,13.0,Trait_LDA,0.23125,0.13980263157894737,-0.02499999999999991
all,0,between_state,13.0,State_LDA,0.43125,0.396524733423733,0.2416666666666667
all,0,between_state,13.0,Joint_LDA,0.25,0.21191859152385467,0.0
all,0,between_state,14.0,Raw,0.475,0.3704717659421492,0.30000000000000004
all,0,between_state,14.0,Trait_LDA,0.2875,0.23880330908572242,0.050000000000000044
all,0,between_state,14.0,State_LDA,0.4625,0.3381157340985175,0.2833333333333333
all,0,between_state,14.0,Joint_LDA,0.29375,0.2057302109906552,0.05833333333333335
all,0,between_state,2.0,Raw,0.29375,0.1792397175672437,0.05833333333333335
all,0,between_state,2.0,Trait_LDA,0.33125,0.22750102018394702,0.10833333333333328
all,0,between_state,2.0,State_LDA,0.3,0.18801522777132534,0.06666666666666665
all,0,between_state,2.0,Joint_LDA,0.31875,0.23006468483347095,0.09166666666666667
all,0,between_state,3.0,Raw,0.4875,0.4437798667002012,0.31666666666666665
all,0,between_state,3.0,Trait_LDA,0.21875,0.14680098974902794,-0.04166666666666674
all,0,between_state,3.0,State_LDA,0.49375,0.4425665090577646,0.32499999999999996
all,0,between_state,3.0,Joint_LDA,0.36875,0.28244810234102524,0.15833333333333333
all,0,between_state,4.0,Raw,0.49374999999999997,0.4351102775015819,0.32499999999999996
all,0,between_state,4.0,Trait_LDA,0.3,0.22798516553423026,0.06666666666666665
all,0,between_state,4.0,State_LDA,0.53125,0.4781523441097909,0.375
all,0,between_state,4.0,Joint_LDA,0.4625,0.38251106894370646,0.2833333333333333
all,0,between_state,5.0,Raw,0.45625,0.3913597798205983,0.275
all,0,between_state,5.0,Trait_LDA,0.42500000000000004,0.2836899138649625,0.23333333333333328
all,0,between_state,5.0,State_LDA,0.45,0.3851856082238721,0.2666666666666667
all,0,between_state,5.0,Joint_LDA,0.4125,0.3193039323991705,0.21666666666666667
all,0,between_state,6.0,Raw,0.5125,0.5027740722774678,0.35
all,0,between_state,6.0,Trait_LDA,0.2625,0.12669163017379215,0.01666666666666672
all,0,between_state,6.0,State_LDA,0.53125,0.5247616462346962,0.375
all,0,between_state,6.0,Joint_LDA,0.49375,0.4475826943624297,0.32499999999999996
all,0,between_state,7.0,Raw,0.45000000000000007,0.4062590958148525,0.2666666666666667
all,0,between_state,7.0,Trait_LDA,0.29375,0.21032599850566294,0.05833333333333335
all,0,between_state,7.0,State_LDA,0.45000000000000007,0.4067274492283593,0.2666666666666667
all,0,between_state,7.0,Joint_LDA,0.33749999999999997,0.25703799060553056,0.1166666666666667
all,0,between_state,8.0,Raw,0.3125,0.23466312056737587,0.08333333333333337
all,0,between_state,8.0,Trait_LDA,0.31875000000000003,0.3162950597161124,0.09166666666666667
all,0,between_state,8.0,State_LDA,0.33125,0.26279505492585886,0.10833333333333328
all,0,between_state,8.0,Joint_LDA,0.28125,0.15412168297850873,0.04166666666666663
all,0,between_state,9.0,Raw,0.39375000000000004,0.3028294573643411,0.19166666666666665
all,0,between_state,9.0,Trait_LDA,0.30625,0.21006665656718676,0.07499999999999996
all,0,between_state,9.0,State_LDA,0.4,0.3125709987412115,0.19999999999999996
all,0,between_state,9.0,Joint_LDA,0.3375,0.30612794612794614,0.1166666666666667
