Unnamed: 0,space,seed,hier_ratio,hier_pval,dataset,feature,n_subjects,source_file,n_subjects_plot,n_subjects_label,num_classes
0,Raw,0,2.004415219681646,0.0,lemon,complexity,4,/home1/amadapur/projects/eeg_trait_state_geometry/results/lemon/complexity/hierarchy/hierarchy_results_n4_2_complexityclasses.csv,4.0,4,2
1,Trait_LDA,0,0.9794632745973386,0.0,lemon,complexity,4,/home1/amadapur/projects/eeg_trait_state_geometry/results/lemon/complexity/hierarchy/hierarchy_results_n4_2_complexityclasses.csv,4.0,4,2
2,State_LDA,0,2.1601345988813727,0.0,lemon,complexity,4,/home1/amadapur/projects/eeg_trait_state_geometry/results/lemon/complexity/hierarchy/hierarchy_results_n4_2_complexityclasses.csv,4.0,4,2
3,Joint_LDA,0,2.231417245686212,0.0,lemon,complexity,4,/home1/amadapur/projects/eeg_trait_state_geometry/results/lemon/complexity/hierarchy/hierarchy_results_n4_2_complexityclasses.csv,4.0,4,2
4,Raw,1,4.062122495880745,0.0,lemon,complexity,4,/home1/amadapur/projects/eeg_trait_state_geometry/results/lemon/complexity/hierarchy/hierarchy_results_n4_2_complexityclasses.csv,4.0,4,2
5,Trait_LDA,1,0.5006070637470478,0.0,lemon,complexity,4,/home1/amadapur/projects/eeg_trait_state_geometry/results/lemon/complexity/hierarchy/hierarchy_results_n4_2_complexityclasses.csv,4.0,4,2
6,State_LDA,1,0.8705383427710419,0.0,lemon,complexity,4,/home1/amadapur/projects/eeg_trait_state_geometry/results/lemon/complexity/hierarchy/hierarchy_results_n4_2_complexityclasses.csv,4.0,4,2
7,Joint_LDA,1,1.701216449551966,0.0,lemon,complexity,4,/home1/amadapur/projects/eeg_trait_state_geometry/results/lemon/complexity/hierarchy/hierarchy_results_n4_2_complexityclasses.csv,4.0,4,2
8,Raw,2,2.3495571043850787,0.0,lemon,complexity,4,/home1/amadapur/projects/eeg_trait_state_geometry/results/lemon/complexity/hierarchy/hierarchy_results_n4_2_complexityclasses.csv,4.0,4,2
9,Trait_LDA,2,1.4102639543812392,0.385,lemon,complexity,4,/home1/amadapur/projects/eeg_trait_state_geometry/results/lemon/complexity/hierarchy/hierarchy_results_n4_2_complexityclasses.csv,4.0,4,2
10,State_LDA,2,2.9103077831019446,0.161,lemon,complexity,4,/home1/amadapur/projects/eeg_trait_state_geometry/results/lemon/complexity/hierarchy/hierarchy_results_n4_2_complexityclasses.csv,4.0,4,2
11,Joint_LDA,2,2.6412797518651554,0.0,lemon,complexity,4,/home1/amadapur/projects/eeg_trait_state_geometry/results/lemon/complexity/hierarchy/hierarchy_results_n4_2_complexityclasses.csv,4.0,4,2
12,Raw,3,3.8694354165142815,0.0,lemon,complexity,4,/home1/amadapur/projects/eeg_trait_state_geometry/results/lemon/complexity/hierarchy/hierarchy_results_n4_2_complexityclasses.csv,4.0,4,2
13,Trait_LDA,3,3.3012077115478013,0.0,lemon,complexity,4,/home1/amadapur/projects/eeg_trait_state_geometry/results/lemon/complexity/hierarchy/hierarchy_results_n4_2_complexityclasses.csv,4.0,4,2
14,State_LDA,3,0.3088583578495799,0.0,lemon,complexity,4,/home1/amadapur/projects/eeg_trait_state_geometry/results/lemon/complexity/hierarchy/hierarchy_results_n4_2_complexityclasses.csv,4.0,4,2
15,Joint_LDA,3,1.377673025249908,0.0,lemon,complexity,4,/home1/amadapur/projects/eeg_trait_state_geometry/results/lemon/complexity/hierarchy/hierarchy_results_n4_2_complexityclasses.csv,4.0,4,2
16,Raw,4,3.580287675257413,0.0,lemon,complexity,4,/home1/amadapur/projects/eeg_trait_state_geometry/results/lemon/complexity/hierarchy/hierarchy_results_n4_2_complexityclasses.csv,4.0,4,2
17,Trait_LDA,4,3.437369842946483,0.0,lemon,complexity,4,/home1/amadapur/projects/eeg_trait_state_geometry/results/lemon/complexity/hierarchy/hierarchy_results_n4_2_complexityclasses.csv,4.0,4,2
18,State_LDA,4,0.4877763902310901,0.0,lemon,complexity,4,/home1/amadapur/projects/eeg_trait_state_geometry/results/lemon/complexity/hierarchy/hierarchy_results_n4_2_complexityclasses.csv,4.0,4,2
19,Joint_LDA,4,1.5105175565870024,0.0,lemon,complexity,4,/home1/amadapur/projects/eeg_trait_state_geometry/results/lemon/complexity/hierarchy/hierarchy_results_n4_2_complexityclasses.csv,4.0,4,2
20,Raw,5,0.5283397210076888,0.0,lemon,complexity,4,/home1/amadapur/projects/eeg_trait_state_geometry/results/lemon/complexity/hierarchy/hierarchy_results_n4_2_complexityclasses.csv,4.0,4,2
21,Trait_LDA,5,1.519861136392611,0.005,lemon,complexity,4,/home1/amadapur/projects/eeg_trait_state_geometry/results/lemon/complexity/hierarchy/hierarchy_results_n4_2_complexityclasses.csv,4.0,4,2
22,State_LDA,5,0.7351037778194267,0.0,lemon,complexity,4,/home1/amadapur/projects/eeg_trait_state_geometry/results/lemon/complexity/hierarchy/hierarchy_results_n4_2_complexityclasses.csv,4.0,4,2
23,Joint_LDA,5,1.2771614504505948,0.0,lemon,complexity,4,/home1/amadapur/projects/eeg_trait_state_geometry/results/lemon/complexity/hierarchy/hierarchy_results_n4_2_complexityclasses.csv,4.0,4,2
24,Raw,6,1.9399415980570287,0.0,lemon,complexity,4,/home1/amadapur/projects/eeg_trait_state_geometry/results/lemon/complexity/hierarchy/hierarchy_results_n4_2_complexityclasses.csv,4.0,4,2
25,Trait_LDA,6,1.0000000000000002,0.0,lemon,complexity,4,/home1/amadapur/projects/eeg_trait_state_geometry/results/lemon/complexity/hierarchy/hierarchy_results_n4_2_complexityclasses.csv,4.0,4,2
26,State_LDA,6,2.4718670929297537,0.025,lemon,complexity,4,/home1/amadapur/projects/eeg_trait_state_geometry/results/lemon/complexity/hierarchy/hierarchy_results_n4_2_complexityclasses.csv,4.0,4,2
27,Joint_LDA,6,1.181422956920027,0.0,lemon,complexity,4,/home1/amadapur/projects/eeg_trait_state_geometry/results/lemon/complexity/hierarchy/hierarchy_results_n4_2_complexityclasses.csv,4.0,4,2
28,Raw,7,1.1193053725693032,0.0,lemon,complexity,4,/home1/amadapur/projects/eeg_trait_state_geometry/results/lemon/complexity/hierarchy/hierarchy_results_n4_2_complexityclasses.csv,4.0,4,2
29,Trait_LDA,7,0.7602681342285111,0.0,lemon,complexity,4,/home1/amadapur/projects/eeg_trait_state_geometry/results/lemon/complexity/hierarchy/hierarchy_results_n4_2_complexityclasses.csv,4.0,4,2
30,State_LDA,7,1.0940880427740076,0.0,lemon,complexity,4,/home1/amadapur/projects/eeg_trait_state_geometry/results/lemon/complexity/hierarchy/hierarchy_results_n4_2_complexityclasses.csv,4.0,4,2
31,Joint_LDA,7,0.992732658092926,0.0,lemon,complexity,4,/home1/amadapur/projects/eeg_trait_state_geometry/results/lemon/complexity/hierarchy/hierarchy_results_n4_2_complexityclasses.csv,4.0,4,2
32,Raw,8,2.9283220976252413,0.0,lemon,complexity,4,/home1/amadapur/projects/eeg_trait_state_geometry/results/lemon/complexity/hierarchy/hierarchy_results_n4_2_complexityclasses.csv,4.0,4,2
33,Trait_LDA,8,2.665216217047752,0.0,lemon,complexity,4,/home1/amadapur/projects/eeg_trait_state_geometry/results/lemon/complexity/hierarchy/hierarchy_results_n4_2_complexityclasses.csv,4.0,4,2
34,State_LDA,8,1.2356194570291423,0.0,lemon,complexity,4,/home1/amadapur/projects/eeg_trait_state_geometry/results/lemon/complexity/hierarchy/hierarchy_results_n4_2_complexityclasses.csv,4.0,4,2
35,Joint_LDA,8,1.7526518430301143,0.0,lemon,complexity,4,/home1/amadapur/projects/eeg_trait_state_geometry/results/lemon/complexity/hierarchy/hierarchy_results_n4_2_complexityclasses.csv,4.0,4,2
36,Raw,9,2.077805747502547,0.0,lemon,complexity,4,/home1/amadapur/projects/eeg_trait_state_geometry/results/lemon/complexity/hierarchy/hierarchy_results_n4_2_complexityclasses.csv,4.0,4,2
37,Trait_LDA,9,0.8422073949820309,0.0,lemon,complexity,4,/home1/amadapur/projects/eeg_trait_state_geometry/results/lemon/complexity/hierarchy/hierarchy_results_n4_2_complexityclasses.csv,4.0,4,2
38,State_LDA,9,2.4520213578961965,0.0,lemon,complexity,4,/home1/amadapur/projects/eeg_trait_state_geometry/results/lemon/complexity/hierarchy/hierarchy_results_n4_2_complexityclasses.csv,4.0,4,2
39,Joint_LDA,9,2.433852361999237,0.0,lemon,complexity,4,/home1/amadapur/projects/eeg_trait_state_geometry/results/lemon/complexity/hierarchy/hierarchy_results_n4_2_complexityclasses.csv,4.0,4,2
0,Raw,0,1.494248932691149,0.0,lemon,complexity,20,/home1/amadapur/projects/eeg_trait_state_geometry/results/lemon/complexity/hierarchy/hierarchy_results_n20_2_complexityclasses.csv,20.0,20,2
1,Trait_LDA,0,1.5371374146579535,0.0,lemon,complexity,20,/home1/amadapur/projects/eeg_trait_state_geometry/results/lemon/complexity/hierarchy/hierarchy_results_n20_2_complexityclasses.csv,20.0,20,2
2,State_LDA,0,0.9414937634398552,0.0,lemon,complexity,20,/home1/amadapur/projects/eeg_trait_state_geometry/results/lemon/complexity/hierarchy/hierarchy_results_n20_2_complexityclasses.csv,20.0,20,2
3,Joint_LDA,0,1.5387362626083356,0.0,lemon,complexity,20,/home1/amadapur/projects/eeg_trait_state_geometry/results/lemon/complexity/hierarchy/hierarchy_results_n20_2_complexityclasses.csv,20.0,20,2
4,Raw,1,1.4857768779119305,0.0,lemon,complexity,20,/home1/amadapur/projects/eeg_trait_state_geometry/results/lemon/complexity/hierarchy/hierarchy_results_n20_2_complexityclasses.csv,20.0,20,2
5,Trait_LDA,1,1.619774482531826,0.0,lemon,complexity,20,/home1/amadapur/projects/eeg_trait_state_geometry/results/lemon/complexity/hierarchy/hierarchy_results_n20_2_complexityclasses.csv,20.0,20,2
6,State_LDA,1,0.9529777987266124,0.0,lemon,complexity,20,/home1/amadapur/projects/eeg_trait_state_geometry/results/lemon/complexity/hierarchy/hierarchy_results_n20_2_complexityclasses.csv,20.0,20,2
7,Joint_LDA,1,1.4270021315396904,0.0,lemon,complexity,20,/home1/amadapur/projects/eeg_trait_state_geometry/results/lemon/complexity/hierarchy/hierarchy_results_n20_2_complexityclasses.csv,20.0,20,2
8,Raw,2,1.453377997566751,0.0,lemon,complexity,20,/home1/amadapur/projects/eeg_trait_state_geometry/results/lemon/complexity/hierarchy/hierarchy_results_n20_2_complexityclasses.csv,20.0,20,2
9,Trait_LDA,2,1.6446905682862332,0.0,lemon,complexity,20,/home1/amadapur/projects/eeg_trait_state_geometry/results/lemon/complexity/hierarchy/hierarchy_results_n20_2_complexityclasses.csv,20.0,20,2
10,State_LDA,2,1.2049612074672402,0.0,lemon,complexity,20,/home1/amadapur/projects/eeg_trait_state_geometry/results/lemon/complexity/hierarchy/hierarchy_results_n20_2_complexityclasses.csv,20.0,20,2
11,Joint_LDA,2,1.487183969577135,0.0,lemon,complexity,20,/home1/amadapur/projects/eeg_trait_state_geometry/results/lemon/complexity/hierarchy/hierarchy_results_n20_2_complexityclasses.csv,20.0,20,2
12,Raw,3,1.2623399786445717,0.0,lemon,complexity,20,/home1/amadapur/projects/eeg_trait_state_geometry/results/lemon/complexity/hierarchy/hierarchy_results_n20_2_complexityclasses.csv,20.0,20,2
13,Trait_LDA,3,1.398183207155368,0.0,lemon,complexity,20,/home1/amadapur/projects/eeg_trait_state_geometry/results/lemon/complexity/hierarchy/hierarchy_results_n20_2_complexityclasses.csv,20.0,20,2
14,State_LDA,3,0.9328912370578804,0.0,lemon,complexity,20,/home1/amadapur/projects/eeg_trait_state_geometry/results/lemon/complexity/hierarchy/hierarchy_results_n20_2_complexityclasses.csv,20.0,20,2
15,Joint_LDA,3,1.288962111888903,0.0,lemon,complexity,20,/home1/amadapur/projects/eeg_trait_state_geometry/results/lemon/complexity/hierarchy/hierarchy_results_n20_2_complexityclasses.csv,20.0,20,2
16,Raw,4,1.732432380468077,0.0,lemon,complexity,20,/home1/amadapur/projects/eeg_trait_state_geometry/results/lemon/complexity/hierarchy/hierarchy_results_n20_2_complexityclasses.csv,20.0,20,2
17,Trait_LDA,4,1.871863478786905,0.0,lemon,complexity,20,/home1/amadapur/projects/eeg_trait_state_geometry/results/lemon/complexity/hierarchy/hierarchy_results_n20_2_complexityclasses.csv,20.0,20,2
18,State_LDA,4,2.1929163251249064,0.0,lemon,complexity,20,/home1/amadapur/projects/eeg_trait_state_geometry/results/lemon/complexity/hierarchy/hierarchy_results_n20_2_complexityclasses.csv,20.0,20,2
19,Joint_LDA,4,1.868357848508242,0.0,lemon,complexity,20,/home1/amadapur/projects/eeg_trait_state_geometry/results/lemon/complexity/hierarchy/hierarchy_results_n20_2_complexityclasses.csv,20.0,20,2
20,Raw,5,1.2577390922531115,0.0,lemon,complexity,20,/home1/amadapur/projects/eeg_trait_state_geometry/results/lemon/complexity/hierarchy/hierarchy_results_n20_2_complexityclasses.csv,20.0,20,2
21,Trait_LDA,5,1.7086912433774508,0.0,lemon,complexity,20,/home1/amadapur/projects/eeg_trait_state_geometry/results/lemon/complexity/hierarchy/hierarchy_results_n20_2_complexityclasses.csv,20.0,20,2
22,State_LDA,5,0.6896380918213244,0.0,lemon,complexity,20,/home1/amadapur/projects/eeg_trait_state_geometry/results/lemon/complexity/hierarchy/hierarchy_results_n20_2_complexityclasses.csv,20.0,20,2
23,Joint_LDA,5,1.512669737939517,0.0,lemon,complexity,20,/home1/amadapur/projects/eeg_trait_state_geometry/results/lemon/complexity/hierarchy/hierarchy_results_n20_2_complexityclasses.csv,20.0,20,2
24,Raw,6,0.9991413034304308,0.0,lemon,complexity,20,/home1/amadapur/projects/eeg_trait_state_geometry/results/lemon/complexity/hierarchy/hierarchy_results_n20_2_complexityclasses.csv,20.0,20,2
25,Trait_LDA,6,1.4981278060245438,0.0,lemon,complexity,20,/home1/amadapur/projects/eeg_trait_state_geometry/results/lemon/complexity/hierarchy/hierarchy_results_n20_2_complexityclasses.csv,20.0,20,2
26,State_LDA,6,1.4797895860151349,0.0,lemon,complexity,20,/home1/amadapur/projects/eeg_trait_state_geometry/results/lemon/complexity/hierarchy/hierarchy_results_n20_2_complexityclasses.csv,20.0,20,2
27,Joint_LDA,6,1.5092017846768269,0.0,lemon,complexity,20,/home1/amadapur/projects/eeg_trait_state_geometry/results/lemon/complexity/hierarchy/hierarchy_results_n20_2_complexityclasses.csv,20.0,20,2
28,Raw,7,1.3199353190802423,0.0,lemon,complexity,20,/home1/amadapur/projects/eeg_trait_state_geometry/results/lemon/complexity/hierarchy/hierarchy_results_n20_2_complexityclasses.csv,20.0,20,2
29,Trait_LDA,7,1.6195990410040348,0.0,lemon,complexity,20,/home1/amadapur/projects/eeg_trait_state_geometry/results/lemon/complexity/hierarchy/hierarchy_results_n20_2_complexityclasses.csv,20.0,20,2
30,State_LDA,7,1.167871418482605,0.0,lemon,complexity,20,/home1/amadapur/projects/eeg_trait_state_geometry/results/lemon/complexity/hierarchy/hierarchy_results_n20_2_complexityclasses.csv,20.0,20,2
31,Joint_LDA,7,1.43904764607396,0.0,lemon,complexity,20,/home1/amadapur/projects/eeg_trait_state_geometry/results/lemon/complexity/hierarchy/hierarchy_results_n20_2_complexityclasses.csv,20.0,20,2
32,Raw,8,1.198654508889856,0.0,lemon,complexity,20,/home1/amadapur/projects/eeg_trait_state_geometry/results/lemon/complexity/hierarchy/hierarchy_results_n20_2_complexityclasses.csv,20.0,20,2
33,Trait_LDA,8,1.5732904175779647,0.0,lemon,complexity,20,/home1/amadapur/projects/eeg_trait_state_geometry/results/lemon/complexity/hierarchy/hierarchy_results_n20_2_complexityclasses.csv,20.0,20,2
34,State_LDA,8,0.903394961478571,0.0,lemon,complexity,20,/home1/amadapur/projects/eeg_trait_state_geometry/results/lemon/complexity/hierarchy/hierarchy_results_n20_2_complexityclasses.csv,20.0,20,2
35,Joint_LDA,8,1.4871970010124609,0.0,lemon,complexity,20,/home1/amadapur/projects/eeg_trait_state_geometry/results/lemon/complexity/hierarchy/hierarchy_results_n20_2_complexityclasses.csv,20.0,20,2
36,Raw,9,1.7171192838295777,0.0,lemon,complexity,20,/home1/amadapur/projects/eeg_trait_state_geometry/results/lemon/complexity/hierarchy/hierarchy_results_n20_2_complexityclasses.csv,20.0,20,2
37,Trait_LDA,9,1.8692916649114777,0.0,lemon,complexity,20,/home1/amadapur/projects/eeg_trait_state_geometry/results/lemon/complexity/hierarchy/hierarchy_results_n20_2_complexityclasses.csv,20.0,20,2
38,State_LDA,9,1.5842866306707069,0.0,lemon,complexity,20,/home1/amadapur/projects/eeg_trait_state_geometry/results/lemon/complexity/hierarchy/hierarchy_results_n20_2_complexityclasses.csv,20.0,20,2
39,Joint_LDA,9,1.813530460700918,0.0,lemon,complexity,20,/home1/amadapur/projects/eeg_trait_state_geometry/results/lemon/complexity/hierarchy/hierarchy_results_n20_2_complexityclasses.csv,20.0,20,2
0,Raw,0,1.281545093426344,0.0,lemon,complexity,10,/home1/amadapur/projects/eeg_trait_state_geometry/results/lemon/complexity/hierarchy/hierarchy_results_n10_2_complexityclasses.csv,10.0,10,2
1,Trait_LDA,0,1.6252977687587011,0.0,lemon,complexity,10,/home1/amadapur/projects/eeg_trait_state_geometry/results/lemon/complexity/hierarchy/hierarchy_results_n10_2_complexityclasses.csv,10.0,10,2
2,State_LDA,0,0.9716345206966116,0.0,lemon,complexity,10,/home1/amadapur/projects/eeg_trait_state_geometry/results/lemon/complexity/hierarchy/hierarchy_results_n10_2_complexityclasses.csv,10.0,10,2
3,Joint_LDA,0,1.4519323792370948,0.0,lemon,complexity,10,/home1/amadapur/projects/eeg_trait_state_geometry/results/lemon/complexity/hierarchy/hierarchy_results_n10_2_complexityclasses.csv,10.0,10,2
4,Raw,1,0.6533212432769782,0.0,lemon,complexity,10,/home1/amadapur/projects/eeg_trait_state_geometry/results/lemon/complexity/hierarchy/hierarchy_results_n10_2_complexityclasses.csv,10.0,10,2
5,Trait_LDA,1,0.8774067951666109,0.0,lemon,complexity,10,/home1/amadapur/projects/eeg_trait_state_geometry/results/lemon/complexity/hierarchy/hierarchy_results_n10_2_complexityclasses.csv,10.0,10,2
6,State_LDA,1,0.6161620964926109,0.0,lemon,complexity,10,/home1/amadapur/projects/eeg_trait_state_geometry/results/lemon/complexity/hierarchy/hierarchy_results_n10_2_complexityclasses.csv,10.0,10,2
7,Joint_LDA,1,0.9938007186538916,0.0,lemon,complexity,10,/home1/amadapur/projects/eeg_trait_state_geometry/results/lemon/complexity/hierarchy/hierarchy_results_n10_2_complexityclasses.csv,10.0,10,2
8,Raw,2,1.0912783433533495,0.0,lemon,complexity,10,/home1/amadapur/projects/eeg_trait_state_geometry/results/lemon/complexity/hierarchy/hierarchy_results_n10_2_complexityclasses.csv,10.0,10,2
9,Trait_LDA,2,1.7022269551416256,0.0,lemon,complexity,10,/home1/amadapur/projects/eeg_trait_state_geometry/results/lemon/complexity/hierarchy/hierarchy_results_n10_2_complexityclasses.csv,10.0,10,2
10,State_LDA,2,0.7752362504868526,0.0,lemon,complexity,10,/home1/amadapur/projects/eeg_trait_state_geometry/results/lemon/complexity/hierarchy/hierarchy_results_n10_2_complexityclasses.csv,10.0,10,2
11,Joint_LDA,2,1.492485553469857,0.0,lemon,complexity,10,/home1/amadapur/projects/eeg_trait_state_geometry/results/lemon/complexity/hierarchy/hierarchy_results_n10_2_complexityclasses.csv,10.0,10,2
12,Raw,3,0.9574103940268536,0.0,lemon,complexity,10,/home1/amadapur/projects/eeg_trait_state_geometry/results/lemon/complexity/hierarchy/hierarchy_results_n10_2_complexityclasses.csv,10.0,10,2
13,Trait_LDA,3,1.6236996338632823,0.0,lemon,complexity,10,/home1/amadapur/projects/eeg_trait_state_geometry/results/lemon/complexity/hierarchy/hierarchy_results_n10_2_complexityclasses.csv,10.0,10,2
14,State_LDA,3,1.175440739361553,0.0,lemon,complexity,10,/home1/amadapur/projects/eeg_trait_state_geometry/results/lemon/complexity/hierarchy/hierarchy_results_n10_2_complexityclasses.csv,10.0,10,2
15,Joint_LDA,3,1.5652982010547218,0.0,lemon,complexity,10,/home1/amadapur/projects/eeg_trait_state_geometry/results/lemon/complexity/hierarchy/hierarchy_results_n10_2_complexityclasses.csv,10.0,10,2
16,Raw,4,1.6161639538899983,0.0,lemon,complexity,10,/home1/amadapur/projects/eeg_trait_state_geometry/results/lemon/complexity/hierarchy/hierarchy_results_n10_2_complexityclasses.csv,10.0,10,2
17,Trait_LDA,4,1.6110047509673888,0.0,lemon,complexity,10,/home1/amadapur/projects/eeg_trait_state_geometry/results/lemon/complexity/hierarchy/hierarchy_results_n10_2_complexityclasses.csv,10.0,10,2
18,State_LDA,4,0.9485335058349044,0.0,lemon,complexity,10,/home1/amadapur/projects/eeg_trait_state_geometry/results/lemon/complexity/hierarchy/hierarchy_results_n10_2_complexityclasses.csv,10.0,10,2
19,Joint_LDA,4,1.3910888089618738,0.0,lemon,complexity,10,/home1/amadapur/projects/eeg_trait_state_geometry/results/lemon/complexity/hierarchy/hierarchy_results_n10_2_complexityclasses.csv,10.0,10,2
20,Raw,5,0.9943355990950116,0.0,lemon,complexity,10,/home1/amadapur/projects/eeg_trait_state_geometry/results/lemon/complexity/hierarchy/hierarchy_results_n10_2_complexityclasses.csv,10.0,10,2
21,Trait_LDA,5,1.2041920690490275,0.0,lemon,complexity,10,/home1/amadapur/projects/eeg_trait_state_geometry/results/lemon/complexity/hierarchy/hierarchy_results_n10_2_complexityclasses.csv,10.0,10,2
22,State_LDA,5,1.0257767509994131,0.0,lemon,complexity,10,/home1/amadapur/projects/eeg_trait_state_geometry/results/lemon/complexity/hierarchy/hierarchy_results_n10_2_complexityclasses.csv,10.0,10,2
23,Joint_LDA,5,1.1175373234506238,0.0,lemon,complexity,10,/home1/amadapur/projects/eeg_trait_state_geometry/results/lemon/complexity/hierarchy/hierarchy_results_n10_2_complexityclasses.csv,10.0,10,2
24,Raw,6,2.412351469911424,0.0,lemon,complexity,10,/home1/amadapur/projects/eeg_trait_state_geometry/results/lemon/complexity/hierarchy/hierarchy_results_n10_2_complexityclasses.csv,10.0,10,2
25,Trait_LDA,6,1.5952334191682735,0.0,lemon,complexity,10,/home1/amadapur/projects/eeg_trait_state_geometry/results/lemon/complexity/hierarchy/hierarchy_results_n10_2_complexityclasses.csv,10.0,10,2
26,State_LDA,6,0.9962972773191632,0.364,lemon,complexity,10,/home1/amadapur/projects/eeg_trait_state_geometry/results/lemon/complexity/hierarchy/hierarchy_results_n10_2_complexityclasses.csv,10.0,10,2
27,Joint_LDA,6,1.5458802816582045,0.0,lemon,complexity,10,/home1/amadapur/projects/eeg_trait_state_geometry/results/lemon/complexity/hierarchy/hierarchy_results_n10_2_complexityclasses.csv,10.0,10,2
28,Raw,7,1.3958031029870686,0.0,lemon,complexity,10,/home1/amadapur/projects/eeg_trait_state_geometry/results/lemon/complexity/hierarchy/hierarchy_results_n10_2_complexityclasses.csv,10.0,10,2
29,Trait_LDA,7,1.604822975003541,0.0,lemon,complexity,10,/home1/amadapur/projects/eeg_trait_state_geometry/results/lemon/complexity/hierarchy/hierarchy_results_n10_2_complexityclasses.csv,10.0,10,2
30,State_LDA,7,1.15750521804559,0.0,lemon,complexity,10,/home1/amadapur/projects/eeg_trait_state_geometry/results/lemon/complexity/hierarchy/hierarchy_results_n10_2_complexityclasses.csv,10.0,10,2
31,Joint_LDA,7,1.5726255420999715,0.0,lemon,complexity,10,/home1/amadapur/projects/eeg_trait_state_geometry/results/lemon/complexity/hierarchy/hierarchy_results_n10_2_complexityclasses.csv,10.0,10,2
32,Raw,8,1.0767391913175144,0.0,lemon,complexity,10,/home1/amadapur/projects/eeg_trait_state_geometry/results/lemon/complexity/hierarchy/hierarchy_results_n10_2_complexityclasses.csv,10.0,10,2
33,Trait_LDA,8,1.6289183210826974,0.0,lemon,complexity,10,/home1/amadapur/projects/eeg_trait_state_geometry/results/lemon/complexity/hierarchy/hierarchy_results_n10_2_complexityclasses.csv,10.0,10,2
34,State_LDA,8,0.7966101223565945,0.0,lemon,complexity,10,/home1/amadapur/projects/eeg_trait_state_geometry/results/lemon/complexity/hierarchy/hierarchy_results_n10_2_complexityclasses.csv,10.0,10,2
35,Joint_LDA,8,1.327756705498156,0.0,lemon,complexity,10,/home1/amadapur/projects/eeg_trait_state_geometry/results/lemon/complexity/hierarchy/hierarchy_results_n10_2_complexityclasses.csv,10.0,10,2
36,Raw,9,1.517346709337875,0.0,lemon,complexity,10,/home1/amadapur/projects/eeg_trait_state_geometry/results/lemon/complexity/hierarchy/hierarchy_results_n10_2_complexityclasses.csv,10.0,10,2
37,Trait_LDA,9,1.5431087690501677,0.0,lemon,complexity,10,/home1/amadapur/projects/eeg_trait_state_geometry/results/lemon/complexity/hierarchy/hierarchy_results_n10_2_complexityclasses.csv,10.0,10,2
38,State_LDA,9,0.94374928119505,0.0,lemon,complexity,10,/home1/amadapur/projects/eeg_trait_state_geometry/results/lemon/complexity/hierarchy/hierarchy_results_n10_2_complexityclasses.csv,10.0,10,2
39,Joint_LDA,9,1.3058770847790353,0.0,lemon,complexity,10,/home1/amadapur/projects/eeg_trait_state_geometry/results/lemon/complexity/hierarchy/hierarchy_results_n10_2_complexityclasses.csv,10.0,10,2
0,Raw,0,1.395408330949882,0.0,lemon,complexity,all,/home1/amadapur/projects/eeg_trait_state_geometry/results/lemon/complexity/hierarchy/hierarchy_results_nall_2_complexityclasses.csv,156.0,all (156),2
1,Trait_LDA,0,1.742393904541684,0.0,lemon,complexity,all,/home1/amadapur/projects/eeg_trait_state_geometry/results/lemon/complexity/hierarchy/hierarchy_results_nall_2_complexityclasses.csv,156.0,all (156),2
2,State_LDA,0,0.8987768595404707,0.0,lemon,complexity,all,/home1/amadapur/projects/eeg_trait_state_geometry/results/lemon/complexity/hierarchy/hierarchy_results_nall_2_complexityclasses.csv,156.0,all (156),2
3,Joint_LDA,0,1.485278873421748,0.0,lemon,complexity,all,/home1/amadapur/projects/eeg_trait_state_geometry/results/lemon/complexity/hierarchy/hierarchy_results_nall_2_complexityclasses.csv,156.0,all (156),2
0,Raw,0,1.8274731737968144,0.0,lemon,psd,10,/home1/amadapur/projects/eeg_trait_state_geometry/results/lemon/psd/hierarchy/hierarchy_results_n10_2classes.csv,10.0,10,2
1,Trait_LDA,0,2.6103217200503783,0.0,lemon,psd,10,/home1/amadapur/projects/eeg_trait_state_geometry/results/lemon/psd/hierarchy/hierarchy_results_n10_2classes.csv,10.0,10,2
2,State_LDA,0,1.032399672840451,0.0,lemon,psd,10,/home1/amadapur/projects/eeg_trait_state_geometry/results/lemon/psd/hierarchy/hierarchy_results_n10_2classes.csv,10.0,10,2
3,Joint_LDA,0,1.799691328922495,0.0,lemon,psd,10,/home1/amadapur/projects/eeg_trait_state_geometry/results/lemon/psd/hierarchy/hierarchy_results_n10_2classes.csv,10.0,10,2
4,Raw,1,2.0558931253814183,0.0,lemon,psd,10,/home1/amadapur/projects/eeg_trait_state_geometry/results/lemon/psd/hierarchy/hierarchy_results_n10_2classes.csv,10.0,10,2
5,Trait_LDA,1,2.661486790014581,0.0,lemon,psd,10,/home1/amadapur/projects/eeg_trait_state_geometry/results/lemon/psd/hierarchy/hierarchy_results_n10_2classes.csv,10.0,10,2
6,State_LDA,1,1.4190680424783737,0.0,lemon,psd,10,/home1/amadapur/projects/eeg_trait_state_geometry/results/lemon/psd/hierarchy/hierarchy_results_n10_2classes.csv,10.0,10,2
7,Joint_LDA,1,1.8848872481856485,0.0,lemon,psd,10,/home1/amadapur/projects/eeg_trait_state_geometry/results/lemon/psd/hierarchy/hierarchy_results_n10_2classes.csv,10.0,10,2
8,Raw,2,2.326835581855661,0.0,lemon,psd,10,/home1/amadapur/projects/eeg_trait_state_geometry/results/lemon/psd/hierarchy/hierarchy_results_n10_2classes.csv,10.0,10,2
9,Trait_LDA,2,3.617092726321469,0.0,lemon,psd,10,/home1/amadapur/projects/eeg_trait_state_geometry/results/lemon/psd/hierarchy/hierarchy_results_n10_2classes.csv,10.0,10,2
10,State_LDA,2,0.5582501970709446,0.0,lemon,psd,10,/home1/amadapur/projects/eeg_trait_state_geometry/results/lemon/psd/hierarchy/hierarchy_results_n10_2classes.csv,10.0,10,2
11,Joint_LDA,2,2.407812525743008,0.0,lemon,psd,10,/home1/amadapur/projects/eeg_trait_state_geometry/results/lemon/psd/hierarchy/hierarchy_results_n10_2classes.csv,10.0,10,2
12,Raw,3,1.885813218076198,0.0,lemon,psd,10,/home1/amadapur/projects/eeg_trait_state_geometry/results/lemon/psd/hierarchy/hierarchy_results_n10_2classes.csv,10.0,10,2
13,Trait_LDA,3,3.652069180541495,0.0,lemon,psd,10,/home1/amadapur/projects/eeg_trait_state_geometry/results/lemon/psd/hierarchy/hierarchy_results_n10_2classes.csv,10.0,10,2
14,State_LDA,3,0.913321522740463,0.0,lemon,psd,10,/home1/amadapur/projects/eeg_trait_state_geometry/results/lemon/psd/hierarchy/hierarchy_results_n10_2classes.csv,10.0,10,2
15,Joint_LDA,3,2.186350366626159,0.0,lemon,psd,10,/home1/amadapur/projects/eeg_trait_state_geometry/results/lemon/psd/hierarchy/hierarchy_results_n10_2classes.csv,10.0,10,2
16,Raw,4,1.7740032766241656,0.0,lemon,psd,10,/home1/amadapur/projects/eeg_trait_state_geometry/results/lemon/psd/hierarchy/hierarchy_results_n10_2classes.csv,10.0,10,2
17,Trait_LDA,4,3.2393818171492312,0.0,lemon,psd,10,/home1/amadapur/projects/eeg_trait_state_geometry/results/lemon/psd/hierarchy/hierarchy_results_n10_2classes.csv,10.0,10,2
18,State_LDA,4,0.5637277436212331,0.0,lemon,psd,10,/home1/amadapur/projects/eeg_trait_state_geometry/results/lemon/psd/hierarchy/hierarchy_results_n10_2classes.csv,10.0,10,2
19,Joint_LDA,4,2.5990137489522893,0.0,lemon,psd,10,/home1/amadapur/projects/eeg_trait_state_geometry/results/lemon/psd/hierarchy/hierarchy_results_n10_2classes.csv,10.0,10,2
20,Raw,5,1.4567951859705703,0.0,lemon,psd,10,/home1/amadapur/projects/eeg_trait_state_geometry/results/lemon/psd/hierarchy/hierarchy_results_n10_2classes.csv,10.0,10,2
21,Trait_LDA,5,1.555143364509744,0.0,lemon,psd,10,/home1/amadapur/projects/eeg_trait_state_geometry/results/lemon/psd/hierarchy/hierarchy_results_n10_2classes.csv,10.0,10,2
22,State_LDA,5,1.1437375611106089,0.0,lemon,psd,10,/home1/amadapur/projects/eeg_trait_state_geometry/results/lemon/psd/hierarchy/hierarchy_results_n10_2classes.csv,10.0,10,2
23,Joint_LDA,5,1.4033587940776493,0.0,lemon,psd,10,/home1/amadapur/projects/eeg_trait_state_geometry/results/lemon/psd/hierarchy/hierarchy_results_n10_2classes.csv,10.0,10,2
24,Raw,6,2.112893070375016,0.0,lemon,psd,10,/home1/amadapur/projects/eeg_trait_state_geometry/results/lemon/psd/hierarchy/hierarchy_results_n10_2classes.csv,10.0,10,2
25,Trait_LDA,6,3.13215955005746,0.0,lemon,psd,10,/home1/amadapur/projects/eeg_trait_state_geometry/results/lemon/psd/hierarchy/hierarchy_results_n10_2classes.csv,10.0,10,2
26,State_LDA,6,1.5083712472011848,0.131,lemon,psd,10,/home1/amadapur/projects/eeg_trait_state_geometry/results/lemon/psd/hierarchy/hierarchy_results_n10_2classes.csv,10.0,10,2
27,Joint_LDA,6,2.431328593404898,0.0,lemon,psd,10,/home1/amadapur/projects/eeg_trait_state_geometry/results/lemon/psd/hierarchy/hierarchy_results_n10_2classes.csv,10.0,10,2
28,Raw,7,2.5347598695760163,0.0,lemon,psd,10,/home1/amadapur/projects/eeg_trait_state_geometry/results/lemon/psd/hierarchy/hierarchy_results_n10_2classes.csv,10.0,10,2
29,Trait_LDA,7,3.2033862136483453,0.0,lemon,psd,10,/home1/amadapur/projects/eeg_trait_state_geometry/results/lemon/psd/hierarchy/hierarchy_results_n10_2classes.csv,10.0,10,2
30,State_LDA,7,0.9384926314352632,0.0,lemon,psd,10,/home1/amadapur/projects/eeg_trait_state_geometry/results/lemon/psd/hierarchy/hierarchy_results_n10_2classes.csv,10.0,10,2
31,Joint_LDA,7,2.492593758589401,0.0,lemon,psd,10,/home1/amadapur/projects/eeg_trait_state_geometry/results/lemon/psd/hierarchy/hierarchy_results_n10_2classes.csv,10.0,10,2
32,Raw,8,1.7487828123533704,0.0,lemon,psd,10,/home1/amadapur/projects/eeg_trait_state_geometry/results/lemon/psd/hierarchy/hierarchy_results_n10_2classes.csv,10.0,10,2
33,Trait_LDA,8,2.0936841103122465,0.0,lemon,psd,10,/home1/amadapur/projects/eeg_trait_state_geometry/results/lemon/psd/hierarchy/hierarchy_results_n10_2classes.csv,10.0,10,2
34,State_LDA,8,0.7938823344083733,0.0,lemon,psd,10,/home1/amadapur/projects/eeg_trait_state_geometry/results/lemon/psd/hierarchy/hierarchy_results_n10_2classes.csv,10.0,10,2
35,Joint_LDA,8,1.523900666179211,0.0,lemon,psd,10,/home1/amadapur/projects/eeg_trait_state_geometry/results/lemon/psd/hierarchy/hierarchy_results_n10_2classes.csv,10.0,10,2
36,Raw,9,1.4400250450455914,0.0,lemon,psd,10,/home1/amadapur/projects/eeg_trait_state_geometry/results/lemon/psd/hierarchy/hierarchy_results_n10_2classes.csv,10.0,10,2
37,Trait_LDA,9,1.5669629961001257,0.0,lemon,psd,10,/home1/amadapur/projects/eeg_trait_state_geometry/results/lemon/psd/hierarchy/hierarchy_results_n10_2classes.csv,10.0,10,2
38,State_LDA,9,1.5032130135653443,0.019,lemon,psd,10,/home1/amadapur/projects/eeg_trait_state_geometry/results/lemon/psd/hierarchy/hierarchy_results_n10_2classes.csv,10.0,10,2
39,Joint_LDA,9,1.4805800009527446,0.0,lemon,psd,10,/home1/amadapur/projects/eeg_trait_state_geometry/results/lemon/psd/hierarchy/hierarchy_results_n10_2classes.csv,10.0,10,2
0,Raw,0,1.7977903012690948,0.0,lemon,psd,all,/home1/amadapur/projects/eeg_trait_state_geometry/results/lemon/psd/hierarchy/hierarchy_results_nall_2classes.csv,156.0,all (156),2
1,Trait_LDA,0,2.42514554688819,0.0,lemon,psd,all,/home1/amadapur/projects/eeg_trait_state_geometry/results/lemon/psd/hierarchy/hierarchy_results_nall_2classes.csv,156.0,all (156),2
2,State_LDA,0,1.133147561808412,0.0,lemon,psd,all,/home1/amadapur/projects/eeg_trait_state_geometry/results/lemon/psd/hierarchy/hierarchy_results_nall_2classes.csv,156.0,all (156),2
3,Joint_LDA,0,2.04565834312096,0.0,lemon,psd,all,/home1/amadapur/projects/eeg_trait_state_geometry/results/lemon/psd/hierarchy/hierarchy_results_nall_2classes.csv,156.0,all (156),2
0,Raw,0,7.4862676443242,0.0,lemon,psd,4,/home1/amadapur/projects/eeg_trait_state_geometry/results/lemon/psd/hierarchy/hierarchy_results_n4_2classes.csv,4.0,4,2
1,Trait_LDA,0,69.4253425258415,0.0,lemon,psd,4,/home1/amadapur/projects/eeg_trait_state_geometry/results/lemon/psd/hierarchy/hierarchy_results_n4_2classes.csv,4.0,4,2
2,State_LDA,0,2.060561631891288,0.0,lemon,psd,4,/home1/amadapur/projects/eeg_trait_state_geometry/results/lemon/psd/hierarchy/hierarchy_results_n4_2classes.csv,4.0,4,2
3,Joint_LDA,0,4.200450579552237,0.0,lemon,psd,4,/home1/amadapur/projects/eeg_trait_state_geometry/results/lemon/psd/hierarchy/hierarchy_results_n4_2classes.csv,4.0,4,2
4,Raw,1,3.8986376458713896,0.0,lemon,psd,4,/home1/amadapur/projects/eeg_trait_state_geometry/results/lemon/psd/hierarchy/hierarchy_results_n4_2classes.csv,4.0,4,2
5,Trait_LDA,1,3.625290265137708,0.0,lemon,psd,4,/home1/amadapur/projects/eeg_trait_state_geometry/results/lemon/psd/hierarchy/hierarchy_results_n4_2classes.csv,4.0,4,2
6,State_LDA,1,6.526552318128725,0.0,lemon,psd,4,/home1/amadapur/projects/eeg_trait_state_geometry/results/lemon/psd/hierarchy/hierarchy_results_n4_2classes.csv,4.0,4,2
7,Joint_LDA,1,5.571395409528669,0.0,lemon,psd,4,/home1/amadapur/projects/eeg_trait_state_geometry/results/lemon/psd/hierarchy/hierarchy_results_n4_2classes.csv,4.0,4,2
8,Raw,2,7.309325272902447,0.0,lemon,psd,4,/home1/amadapur/projects/eeg_trait_state_geometry/results/lemon/psd/hierarchy/hierarchy_results_n4_2classes.csv,4.0,4,2
9,Trait_LDA,2,13.09549945927492,0.0,lemon,psd,4,/home1/amadapur/projects/eeg_trait_state_geometry/results/lemon/psd/hierarchy/hierarchy_results_n4_2classes.csv,4.0,4,2
10,State_LDA,2,23.86629284211224,0.0,lemon,psd,4,/home1/amadapur/projects/eeg_trait_state_geometry/results/lemon/psd/hierarchy/hierarchy_results_n4_2classes.csv,4.0,4,2
11,Joint_LDA,2,12.407560282035242,0.0,lemon,psd,4,/home1/amadapur/projects/eeg_trait_state_geometry/results/lemon/psd/hierarchy/hierarchy_results_n4_2classes.csv,4.0,4,2
12,Raw,3,4.490340922715472,0.0,lemon,psd,4,/home1/amadapur/projects/eeg_trait_state_geometry/results/lemon/psd/hierarchy/hierarchy_results_n4_2classes.csv,4.0,4,2
13,Trait_LDA,3,3.709802616645901,0.0,lemon,psd,4,/home1/amadapur/projects/eeg_trait_state_geometry/results/lemon/psd/hierarchy/hierarchy_results_n4_2classes.csv,4.0,4,2
14,State_LDA,3,4.340750038598034,0.0,lemon,psd,4,/home1/amadapur/projects/eeg_trait_state_geometry/results/lemon/psd/hierarchy/hierarchy_results_n4_2classes.csv,4.0,4,2
15,Joint_LDA,3,3.7924346515806535,0.0,lemon,psd,4,/home1/amadapur/projects/eeg_trait_state_geometry/results/lemon/psd/hierarchy/hierarchy_results_n4_2classes.csv,4.0,4,2
16,Raw,4,4.274254098459059,0.0,lemon,psd,4,/home1/amadapur/projects/eeg_trait_state_geometry/results/lemon/psd/hierarchy/hierarchy_results_n4_2classes.csv,4.0,4,2
17,Trait_LDA,4,3.8989882135633,0.0,lemon,psd,4,/home1/amadapur/projects/eeg_trait_state_geometry/results/lemon/psd/hierarchy/hierarchy_results_n4_2classes.csv,4.0,4,2
18,State_LDA,4,1.0,0.203,lemon,psd,4,/home1/amadapur/projects/eeg_trait_state_geometry/results/lemon/psd/hierarchy/hierarchy_results_n4_2classes.csv,4.0,4,2
19,Joint_LDA,4,4.069689132737246,0.0,lemon,psd,4,/home1/amadapur/projects/eeg_trait_state_geometry/results/lemon/psd/hierarchy/hierarchy_results_n4_2classes.csv,4.0,4,2
20,Raw,5,0.9412081421526562,0.0,lemon,psd,4,/home1/amadapur/projects/eeg_trait_state_geometry/results/lemon/psd/hierarchy/hierarchy_results_n4_2classes.csv,4.0,4,2
21,Trait_LDA,5,1.0,0.032,lemon,psd,4,/home1/amadapur/projects/eeg_trait_state_geometry/results/lemon/psd/hierarchy/hierarchy_results_n4_2classes.csv,4.0,4,2
22,State_LDA,5,0.4790855834963275,0.0,lemon,psd,4,/home1/amadapur/projects/eeg_trait_state_geometry/results/lemon/psd/hierarchy/hierarchy_results_n4_2classes.csv,4.0,4,2
23,Joint_LDA,5,0.7715088960175207,0.0,lemon,psd,4,/home1/amadapur/projects/eeg_trait_state_geometry/results/lemon/psd/hierarchy/hierarchy_results_n4_2classes.csv,4.0,4,2
24,Raw,6,2.2897321258848207,0.0,lemon,psd,4,/home1/amadapur/projects/eeg_trait_state_geometry/results/lemon/psd/hierarchy/hierarchy_results_n4_2classes.csv,4.0,4,2
25,Trait_LDA,6,0.6425195518696051,0.0,lemon,psd,4,/home1/amadapur/projects/eeg_trait_state_geometry/results/lemon/psd/hierarchy/hierarchy_results_n4_2classes.csv,4.0,4,2
26,State_LDA,6,0.9520632733232288,0.007,lemon,psd,4,/home1/amadapur/projects/eeg_trait_state_geometry/results/lemon/psd/hierarchy/hierarchy_results_n4_2classes.csv,4.0,4,2
27,Joint_LDA,6,1.9966335825513333,0.0,lemon,psd,4,/home1/amadapur/projects/eeg_trait_state_geometry/results/lemon/psd/hierarchy/hierarchy_results_n4_2classes.csv,4.0,4,2
28,Raw,7,1.1373771666957284,0.0,lemon,psd,4,/home1/amadapur/projects/eeg_trait_state_geometry/results/lemon/psd/hierarchy/hierarchy_results_n4_2classes.csv,4.0,4,2
29,Trait_LDA,7,1.0,0.0,lemon,psd,4,/home1/amadapur/projects/eeg_trait_state_geometry/results/lemon/psd/hierarchy/hierarchy_results_n4_2classes.csv,4.0,4,2
30,State_LDA,7,0.628526996178935,0.0,lemon,psd,4,/home1/amadapur/projects/eeg_trait_state_geometry/results/lemon/psd/hierarchy/hierarchy_results_n4_2classes.csv,4.0,4,2
31,Joint_LDA,7,0.7223914292219247,0.0,lemon,psd,4,/home1/amadapur/projects/eeg_trait_state_geometry/results/lemon/psd/hierarchy/hierarchy_results_n4_2classes.csv,4.0,4,2
32,Raw,8,2.938585623396168,0.0,lemon,psd,4,/home1/amadapur/projects/eeg_trait_state_geometry/results/lemon/psd/hierarchy/hierarchy_results_n4_2classes.csv,4.0,4,2
33,Trait_LDA,8,10.244727599337155,0.0,lemon,psd,4,/home1/amadapur/projects/eeg_trait_state_geometry/results/lemon/psd/hierarchy/hierarchy_results_n4_2classes.csv,4.0,4,2
34,State_LDA,8,1.5625034370758906,0.0,lemon,psd,4,/home1/amadapur/projects/eeg_trait_state_geometry/results/lemon/psd/hierarchy/hierarchy_results_n4_2classes.csv,4.0,4,2
35,Joint_LDA,8,2.5592608797313297,0.0,lemon,psd,4,/home1/amadapur/projects/eeg_trait_state_geometry/results/lemon/psd/hierarchy/hierarchy_results_n4_2classes.csv,4.0,4,2
36,Raw,9,7.497210864354822,0.0,lemon,psd,4,/home1/amadapur/projects/eeg_trait_state_geometry/results/lemon/psd/hierarchy/hierarchy_results_n4_2classes.csv,4.0,4,2
37,Trait_LDA,9,11.16918993714014,0.0,lemon,psd,4,/home1/amadapur/projects/eeg_trait_state_geometry/results/lemon/psd/hierarchy/hierarchy_results_n4_2classes.csv,4.0,4,2
38,State_LDA,9,1.0,0.005,lemon,psd,4,/home1/amadapur/projects/eeg_trait_state_geometry/results/lemon/psd/hierarchy/hierarchy_results_n4_2classes.csv,4.0,4,2
39,Joint_LDA,9,4.162787357868358,0.0,lemon,psd,4,/home1/amadapur/projects/eeg_trait_state_geometry/results/lemon/psd/hierarchy/hierarchy_results_n4_2classes.csv,4.0,4,2
0,Raw,0,1.6590482215983984,0.0,lemon,psd,20,/home1/amadapur/projects/eeg_trait_state_geometry/results/lemon/psd/hierarchy/hierarchy_results_n20_2classes.csv,20.0,20,2
1,Trait_LDA,0,2.307529243648553,0.0,lemon,psd,20,/home1/amadapur/projects/eeg_trait_state_geometry/results/lemon/psd/hierarchy/hierarchy_results_n20_2classes.csv,20.0,20,2
2,State_LDA,0,1.209466544802784,0.0,lemon,psd,20,/home1/amadapur/projects/eeg_trait_state_geometry/results/lemon/psd/hierarchy/hierarchy_results_n20_2classes.csv,20.0,20,2
3,Joint_LDA,0,2.0046375295446133,0.0,lemon,psd,20,/home1/amadapur/projects/eeg_trait_state_geometry/results/lemon/psd/hierarchy/hierarchy_results_n20_2classes.csv,20.0,20,2
4,Raw,1,2.3240983185188075,0.0,lemon,psd,20,/home1/amadapur/projects/eeg_trait_state_geometry/results/lemon/psd/hierarchy/hierarchy_results_n20_2classes.csv,20.0,20,2
5,Trait_LDA,1,2.6240362576538114,0.0,lemon,psd,20,/home1/amadapur/projects/eeg_trait_state_geometry/results/lemon/psd/hierarchy/hierarchy_results_n20_2classes.csv,20.0,20,2
6,State_LDA,1,1.0369769788502352,0.0,lemon,psd,20,/home1/amadapur/projects/eeg_trait_state_geometry/results/lemon/psd/hierarchy/hierarchy_results_n20_2classes.csv,20.0,20,2
7,Joint_LDA,1,2.702663397351818,0.0,lemon,psd,20,/home1/amadapur/projects/eeg_trait_state_geometry/results/lemon/psd/hierarchy/hierarchy_results_n20_2classes.csv,20.0,20,2
8,Raw,2,1.5966216688191972,0.0,lemon,psd,20,/home1/amadapur/projects/eeg_trait_state_geometry/results/lemon/psd/hierarchy/hierarchy_results_n20_2classes.csv,20.0,20,2
9,Trait_LDA,2,1.8518021674329397,0.0,lemon,psd,20,/home1/amadapur/projects/eeg_trait_state_geometry/results/lemon/psd/hierarchy/hierarchy_results_n20_2classes.csv,20.0,20,2
10,State_LDA,2,1.276263228634247,0.0,lemon,psd,20,/home1/amadapur/projects/eeg_trait_state_geometry/results/lemon/psd/hierarchy/hierarchy_results_n20_2classes.csv,20.0,20,2
11,Joint_LDA,2,1.6952694049919028,0.0,lemon,psd,20,/home1/amadapur/projects/eeg_trait_state_geometry/results/lemon/psd/hierarchy/hierarchy_results_n20_2classes.csv,20.0,20,2
12,Raw,3,2.1063232177287285,0.0,lemon,psd,20,/home1/amadapur/projects/eeg_trait_state_geometry/results/lemon/psd/hierarchy/hierarchy_results_n20_2classes.csv,20.0,20,2
13,Trait_LDA,3,2.1627815127162986,0.0,lemon,psd,20,/home1/amadapur/projects/eeg_trait_state_geometry/results/lemon/psd/hierarchy/hierarchy_results_n20_2classes.csv,20.0,20,2
14,State_LDA,3,0.9490706594292988,0.0,lemon,psd,20,/home1/amadapur/projects/eeg_trait_state_geometry/results/lemon/psd/hierarchy/hierarchy_results_n20_2classes.csv,20.0,20,2
15,Joint_LDA,3,2.070766445525966,0.0,lemon,psd,20,/home1/amadapur/projects/eeg_trait_state_geometry/results/lemon/psd/hierarchy/hierarchy_results_n20_2classes.csv,20.0,20,2
16,Raw,4,1.94373400357794,0.0,lemon,psd,20,/home1/amadapur/projects/eeg_trait_state_geometry/results/lemon/psd/hierarchy/hierarchy_results_n20_2classes.csv,20.0,20,2
17,Trait_LDA,4,2.4756000035181307,0.0,lemon,psd,20,/home1/amadapur/projects/eeg_trait_state_geometry/results/lemon/psd/hierarchy/hierarchy_results_n20_2classes.csv,20.0,20,2
18,State_LDA,4,1.1841770026992788,0.0,lemon,psd,20,/home1/amadapur/projects/eeg_trait_state_geometry/results/lemon/psd/hierarchy/hierarchy_results_n20_2classes.csv,20.0,20,2
19,Joint_LDA,4,2.359035137826146,0.0,lemon,psd,20,/home1/amadapur/projects/eeg_trait_state_geometry/results/lemon/psd/hierarchy/hierarchy_results_n20_2classes.csv,20.0,20,2
20,Raw,5,2.00399309281436,0.0,lemon,psd,20,/home1/amadapur/projects/eeg_trait_state_geometry/results/lemon/psd/hierarchy/hierarchy_results_n20_2classes.csv,20.0,20,2
21,Trait_LDA,5,2.5576557032093903,0.0,lemon,psd,20,/home1/amadapur/projects/eeg_trait_state_geometry/results/lemon/psd/hierarchy/hierarchy_results_n20_2classes.csv,20.0,20,2
22,State_LDA,5,0.8523567849322286,0.0,lemon,psd,20,/home1/amadapur/projects/eeg_trait_state_geometry/results/lemon/psd/hierarchy/hierarchy_results_n20_2classes.csv,20.0,20,2
23,Joint_LDA,5,2.1392798548941574,0.0,lemon,psd,20,/home1/amadapur/projects/eeg_trait_state_geometry/results/lemon/psd/hierarchy/hierarchy_results_n20_2classes.csv,20.0,20,2
24,Raw,6,1.9036213116238696,0.0,lemon,psd,20,/home1/amadapur/projects/eeg_trait_state_geometry/results/lemon/psd/hierarchy/hierarchy_results_n20_2classes.csv,20.0,20,2
25,Trait_LDA,6,2.4794724363823883,0.0,lemon,psd,20,/home1/amadapur/projects/eeg_trait_state_geometry/results/lemon/psd/hierarchy/hierarchy_results_n20_2classes.csv,20.0,20,2
26,State_LDA,6,1.430362077119517,0.0,lemon,psd,20,/home1/amadapur/projects/eeg_trait_state_geometry/results/lemon/psd/hierarchy/hierarchy_results_n20_2classes.csv,20.0,20,2
27,Joint_LDA,6,2.463695922793927,0.0,lemon,psd,20,/home1/amadapur/projects/eeg_trait_state_geometry/results/lemon/psd/hierarchy/hierarchy_results_n20_2classes.csv,20.0,20,2
28,Raw,7,1.2054911221385758,0.0,lemon,psd,20,/home1/amadapur/projects/eeg_trait_state_geometry/results/lemon/psd/hierarchy/hierarchy_results_n20_2classes.csv,20.0,20,2
29,Trait_LDA,7,1.350317211410838,0.0,lemon,psd,20,/home1/amadapur/projects/eeg_trait_state_geometry/results/lemon/psd/hierarchy/hierarchy_results_n20_2classes.csv,20.0,20,2
30,State_LDA,7,0.8292961165199437,0.0,lemon,psd,20,/home1/amadapur/projects/eeg_trait_state_geometry/results/lemon/psd/hierarchy/hierarchy_results_n20_2classes.csv,20.0,20,2
31,Joint_LDA,7,1.179283697702477,0.0,lemon,psd,20,/home1/amadapur/projects/eeg_trait_state_geometry/results/lemon/psd/hierarchy/hierarchy_results_n20_2classes.csv,20.0,20,2
32,Raw,8,1.335690484194732,0.0,lemon,psd,20,/home1/amadapur/projects/eeg_trait_state_geometry/results/lemon/psd/hierarchy/hierarchy_results_n20_2classes.csv,20.0,20,2
33,Trait_LDA,8,1.6494461429361105,0.0,lemon,psd,20,/home1/amadapur/projects/eeg_trait_state_geometry/results/lemon/psd/hierarchy/hierarchy_results_n20_2classes.csv,20.0,20,2
34,State_LDA,8,1.168046760329944,0.0,lemon,psd,20,/home1/amadapur/projects/eeg_trait_state_geometry/results/lemon/psd/hierarchy/hierarchy_results_n20_2classes.csv,20.0,20,2
35,Joint_LDA,8,1.5660908813025989,0.0,lemon,psd,20,/home1/amadapur/projects/eeg_trait_state_geometry/results/lemon/psd/hierarchy/hierarchy_results_n20_2classes.csv,20.0,20,2
36,Raw,9,1.5538558897314267,0.0,lemon,psd,20,/home1/amadapur/projects/eeg_trait_state_geometry/results/lemon/psd/hierarchy/hierarchy_results_n20_2classes.csv,20.0,20,2
37,Trait_LDA,9,2.293780127839808,0.0,lemon,psd,20,/home1/amadapur/projects/eeg_trait_state_geometry/results/lemon/psd/hierarchy/hierarchy_results_n20_2classes.csv,20.0,20,2
38,State_LDA,9,1.418864783575422,0.0,lemon,psd,20,/home1/amadapur/projects/eeg_trait_state_geometry/results/lemon/psd/hierarchy/hierarchy_results_n20_2classes.csv,20.0,20,2
39,Joint_LDA,9,2.2624366420573137,0.0,lemon,psd,20,/home1/amadapur/projects/eeg_trait_state_geometry/results/lemon/psd/hierarchy/hierarchy_results_n20_2classes.csv,20.0,20,2
0,Raw,0,0.7770245465417291,0.0,lemon,entropy,4,/home1/amadapur/projects/eeg_trait_state_geometry/results/lemon/entropy/hierarchy/hierarchy_results_n4_2_entropyclasses.csv,4.0,4,2
1,Trait_LDA,0,6.440715693869669,0.0,lemon,entropy,4,/home1/amadapur/projects/eeg_trait_state_geometry/results/lemon/entropy/hierarchy/hierarchy_results_n4_2_entropyclasses.csv,4.0,4,2
2,State_LDA,0,0.4250472821252476,0.0,lemon,entropy,4,/home1/amadapur/projects/eeg_trait_state_geometry/results/lemon/entropy/hierarchy/hierarchy_results_n4_2_entropyclasses.csv,4.0,4,2
3,Joint_LDA,0,1.2308388922078088,0.0,lemon,entropy,4,/home1/amadapur/projects/eeg_trait_state_geometry/results/lemon/entropy/hierarchy/hierarchy_results_n4_2_entropyclasses.csv,4.0,4,2
4,Raw,1,4.258096735953618,0.0,lemon,entropy,4,/home1/amadapur/projects/eeg_trait_state_geometry/results/lemon/entropy/hierarchy/hierarchy_results_n4_2_entropyclasses.csv,4.0,4,2
5,Trait_LDA,1,1.748085090915462,0.0,lemon,entropy,4,/home1/amadapur/projects/eeg_trait_state_geometry/results/lemon/entropy/hierarchy/hierarchy_results_n4_2_entropyclasses.csv,4.0,4,2
6,State_LDA,1,3.706058853913393,0.0,lemon,entropy,4,/home1/amadapur/projects/eeg_trait_state_geometry/results/lemon/entropy/hierarchy/hierarchy_results_n4_2_entropyclasses.csv,4.0,4,2
7,Joint_LDA,1,1.6749227365062431,0.0,lemon,entropy,4,/home1/amadapur/projects/eeg_trait_state_geometry/results/lemon/entropy/hierarchy/hierarchy_results_n4_2_entropyclasses.csv,4.0,4,2
8,Raw,2,1.019632776998045,0.0,lemon,entropy,4,/home1/amadapur/projects/eeg_trait_state_geometry/results/lemon/entropy/hierarchy/hierarchy_results_n4_2_entropyclasses.csv,4.0,4,2
9,Trait_LDA,2,20.79313014508948,0.0,lemon,entropy,4,/home1/amadapur/projects/eeg_trait_state_geometry/results/lemon/entropy/hierarchy/hierarchy_results_n4_2_entropyclasses.csv,4.0,4,2
10,State_LDA,2,0.6283400434369726,0.0,lemon,entropy,4,/home1/amadapur/projects/eeg_trait_state_geometry/results/lemon/entropy/hierarchy/hierarchy_results_n4_2_entropyclasses.csv,4.0,4,2
11,Joint_LDA,2,4.821616158059176,0.0,lemon,entropy,4,/home1/amadapur/projects/eeg_trait_state_geometry/results/lemon/entropy/hierarchy/hierarchy_results_n4_2_entropyclasses.csv,4.0,4,2
12,Raw,3,4.0694749385826245,0.0,lemon,entropy,4,/home1/amadapur/projects/eeg_trait_state_geometry/results/lemon/entropy/hierarchy/hierarchy_results_n4_2_entropyclasses.csv,4.0,4,2
13,Trait_LDA,3,4.060861156533479,0.0,lemon,entropy,4,/home1/amadapur/projects/eeg_trait_state_geometry/results/lemon/entropy/hierarchy/hierarchy_results_n4_2_entropyclasses.csv,4.0,4,2
14,State_LDA,3,1.0,0.008,lemon,entropy,4,/home1/amadapur/projects/eeg_trait_state_geometry/results/lemon/entropy/hierarchy/hierarchy_results_n4_2_entropyclasses.csv,4.0,4,2
15,Joint_LDA,3,3.0357641166678024,0.0,lemon,entropy,4,/home1/amadapur/projects/eeg_trait_state_geometry/results/lemon/entropy/hierarchy/hierarchy_results_n4_2_entropyclasses.csv,4.0,4,2
16,Raw,4,3.474561586774882,0.0,lemon,entropy,4,/home1/amadapur/projects/eeg_trait_state_geometry/results/lemon/entropy/hierarchy/hierarchy_results_n4_2_entropyclasses.csv,4.0,4,2
17,Trait_LDA,4,4.8991485202779765,0.0,lemon,entropy,4,/home1/amadapur/projects/eeg_trait_state_geometry/results/lemon/entropy/hierarchy/hierarchy_results_n4_2_entropyclasses.csv,4.0,4,2
18,State_LDA,4,1.0000000000000002,0.0,lemon,entropy,4,/home1/amadapur/projects/eeg_trait_state_geometry/results/lemon/entropy/hierarchy/hierarchy_results_n4_2_entropyclasses.csv,4.0,4,2
19,Joint_LDA,4,2.647519166217529,0.0,lemon,entropy,4,/home1/amadapur/projects/eeg_trait_state_geometry/results/lemon/entropy/hierarchy/hierarchy_results_n4_2_entropyclasses.csv,4.0,4,2
20,Raw,5,0.9433390473811318,0.0,lemon,entropy,4,/home1/amadapur/projects/eeg_trait_state_geometry/results/lemon/entropy/hierarchy/hierarchy_results_n4_2_entropyclasses.csv,4.0,4,2
21,Trait_LDA,5,1.0,0.0,lemon,entropy,4,/home1/amadapur/projects/eeg_trait_state_geometry/results/lemon/entropy/hierarchy/hierarchy_results_n4_2_entropyclasses.csv,4.0,4,2
22,State_LDA,5,2.207535584374242,0.0,lemon,entropy,4,/home1/amadapur/projects/eeg_trait_state_geometry/results/lemon/entropy/hierarchy/hierarchy_results_n4_2_entropyclasses.csv,4.0,4,2
23,Joint_LDA,5,1.1391145152037223,0.0,lemon,entropy,4,/home1/amadapur/projects/eeg_trait_state_geometry/results/lemon/entropy/hierarchy/hierarchy_results_n4_2_entropyclasses.csv,4.0,4,2
24,Raw,6,4.158941533775649,0.0,lemon,entropy,4,/home1/amadapur/projects/eeg_trait_state_geometry/results/lemon/entropy/hierarchy/hierarchy_results_n4_2_entropyclasses.csv,4.0,4,2
25,Trait_LDA,6,1.0,0.961,lemon,entropy,4,/home1/amadapur/projects/eeg_trait_state_geometry/results/lemon/entropy/hierarchy/hierarchy_results_n4_2_entropyclasses.csv,4.0,4,2
26,State_LDA,6,1.096781527830068,0.042,lemon,entropy,4,/home1/amadapur/projects/eeg_trait_state_geometry/results/lemon/entropy/hierarchy/hierarchy_results_n4_2_entropyclasses.csv,4.0,4,2
27,Joint_LDA,6,1.265844577205406,0.0,lemon,entropy,4,/home1/amadapur/projects/eeg_trait_state_geometry/results/lemon/entropy/hierarchy/hierarchy_results_n4_2_entropyclasses.csv,4.0,4,2
28,Raw,7,1.0916286665727135,0.0,lemon,entropy,4,/home1/amadapur/projects/eeg_trait_state_geometry/results/lemon/entropy/hierarchy/hierarchy_results_n4_2_entropyclasses.csv,4.0,4,2
29,Trait_LDA,7,1.0,0.003,lemon,entropy,4,/home1/amadapur/projects/eeg_trait_state_geometry/results/lemon/entropy/hierarchy/hierarchy_results_n4_2_entropyclasses.csv,4.0,4,2
30,State_LDA,7,0.8752773191556888,0.0,lemon,entropy,4,/home1/amadapur/projects/eeg_trait_state_geometry/results/lemon/entropy/hierarchy/hierarchy_results_n4_2_entropyclasses.csv,4.0,4,2
31,Joint_LDA,7,1.4978745022399147,0.0,lemon,entropy,4,/home1/amadapur/projects/eeg_trait_state_geometry/results/lemon/entropy/hierarchy/hierarchy_results_n4_2_entropyclasses.csv,4.0,4,2
32,Raw,8,1.1454923056981328,0.0,lemon,entropy,4,/home1/amadapur/projects/eeg_trait_state_geometry/results/lemon/entropy/hierarchy/hierarchy_results_n4_2_entropyclasses.csv,4.0,4,2
33,Trait_LDA,8,0.8121376548163904,0.005,lemon,entropy,4,/home1/amadapur/projects/eeg_trait_state_geometry/results/lemon/entropy/hierarchy/hierarchy_results_n4_2_entropyclasses.csv,4.0,4,2
34,State_LDA,8,0.9999999999999998,0.0,lemon,entropy,4,/home1/amadapur/projects/eeg_trait_state_geometry/results/lemon/entropy/hierarchy/hierarchy_results_n4_2_entropyclasses.csv,4.0,4,2
35,Joint_LDA,8,1.4019387350555774,0.0,lemon,entropy,4,/home1/amadapur/projects/eeg_trait_state_geometry/results/lemon/entropy/hierarchy/hierarchy_results_n4_2_entropyclasses.csv,4.0,4,2
36,Raw,9,0.8375053037976281,0.0,lemon,entropy,4,/home1/amadapur/projects/eeg_trait_state_geometry/results/lemon/entropy/hierarchy/hierarchy_results_n4_2_entropyclasses.csv,4.0,4,2
37,Trait_LDA,9,7.215755201970189,0.0,lemon,entropy,4,/home1/amadapur/projects/eeg_trait_state_geometry/results/lemon/entropy/hierarchy/hierarchy_results_n4_2_entropyclasses.csv,4.0,4,2
38,State_LDA,9,0.5114929506751614,0.0,lemon,entropy,4,/home1/amadapur/projects/eeg_trait_state_geometry/results/lemon/entropy/hierarchy/hierarchy_results_n4_2_entropyclasses.csv,4.0,4,2
39,Joint_LDA,9,1.4141523885404916,0.0,lemon,entropy,4,/home1/amadapur/projects/eeg_trait_state_geometry/results/lemon/entropy/hierarchy/hierarchy_results_n4_2_entropyclasses.csv,4.0,4,2
0,Raw,0,1.4853018872899573,0.0,lemon,entropy,10,/home1/amadapur/projects/eeg_trait_state_geometry/results/lemon/entropy/hierarchy/hierarchy_results_n10_2_entropyclasses.csv,10.0,10,2
1,Trait_LDA,0,1.9933102820265485,0.0,lemon,entropy,10,/home1/amadapur/projects/eeg_trait_state_geometry/results/lemon/entropy/hierarchy/hierarchy_results_n10_2_entropyclasses.csv,10.0,10,2
2,State_LDA,0,1.406338727777481,0.0,lemon,entropy,10,/home1/amadapur/projects/eeg_trait_state_geometry/results/lemon/entropy/hierarchy/hierarchy_results_n10_2_entropyclasses.csv,10.0,10,2
3,Joint_LDA,0,1.5089203762883374,0.0,lemon,entropy,10,/home1/amadapur/projects/eeg_trait_state_geometry/results/lemon/entropy/hierarchy/hierarchy_results_n10_2_entropyclasses.csv,10.0,10,2
4,Raw,1,0.5615702322359042,0.0,lemon,entropy,10,/home1/amadapur/projects/eeg_trait_state_geometry/results/lemon/entropy/hierarchy/hierarchy_results_n10_2_entropyclasses.csv,10.0,10,2
5,Trait_LDA,1,1.3250636200120232,0.0,lemon,entropy,10,/home1/amadapur/projects/eeg_trait_state_geometry/results/lemon/entropy/hierarchy/hierarchy_results_n10_2_entropyclasses.csv,10.0,10,2
6,State_LDA,1,0.6394865672991088,0.0,lemon,entropy,10,/home1/amadapur/projects/eeg_trait_state_geometry/results/lemon/entropy/hierarchy/hierarchy_results_n10_2_entropyclasses.csv,10.0,10,2
7,Joint_LDA,1,1.199822288367851,0.0,lemon,entropy,10,/home1/amadapur/projects/eeg_trait_state_geometry/results/lemon/entropy/hierarchy/hierarchy_results_n10_2_entropyclasses.csv,10.0,10,2
8,Raw,2,0.8165593121268031,0.0,lemon,entropy,10,/home1/amadapur/projects/eeg_trait_state_geometry/results/lemon/entropy/hierarchy/hierarchy_results_n10_2_entropyclasses.csv,10.0,10,2
9,Trait_LDA,2,1.5109893715339655,0.0,lemon,entropy,10,/home1/amadapur/projects/eeg_trait_state_geometry/results/lemon/entropy/hierarchy/hierarchy_results_n10_2_entropyclasses.csv,10.0,10,2
10,State_LDA,2,0.6135368221750453,0.0,lemon,entropy,10,/home1/amadapur/projects/eeg_trait_state_geometry/results/lemon/entropy/hierarchy/hierarchy_results_n10_2_entropyclasses.csv,10.0,10,2
11,Joint_LDA,2,1.3400662702796564,0.0,lemon,entropy,10,/home1/amadapur/projects/eeg_trait_state_geometry/results/lemon/entropy/hierarchy/hierarchy_results_n10_2_entropyclasses.csv,10.0,10,2
12,Raw,3,0.9906425601365392,0.0,lemon,entropy,10,/home1/amadapur/projects/eeg_trait_state_geometry/results/lemon/entropy/hierarchy/hierarchy_results_n10_2_entropyclasses.csv,10.0,10,2
13,Trait_LDA,3,1.819015540404341,0.0,lemon,entropy,10,/home1/amadapur/projects/eeg_trait_state_geometry/results/lemon/entropy/hierarchy/hierarchy_results_n10_2_entropyclasses.csv,10.0,10,2
14,State_LDA,3,0.7551576921733449,0.0,lemon,entropy,10,/home1/amadapur/projects/eeg_trait_state_geometry/results/lemon/entropy/hierarchy/hierarchy_results_n10_2_entropyclasses.csv,10.0,10,2
15,Joint_LDA,3,1.4932756408276862,0.0,lemon,entropy,10,/home1/amadapur/projects/eeg_trait_state_geometry/results/lemon/entropy/hierarchy/hierarchy_results_n10_2_entropyclasses.csv,10.0,10,2
16,Raw,4,1.018568804619957,0.0,lemon,entropy,10,/home1/amadapur/projects/eeg_trait_state_geometry/results/lemon/entropy/hierarchy/hierarchy_results_n10_2_entropyclasses.csv,10.0,10,2
17,Trait_LDA,4,1.976718112296959,0.0,lemon,entropy,10,/home1/amadapur/projects/eeg_trait_state_geometry/results/lemon/entropy/hierarchy/hierarchy_results_n10_2_entropyclasses.csv,10.0,10,2
18,State_LDA,4,0.5458595547566972,0.0,lemon,entropy,10,/home1/amadapur/projects/eeg_trait_state_geometry/results/lemon/entropy/hierarchy/hierarchy_results_n10_2_entropyclasses.csv,10.0,10,2
19,Joint_LDA,4,1.5514609375328423,0.0,lemon,entropy,10,/home1/amadapur/projects/eeg_trait_state_geometry/results/lemon/entropy/hierarchy/hierarchy_results_n10_2_entropyclasses.csv,10.0,10,2
20,Raw,5,1.0788695084245197,0.0,lemon,entropy,10,/home1/amadapur/projects/eeg_trait_state_geometry/results/lemon/entropy/hierarchy/hierarchy_results_n10_2_entropyclasses.csv,10.0,10,2
21,Trait_LDA,5,1.3722894468184117,0.0,lemon,entropy,10,/home1/amadapur/projects/eeg_trait_state_geometry/results/lemon/entropy/hierarchy/hierarchy_results_n10_2_entropyclasses.csv,10.0,10,2
22,State_LDA,5,1.4707226003358234,0.0,lemon,entropy,10,/home1/amadapur/projects/eeg_trait_state_geometry/results/lemon/entropy/hierarchy/hierarchy_results_n10_2_entropyclasses.csv,10.0,10,2
23,Joint_LDA,5,1.331866314781061,0.0,lemon,entropy,10,/home1/amadapur/projects/eeg_trait_state_geometry/results/lemon/entropy/hierarchy/hierarchy_results_n10_2_entropyclasses.csv,10.0,10,2
24,Raw,6,1.711209362983133,0.0,lemon,entropy,10,/home1/amadapur/projects/eeg_trait_state_geometry/results/lemon/entropy/hierarchy/hierarchy_results_n10_2_entropyclasses.csv,10.0,10,2
25,Trait_LDA,6,2.843367728513176,0.0,lemon,entropy,10,/home1/amadapur/projects/eeg_trait_state_geometry/results/lemon/entropy/hierarchy/hierarchy_results_n10_2_entropyclasses.csv,10.0,10,2
26,State_LDA,6,1.0606952438064243,0.14,lemon,entropy,10,/home1/amadapur/projects/eeg_trait_state_geometry/results/lemon/entropy/hierarchy/hierarchy_results_n10_2_entropyclasses.csv,10.0,10,2
27,Joint_LDA,6,2.732271846796439,0.0,lemon,entropy,10,/home1/amadapur/projects/eeg_trait_state_geometry/results/lemon/entropy/hierarchy/hierarchy_results_n10_2_entropyclasses.csv,10.0,10,2
28,Raw,7,1.6618695198799722,0.0,lemon,entropy,10,/home1/amadapur/projects/eeg_trait_state_geometry/results/lemon/entropy/hierarchy/hierarchy_results_n10_2_entropyclasses.csv,10.0,10,2
29,Trait_LDA,7,2.456743433500461,0.0,lemon,entropy,10,/home1/amadapur/projects/eeg_trait_state_geometry/results/lemon/entropy/hierarchy/hierarchy_results_n10_2_entropyclasses.csv,10.0,10,2
30,State_LDA,7,1.726524778843861,0.0,lemon,entropy,10,/home1/amadapur/projects/eeg_trait_state_geometry/results/lemon/entropy/hierarchy/hierarchy_results_n10_2_entropyclasses.csv,10.0,10,2
31,Joint_LDA,7,2.0131457366988585,0.0,lemon,entropy,10,/home1/amadapur/projects/eeg_trait_state_geometry/results/lemon/entropy/hierarchy/hierarchy_results_n10_2_entropyclasses.csv,10.0,10,2
32,Raw,8,1.349597276022676,0.0,lemon,entropy,10,/home1/amadapur/projects/eeg_trait_state_geometry/results/lemon/entropy/hierarchy/hierarchy_results_n10_2_entropyclasses.csv,10.0,10,2
33,Trait_LDA,8,2.096989826523181,0.0,lemon,entropy,10,/home1/amadapur/projects/eeg_trait_state_geometry/results/lemon/entropy/hierarchy/hierarchy_results_n10_2_entropyclasses.csv,10.0,10,2
34,State_LDA,8,0.7710903292694266,0.0,lemon,entropy,10,/home1/amadapur/projects/eeg_trait_state_geometry/results/lemon/entropy/hierarchy/hierarchy_results_n10_2_entropyclasses.csv,10.0,10,2
35,Joint_LDA,8,1.4646761627569171,0.0,lemon,entropy,10,/home1/amadapur/projects/eeg_trait_state_geometry/results/lemon/entropy/hierarchy/hierarchy_results_n10_2_entropyclasses.csv,10.0,10,2
36,Raw,9,1.6055742927195351,0.0,lemon,entropy,10,/home1/amadapur/projects/eeg_trait_state_geometry/results/lemon/entropy/hierarchy/hierarchy_results_n10_2_entropyclasses.csv,10.0,10,2
37,Trait_LDA,9,2.0001831068417646,0.0,lemon,entropy,10,/home1/amadapur/projects/eeg_trait_state_geometry/results/lemon/entropy/hierarchy/hierarchy_results_n10_2_entropyclasses.csv,10.0,10,2
38,State_LDA,9,1.3729310568177036,0.0,lemon,entropy,10,/home1/amadapur/projects/eeg_trait_state_geometry/results/lemon/entropy/hierarchy/hierarchy_results_n10_2_entropyclasses.csv,10.0,10,2
39,Joint_LDA,9,1.6435711562487618,0.0,lemon,entropy,10,/home1/amadapur/projects/eeg_trait_state_geometry/results/lemon/entropy/hierarchy/hierarchy_results_n10_2_entropyclasses.csv,10.0,10,2
0,Raw,0,1.2476095741107085,0.0,lemon,entropy,all,/home1/amadapur/projects/eeg_trait_state_geometry/results/lemon/entropy/hierarchy/hierarchy_results_nall_2_entropyclasses.csv,156.0,all (156),2
1,Trait_LDA,0,1.8354994941104352,0.0,lemon,entropy,all,/home1/amadapur/projects/eeg_trait_state_geometry/results/lemon/entropy/hierarchy/hierarchy_results_nall_2_entropyclasses.csv,156.0,all (156),2
2,State_LDA,0,0.9765762700947408,0.0,lemon,entropy,all,/home1/amadapur/projects/eeg_trait_state_geometry/results/lemon/entropy/hierarchy/hierarchy_results_nall_2_entropyclasses.csv,156.0,all (156),2
3,Joint_LDA,0,1.5392153394853567,0.0,lemon,entropy,all,/home1/amadapur/projects/eeg_trait_state_geometry/results/lemon/entropy/hierarchy/hierarchy_results_nall_2_entropyclasses.csv,156.0,all (156),2
0,Raw,0,1.1937869687055715,0.0,lemon,entropy,20,/home1/amadapur/projects/eeg_trait_state_geometry/results/lemon/entropy/hierarchy/hierarchy_results_n20_2_entropyclasses.csv,20.0,20,2
1,Trait_LDA,0,1.6439210230708357,0.0,lemon,entropy,20,/home1/amadapur/projects/eeg_trait_state_geometry/results/lemon/entropy/hierarchy/hierarchy_results_n20_2_entropyclasses.csv,20.0,20,2
2,State_LDA,0,1.3177866708447126,0.0,lemon,entropy,20,/home1/amadapur/projects/eeg_trait_state_geometry/results/lemon/entropy/hierarchy/hierarchy_results_n20_2_entropyclasses.csv,20.0,20,2
3,Joint_LDA,0,1.612591825051523,0.0,lemon,entropy,20,/home1/amadapur/projects/eeg_trait_state_geometry/results/lemon/entropy/hierarchy/hierarchy_results_n20_2_entropyclasses.csv,20.0,20,2
4,Raw,1,1.4715815553390634,0.0,lemon,entropy,20,/home1/amadapur/projects/eeg_trait_state_geometry/results/lemon/entropy/hierarchy/hierarchy_results_n20_2_entropyclasses.csv,20.0,20,2
5,Trait_LDA,1,1.7467068646733035,0.0,lemon,entropy,20,/home1/amadapur/projects/eeg_trait_state_geometry/results/lemon/entropy/hierarchy/hierarchy_results_n20_2_entropyclasses.csv,20.0,20,2
6,State_LDA,1,1.086585362258902,0.0,lemon,entropy,20,/home1/amadapur/projects/eeg_trait_state_geometry/results/lemon/entropy/hierarchy/hierarchy_results_n20_2_entropyclasses.csv,20.0,20,2
7,Joint_LDA,1,1.7347079892963573,0.0,lemon,entropy,20,/home1/amadapur/projects/eeg_trait_state_geometry/results/lemon/entropy/hierarchy/hierarchy_results_n20_2_entropyclasses.csv,20.0,20,2
8,Raw,2,1.13065095895647,0.0,lemon,entropy,20,/home1/amadapur/projects/eeg_trait_state_geometry/results/lemon/entropy/hierarchy/hierarchy_results_n20_2_entropyclasses.csv,20.0,20,2
9,Trait_LDA,2,1.5181688204049606,0.0,lemon,entropy,20,/home1/amadapur/projects/eeg_trait_state_geometry/results/lemon/entropy/hierarchy/hierarchy_results_n20_2_entropyclasses.csv,20.0,20,2
10,State_LDA,2,1.2836968241776097,0.0,lemon,entropy,20,/home1/amadapur/projects/eeg_trait_state_geometry/results/lemon/entropy/hierarchy/hierarchy_results_n20_2_entropyclasses.csv,20.0,20,2
11,Joint_LDA,2,1.5282708859329246,0.0,lemon,entropy,20,/home1/amadapur/projects/eeg_trait_state_geometry/results/lemon/entropy/hierarchy/hierarchy_results_n20_2_entropyclasses.csv,20.0,20,2
12,Raw,3,1.2033577457223337,0.0,lemon,entropy,20,/home1/amadapur/projects/eeg_trait_state_geometry/results/lemon/entropy/hierarchy/hierarchy_results_n20_2_entropyclasses.csv,20.0,20,2
13,Trait_LDA,3,1.6813771294705453,0.0,lemon,entropy,20,/home1/amadapur/projects/eeg_trait_state_geometry/results/lemon/entropy/hierarchy/hierarchy_results_n20_2_entropyclasses.csv,20.0,20,2
14,State_LDA,3,1.6614898420635995,0.0,lemon,entropy,20,/home1/amadapur/projects/eeg_trait_state_geometry/results/lemon/entropy/hierarchy/hierarchy_results_n20_2_entropyclasses.csv,20.0,20,2
15,Joint_LDA,3,1.69585619165199,0.0,lemon,entropy,20,/home1/amadapur/projects/eeg_trait_state_geometry/results/lemon/entropy/hierarchy/hierarchy_results_n20_2_entropyclasses.csv,20.0,20,2
16,Raw,4,1.5302286639148952,0.0,lemon,entropy,20,/home1/amadapur/projects/eeg_trait_state_geometry/results/lemon/entropy/hierarchy/hierarchy_results_n20_2_entropyclasses.csv,20.0,20,2
17,Trait_LDA,4,1.939992144505375,0.0,lemon,entropy,20,/home1/amadapur/projects/eeg_trait_state_geometry/results/lemon/entropy/hierarchy/hierarchy_results_n20_2_entropyclasses.csv,20.0,20,2
18,State_LDA,4,1.9095136336694245,0.0,lemon,entropy,20,/home1/amadapur/projects/eeg_trait_state_geometry/results/lemon/entropy/hierarchy/hierarchy_results_n20_2_entropyclasses.csv,20.0,20,2
19,Joint_LDA,4,1.961477667079201,0.0,lemon,entropy,20,/home1/amadapur/projects/eeg_trait_state_geometry/results/lemon/entropy/hierarchy/hierarchy_results_n20_2_entropyclasses.csv,20.0,20,2
20,Raw,5,1.2567488893347936,0.0,lemon,entropy,20,/home1/amadapur/projects/eeg_trait_state_geometry/results/lemon/entropy/hierarchy/hierarchy_results_n20_2_entropyclasses.csv,20.0,20,2
21,Trait_LDA,5,1.4494797258544485,0.0,lemon,entropy,20,/home1/amadapur/projects/eeg_trait_state_geometry/results/lemon/entropy/hierarchy/hierarchy_results_n20_2_entropyclasses.csv,20.0,20,2
22,State_LDA,5,0.9944432427461182,0.0,lemon,entropy,20,/home1/amadapur/projects/eeg_trait_state_geometry/results/lemon/entropy/hierarchy/hierarchy_results_n20_2_entropyclasses.csv,20.0,20,2
23,Joint_LDA,5,1.3051266251582594,0.0,lemon,entropy,20,/home1/amadapur/projects/eeg_trait_state_geometry/results/lemon/entropy/hierarchy/hierarchy_results_n20_2_entropyclasses.csv,20.0,20,2
24,Raw,6,1.0341435023770558,0.0,lemon,entropy,20,/home1/amadapur/projects/eeg_trait_state_geometry/results/lemon/entropy/hierarchy/hierarchy_results_n20_2_entropyclasses.csv,20.0,20,2
25,Trait_LDA,6,1.6018849291790342,0.0,lemon,entropy,20,/home1/amadapur/projects/eeg_trait_state_geometry/results/lemon/entropy/hierarchy/hierarchy_results_n20_2_entropyclasses.csv,20.0,20,2
26,State_LDA,6,1.0518813634235291,0.0,lemon,entropy,20,/home1/amadapur/projects/eeg_trait_state_geometry/results/lemon/entropy/hierarchy/hierarchy_results_n20_2_entropyclasses.csv,20.0,20,2
27,Joint_LDA,6,1.5277362342354726,0.0,lemon,entropy,20,/home1/amadapur/projects/eeg_trait_state_geometry/results/lemon/entropy/hierarchy/hierarchy_results_n20_2_entropyclasses.csv,20.0,20,2
28,Raw,7,1.1526753710640645,0.0,lemon,entropy,20,/home1/amadapur/projects/eeg_trait_state_geometry/results/lemon/entropy/hierarchy/hierarchy_results_n20_2_entropyclasses.csv,20.0,20,2
29,Trait_LDA,7,1.3474204296583745,0.0,lemon,entropy,20,/home1/amadapur/projects/eeg_trait_state_geometry/results/lemon/entropy/hierarchy/hierarchy_results_n20_2_entropyclasses.csv,20.0,20,2
30,State_LDA,7,0.9588913735325904,0.0,lemon,entropy,20,/home1/amadapur/projects/eeg_trait_state_geometry/results/lemon/entropy/hierarchy/hierarchy_results_n20_2_entropyclasses.csv,20.0,20,2
31,Joint_LDA,7,1.3116364522924808,0.0,lemon,entropy,20,/home1/amadapur/projects/eeg_trait_state_geometry/results/lemon/entropy/hierarchy/hierarchy_results_n20_2_entropyclasses.csv,20.0,20,2
32,Raw,8,1.0597852746066263,0.0,lemon,entropy,20,/home1/amadapur/projects/eeg_trait_state_geometry/results/lemon/entropy/hierarchy/hierarchy_results_n20_2_entropyclasses.csv,20.0,20,2
33,Trait_LDA,8,2.0568108934372624,0.0,lemon,entropy,20,/home1/amadapur/projects/eeg_trait_state_geometry/results/lemon/entropy/hierarchy/hierarchy_results_n20_2_entropyclasses.csv,20.0,20,2
34,State_LDA,8,1.4617382576615974,0.0,lemon,entropy,20,/home1/amadapur/projects/eeg_trait_state_geometry/results/lemon/entropy/hierarchy/hierarchy_results_n20_2_entropyclasses.csv,20.0,20,2
35,Joint_LDA,8,1.9826534491088292,0.0,lemon,entropy,20,/home1/amadapur/projects/eeg_trait_state_geometry/results/lemon/entropy/hierarchy/hierarchy_results_n20_2_entropyclasses.csv,20.0,20,2
36,Raw,9,1.1349260745477616,0.0,lemon,entropy,20,/home1/amadapur/projects/eeg_trait_state_geometry/results/lemon/entropy/hierarchy/hierarchy_results_n20_2_entropyclasses.csv,20.0,20,2
37,Trait_LDA,9,1.699687227287073,0.0,lemon,entropy,20,/home1/amadapur/projects/eeg_trait_state_geometry/results/lemon/entropy/hierarchy/hierarchy_results_n20_2_entropyclasses.csv,20.0,20,2
38,State_LDA,9,1.0645575695199097,0.428,lemon,entropy,20,/home1/amadapur/projects/eeg_trait_state_geometry/results/lemon/entropy/hierarchy/hierarchy_results_n20_2_entropyclasses.csv,20.0,20,2
39,Joint_LDA,9,1.5997260288777548,0.0,lemon,entropy,20,/home1/amadapur/projects/eeg_trait_state_geometry/results/lemon/entropy/hierarchy/hierarchy_results_n20_2_entropyclasses.csv,20.0,20,2
0,Raw,0,6.735753705901276,0.0,lee,psd,10,/home1/amadapur/projects/eeg_trait_state_geometry/results/lee/psd/hierarchy/hierarchy_results_n10_2_psdclasses.csv,10.0,10,2
1,Trait_LDA,0,13.399953874054637,0.0,lee,psd,10,/home1/amadapur/projects/eeg_trait_state_geometry/results/lee/psd/hierarchy/hierarchy_results_n10_2_psdclasses.csv,10.0,10,2
2,State_LDA,0,1.0,0.941,lee,psd,10,/home1/amadapur/projects/eeg_trait_state_geometry/results/lee/psd/hierarchy/hierarchy_results_n10_2_psdclasses.csv,10.0,10,2
3,Joint_LDA,0,9.311536950274675,0.0,lee,psd,10,/home1/amadapur/projects/eeg_trait_state_geometry/results/lee/psd/hierarchy/hierarchy_results_n10_2_psdclasses.csv,10.0,10,2
4,Raw,1,4.0515235096445394,0.0,lee,psd,10,/home1/amadapur/projects/eeg_trait_state_geometry/results/lee/psd/hierarchy/hierarchy_results_n10_2_psdclasses.csv,10.0,10,2
5,Trait_LDA,1,8.271896911412878,0.0,lee,psd,10,/home1/amadapur/projects/eeg_trait_state_geometry/results/lee/psd/hierarchy/hierarchy_results_n10_2_psdclasses.csv,10.0,10,2
6,State_LDA,1,5.36483882700723,0.0,lee,psd,10,/home1/amadapur/projects/eeg_trait_state_geometry/results/lee/psd/hierarchy/hierarchy_results_n10_2_psdclasses.csv,10.0,10,2
7,Joint_LDA,1,6.341091477794609,0.0,lee,psd,10,/home1/amadapur/projects/eeg_trait_state_geometry/results/lee/psd/hierarchy/hierarchy_results_n10_2_psdclasses.csv,10.0,10,2
8,Raw,2,5.043221700060709,0.0,lee,psd,10,/home1/amadapur/projects/eeg_trait_state_geometry/results/lee/psd/hierarchy/hierarchy_results_n10_2_psdclasses.csv,10.0,10,2
9,Trait_LDA,2,9.100801996286725,0.0,lee,psd,10,/home1/amadapur/projects/eeg_trait_state_geometry/results/lee/psd/hierarchy/hierarchy_results_n10_2_psdclasses.csv,10.0,10,2
10,State_LDA,2,1.0,0.656,lee,psd,10,/home1/amadapur/projects/eeg_trait_state_geometry/results/lee/psd/hierarchy/hierarchy_results_n10_2_psdclasses.csv,10.0,10,2
11,Joint_LDA,2,8.141887980368555,0.0,lee,psd,10,/home1/amadapur/projects/eeg_trait_state_geometry/results/lee/psd/hierarchy/hierarchy_results_n10_2_psdclasses.csv,10.0,10,2
12,Raw,3,7.86753647453796,0.0,lee,psd,10,/home1/amadapur/projects/eeg_trait_state_geometry/results/lee/psd/hierarchy/hierarchy_results_n10_2_psdclasses.csv,10.0,10,2
13,Trait_LDA,3,12.0311101044278,0.0,lee,psd,10,/home1/amadapur/projects/eeg_trait_state_geometry/results/lee/psd/hierarchy/hierarchy_results_n10_2_psdclasses.csv,10.0,10,2
14,State_LDA,3,22.14071539108171,0.0,lee,psd,10,/home1/amadapur/projects/eeg_trait_state_geometry/results/lee/psd/hierarchy/hierarchy_results_n10_2_psdclasses.csv,10.0,10,2
15,Joint_LDA,3,12.445375956656973,0.0,lee,psd,10,/home1/amadapur/projects/eeg_trait_state_geometry/results/lee/psd/hierarchy/hierarchy_results_n10_2_psdclasses.csv,10.0,10,2
16,Raw,4,3.744046834828673,0.0,lee,psd,10,/home1/amadapur/projects/eeg_trait_state_geometry/results/lee/psd/hierarchy/hierarchy_results_n10_2_psdclasses.csv,10.0,10,2
17,Trait_LDA,4,10.602290618966828,0.0,lee,psd,10,/home1/amadapur/projects/eeg_trait_state_geometry/results/lee/psd/hierarchy/hierarchy_results_n10_2_psdclasses.csv,10.0,10,2
18,State_LDA,4,8.83136965086368,0.0,lee,psd,10,/home1/amadapur/projects/eeg_trait_state_geometry/results/lee/psd/hierarchy/hierarchy_results_n10_2_psdclasses.csv,10.0,10,2
19,Joint_LDA,4,10.076770029096458,0.0,lee,psd,10,/home1/amadapur/projects/eeg_trait_state_geometry/results/lee/psd/hierarchy/hierarchy_results_n10_2_psdclasses.csv,10.0,10,2
20,Raw,5,9.625343256518535,0.0,lee,psd,10,/home1/amadapur/projects/eeg_trait_state_geometry/results/lee/psd/hierarchy/hierarchy_results_n10_2_psdclasses.csv,10.0,10,2
21,Trait_LDA,5,7.71282681308465,0.0,lee,psd,10,/home1/amadapur/projects/eeg_trait_state_geometry/results/lee/psd/hierarchy/hierarchy_results_n10_2_psdclasses.csv,10.0,10,2
22,State_LDA,5,9.02530026543023,0.0,lee,psd,10,/home1/amadapur/projects/eeg_trait_state_geometry/results/lee/psd/hierarchy/hierarchy_results_n10_2_psdclasses.csv,10.0,10,2
23,Joint_LDA,5,7.39282868983348,0.0,lee,psd,10,/home1/amadapur/projects/eeg_trait_state_geometry/results/lee/psd/hierarchy/hierarchy_results_n10_2_psdclasses.csv,10.0,10,2
24,Raw,6,10.957423219178558,0.0,lee,psd,10,/home1/amadapur/projects/eeg_trait_state_geometry/results/lee/psd/hierarchy/hierarchy_results_n10_2_psdclasses.csv,10.0,10,2
25,Trait_LDA,6,17.036638744191144,0.0,lee,psd,10,/home1/amadapur/projects/eeg_trait_state_geometry/results/lee/psd/hierarchy/hierarchy_results_n10_2_psdclasses.csv,10.0,10,2
26,State_LDA,6,9.798569590951905,0.0,lee,psd,10,/home1/amadapur/projects/eeg_trait_state_geometry/results/lee/psd/hierarchy/hierarchy_results_n10_2_psdclasses.csv,10.0,10,2
27,Joint_LDA,6,13.899926300421496,0.0,lee,psd,10,/home1/amadapur/projects/eeg_trait_state_geometry/results/lee/psd/hierarchy/hierarchy_results_n10_2_psdclasses.csv,10.0,10,2
28,Raw,7,10.89172211115509,0.0,lee,psd,10,/home1/amadapur/projects/eeg_trait_state_geometry/results/lee/psd/hierarchy/hierarchy_results_n10_2_psdclasses.csv,10.0,10,2
29,Trait_LDA,7,24.72706742738628,0.0,lee,psd,10,/home1/amadapur/projects/eeg_trait_state_geometry/results/lee/psd/hierarchy/hierarchy_results_n10_2_psdclasses.csv,10.0,10,2
30,State_LDA,7,26.883621350274268,0.0,lee,psd,10,/home1/amadapur/projects/eeg_trait_state_geometry/results/lee/psd/hierarchy/hierarchy_results_n10_2_psdclasses.csv,10.0,10,2
31,Joint_LDA,7,22.119529061152267,0.0,lee,psd,10,/home1/amadapur/projects/eeg_trait_state_geometry/results/lee/psd/hierarchy/hierarchy_results_n10_2_psdclasses.csv,10.0,10,2
32,Raw,8,9.792712358450876,0.0,lee,psd,10,/home1/amadapur/projects/eeg_trait_state_geometry/results/lee/psd/hierarchy/hierarchy_results_n10_2_psdclasses.csv,10.0,10,2
33,Trait_LDA,8,10.270035837489008,0.0,lee,psd,10,/home1/amadapur/projects/eeg_trait_state_geometry/results/lee/psd/hierarchy/hierarchy_results_n10_2_psdclasses.csv,10.0,10,2
34,State_LDA,8,1.917422026333196,0.0,lee,psd,10,/home1/amadapur/projects/eeg_trait_state_geometry/results/lee/psd/hierarchy/hierarchy_results_n10_2_psdclasses.csv,10.0,10,2
35,Joint_LDA,8,8.359326232485012,0.0,lee,psd,10,/home1/amadapur/projects/eeg_trait_state_geometry/results/lee/psd/hierarchy/hierarchy_results_n10_2_psdclasses.csv,10.0,10,2
36,Raw,9,5.127522527117463,0.0,lee,psd,10,/home1/amadapur/projects/eeg_trait_state_geometry/results/lee/psd/hierarchy/hierarchy_results_n10_2_psdclasses.csv,10.0,10,2
37,Trait_LDA,9,3.165871477024192,0.0,lee,psd,10,/home1/amadapur/projects/eeg_trait_state_geometry/results/lee/psd/hierarchy/hierarchy_results_n10_2_psdclasses.csv,10.0,10,2
38,State_LDA,9,2.7317829407649774,0.0,lee,psd,10,/home1/amadapur/projects/eeg_trait_state_geometry/results/lee/psd/hierarchy/hierarchy_results_n10_2_psdclasses.csv,10.0,10,2
39,Joint_LDA,9,2.6536451879132894,0.0,lee,psd,10,/home1/amadapur/projects/eeg_trait_state_geometry/results/lee/psd/hierarchy/hierarchy_results_n10_2_psdclasses.csv,10.0,10,2
0,Raw,0,9.552286798048671,0.0,lee,psd,20,/home1/amadapur/projects/eeg_trait_state_geometry/results/lee/psd/hierarchy/hierarchy_results_n20_2_psdclasses.csv,20.0,20,2
1,Trait_LDA,0,9.524734923054288,0.0,lee,psd,20,/home1/amadapur/projects/eeg_trait_state_geometry/results/lee/psd/hierarchy/hierarchy_results_n20_2_psdclasses.csv,20.0,20,2
2,State_LDA,0,4.017270962514309,0.0,lee,psd,20,/home1/amadapur/projects/eeg_trait_state_geometry/results/lee/psd/hierarchy/hierarchy_results_n20_2_psdclasses.csv,20.0,20,2
3,Joint_LDA,0,9.59057219975215,0.0,lee,psd,20,/home1/amadapur/projects/eeg_trait_state_geometry/results/lee/psd/hierarchy/hierarchy_results_n20_2_psdclasses.csv,20.0,20,2
4,Raw,1,6.350972097657269,0.0,lee,psd,20,/home1/amadapur/projects/eeg_trait_state_geometry/results/lee/psd/hierarchy/hierarchy_results_n20_2_psdclasses.csv,20.0,20,2
5,Trait_LDA,1,8.155818487732379,0.0,lee,psd,20,/home1/amadapur/projects/eeg_trait_state_geometry/results/lee/psd/hierarchy/hierarchy_results_n20_2_psdclasses.csv,20.0,20,2
6,State_LDA,1,10.12823385989292,0.0,lee,psd,20,/home1/amadapur/projects/eeg_trait_state_geometry/results/lee/psd/hierarchy/hierarchy_results_n20_2_psdclasses.csv,20.0,20,2
7,Joint_LDA,1,8.16511062175543,0.0,lee,psd,20,/home1/amadapur/projects/eeg_trait_state_geometry/results/lee/psd/hierarchy/hierarchy_results_n20_2_psdclasses.csv,20.0,20,2
8,Raw,2,8.080207629265727,0.0,lee,psd,20,/home1/amadapur/projects/eeg_trait_state_geometry/results/lee/psd/hierarchy/hierarchy_results_n20_2_psdclasses.csv,20.0,20,2
9,Trait_LDA,2,8.066827309494276,0.0,lee,psd,20,/home1/amadapur/projects/eeg_trait_state_geometry/results/lee/psd/hierarchy/hierarchy_results_n20_2_psdclasses.csv,20.0,20,2
10,State_LDA,2,18.68715812676849,0.0,lee,psd,20,/home1/amadapur/projects/eeg_trait_state_geometry/results/lee/psd/hierarchy/hierarchy_results_n20_2_psdclasses.csv,20.0,20,2
11,Joint_LDA,2,8.063292202011695,0.0,lee,psd,20,/home1/amadapur/projects/eeg_trait_state_geometry/results/lee/psd/hierarchy/hierarchy_results_n20_2_psdclasses.csv,20.0,20,2
12,Raw,3,7.973445816485581,0.0,lee,psd,20,/home1/amadapur/projects/eeg_trait_state_geometry/results/lee/psd/hierarchy/hierarchy_results_n20_2_psdclasses.csv,20.0,20,2
13,Trait_LDA,3,8.287521509811105,0.0,lee,psd,20,/home1/amadapur/projects/eeg_trait_state_geometry/results/lee/psd/hierarchy/hierarchy_results_n20_2_psdclasses.csv,20.0,20,2
14,State_LDA,3,22.70720352922506,0.0,lee,psd,20,/home1/amadapur/projects/eeg_trait_state_geometry/results/lee/psd/hierarchy/hierarchy_results_n20_2_psdclasses.csv,20.0,20,2
15,Joint_LDA,3,8.250317273448466,0.0,lee,psd,20,/home1/amadapur/projects/eeg_trait_state_geometry/results/lee/psd/hierarchy/hierarchy_results_n20_2_psdclasses.csv,20.0,20,2
16,Raw,4,8.667464540625042,0.0,lee,psd,20,/home1/amadapur/projects/eeg_trait_state_geometry/results/lee/psd/hierarchy/hierarchy_results_n20_2_psdclasses.csv,20.0,20,2
17,Trait_LDA,4,9.12835527603979,0.0,lee,psd,20,/home1/amadapur/projects/eeg_trait_state_geometry/results/lee/psd/hierarchy/hierarchy_results_n20_2_psdclasses.csv,20.0,20,2
18,State_LDA,4,9.70593468087807,0.0,lee,psd,20,/home1/amadapur/projects/eeg_trait_state_geometry/results/lee/psd/hierarchy/hierarchy_results_n20_2_psdclasses.csv,20.0,20,2
19,Joint_LDA,4,9.143419798741537,0.0,lee,psd,20,/home1/amadapur/projects/eeg_trait_state_geometry/results/lee/psd/hierarchy/hierarchy_results_n20_2_psdclasses.csv,20.0,20,2
20,Raw,5,9.982946076967105,0.0,lee,psd,20,/home1/amadapur/projects/eeg_trait_state_geometry/results/lee/psd/hierarchy/hierarchy_results_n20_2_psdclasses.csv,20.0,20,2
21,Trait_LDA,5,9.746819107245772,0.0,lee,psd,20,/home1/amadapur/projects/eeg_trait_state_geometry/results/lee/psd/hierarchy/hierarchy_results_n20_2_psdclasses.csv,20.0,20,2
22,State_LDA,5,11.518527782443178,0.0,lee,psd,20,/home1/amadapur/projects/eeg_trait_state_geometry/results/lee/psd/hierarchy/hierarchy_results_n20_2_psdclasses.csv,20.0,20,2
23,Joint_LDA,5,9.737574952010808,0.0,lee,psd,20,/home1/amadapur/projects/eeg_trait_state_geometry/results/lee/psd/hierarchy/hierarchy_results_n20_2_psdclasses.csv,20.0,20,2
24,Raw,6,6.634962066798651,0.0,lee,psd,20,/home1/amadapur/projects/eeg_trait_state_geometry/results/lee/psd/hierarchy/hierarchy_results_n20_2_psdclasses.csv,20.0,20,2
25,Trait_LDA,6,7.552997757989344,0.0,lee,psd,20,/home1/amadapur/projects/eeg_trait_state_geometry/results/lee/psd/hierarchy/hierarchy_results_n20_2_psdclasses.csv,20.0,20,2
26,State_LDA,6,5.842699942949921,0.0,lee,psd,20,/home1/amadapur/projects/eeg_trait_state_geometry/results/lee/psd/hierarchy/hierarchy_results_n20_2_psdclasses.csv,20.0,20,2
27,Joint_LDA,6,7.532169510790678,0.0,lee,psd,20,/home1/amadapur/projects/eeg_trait_state_geometry/results/lee/psd/hierarchy/hierarchy_results_n20_2_psdclasses.csv,20.0,20,2
28,Raw,7,13.195043198967465,0.0,lee,psd,20,/home1/amadapur/projects/eeg_trait_state_geometry/results/lee/psd/hierarchy/hierarchy_results_n20_2_psdclasses.csv,20.0,20,2
29,Trait_LDA,7,15.043731016425944,0.0,lee,psd,20,/home1/amadapur/projects/eeg_trait_state_geometry/results/lee/psd/hierarchy/hierarchy_results_n20_2_psdclasses.csv,20.0,20,2
30,State_LDA,7,25.278556172718936,0.0,lee,psd,20,/home1/amadapur/projects/eeg_trait_state_geometry/results/lee/psd/hierarchy/hierarchy_results_n20_2_psdclasses.csv,20.0,20,2
31,Joint_LDA,7,14.95629518487129,0.0,lee,psd,20,/home1/amadapur/projects/eeg_trait_state_geometry/results/lee/psd/hierarchy/hierarchy_results_n20_2_psdclasses.csv,20.0,20,2
32,Raw,8,6.299869148834721,0.0,lee,psd,20,/home1/amadapur/projects/eeg_trait_state_geometry/results/lee/psd/hierarchy/hierarchy_results_n20_2_psdclasses.csv,20.0,20,2
33,Trait_LDA,8,9.440073478438602,0.0,lee,psd,20,/home1/amadapur/projects/eeg_trait_state_geometry/results/lee/psd/hierarchy/hierarchy_results_n20_2_psdclasses.csv,20.0,20,2
34,State_LDA,8,5.673115827983303,0.0,lee,psd,20,/home1/amadapur/projects/eeg_trait_state_geometry/results/lee/psd/hierarchy/hierarchy_results_n20_2_psdclasses.csv,20.0,20,2
35,Joint_LDA,8,9.418436018294972,0.0,lee,psd,20,/home1/amadapur/projects/eeg_trait_state_geometry/results/lee/psd/hierarchy/hierarchy_results_n20_2_psdclasses.csv,20.0,20,2
36,Raw,9,6.736967144627206,0.0,lee,psd,20,/home1/amadapur/projects/eeg_trait_state_geometry/results/lee/psd/hierarchy/hierarchy_results_n20_2_psdclasses.csv,20.0,20,2
37,Trait_LDA,9,6.475880155243771,0.0,lee,psd,20,/home1/amadapur/projects/eeg_trait_state_geometry/results/lee/psd/hierarchy/hierarchy_results_n20_2_psdclasses.csv,20.0,20,2
38,State_LDA,9,5.588938756249348,0.0,lee,psd,20,/home1/amadapur/projects/eeg_trait_state_geometry/results/lee/psd/hierarchy/hierarchy_results_n20_2_psdclasses.csv,20.0,20,2
39,Joint_LDA,9,6.468154064926918,0.0,lee,psd,20,/home1/amadapur/projects/eeg_trait_state_geometry/results/lee/psd/hierarchy/hierarchy_results_n20_2_psdclasses.csv,20.0,20,2
0,Raw,0,7.062668234143469,0.0,lee,psd,all,/home1/amadapur/projects/eeg_trait_state_geometry/results/lee/psd/hierarchy/hierarchy_results_nall_2_psdclasses.csv,54.0,all (54),2
1,Trait_LDA,0,7.479777788778006,0.0,lee,psd,all,/home1/amadapur/projects/eeg_trait_state_geometry/results/lee/psd/hierarchy/hierarchy_results_nall_2_psdclasses.csv,54.0,all (54),2
2,State_LDA,0,2.702003800407762,0.0,lee,psd,all,/home1/amadapur/projects/eeg_trait_state_geometry/results/lee/psd/hierarchy/hierarchy_results_nall_2_psdclasses.csv,54.0,all (54),2
3,Joint_LDA,0,7.44759924471182,0.0,lee,psd,all,/home1/amadapur/projects/eeg_trait_state_geometry/results/lee/psd/hierarchy/hierarchy_results_nall_2_psdclasses.csv,54.0,all (54),2
0,Raw,0,4.798243565037493,0.0,gamma,complexity,4,/home1/amadapur/projects/eeg_trait_state_geometry/results/gamma/complexity/hierarchy/hierarchy_results_n4_4_complexityclasses.csv,4.0,4,4
1,Trait_LDA,0,17.431870226618912,0.0,gamma,complexity,4,/home1/amadapur/projects/eeg_trait_state_geometry/results/gamma/complexity/hierarchy/hierarchy_results_n4_4_complexityclasses.csv,4.0,4,4
2,State_LDA,0,5.837131165571947,0.0,gamma,complexity,4,/home1/amadapur/projects/eeg_trait_state_geometry/results/gamma/complexity/hierarchy/hierarchy_results_n4_4_complexityclasses.csv,4.0,4,4
3,Joint_LDA,0,10.557785884484044,0.0,gamma,complexity,4,/home1/amadapur/projects/eeg_trait_state_geometry/results/gamma/complexity/hierarchy/hierarchy_results_n4_4_complexityclasses.csv,4.0,4,4
4,Raw,1,5.186579219302569,0.0,gamma,complexity,4,/home1/amadapur/projects/eeg_trait_state_geometry/results/gamma/complexity/hierarchy/hierarchy_results_n4_4_complexityclasses.csv,4.0,4,4
5,Trait_LDA,1,23.789230374126657,0.0,gamma,complexity,4,/home1/amadapur/projects/eeg_trait_state_geometry/results/gamma/complexity/hierarchy/hierarchy_results_n4_4_complexityclasses.csv,4.0,4,4
6,State_LDA,1,8.05290041886608,0.0,gamma,complexity,4,/home1/amadapur/projects/eeg_trait_state_geometry/results/gamma/complexity/hierarchy/hierarchy_results_n4_4_complexityclasses.csv,4.0,4,4
7,Joint_LDA,1,12.106390663382037,0.0,gamma,complexity,4,/home1/amadapur/projects/eeg_trait_state_geometry/results/gamma/complexity/hierarchy/hierarchy_results_n4_4_complexityclasses.csv,4.0,4,4
8,Raw,2,8.771449856709959,0.0,gamma,complexity,4,/home1/amadapur/projects/eeg_trait_state_geometry/results/gamma/complexity/hierarchy/hierarchy_results_n4_4_complexityclasses.csv,4.0,4,4
9,Trait_LDA,2,15.741543166307125,0.0,gamma,complexity,4,/home1/amadapur/projects/eeg_trait_state_geometry/results/gamma/complexity/hierarchy/hierarchy_results_n4_4_complexityclasses.csv,4.0,4,4
10,State_LDA,2,7.38194913690474,0.0,gamma,complexity,4,/home1/amadapur/projects/eeg_trait_state_geometry/results/gamma/complexity/hierarchy/hierarchy_results_n4_4_complexityclasses.csv,4.0,4,4
11,Joint_LDA,2,11.656443749957091,0.0,gamma,complexity,4,/home1/amadapur/projects/eeg_trait_state_geometry/results/gamma/complexity/hierarchy/hierarchy_results_n4_4_complexityclasses.csv,4.0,4,4
12,Raw,3,5.711886737098468,0.0,gamma,complexity,4,/home1/amadapur/projects/eeg_trait_state_geometry/results/gamma/complexity/hierarchy/hierarchy_results_n4_4_complexityclasses.csv,4.0,4,4
13,Trait_LDA,3,14.274967582610085,0.0,gamma,complexity,4,/home1/amadapur/projects/eeg_trait_state_geometry/results/gamma/complexity/hierarchy/hierarchy_results_n4_4_complexityclasses.csv,4.0,4,4
14,State_LDA,3,6.895714556326899,0.0,gamma,complexity,4,/home1/amadapur/projects/eeg_trait_state_geometry/results/gamma/complexity/hierarchy/hierarchy_results_n4_4_complexityclasses.csv,4.0,4,4
15,Joint_LDA,3,8.901644013238196,0.0,gamma,complexity,4,/home1/amadapur/projects/eeg_trait_state_geometry/results/gamma/complexity/hierarchy/hierarchy_results_n4_4_complexityclasses.csv,4.0,4,4
16,Raw,4,8.135915030503106,0.0,gamma,complexity,4,/home1/amadapur/projects/eeg_trait_state_geometry/results/gamma/complexity/hierarchy/hierarchy_results_n4_4_complexityclasses.csv,4.0,4,4
17,Trait_LDA,4,15.900617708459896,0.0,gamma,complexity,4,/home1/amadapur/projects/eeg_trait_state_geometry/results/gamma/complexity/hierarchy/hierarchy_results_n4_4_complexityclasses.csv,4.0,4,4
18,State_LDA,4,7.879522492767689,0.0,gamma,complexity,4,/home1/amadapur/projects/eeg_trait_state_geometry/results/gamma/complexity/hierarchy/hierarchy_results_n4_4_complexityclasses.csv,4.0,4,4
19,Joint_LDA,4,11.984073448465264,0.0,gamma,complexity,4,/home1/amadapur/projects/eeg_trait_state_geometry/results/gamma/complexity/hierarchy/hierarchy_results_n4_4_complexityclasses.csv,4.0,4,4
20,Raw,5,7.729043032456834,0.0,gamma,complexity,4,/home1/amadapur/projects/eeg_trait_state_geometry/results/gamma/complexity/hierarchy/hierarchy_results_n4_4_complexityclasses.csv,4.0,4,4
21,Trait_LDA,5,11.190622008532692,0.0,gamma,complexity,4,/home1/amadapur/projects/eeg_trait_state_geometry/results/gamma/complexity/hierarchy/hierarchy_results_n4_4_complexityclasses.csv,4.0,4,4
22,State_LDA,5,6.047665029734269,0.0,gamma,complexity,4,/home1/amadapur/projects/eeg_trait_state_geometry/results/gamma/complexity/hierarchy/hierarchy_results_n4_4_complexityclasses.csv,4.0,4,4
23,Joint_LDA,5,8.532699140867912,0.0,gamma,complexity,4,/home1/amadapur/projects/eeg_trait_state_geometry/results/gamma/complexity/hierarchy/hierarchy_results_n4_4_complexityclasses.csv,4.0,4,4
24,Raw,6,7.308632880624067,0.0,gamma,complexity,4,/home1/amadapur/projects/eeg_trait_state_geometry/results/gamma/complexity/hierarchy/hierarchy_results_n4_4_complexityclasses.csv,4.0,4,4
25,Trait_LDA,6,13.758332332527123,0.0,gamma,complexity,4,/home1/amadapur/projects/eeg_trait_state_geometry/results/gamma/complexity/hierarchy/hierarchy_results_n4_4_complexityclasses.csv,4.0,4,4
26,State_LDA,6,10.648186356504969,0.0,gamma,complexity,4,/home1/amadapur/projects/eeg_trait_state_geometry/results/gamma/complexity/hierarchy/hierarchy_results_n4_4_complexityclasses.csv,4.0,4,4
27,Joint_LDA,6,7.963589095520361,0.0,gamma,complexity,4,/home1/amadapur/projects/eeg_trait_state_geometry/results/gamma/complexity/hierarchy/hierarchy_results_n4_4_complexityclasses.csv,4.0,4,4
28,Raw,7,3.1662060122483435,0.0,gamma,complexity,4,/home1/amadapur/projects/eeg_trait_state_geometry/results/gamma/complexity/hierarchy/hierarchy_results_n4_4_complexityclasses.csv,4.0,4,4
29,Trait_LDA,7,5.029598885959229,0.0,gamma,complexity,4,/home1/amadapur/projects/eeg_trait_state_geometry/results/gamma/complexity/hierarchy/hierarchy_results_n4_4_complexityclasses.csv,4.0,4,4
30,State_LDA,7,3.077842251356161,0.0,gamma,complexity,4,/home1/amadapur/projects/eeg_trait_state_geometry/results/gamma/complexity/hierarchy/hierarchy_results_n4_4_complexityclasses.csv,4.0,4,4
31,Joint_LDA,7,4.36175232470632,0.0,gamma,complexity,4,/home1/amadapur/projects/eeg_trait_state_geometry/results/gamma/complexity/hierarchy/hierarchy_results_n4_4_complexityclasses.csv,4.0,4,4
32,Raw,8,2.964649420488893,0.0,gamma,complexity,4,/home1/amadapur/projects/eeg_trait_state_geometry/results/gamma/complexity/hierarchy/hierarchy_results_n4_4_complexityclasses.csv,4.0,4,4
33,Trait_LDA,8,5.433920756246212,0.0,gamma,complexity,4,/home1/amadapur/projects/eeg_trait_state_geometry/results/gamma/complexity/hierarchy/hierarchy_results_n4_4_complexityclasses.csv,4.0,4,4
34,State_LDA,8,3.729003976188995,0.0,gamma,complexity,4,/home1/amadapur/projects/eeg_trait_state_geometry/results/gamma/complexity/hierarchy/hierarchy_results_n4_4_complexityclasses.csv,4.0,4,4
35,Joint_LDA,8,3.311359704998577,0.0,gamma,complexity,4,/home1/amadapur/projects/eeg_trait_state_geometry/results/gamma/complexity/hierarchy/hierarchy_results_n4_4_complexityclasses.csv,4.0,4,4
36,Raw,9,4.365984152523098,0.0,gamma,complexity,4,/home1/amadapur/projects/eeg_trait_state_geometry/results/gamma/complexity/hierarchy/hierarchy_results_n4_4_complexityclasses.csv,4.0,4,4
37,Trait_LDA,9,12.00199159263712,0.0,gamma,complexity,4,/home1/amadapur/projects/eeg_trait_state_geometry/results/gamma/complexity/hierarchy/hierarchy_results_n4_4_complexityclasses.csv,4.0,4,4
38,State_LDA,9,5.229859287062837,0.0,gamma,complexity,4,/home1/amadapur/projects/eeg_trait_state_geometry/results/gamma/complexity/hierarchy/hierarchy_results_n4_4_complexityclasses.csv,4.0,4,4
39,Joint_LDA,9,6.433895712268868,0.0,gamma,complexity,4,/home1/amadapur/projects/eeg_trait_state_geometry/results/gamma/complexity/hierarchy/hierarchy_results_n4_4_complexityclasses.csv,4.0,4,4
0,Raw,0,4.78670825663708,0.0,gamma,complexity,14,/home1/amadapur/projects/eeg_trait_state_geometry/results/gamma/complexity/hierarchy/hierarchy_results_n14_4_complexityclasses.csv,14.0,14,4
1,Trait_LDA,0,10.018453864021025,0.0,gamma,complexity,14,/home1/amadapur/projects/eeg_trait_state_geometry/results/gamma/complexity/hierarchy/hierarchy_results_n14_4_complexityclasses.csv,14.0,14,4
2,State_LDA,0,1.0003313634316082,0.0,gamma,complexity,14,/home1/amadapur/projects/eeg_trait_state_geometry/results/gamma/complexity/hierarchy/hierarchy_results_n14_4_complexityclasses.csv,14.0,14,4
3,Joint_LDA,0,7.87726314477977,0.0,gamma,complexity,14,/home1/amadapur/projects/eeg_trait_state_geometry/results/gamma/complexity/hierarchy/hierarchy_results_n14_4_complexityclasses.csv,14.0,14,4
0,Raw,0,10.899430090207971,0.0,gamma,complexity,10,/home1/amadapur/projects/eeg_trait_state_geometry/results/gamma/complexity/hierarchy/hierarchy_results_n10_4_complexityclasses.csv,10.0,10,4
1,Trait_LDA,0,9.729971668250943,0.0,gamma,complexity,10,/home1/amadapur/projects/eeg_trait_state_geometry/results/gamma/complexity/hierarchy/hierarchy_results_n10_4_complexityclasses.csv,10.0,10,4
2,State_LDA,0,3.069112901894777,0.0,gamma,complexity,10,/home1/amadapur/projects/eeg_trait_state_geometry/results/gamma/complexity/hierarchy/hierarchy_results_n10_4_complexityclasses.csv,10.0,10,4
3,Joint_LDA,0,9.032006686822218,0.0,gamma,complexity,10,/home1/amadapur/projects/eeg_trait_state_geometry/results/gamma/complexity/hierarchy/hierarchy_results_n10_4_complexityclasses.csv,10.0,10,4
4,Raw,1,10.61667616540303,0.0,gamma,complexity,10,/home1/amadapur/projects/eeg_trait_state_geometry/results/gamma/complexity/hierarchy/hierarchy_results_n10_4_complexityclasses.csv,10.0,10,4
5,Trait_LDA,1,12.715678309382058,0.0,gamma,complexity,10,/home1/amadapur/projects/eeg_trait_state_geometry/results/gamma/complexity/hierarchy/hierarchy_results_n10_4_complexityclasses.csv,10.0,10,4
6,State_LDA,1,5.849090048938247,0.0,gamma,complexity,10,/home1/amadapur/projects/eeg_trait_state_geometry/results/gamma/complexity/hierarchy/hierarchy_results_n10_4_complexityclasses.csv,10.0,10,4
7,Joint_LDA,1,11.836863321312704,0.0,gamma,complexity,10,/home1/amadapur/projects/eeg_trait_state_geometry/results/gamma/complexity/hierarchy/hierarchy_results_n10_4_complexityclasses.csv,10.0,10,4
8,Raw,2,10.956404410379092,0.0,gamma,complexity,10,/home1/amadapur/projects/eeg_trait_state_geometry/results/gamma/complexity/hierarchy/hierarchy_results_n10_4_complexityclasses.csv,10.0,10,4
9,Trait_LDA,2,6.980493516340493,0.0,gamma,complexity,10,/home1/amadapur/projects/eeg_trait_state_geometry/results/gamma/complexity/hierarchy/hierarchy_results_n10_4_complexityclasses.csv,10.0,10,4
10,State_LDA,2,6.387263811750767,0.0,gamma,complexity,10,/home1/amadapur/projects/eeg_trait_state_geometry/results/gamma/complexity/hierarchy/hierarchy_results_n10_4_complexityclasses.csv,10.0,10,4
11,Joint_LDA,2,6.933483737126936,0.0,gamma,complexity,10,/home1/amadapur/projects/eeg_trait_state_geometry/results/gamma/complexity/hierarchy/hierarchy_results_n10_4_complexityclasses.csv,10.0,10,4
12,Raw,3,11.305201297332031,0.0,gamma,complexity,10,/home1/amadapur/projects/eeg_trait_state_geometry/results/gamma/complexity/hierarchy/hierarchy_results_n10_4_complexityclasses.csv,10.0,10,4
13,Trait_LDA,3,9.577395964968328,0.0,gamma,complexity,10,/home1/amadapur/projects/eeg_trait_state_geometry/results/gamma/complexity/hierarchy/hierarchy_results_n10_4_complexityclasses.csv,10.0,10,4
14,State_LDA,3,3.4706481507693687,0.0,gamma,complexity,10,/home1/amadapur/projects/eeg_trait_state_geometry/results/gamma/complexity/hierarchy/hierarchy_results_n10_4_complexityclasses.csv,10.0,10,4
15,Joint_LDA,3,8.52614237151824,0.0,gamma,complexity,10,/home1/amadapur/projects/eeg_trait_state_geometry/results/gamma/complexity/hierarchy/hierarchy_results_n10_4_complexityclasses.csv,10.0,10,4
16,Raw,4,11.425465774347463,0.0,gamma,complexity,10,/home1/amadapur/projects/eeg_trait_state_geometry/results/gamma/complexity/hierarchy/hierarchy_results_n10_4_complexityclasses.csv,10.0,10,4
17,Trait_LDA,4,12.235502277358684,0.0,gamma,complexity,10,/home1/amadapur/projects/eeg_trait_state_geometry/results/gamma/complexity/hierarchy/hierarchy_results_n10_4_complexityclasses.csv,10.0,10,4
18,State_LDA,4,5.012583361995977,0.0,gamma,complexity,10,/home1/amadapur/projects/eeg_trait_state_geometry/results/gamma/complexity/hierarchy/hierarchy_results_n10_4_complexityclasses.csv,10.0,10,4
19,Joint_LDA,4,11.297854331971722,0.0,gamma,complexity,10,/home1/amadapur/projects/eeg_trait_state_geometry/results/gamma/complexity/hierarchy/hierarchy_results_n10_4_complexityclasses.csv,10.0,10,4
20,Raw,5,11.616260101146462,0.0,gamma,complexity,10,/home1/amadapur/projects/eeg_trait_state_geometry/results/gamma/complexity/hierarchy/hierarchy_results_n10_4_complexityclasses.csv,10.0,10,4
21,Trait_LDA,5,12.323089051472378,0.0,gamma,complexity,10,/home1/amadapur/projects/eeg_trait_state_geometry/results/gamma/complexity/hierarchy/hierarchy_results_n10_4_complexityclasses.csv,10.0,10,4
22,State_LDA,5,5.951688499487992,0.0,gamma,complexity,10,/home1/amadapur/projects/eeg_trait_state_geometry/results/gamma/complexity/hierarchy/hierarchy_results_n10_4_complexityclasses.csv,10.0,10,4
23,Joint_LDA,5,12.05878874073312,0.0,gamma,complexity,10,/home1/amadapur/projects/eeg_trait_state_geometry/results/gamma/complexity/hierarchy/hierarchy_results_n10_4_complexityclasses.csv,10.0,10,4
24,Raw,6,11.71704476400565,0.0,gamma,complexity,10,/home1/amadapur/projects/eeg_trait_state_geometry/results/gamma/complexity/hierarchy/hierarchy_results_n10_4_complexityclasses.csv,10.0,10,4
25,Trait_LDA,6,12.081441891826854,0.0,gamma,complexity,10,/home1/amadapur/projects/eeg_trait_state_geometry/results/gamma/complexity/hierarchy/hierarchy_results_n10_4_complexityclasses.csv,10.0,10,4
26,State_LDA,6,6.247220054624648,0.0,gamma,complexity,10,/home1/amadapur/projects/eeg_trait_state_geometry/results/gamma/complexity/hierarchy/hierarchy_results_n10_4_complexityclasses.csv,10.0,10,4
27,Joint_LDA,6,11.447193221151432,0.0,gamma,complexity,10,/home1/amadapur/projects/eeg_trait_state_geometry/results/gamma/complexity/hierarchy/hierarchy_results_n10_4_complexityclasses.csv,10.0,10,4
28,Raw,7,10.722030009175016,0.0,gamma,complexity,10,/home1/amadapur/projects/eeg_trait_state_geometry/results/gamma/complexity/hierarchy/hierarchy_results_n10_4_complexityclasses.csv,10.0,10,4
29,Trait_LDA,7,8.160403812822443,0.0,gamma,complexity,10,/home1/amadapur/projects/eeg_trait_state_geometry/results/gamma/complexity/hierarchy/hierarchy_results_n10_4_complexityclasses.csv,10.0,10,4
30,State_LDA,7,4.1381332890232425,0.0,gamma,complexity,10,/home1/amadapur/projects/eeg_trait_state_geometry/results/gamma/complexity/hierarchy/hierarchy_results_n10_4_complexityclasses.csv,10.0,10,4
31,Joint_LDA,7,7.776245686453759,0.0,gamma,complexity,10,/home1/amadapur/projects/eeg_trait_state_geometry/results/gamma/complexity/hierarchy/hierarchy_results_n10_4_complexityclasses.csv,10.0,10,4
32,Raw,8,9.434963041430368,0.0,gamma,complexity,10,/home1/amadapur/projects/eeg_trait_state_geometry/results/gamma/complexity/hierarchy/hierarchy_results_n10_4_complexityclasses.csv,10.0,10,4
33,Trait_LDA,8,8.500156982720148,0.0,gamma,complexity,10,/home1/amadapur/projects/eeg_trait_state_geometry/results/gamma/complexity/hierarchy/hierarchy_results_n10_4_complexityclasses.csv,10.0,10,4
34,State_LDA,8,5.281262166520087,0.0,gamma,complexity,10,/home1/amadapur/projects/eeg_trait_state_geometry/results/gamma/complexity/hierarchy/hierarchy_results_n10_4_complexityclasses.csv,10.0,10,4
35,Joint_LDA,8,7.924716058753406,0.0,gamma,complexity,10,/home1/amadapur/projects/eeg_trait_state_geometry/results/gamma/complexity/hierarchy/hierarchy_results_n10_4_complexityclasses.csv,10.0,10,4
36,Raw,9,10.53055174463248,0.0,gamma,complexity,10,/home1/amadapur/projects/eeg_trait_state_geometry/results/gamma/complexity/hierarchy/hierarchy_results_n10_4_complexityclasses.csv,10.0,10,4
37,Trait_LDA,9,9.76269495866695,0.0,gamma,complexity,10,/home1/amadapur/projects/eeg_trait_state_geometry/results/gamma/complexity/hierarchy/hierarchy_results_n10_4_complexityclasses.csv,10.0,10,4
38,State_LDA,9,6.633617018081512,0.0,gamma,complexity,10,/home1/amadapur/projects/eeg_trait_state_geometry/results/gamma/complexity/hierarchy/hierarchy_results_n10_4_complexityclasses.csv,10.0,10,4
39,Joint_LDA,9,8.599999265261115,0.0,gamma,complexity,10,/home1/amadapur/projects/eeg_trait_state_geometry/results/gamma/complexity/hierarchy/hierarchy_results_n10_4_complexityclasses.csv,10.0,10,4
0,Raw,0,4.358372479806759,0.0,gamma,complexity,7,/home1/amadapur/projects/eeg_trait_state_geometry/results/gamma/complexity/hierarchy/hierarchy_results_n7_4_complexityclasses.csv,7.0,7,4
1,Trait_LDA,0,7.580885977446065,0.0,gamma,complexity,7,/home1/amadapur/projects/eeg_trait_state_geometry/results/gamma/complexity/hierarchy/hierarchy_results_n7_4_complexityclasses.csv,7.0,7,4
2,State_LDA,0,2.636324106070772,0.0,gamma,complexity,7,/home1/amadapur/projects/eeg_trait_state_geometry/results/gamma/complexity/hierarchy/hierarchy_results_n7_4_complexityclasses.csv,7.0,7,4
3,Joint_LDA,0,5.638731793922725,0.0,gamma,complexity,7,/home1/amadapur/projects/eeg_trait_state_geometry/results/gamma/complexity/hierarchy/hierarchy_results_n7_4_complexityclasses.csv,7.0,7,4
4,Raw,1,6.309182361957528,0.0,gamma,complexity,7,/home1/amadapur/projects/eeg_trait_state_geometry/results/gamma/complexity/hierarchy/hierarchy_results_n7_4_complexityclasses.csv,7.0,7,4
5,Trait_LDA,1,10.528639442861044,0.0,gamma,complexity,7,/home1/amadapur/projects/eeg_trait_state_geometry/results/gamma/complexity/hierarchy/hierarchy_results_n7_4_complexityclasses.csv,7.0,7,4
6,State_LDA,1,9.061578623637912,0.0,gamma,complexity,7,/home1/amadapur/projects/eeg_trait_state_geometry/results/gamma/complexity/hierarchy/hierarchy_results_n7_4_complexityclasses.csv,7.0,7,4
7,Joint_LDA,1,8.106786073755922,0.0,gamma,complexity,7,/home1/amadapur/projects/eeg_trait_state_geometry/results/gamma/complexity/hierarchy/hierarchy_results_n7_4_complexityclasses.csv,7.0,7,4
8,Raw,2,4.287908700331536,0.0,gamma,complexity,7,/home1/amadapur/projects/eeg_trait_state_geometry/results/gamma/complexity/hierarchy/hierarchy_results_n7_4_complexityclasses.csv,7.0,7,4
9,Trait_LDA,2,7.493133036815484,0.0,gamma,complexity,7,/home1/amadapur/projects/eeg_trait_state_geometry/results/gamma/complexity/hierarchy/hierarchy_results_n7_4_complexityclasses.csv,7.0,7,4
10,State_LDA,2,4.545841933514053,0.0,gamma,complexity,7,/home1/amadapur/projects/eeg_trait_state_geometry/results/gamma/complexity/hierarchy/hierarchy_results_n7_4_complexityclasses.csv,7.0,7,4
11,Joint_LDA,2,6.121205335095067,0.0,gamma,complexity,7,/home1/amadapur/projects/eeg_trait_state_geometry/results/gamma/complexity/hierarchy/hierarchy_results_n7_4_complexityclasses.csv,7.0,7,4
12,Raw,3,4.280356296937666,0.0,gamma,complexity,7,/home1/amadapur/projects/eeg_trait_state_geometry/results/gamma/complexity/hierarchy/hierarchy_results_n7_4_complexityclasses.csv,7.0,7,4
13,Trait_LDA,3,7.220616526359392,0.0,gamma,complexity,7,/home1/amadapur/projects/eeg_trait_state_geometry/results/gamma/complexity/hierarchy/hierarchy_results_n7_4_complexityclasses.csv,7.0,7,4
14,State_LDA,3,5.735558184417417,0.0,gamma,complexity,7,/home1/amadapur/projects/eeg_trait_state_geometry/results/gamma/complexity/hierarchy/hierarchy_results_n7_4_complexityclasses.csv,7.0,7,4
15,Joint_LDA,3,5.306101715159959,0.0,gamma,complexity,7,/home1/amadapur/projects/eeg_trait_state_geometry/results/gamma/complexity/hierarchy/hierarchy_results_n7_4_complexityclasses.csv,7.0,7,4
16,Raw,4,4.579013173850525,0.0,gamma,complexity,7,/home1/amadapur/projects/eeg_trait_state_geometry/results/gamma/complexity/hierarchy/hierarchy_results_n7_4_complexityclasses.csv,7.0,7,4
17,Trait_LDA,4,4.2960988160089,0.0,gamma,complexity,7,/home1/amadapur/projects/eeg_trait_state_geometry/results/gamma/complexity/hierarchy/hierarchy_results_n7_4_complexityclasses.csv,7.0,7,4
18,State_LDA,4,6.719750898311808,0.0,gamma,complexity,7,/home1/amadapur/projects/eeg_trait_state_geometry/results/gamma/complexity/hierarchy/hierarchy_results_n7_4_complexityclasses.csv,7.0,7,4
19,Joint_LDA,4,5.346392814073509,0.0,gamma,complexity,7,/home1/amadapur/projects/eeg_trait_state_geometry/results/gamma/complexity/hierarchy/hierarchy_results_n7_4_complexityclasses.csv,7.0,7,4
20,Raw,5,4.541481527740276,0.0,gamma,complexity,7,/home1/amadapur/projects/eeg_trait_state_geometry/results/gamma/complexity/hierarchy/hierarchy_results_n7_4_complexityclasses.csv,7.0,7,4
21,Trait_LDA,5,6.85648643020498,0.0,gamma,complexity,7,/home1/amadapur/projects/eeg_trait_state_geometry/results/gamma/complexity/hierarchy/hierarchy_results_n7_4_complexityclasses.csv,7.0,7,4
22,State_LDA,5,3.198324404952589,0.0,gamma,complexity,7,/home1/amadapur/projects/eeg_trait_state_geometry/results/gamma/complexity/hierarchy/hierarchy_results_n7_4_complexityclasses.csv,7.0,7,4
23,Joint_LDA,5,5.577911561354028,0.0,gamma,complexity,7,/home1/amadapur/projects/eeg_trait_state_geometry/results/gamma/complexity/hierarchy/hierarchy_results_n7_4_complexityclasses.csv,7.0,7,4
24,Raw,6,4.815519388947639,0.0,gamma,complexity,7,/home1/amadapur/projects/eeg_trait_state_geometry/results/gamma/complexity/hierarchy/hierarchy_results_n7_4_complexityclasses.csv,7.0,7,4
25,Trait_LDA,6,7.249616715098186,0.0,gamma,complexity,7,/home1/amadapur/projects/eeg_trait_state_geometry/results/gamma/complexity/hierarchy/hierarchy_results_n7_4_complexityclasses.csv,7.0,7,4
26,State_LDA,6,3.7246618076937255,0.0,gamma,complexity,7,/home1/amadapur/projects/eeg_trait_state_geometry/results/gamma/complexity/hierarchy/hierarchy_results_n7_4_complexityclasses.csv,7.0,7,4
27,Joint_LDA,6,6.002598041302679,0.0,gamma,complexity,7,/home1/amadapur/projects/eeg_trait_state_geometry/results/gamma/complexity/hierarchy/hierarchy_results_n7_4_complexityclasses.csv,7.0,7,4
28,Raw,7,4.089591321521323,0.0,gamma,complexity,7,/home1/amadapur/projects/eeg_trait_state_geometry/results/gamma/complexity/hierarchy/hierarchy_results_n7_4_complexityclasses.csv,7.0,7,4
29,Trait_LDA,7,5.914627900996129,0.0,gamma,complexity,7,/home1/amadapur/projects/eeg_trait_state_geometry/results/gamma/complexity/hierarchy/hierarchy_results_n7_4_complexityclasses.csv,7.0,7,4
30,State_LDA,7,6.446164902656049,0.0,gamma,complexity,7,/home1/amadapur/projects/eeg_trait_state_geometry/results/gamma/complexity/hierarchy/hierarchy_results_n7_4_complexityclasses.csv,7.0,7,4
31,Joint_LDA,7,4.860339255395681,0.0,gamma,complexity,7,/home1/amadapur/projects/eeg_trait_state_geometry/results/gamma/complexity/hierarchy/hierarchy_results_n7_4_complexityclasses.csv,7.0,7,4
32,Raw,8,5.094830469392735,0.0,gamma,complexity,7,/home1/amadapur/projects/eeg_trait_state_geometry/results/gamma/complexity/hierarchy/hierarchy_results_n7_4_complexityclasses.csv,7.0,7,4
33,Trait_LDA,8,9.986755289468883,0.0,gamma,complexity,7,/home1/amadapur/projects/eeg_trait_state_geometry/results/gamma/complexity/hierarchy/hierarchy_results_n7_4_complexityclasses.csv,7.0,7,4
34,State_LDA,8,3.8181820165788456,0.0,gamma,complexity,7,/home1/amadapur/projects/eeg_trait_state_geometry/results/gamma/complexity/hierarchy/hierarchy_results_n7_4_complexityclasses.csv,7.0,7,4
35,Joint_LDA,8,6.305017842671857,0.0,gamma,complexity,7,/home1/amadapur/projects/eeg_trait_state_geometry/results/gamma/complexity/hierarchy/hierarchy_results_n7_4_complexityclasses.csv,7.0,7,4
36,Raw,9,4.721279981229894,0.0,gamma,complexity,7,/home1/amadapur/projects/eeg_trait_state_geometry/results/gamma/complexity/hierarchy/hierarchy_results_n7_4_complexityclasses.csv,7.0,7,4
37,Trait_LDA,9,7.429351879206465,0.0,gamma,complexity,7,/home1/amadapur/projects/eeg_trait_state_geometry/results/gamma/complexity/hierarchy/hierarchy_results_n7_4_complexityclasses.csv,7.0,7,4
38,State_LDA,9,4.934651938789076,0.0,gamma,complexity,7,/home1/amadapur/projects/eeg_trait_state_geometry/results/gamma/complexity/hierarchy/hierarchy_results_n7_4_complexityclasses.csv,7.0,7,4
39,Joint_LDA,9,5.549083806846809,0.0,gamma,complexity,7,/home1/amadapur/projects/eeg_trait_state_geometry/results/gamma/complexity/hierarchy/hierarchy_results_n7_4_complexityclasses.csv,7.0,7,4
0,Raw,0,5.775584925192912,0.0,gamma,entropy,4,/home1/amadapur/projects/eeg_trait_state_geometry/results/gamma/entropy/hierarchy/hierarchy_results_n4_4_entropyclasses.csv,4.0,4,4
1,Trait_LDA,0,12.580034437775986,0.0,gamma,entropy,4,/home1/amadapur/projects/eeg_trait_state_geometry/results/gamma/entropy/hierarchy/hierarchy_results_n4_4_entropyclasses.csv,4.0,4,4
2,State_LDA,0,3.431198926138285,0.0,gamma,entropy,4,/home1/amadapur/projects/eeg_trait_state_geometry/results/gamma/entropy/hierarchy/hierarchy_results_n4_4_entropyclasses.csv,4.0,4,4
3,Joint_LDA,0,6.475890810664541,0.0,gamma,entropy,4,/home1/amadapur/projects/eeg_trait_state_geometry/results/gamma/entropy/hierarchy/hierarchy_results_n4_4_entropyclasses.csv,4.0,4,4
4,Raw,1,6.898815827143455,0.0,gamma,entropy,4,/home1/amadapur/projects/eeg_trait_state_geometry/results/gamma/entropy/hierarchy/hierarchy_results_n4_4_entropyclasses.csv,4.0,4,4
5,Trait_LDA,1,19.399569483283766,0.0,gamma,entropy,4,/home1/amadapur/projects/eeg_trait_state_geometry/results/gamma/entropy/hierarchy/hierarchy_results_n4_4_entropyclasses.csv,4.0,4,4
6,State_LDA,1,2.2219371243513835,0.0,gamma,entropy,4,/home1/amadapur/projects/eeg_trait_state_geometry/results/gamma/entropy/hierarchy/hierarchy_results_n4_4_entropyclasses.csv,4.0,4,4
7,Joint_LDA,1,10.66145860530625,0.0,gamma,entropy,4,/home1/amadapur/projects/eeg_trait_state_geometry/results/gamma/entropy/hierarchy/hierarchy_results_n4_4_entropyclasses.csv,4.0,4,4
8,Raw,2,13.314631441526767,0.0,gamma,entropy,4,/home1/amadapur/projects/eeg_trait_state_geometry/results/gamma/entropy/hierarchy/hierarchy_results_n4_4_entropyclasses.csv,4.0,4,4
9,Trait_LDA,2,14.711349231216817,0.0,gamma,entropy,4,/home1/amadapur/projects/eeg_trait_state_geometry/results/gamma/entropy/hierarchy/hierarchy_results_n4_4_entropyclasses.csv,4.0,4,4
10,State_LDA,2,7.4610238365642045,0.0,gamma,entropy,4,/home1/amadapur/projects/eeg_trait_state_geometry/results/gamma/entropy/hierarchy/hierarchy_results_n4_4_entropyclasses.csv,4.0,4,4
11,Joint_LDA,2,8.646768314185001,0.0,gamma,entropy,4,/home1/amadapur/projects/eeg_trait_state_geometry/results/gamma/entropy/hierarchy/hierarchy_results_n4_4_entropyclasses.csv,4.0,4,4
12,Raw,3,7.762558128333096,0.0,gamma,entropy,4,/home1/amadapur/projects/eeg_trait_state_geometry/results/gamma/entropy/hierarchy/hierarchy_results_n4_4_entropyclasses.csv,4.0,4,4
13,Trait_LDA,3,7.299793986810634,0.0,gamma,entropy,4,/home1/amadapur/projects/eeg_trait_state_geometry/results/gamma/entropy/hierarchy/hierarchy_results_n4_4_entropyclasses.csv,4.0,4,4
14,State_LDA,3,3.165443120423975,0.0,gamma,entropy,4,/home1/amadapur/projects/eeg_trait_state_geometry/results/gamma/entropy/hierarchy/hierarchy_results_n4_4_entropyclasses.csv,4.0,4,4
15,Joint_LDA,3,4.8571553476165885,0.0,gamma,entropy,4,/home1/amadapur/projects/eeg_trait_state_geometry/results/gamma/entropy/hierarchy/hierarchy_results_n4_4_entropyclasses.csv,4.0,4,4
16,Raw,4,10.155503719036192,0.0,gamma,entropy,4,/home1/amadapur/projects/eeg_trait_state_geometry/results/gamma/entropy/hierarchy/hierarchy_results_n4_4_entropyclasses.csv,4.0,4,4
17,Trait_LDA,4,11.307478471557433,0.0,gamma,entropy,4,/home1/amadapur/projects/eeg_trait_state_geometry/results/gamma/entropy/hierarchy/hierarchy_results_n4_4_entropyclasses.csv,4.0,4,4
18,State_LDA,4,4.510292108921454,0.0,gamma,entropy,4,/home1/amadapur/projects/eeg_trait_state_geometry/results/gamma/entropy/hierarchy/hierarchy_results_n4_4_entropyclasses.csv,4.0,4,4
19,Joint_LDA,4,8.006304864277164,0.0,gamma,entropy,4,/home1/amadapur/projects/eeg_trait_state_geometry/results/gamma/entropy/hierarchy/hierarchy_results_n4_4_entropyclasses.csv,4.0,4,4
20,Raw,5,11.574419412219294,0.0,gamma,entropy,4,/home1/amadapur/projects/eeg_trait_state_geometry/results/gamma/entropy/hierarchy/hierarchy_results_n4_4_entropyclasses.csv,4.0,4,4
21,Trait_LDA,5,13.732223853389712,0.0,gamma,entropy,4,/home1/amadapur/projects/eeg_trait_state_geometry/results/gamma/entropy/hierarchy/hierarchy_results_n4_4_entropyclasses.csv,4.0,4,4
22,State_LDA,5,8.992201837497207,0.0,gamma,entropy,4,/home1/amadapur/projects/eeg_trait_state_geometry/results/gamma/entropy/hierarchy/hierarchy_results_n4_4_entropyclasses.csv,4.0,4,4
23,Joint_LDA,5,8.002841251947837,0.0,gamma,entropy,4,/home1/amadapur/projects/eeg_trait_state_geometry/results/gamma/entropy/hierarchy/hierarchy_results_n4_4_entropyclasses.csv,4.0,4,4
24,Raw,6,12.33482658107531,0.0,gamma,entropy,4,/home1/amadapur/projects/eeg_trait_state_geometry/results/gamma/entropy/hierarchy/hierarchy_results_n4_4_entropyclasses.csv,4.0,4,4
25,Trait_LDA,6,13.54095248066575,0.0,gamma,entropy,4,/home1/amadapur/projects/eeg_trait_state_geometry/results/gamma/entropy/hierarchy/hierarchy_results_n4_4_entropyclasses.csv,4.0,4,4
26,State_LDA,6,6.43277041294984,0.0,gamma,entropy,4,/home1/amadapur/projects/eeg_trait_state_geometry/results/gamma/entropy/hierarchy/hierarchy_results_n4_4_entropyclasses.csv,4.0,4,4
27,Joint_LDA,6,9.028145892521016,0.0,gamma,entropy,4,/home1/amadapur/projects/eeg_trait_state_geometry/results/gamma/entropy/hierarchy/hierarchy_results_n4_4_entropyclasses.csv,4.0,4,4
28,Raw,7,2.7971769757028024,0.0,gamma,entropy,4,/home1/amadapur/projects/eeg_trait_state_geometry/results/gamma/entropy/hierarchy/hierarchy_results_n4_4_entropyclasses.csv,4.0,4,4
29,Trait_LDA,7,5.843283354704219,0.0,gamma,entropy,4,/home1/amadapur/projects/eeg_trait_state_geometry/results/gamma/entropy/hierarchy/hierarchy_results_n4_4_entropyclasses.csv,4.0,4,4
30,State_LDA,7,1.6642209873907443,0.0,gamma,entropy,4,/home1/amadapur/projects/eeg_trait_state_geometry/results/gamma/entropy/hierarchy/hierarchy_results_n4_4_entropyclasses.csv,4.0,4,4
31,Joint_LDA,7,2.899520368869885,0.0,gamma,entropy,4,/home1/amadapur/projects/eeg_trait_state_geometry/results/gamma/entropy/hierarchy/hierarchy_results_n4_4_entropyclasses.csv,4.0,4,4
32,Raw,8,2.032926709518019,0.0,gamma,entropy,4,/home1/amadapur/projects/eeg_trait_state_geometry/results/gamma/entropy/hierarchy/hierarchy_results_n4_4_entropyclasses.csv,4.0,4,4
33,Trait_LDA,8,2.584064634640355,0.0,gamma,entropy,4,/home1/amadapur/projects/eeg_trait_state_geometry/results/gamma/entropy/hierarchy/hierarchy_results_n4_4_entropyclasses.csv,4.0,4,4
34,State_LDA,8,1.1823562705940802,0.0,gamma,entropy,4,/home1/amadapur/projects/eeg_trait_state_geometry/results/gamma/entropy/hierarchy/hierarchy_results_n4_4_entropyclasses.csv,4.0,4,4
35,Joint_LDA,8,1.8522670260654532,0.0,gamma,entropy,4,/home1/amadapur/projects/eeg_trait_state_geometry/results/gamma/entropy/hierarchy/hierarchy_results_n4_4_entropyclasses.csv,4.0,4,4
36,Raw,9,5.948537781459096,0.0,gamma,entropy,4,/home1/amadapur/projects/eeg_trait_state_geometry/results/gamma/entropy/hierarchy/hierarchy_results_n4_4_entropyclasses.csv,4.0,4,4
37,Trait_LDA,9,5.570138511604716,0.0,gamma,entropy,4,/home1/amadapur/projects/eeg_trait_state_geometry/results/gamma/entropy/hierarchy/hierarchy_results_n4_4_entropyclasses.csv,4.0,4,4
38,State_LDA,9,2.9053726749159576,0.0,gamma,entropy,4,/home1/amadapur/projects/eeg_trait_state_geometry/results/gamma/entropy/hierarchy/hierarchy_results_n4_4_entropyclasses.csv,4.0,4,4
39,Joint_LDA,9,3.186218343553099,0.0,gamma,entropy,4,/home1/amadapur/projects/eeg_trait_state_geometry/results/gamma/entropy/hierarchy/hierarchy_results_n4_4_entropyclasses.csv,4.0,4,4
0,Raw,0,3.8008519316670304,0.0,gamma,entropy,14,/home1/amadapur/projects/eeg_trait_state_geometry/results/gamma/entropy/hierarchy/hierarchy_results_n14_4_entropyclasses.csv,14.0,14,4
1,Trait_LDA,0,16.211669371193707,0.0,gamma,entropy,14,/home1/amadapur/projects/eeg_trait_state_geometry/results/gamma/entropy/hierarchy/hierarchy_results_n14_4_entropyclasses.csv,14.0,14,4
2,State_LDA,0,0.4283321614021484,0.0,gamma,entropy,14,/home1/amadapur/projects/eeg_trait_state_geometry/results/gamma/entropy/hierarchy/hierarchy_results_n14_4_entropyclasses.csv,14.0,14,4
3,Joint_LDA,0,4.387387574671495,0.0,gamma,entropy,14,/home1/amadapur/projects/eeg_trait_state_geometry/results/gamma/entropy/hierarchy/hierarchy_results_n14_4_entropyclasses.csv,14.0,14,4
0,Raw,0,4.054956001118471,0.0,gamma,entropy,7,/home1/amadapur/projects/eeg_trait_state_geometry/results/gamma/entropy/hierarchy/hierarchy_results_n7_4_entropyclasses.csv,7.0,7,4
1,Trait_LDA,0,5.989535695927596,0.0,gamma,entropy,7,/home1/amadapur/projects/eeg_trait_state_geometry/results/gamma/entropy/hierarchy/hierarchy_results_n7_4_entropyclasses.csv,7.0,7,4
2,State_LDA,0,3.5356191098646077,0.0,gamma,entropy,7,/home1/amadapur/projects/eeg_trait_state_geometry/results/gamma/entropy/hierarchy/hierarchy_results_n7_4_entropyclasses.csv,7.0,7,4
3,Joint_LDA,0,4.998760680617036,0.0,gamma,entropy,7,/home1/amadapur/projects/eeg_trait_state_geometry/results/gamma/entropy/hierarchy/hierarchy_results_n7_4_entropyclasses.csv,7.0,7,4
4,Raw,1,4.764558504855184,0.0,gamma,entropy,7,/home1/amadapur/projects/eeg_trait_state_geometry/results/gamma/entropy/hierarchy/hierarchy_results_n7_4_entropyclasses.csv,7.0,7,4
5,Trait_LDA,1,8.988181828801904,0.0,gamma,entropy,7,/home1/amadapur/projects/eeg_trait_state_geometry/results/gamma/entropy/hierarchy/hierarchy_results_n7_4_entropyclasses.csv,7.0,7,4
6,State_LDA,1,3.793146591079802,0.0,gamma,entropy,7,/home1/amadapur/projects/eeg_trait_state_geometry/results/gamma/entropy/hierarchy/hierarchy_results_n7_4_entropyclasses.csv,7.0,7,4
7,Joint_LDA,1,6.306191589048069,0.0,gamma,entropy,7,/home1/amadapur/projects/eeg_trait_state_geometry/results/gamma/entropy/hierarchy/hierarchy_results_n7_4_entropyclasses.csv,7.0,7,4
8,Raw,2,3.6164748102326216,0.0,gamma,entropy,7,/home1/amadapur/projects/eeg_trait_state_geometry/results/gamma/entropy/hierarchy/hierarchy_results_n7_4_entropyclasses.csv,7.0,7,4
9,Trait_LDA,2,14.03517597730259,0.0,gamma,entropy,7,/home1/amadapur/projects/eeg_trait_state_geometry/results/gamma/entropy/hierarchy/hierarchy_results_n7_4_entropyclasses.csv,7.0,7,4
10,State_LDA,2,8.574491550446854,0.0,gamma,entropy,7,/home1/amadapur/projects/eeg_trait_state_geometry/results/gamma/entropy/hierarchy/hierarchy_results_n7_4_entropyclasses.csv,7.0,7,4
11,Joint_LDA,2,6.934178308604017,0.0,gamma,entropy,7,/home1/amadapur/projects/eeg_trait_state_geometry/results/gamma/entropy/hierarchy/hierarchy_results_n7_4_entropyclasses.csv,7.0,7,4
12,Raw,3,3.8770209487367295,0.0,gamma,entropy,7,/home1/amadapur/projects/eeg_trait_state_geometry/results/gamma/entropy/hierarchy/hierarchy_results_n7_4_entropyclasses.csv,7.0,7,4
13,Trait_LDA,3,14.131623462099435,0.0,gamma,entropy,7,/home1/amadapur/projects/eeg_trait_state_geometry/results/gamma/entropy/hierarchy/hierarchy_results_n7_4_entropyclasses.csv,7.0,7,4
14,State_LDA,3,9.05369956784308,0.0,gamma,entropy,7,/home1/amadapur/projects/eeg_trait_state_geometry/results/gamma/entropy/hierarchy/hierarchy_results_n7_4_entropyclasses.csv,7.0,7,4
15,Joint_LDA,3,7.733893586365505,0.0,gamma,entropy,7,/home1/amadapur/projects/eeg_trait_state_geometry/results/gamma/entropy/hierarchy/hierarchy_results_n7_4_entropyclasses.csv,7.0,7,4
16,Raw,4,3.7794688536959935,0.0,gamma,entropy,7,/home1/amadapur/projects/eeg_trait_state_geometry/results/gamma/entropy/hierarchy/hierarchy_results_n7_4_entropyclasses.csv,7.0,7,4
17,Trait_LDA,4,4.772079765871147,0.0,gamma,entropy,7,/home1/amadapur/projects/eeg_trait_state_geometry/results/gamma/entropy/hierarchy/hierarchy_results_n7_4_entropyclasses.csv,7.0,7,4
18,State_LDA,4,2.726932078128588,0.0,gamma,entropy,7,/home1/amadapur/projects/eeg_trait_state_geometry/results/gamma/entropy/hierarchy/hierarchy_results_n7_4_entropyclasses.csv,7.0,7,4
19,Joint_LDA,4,4.412785421051945,0.0,gamma,entropy,7,/home1/amadapur/projects/eeg_trait_state_geometry/results/gamma/entropy/hierarchy/hierarchy_results_n7_4_entropyclasses.csv,7.0,7,4
20,Raw,5,4.350488930427317,0.0,gamma,entropy,7,/home1/amadapur/projects/eeg_trait_state_geometry/results/gamma/entropy/hierarchy/hierarchy_results_n7_4_entropyclasses.csv,7.0,7,4
21,Trait_LDA,5,8.047690683512629,0.0,gamma,entropy,7,/home1/amadapur/projects/eeg_trait_state_geometry/results/gamma/entropy/hierarchy/hierarchy_results_n7_4_entropyclasses.csv,7.0,7,4
22,State_LDA,5,5.322380981751064,0.0,gamma,entropy,7,/home1/amadapur/projects/eeg_trait_state_geometry/results/gamma/entropy/hierarchy/hierarchy_results_n7_4_entropyclasses.csv,7.0,7,4
23,Joint_LDA,5,6.222314231346608,0.0,gamma,entropy,7,/home1/amadapur/projects/eeg_trait_state_geometry/results/gamma/entropy/hierarchy/hierarchy_results_n7_4_entropyclasses.csv,7.0,7,4
24,Raw,6,4.1983849137772165,0.0,gamma,entropy,7,/home1/amadapur/projects/eeg_trait_state_geometry/results/gamma/entropy/hierarchy/hierarchy_results_n7_4_entropyclasses.csv,7.0,7,4
25,Trait_LDA,6,7.673677255825321,0.0,gamma,entropy,7,/home1/amadapur/projects/eeg_trait_state_geometry/results/gamma/entropy/hierarchy/hierarchy_results_n7_4_entropyclasses.csv,7.0,7,4
26,State_LDA,6,2.2878276818623804,0.0,gamma,entropy,7,/home1/amadapur/projects/eeg_trait_state_geometry/results/gamma/entropy/hierarchy/hierarchy_results_n7_4_entropyclasses.csv,7.0,7,4
27,Joint_LDA,6,5.450115049372388,0.0,gamma,entropy,7,/home1/amadapur/projects/eeg_trait_state_geometry/results/gamma/entropy/hierarchy/hierarchy_results_n7_4_entropyclasses.csv,7.0,7,4
28,Raw,7,3.734806473950409,0.0,gamma,entropy,7,/home1/amadapur/projects/eeg_trait_state_geometry/results/gamma/entropy/hierarchy/hierarchy_results_n7_4_entropyclasses.csv,7.0,7,4
29,Trait_LDA,7,6.77444068544613,0.0,gamma,entropy,7,/home1/amadapur/projects/eeg_trait_state_geometry/results/gamma/entropy/hierarchy/hierarchy_results_n7_4_entropyclasses.csv,7.0,7,4
30,State_LDA,7,5.24982945737086,0.0,gamma,entropy,7,/home1/amadapur/projects/eeg_trait_state_geometry/results/gamma/entropy/hierarchy/hierarchy_results_n7_4_entropyclasses.csv,7.0,7,4
31,Joint_LDA,7,6.238460304245156,0.0,gamma,entropy,7,/home1/amadapur/projects/eeg_trait_state_geometry/results/gamma/entropy/hierarchy/hierarchy_results_n7_4_entropyclasses.csv,7.0,7,4
32,Raw,8,4.56141057135844,0.0,gamma,entropy,7,/home1/amadapur/projects/eeg_trait_state_geometry/results/gamma/entropy/hierarchy/hierarchy_results_n7_4_entropyclasses.csv,7.0,7,4
33,Trait_LDA,8,15.606574016820002,0.0,gamma,entropy,7,/home1/amadapur/projects/eeg_trait_state_geometry/results/gamma/entropy/hierarchy/hierarchy_results_n7_4_entropyclasses.csv,7.0,7,4
34,State_LDA,8,3.426350862162144,0.0,gamma,entropy,7,/home1/amadapur/projects/eeg_trait_state_geometry/results/gamma/entropy/hierarchy/hierarchy_results_n7_4_entropyclasses.csv,7.0,7,4
35,Joint_LDA,8,9.39626906973994,0.0,gamma,entropy,7,/home1/amadapur/projects/eeg_trait_state_geometry/results/gamma/entropy/hierarchy/hierarchy_results_n7_4_entropyclasses.csv,7.0,7,4
36,Raw,9,4.277010815902596,0.0,gamma,entropy,7,/home1/amadapur/projects/eeg_trait_state_geometry/results/gamma/entropy/hierarchy/hierarchy_results_n7_4_entropyclasses.csv,7.0,7,4
37,Trait_LDA,9,13.32035680161202,0.0,gamma,entropy,7,/home1/amadapur/projects/eeg_trait_state_geometry/results/gamma/entropy/hierarchy/hierarchy_results_n7_4_entropyclasses.csv,7.0,7,4
38,State_LDA,9,6.682625381293985,0.0,gamma,entropy,7,/home1/amadapur/projects/eeg_trait_state_geometry/results/gamma/entropy/hierarchy/hierarchy_results_n7_4_entropyclasses.csv,7.0,7,4
39,Joint_LDA,9,9.324267699266564,0.0,gamma,entropy,7,/home1/amadapur/projects/eeg_trait_state_geometry/results/gamma/entropy/hierarchy/hierarchy_results_n7_4_entropyclasses.csv,7.0,7,4
0,Raw,0,5.93957250408808,0.0,gamma,entropy,10,/home1/amadapur/projects/eeg_trait_state_geometry/results/gamma/entropy/hierarchy/hierarchy_results_n10_4_entropyclasses.csv,10.0,10,4
1,Trait_LDA,0,14.414418451577806,0.0,gamma,entropy,10,/home1/amadapur/projects/eeg_trait_state_geometry/results/gamma/entropy/hierarchy/hierarchy_results_n10_4_entropyclasses.csv,10.0,10,4
2,State_LDA,0,2.5596736446496764,0.0,gamma,entropy,10,/home1/amadapur/projects/eeg_trait_state_geometry/results/gamma/entropy/hierarchy/hierarchy_results_n10_4_entropyclasses.csv,10.0,10,4
3,Joint_LDA,0,12.384171758820507,0.0,gamma,entropy,10,/home1/amadapur/projects/eeg_trait_state_geometry/results/gamma/entropy/hierarchy/hierarchy_results_n10_4_entropyclasses.csv,10.0,10,4
4,Raw,1,5.049964401401756,0.0,gamma,entropy,10,/home1/amadapur/projects/eeg_trait_state_geometry/results/gamma/entropy/hierarchy/hierarchy_results_n10_4_entropyclasses.csv,10.0,10,4
5,Trait_LDA,1,14.385395245939655,0.0,gamma,entropy,10,/home1/amadapur/projects/eeg_trait_state_geometry/results/gamma/entropy/hierarchy/hierarchy_results_n10_4_entropyclasses.csv,10.0,10,4
6,State_LDA,1,4.0875577328644095,0.0,gamma,entropy,10,/home1/amadapur/projects/eeg_trait_state_geometry/results/gamma/entropy/hierarchy/hierarchy_results_n10_4_entropyclasses.csv,10.0,10,4
7,Joint_LDA,1,13.1723679164312,0.0,gamma,entropy,10,/home1/amadapur/projects/eeg_trait_state_geometry/results/gamma/entropy/hierarchy/hierarchy_results_n10_4_entropyclasses.csv,10.0,10,4
8,Raw,2,6.213187008996332,0.0,gamma,entropy,10,/home1/amadapur/projects/eeg_trait_state_geometry/results/gamma/entropy/hierarchy/hierarchy_results_n10_4_entropyclasses.csv,10.0,10,4
9,Trait_LDA,2,4.457861170213764,0.0,gamma,entropy,10,/home1/amadapur/projects/eeg_trait_state_geometry/results/gamma/entropy/hierarchy/hierarchy_results_n10_4_entropyclasses.csv,10.0,10,4
10,State_LDA,2,3.719394876390573,0.0,gamma,entropy,10,/home1/amadapur/projects/eeg_trait_state_geometry/results/gamma/entropy/hierarchy/hierarchy_results_n10_4_entropyclasses.csv,10.0,10,4
11,Joint_LDA,2,4.159159917133476,0.0,gamma,entropy,10,/home1/amadapur/projects/eeg_trait_state_geometry/results/gamma/entropy/hierarchy/hierarchy_results_n10_4_entropyclasses.csv,10.0,10,4
12,Raw,3,7.851022015816347,0.0,gamma,entropy,10,/home1/amadapur/projects/eeg_trait_state_geometry/results/gamma/entropy/hierarchy/hierarchy_results_n10_4_entropyclasses.csv,10.0,10,4
13,Trait_LDA,3,8.71077405271121,0.0,gamma,entropy,10,/home1/amadapur/projects/eeg_trait_state_geometry/results/gamma/entropy/hierarchy/hierarchy_results_n10_4_entropyclasses.csv,10.0,10,4
14,State_LDA,3,3.788470201719969,0.0,gamma,entropy,10,/home1/amadapur/projects/eeg_trait_state_geometry/results/gamma/entropy/hierarchy/hierarchy_results_n10_4_entropyclasses.csv,10.0,10,4
15,Joint_LDA,3,8.391417690384785,0.0,gamma,entropy,10,/home1/amadapur/projects/eeg_trait_state_geometry/results/gamma/entropy/hierarchy/hierarchy_results_n10_4_entropyclasses.csv,10.0,10,4
16,Raw,4,5.26289228283184,0.0,gamma,entropy,10,/home1/amadapur/projects/eeg_trait_state_geometry/results/gamma/entropy/hierarchy/hierarchy_results_n10_4_entropyclasses.csv,10.0,10,4
17,Trait_LDA,4,14.296262862779248,0.0,gamma,entropy,10,/home1/amadapur/projects/eeg_trait_state_geometry/results/gamma/entropy/hierarchy/hierarchy_results_n10_4_entropyclasses.csv,10.0,10,4
18,State_LDA,4,2.545731153357968,0.0,gamma,entropy,10,/home1/amadapur/projects/eeg_trait_state_geometry/results/gamma/entropy/hierarchy/hierarchy_results_n10_4_entropyclasses.csv,10.0,10,4
19,Joint_LDA,4,13.098326780443092,0.0,gamma,entropy,10,/home1/amadapur/projects/eeg_trait_state_geometry/results/gamma/entropy/hierarchy/hierarchy_results_n10_4_entropyclasses.csv,10.0,10,4
20,Raw,5,5.253550773572344,0.0,gamma,entropy,10,/home1/amadapur/projects/eeg_trait_state_geometry/results/gamma/entropy/hierarchy/hierarchy_results_n10_4_entropyclasses.csv,10.0,10,4
21,Trait_LDA,5,13.28164114531663,0.0,gamma,entropy,10,/home1/amadapur/projects/eeg_trait_state_geometry/results/gamma/entropy/hierarchy/hierarchy_results_n10_4_entropyclasses.csv,10.0,10,4
22,State_LDA,5,4.076449610327406,0.0,gamma,entropy,10,/home1/amadapur/projects/eeg_trait_state_geometry/results/gamma/entropy/hierarchy/hierarchy_results_n10_4_entropyclasses.csv,10.0,10,4
23,Joint_LDA,5,12.27391946396919,0.0,gamma,entropy,10,/home1/amadapur/projects/eeg_trait_state_geometry/results/gamma/entropy/hierarchy/hierarchy_results_n10_4_entropyclasses.csv,10.0,10,4
24,Raw,6,5.653517394306896,0.0,gamma,entropy,10,/home1/amadapur/projects/eeg_trait_state_geometry/results/gamma/entropy/hierarchy/hierarchy_results_n10_4_entropyclasses.csv,10.0,10,4
25,Trait_LDA,6,13.652302095963774,0.0,gamma,entropy,10,/home1/amadapur/projects/eeg_trait_state_geometry/results/gamma/entropy/hierarchy/hierarchy_results_n10_4_entropyclasses.csv,10.0,10,4
26,State_LDA,6,5.21287950542984,0.0,gamma,entropy,10,/home1/amadapur/projects/eeg_trait_state_geometry/results/gamma/entropy/hierarchy/hierarchy_results_n10_4_entropyclasses.csv,10.0,10,4
27,Joint_LDA,6,12.496588389749698,0.0,gamma,entropy,10,/home1/amadapur/projects/eeg_trait_state_geometry/results/gamma/entropy/hierarchy/hierarchy_results_n10_4_entropyclasses.csv,10.0,10,4
28,Raw,7,5.647664133295674,0.0,gamma,entropy,10,/home1/amadapur/projects/eeg_trait_state_geometry/results/gamma/entropy/hierarchy/hierarchy_results_n10_4_entropyclasses.csv,10.0,10,4
29,Trait_LDA,7,6.577487686870722,0.0,gamma,entropy,10,/home1/amadapur/projects/eeg_trait_state_geometry/results/gamma/entropy/hierarchy/hierarchy_results_n10_4_entropyclasses.csv,10.0,10,4
30,State_LDA,7,5.1819817067634775,0.0,gamma,entropy,10,/home1/amadapur/projects/eeg_trait_state_geometry/results/gamma/entropy/hierarchy/hierarchy_results_n10_4_entropyclasses.csv,10.0,10,4
31,Joint_LDA,7,6.046184880811526,0.0,gamma,entropy,10,/home1/amadapur/projects/eeg_trait_state_geometry/results/gamma/entropy/hierarchy/hierarchy_results_n10_4_entropyclasses.csv,10.0,10,4
32,Raw,8,8.02887011509868,0.0,gamma,entropy,10,/home1/amadapur/projects/eeg_trait_state_geometry/results/gamma/entropy/hierarchy/hierarchy_results_n10_4_entropyclasses.csv,10.0,10,4
33,Trait_LDA,8,7.645058110624424,0.0,gamma,entropy,10,/home1/amadapur/projects/eeg_trait_state_geometry/results/gamma/entropy/hierarchy/hierarchy_results_n10_4_entropyclasses.csv,10.0,10,4
34,State_LDA,8,2.593385555998308,0.0,gamma,entropy,10,/home1/amadapur/projects/eeg_trait_state_geometry/results/gamma/entropy/hierarchy/hierarchy_results_n10_4_entropyclasses.csv,10.0,10,4
35,Joint_LDA,8,7.157715253732489,0.0,gamma,entropy,10,/home1/amadapur/projects/eeg_trait_state_geometry/results/gamma/entropy/hierarchy/hierarchy_results_n10_4_entropyclasses.csv,10.0,10,4
36,Raw,9,7.782319284987998,0.0,gamma,entropy,10,/home1/amadapur/projects/eeg_trait_state_geometry/results/gamma/entropy/hierarchy/hierarchy_results_n10_4_entropyclasses.csv,10.0,10,4
37,Trait_LDA,9,7.563367773874421,0.0,gamma,entropy,10,/home1/amadapur/projects/eeg_trait_state_geometry/results/gamma/entropy/hierarchy/hierarchy_results_n10_4_entropyclasses.csv,10.0,10,4
38,State_LDA,9,4.852175069950756,0.0,gamma,entropy,10,/home1/amadapur/projects/eeg_trait_state_geometry/results/gamma/entropy/hierarchy/hierarchy_results_n10_4_entropyclasses.csv,10.0,10,4
39,Joint_LDA,9,7.201343939028819,0.0,gamma,entropy,10,/home1/amadapur/projects/eeg_trait_state_geometry/results/gamma/entropy/hierarchy/hierarchy_results_n10_4_entropyclasses.csv,10.0,10,4
0,Raw,0,4.337572893147804,0.0,gamma,psd,10,/home1/amadapur/projects/eeg_trait_state_geometry/results/gamma/psd/hierarchy/hierarchy_results_n10_4_psdclasses.csv,10.0,10,4
1,Trait_LDA,0,3.29426953465596,0.0,gamma,psd,10,/home1/amadapur/projects/eeg_trait_state_geometry/results/gamma/psd/hierarchy/hierarchy_results_n10_4_psdclasses.csv,10.0,10,4
2,State_LDA,0,2.1647232130892307,0.0,gamma,psd,10,/home1/amadapur/projects/eeg_trait_state_geometry/results/gamma/psd/hierarchy/hierarchy_results_n10_4_psdclasses.csv,10.0,10,4
3,Joint_LDA,0,3.1891963752974912,0.0,gamma,psd,10,/home1/amadapur/projects/eeg_trait_state_geometry/results/gamma/psd/hierarchy/hierarchy_results_n10_4_psdclasses.csv,10.0,10,4
4,Raw,1,4.06693490843148,0.0,gamma,psd,10,/home1/amadapur/projects/eeg_trait_state_geometry/results/gamma/psd/hierarchy/hierarchy_results_n10_4_psdclasses.csv,10.0,10,4
5,Trait_LDA,1,2.8438498863591493,0.0,gamma,psd,10,/home1/amadapur/projects/eeg_trait_state_geometry/results/gamma/psd/hierarchy/hierarchy_results_n10_4_psdclasses.csv,10.0,10,4
6,State_LDA,1,2.867582975490338,0.0,gamma,psd,10,/home1/amadapur/projects/eeg_trait_state_geometry/results/gamma/psd/hierarchy/hierarchy_results_n10_4_psdclasses.csv,10.0,10,4
7,Joint_LDA,1,2.811876543379837,0.0,gamma,psd,10,/home1/amadapur/projects/eeg_trait_state_geometry/results/gamma/psd/hierarchy/hierarchy_results_n10_4_psdclasses.csv,10.0,10,4
8,Raw,2,3.419799606207976,0.0,gamma,psd,10,/home1/amadapur/projects/eeg_trait_state_geometry/results/gamma/psd/hierarchy/hierarchy_results_n10_4_psdclasses.csv,10.0,10,4
9,Trait_LDA,2,2.763165827459957,0.0,gamma,psd,10,/home1/amadapur/projects/eeg_trait_state_geometry/results/gamma/psd/hierarchy/hierarchy_results_n10_4_psdclasses.csv,10.0,10,4
10,State_LDA,2,2.774389297208871,0.0,gamma,psd,10,/home1/amadapur/projects/eeg_trait_state_geometry/results/gamma/psd/hierarchy/hierarchy_results_n10_4_psdclasses.csv,10.0,10,4
11,Joint_LDA,2,2.751303796895659,0.0,gamma,psd,10,/home1/amadapur/projects/eeg_trait_state_geometry/results/gamma/psd/hierarchy/hierarchy_results_n10_4_psdclasses.csv,10.0,10,4
12,Raw,3,3.1673722281232126,0.0,gamma,psd,10,/home1/amadapur/projects/eeg_trait_state_geometry/results/gamma/psd/hierarchy/hierarchy_results_n10_4_psdclasses.csv,10.0,10,4
13,Trait_LDA,3,2.9291471577301227,0.0,gamma,psd,10,/home1/amadapur/projects/eeg_trait_state_geometry/results/gamma/psd/hierarchy/hierarchy_results_n10_4_psdclasses.csv,10.0,10,4
14,State_LDA,3,2.534351642652631,0.0,gamma,psd,10,/home1/amadapur/projects/eeg_trait_state_geometry/results/gamma/psd/hierarchy/hierarchy_results_n10_4_psdclasses.csv,10.0,10,4
15,Joint_LDA,3,2.965952320969828,0.0,gamma,psd,10,/home1/amadapur/projects/eeg_trait_state_geometry/results/gamma/psd/hierarchy/hierarchy_results_n10_4_psdclasses.csv,10.0,10,4
16,Raw,4,3.7322550293319514,0.0,gamma,psd,10,/home1/amadapur/projects/eeg_trait_state_geometry/results/gamma/psd/hierarchy/hierarchy_results_n10_4_psdclasses.csv,10.0,10,4
17,Trait_LDA,4,2.766768767411399,0.0,gamma,psd,10,/home1/amadapur/projects/eeg_trait_state_geometry/results/gamma/psd/hierarchy/hierarchy_results_n10_4_psdclasses.csv,10.0,10,4
18,State_LDA,4,3.398540677452707,0.0,gamma,psd,10,/home1/amadapur/projects/eeg_trait_state_geometry/results/gamma/psd/hierarchy/hierarchy_results_n10_4_psdclasses.csv,10.0,10,4
19,Joint_LDA,4,2.5683829250844226,0.0,gamma,psd,10,/home1/amadapur/projects/eeg_trait_state_geometry/results/gamma/psd/hierarchy/hierarchy_results_n10_4_psdclasses.csv,10.0,10,4
20,Raw,5,4.147457155890602,0.0,gamma,psd,10,/home1/amadapur/projects/eeg_trait_state_geometry/results/gamma/psd/hierarchy/hierarchy_results_n10_4_psdclasses.csv,10.0,10,4
21,Trait_LDA,5,3.129248240811977,0.0,gamma,psd,10,/home1/amadapur/projects/eeg_trait_state_geometry/results/gamma/psd/hierarchy/hierarchy_results_n10_4_psdclasses.csv,10.0,10,4
22,State_LDA,5,2.89556371067095,0.0,gamma,psd,10,/home1/amadapur/projects/eeg_trait_state_geometry/results/gamma/psd/hierarchy/hierarchy_results_n10_4_psdclasses.csv,10.0,10,4
23,Joint_LDA,5,2.8325011691092663,0.0,gamma,psd,10,/home1/amadapur/projects/eeg_trait_state_geometry/results/gamma/psd/hierarchy/hierarchy_results_n10_4_psdclasses.csv,10.0,10,4
24,Raw,6,4.352099366606692,0.0,gamma,psd,10,/home1/amadapur/projects/eeg_trait_state_geometry/results/gamma/psd/hierarchy/hierarchy_results_n10_4_psdclasses.csv,10.0,10,4
25,Trait_LDA,6,2.9382974748844246,0.0,gamma,psd,10,/home1/amadapur/projects/eeg_trait_state_geometry/results/gamma/psd/hierarchy/hierarchy_results_n10_4_psdclasses.csv,10.0,10,4
26,State_LDA,6,3.5919855028692163,0.0,gamma,psd,10,/home1/amadapur/projects/eeg_trait_state_geometry/results/gamma/psd/hierarchy/hierarchy_results_n10_4_psdclasses.csv,10.0,10,4
27,Joint_LDA,6,2.8610749362062005,0.0,gamma,psd,10,/home1/amadapur/projects/eeg_trait_state_geometry/results/gamma/psd/hierarchy/hierarchy_results_n10_4_psdclasses.csv,10.0,10,4
28,Raw,7,3.1170991130323817,0.0,gamma,psd,10,/home1/amadapur/projects/eeg_trait_state_geometry/results/gamma/psd/hierarchy/hierarchy_results_n10_4_psdclasses.csv,10.0,10,4
29,Trait_LDA,7,2.321466977747281,0.0,gamma,psd,10,/home1/amadapur/projects/eeg_trait_state_geometry/results/gamma/psd/hierarchy/hierarchy_results_n10_4_psdclasses.csv,10.0,10,4
30,State_LDA,7,2.7512771832988334,0.0,gamma,psd,10,/home1/amadapur/projects/eeg_trait_state_geometry/results/gamma/psd/hierarchy/hierarchy_results_n10_4_psdclasses.csv,10.0,10,4
31,Joint_LDA,7,2.3342967552022844,0.0,gamma,psd,10,/home1/amadapur/projects/eeg_trait_state_geometry/results/gamma/psd/hierarchy/hierarchy_results_n10_4_psdclasses.csv,10.0,10,4
32,Raw,8,3.050050721417137,0.0,gamma,psd,10,/home1/amadapur/projects/eeg_trait_state_geometry/results/gamma/psd/hierarchy/hierarchy_results_n10_4_psdclasses.csv,10.0,10,4
33,Trait_LDA,8,2.892123459867584,0.0,gamma,psd,10,/home1/amadapur/projects/eeg_trait_state_geometry/results/gamma/psd/hierarchy/hierarchy_results_n10_4_psdclasses.csv,10.0,10,4
34,State_LDA,8,2.330063103365952,0.0,gamma,psd,10,/home1/amadapur/projects/eeg_trait_state_geometry/results/gamma/psd/hierarchy/hierarchy_results_n10_4_psdclasses.csv,10.0,10,4
35,Joint_LDA,8,2.913016801564163,0.0,gamma,psd,10,/home1/amadapur/projects/eeg_trait_state_geometry/results/gamma/psd/hierarchy/hierarchy_results_n10_4_psdclasses.csv,10.0,10,4
36,Raw,9,3.3906366714818725,0.0,gamma,psd,10,/home1/amadapur/projects/eeg_trait_state_geometry/results/gamma/psd/hierarchy/hierarchy_results_n10_4_psdclasses.csv,10.0,10,4
37,Trait_LDA,9,3.014896142658639,0.0,gamma,psd,10,/home1/amadapur/projects/eeg_trait_state_geometry/results/gamma/psd/hierarchy/hierarchy_results_n10_4_psdclasses.csv,10.0,10,4
38,State_LDA,9,3.302321800297328,0.0,gamma,psd,10,/home1/amadapur/projects/eeg_trait_state_geometry/results/gamma/psd/hierarchy/hierarchy_results_n10_4_psdclasses.csv,10.0,10,4
39,Joint_LDA,9,2.982770271906976,0.0,gamma,psd,10,/home1/amadapur/projects/eeg_trait_state_geometry/results/gamma/psd/hierarchy/hierarchy_results_n10_4_psdclasses.csv,10.0,10,4
0,Raw,0,3.13201634737552,0.0,gamma,psd,7,/home1/amadapur/projects/eeg_trait_state_geometry/results/gamma/psd/hierarchy/hierarchy_results_n7_4_psdclasses.csv,7.0,7,4
1,Trait_LDA,0,3.523738992315384,0.0,gamma,psd,7,/home1/amadapur/projects/eeg_trait_state_geometry/results/gamma/psd/hierarchy/hierarchy_results_n7_4_psdclasses.csv,7.0,7,4
2,State_LDA,0,2.590510774878383,0.0,gamma,psd,7,/home1/amadapur/projects/eeg_trait_state_geometry/results/gamma/psd/hierarchy/hierarchy_results_n7_4_psdclasses.csv,7.0,7,4
3,Joint_LDA,0,3.0086772602384384,0.0,gamma,psd,7,/home1/amadapur/projects/eeg_trait_state_geometry/results/gamma/psd/hierarchy/hierarchy_results_n7_4_psdclasses.csv,7.0,7,4
4,Raw,1,4.4194827780929975,0.0,gamma,psd,7,/home1/amadapur/projects/eeg_trait_state_geometry/results/gamma/psd/hierarchy/hierarchy_results_n7_4_psdclasses.csv,7.0,7,4
5,Trait_LDA,1,3.312819304559516,0.0,gamma,psd,7,/home1/amadapur/projects/eeg_trait_state_geometry/results/gamma/psd/hierarchy/hierarchy_results_n7_4_psdclasses.csv,7.0,7,4
6,State_LDA,1,2.588195928960649,0.0,gamma,psd,7,/home1/amadapur/projects/eeg_trait_state_geometry/results/gamma/psd/hierarchy/hierarchy_results_n7_4_psdclasses.csv,7.0,7,4
7,Joint_LDA,1,2.942981564464892,0.0,gamma,psd,7,/home1/amadapur/projects/eeg_trait_state_geometry/results/gamma/psd/hierarchy/hierarchy_results_n7_4_psdclasses.csv,7.0,7,4
8,Raw,2,2.4345955516544744,0.0,gamma,psd,7,/home1/amadapur/projects/eeg_trait_state_geometry/results/gamma/psd/hierarchy/hierarchy_results_n7_4_psdclasses.csv,7.0,7,4
9,Trait_LDA,2,6.131869884022771,0.0,gamma,psd,7,/home1/amadapur/projects/eeg_trait_state_geometry/results/gamma/psd/hierarchy/hierarchy_results_n7_4_psdclasses.csv,7.0,7,4
10,State_LDA,2,2.235771033709057,0.0,gamma,psd,7,/home1/amadapur/projects/eeg_trait_state_geometry/results/gamma/psd/hierarchy/hierarchy_results_n7_4_psdclasses.csv,7.0,7,4
11,Joint_LDA,2,4.739371722176802,0.0,gamma,psd,7,/home1/amadapur/projects/eeg_trait_state_geometry/results/gamma/psd/hierarchy/hierarchy_results_n7_4_psdclasses.csv,7.0,7,4
12,Raw,3,2.59083353922482,0.0,gamma,psd,7,/home1/amadapur/projects/eeg_trait_state_geometry/results/gamma/psd/hierarchy/hierarchy_results_n7_4_psdclasses.csv,7.0,7,4
13,Trait_LDA,3,6.320318315204903,0.0,gamma,psd,7,/home1/amadapur/projects/eeg_trait_state_geometry/results/gamma/psd/hierarchy/hierarchy_results_n7_4_psdclasses.csv,7.0,7,4
14,State_LDA,3,3.283845400967908,0.0,gamma,psd,7,/home1/amadapur/projects/eeg_trait_state_geometry/results/gamma/psd/hierarchy/hierarchy_results_n7_4_psdclasses.csv,7.0,7,4
15,Joint_LDA,3,5.278801588148491,0.0,gamma,psd,7,/home1/amadapur/projects/eeg_trait_state_geometry/results/gamma/psd/hierarchy/hierarchy_results_n7_4_psdclasses.csv,7.0,7,4
16,Raw,4,3.582447089716675,0.0,gamma,psd,7,/home1/amadapur/projects/eeg_trait_state_geometry/results/gamma/psd/hierarchy/hierarchy_results_n7_4_psdclasses.csv,7.0,7,4
17,Trait_LDA,4,5.219093007852142,0.0,gamma,psd,7,/home1/amadapur/projects/eeg_trait_state_geometry/results/gamma/psd/hierarchy/hierarchy_results_n7_4_psdclasses.csv,7.0,7,4
18,State_LDA,4,3.3345122453111498,0.0,gamma,psd,7,/home1/amadapur/projects/eeg_trait_state_geometry/results/gamma/psd/hierarchy/hierarchy_results_n7_4_psdclasses.csv,7.0,7,4
19,Joint_LDA,4,4.47054335783707,0.0,gamma,psd,7,/home1/amadapur/projects/eeg_trait_state_geometry/results/gamma/psd/hierarchy/hierarchy_results_n7_4_psdclasses.csv,7.0,7,4
20,Raw,5,3.6546101901866512,0.0,gamma,psd,7,/home1/amadapur/projects/eeg_trait_state_geometry/results/gamma/psd/hierarchy/hierarchy_results_n7_4_psdclasses.csv,7.0,7,4
21,Trait_LDA,5,4.120164416668484,0.0,gamma,psd,7,/home1/amadapur/projects/eeg_trait_state_geometry/results/gamma/psd/hierarchy/hierarchy_results_n7_4_psdclasses.csv,7.0,7,4
22,State_LDA,5,3.220640011332285,0.0,gamma,psd,7,/home1/amadapur/projects/eeg_trait_state_geometry/results/gamma/psd/hierarchy/hierarchy_results_n7_4_psdclasses.csv,7.0,7,4
23,Joint_LDA,5,3.4925330159810173,0.0,gamma,psd,7,/home1/amadapur/projects/eeg_trait_state_geometry/results/gamma/psd/hierarchy/hierarchy_results_n7_4_psdclasses.csv,7.0,7,4
24,Raw,6,3.7079516001196136,0.0,gamma,psd,7,/home1/amadapur/projects/eeg_trait_state_geometry/results/gamma/psd/hierarchy/hierarchy_results_n7_4_psdclasses.csv,7.0,7,4
25,Trait_LDA,6,3.1601289005658737,0.0,gamma,psd,7,/home1/amadapur/projects/eeg_trait_state_geometry/results/gamma/psd/hierarchy/hierarchy_results_n7_4_psdclasses.csv,7.0,7,4
26,State_LDA,6,2.440556421090854,0.0,gamma,psd,7,/home1/amadapur/projects/eeg_trait_state_geometry/results/gamma/psd/hierarchy/hierarchy_results_n7_4_psdclasses.csv,7.0,7,4
27,Joint_LDA,6,2.7696101359099745,0.0,gamma,psd,7,/home1/amadapur/projects/eeg_trait_state_geometry/results/gamma/psd/hierarchy/hierarchy_results_n7_4_psdclasses.csv,7.0,7,4
28,Raw,7,2.435008670118666,0.0,gamma,psd,7,/home1/amadapur/projects/eeg_trait_state_geometry/results/gamma/psd/hierarchy/hierarchy_results_n7_4_psdclasses.csv,7.0,7,4
29,Trait_LDA,7,6.241460444959919,0.0,gamma,psd,7,/home1/amadapur/projects/eeg_trait_state_geometry/results/gamma/psd/hierarchy/hierarchy_results_n7_4_psdclasses.csv,7.0,7,4
30,State_LDA,7,2.776190986916056,0.0,gamma,psd,7,/home1/amadapur/projects/eeg_trait_state_geometry/results/gamma/psd/hierarchy/hierarchy_results_n7_4_psdclasses.csv,7.0,7,4
31,Joint_LDA,7,4.979244867210442,0.0,gamma,psd,7,/home1/amadapur/projects/eeg_trait_state_geometry/results/gamma/psd/hierarchy/hierarchy_results_n7_4_psdclasses.csv,7.0,7,4
32,Raw,8,2.7352274803013428,0.0,gamma,psd,7,/home1/amadapur/projects/eeg_trait_state_geometry/results/gamma/psd/hierarchy/hierarchy_results_n7_4_psdclasses.csv,7.0,7,4
33,Trait_LDA,8,7.166370015624591,0.0,gamma,psd,7,/home1/amadapur/projects/eeg_trait_state_geometry/results/gamma/psd/hierarchy/hierarchy_results_n7_4_psdclasses.csv,7.0,7,4
34,State_LDA,8,3.7560571997144794,0.0,gamma,psd,7,/home1/amadapur/projects/eeg_trait_state_geometry/results/gamma/psd/hierarchy/hierarchy_results_n7_4_psdclasses.csv,7.0,7,4
35,Joint_LDA,8,6.240741373739775,0.0,gamma,psd,7,/home1/amadapur/projects/eeg_trait_state_geometry/results/gamma/psd/hierarchy/hierarchy_results_n7_4_psdclasses.csv,7.0,7,4
36,Raw,9,2.637554431621748,0.0,gamma,psd,7,/home1/amadapur/projects/eeg_trait_state_geometry/results/gamma/psd/hierarchy/hierarchy_results_n7_4_psdclasses.csv,7.0,7,4
37,Trait_LDA,9,6.464519949936369,0.0,gamma,psd,7,/home1/amadapur/projects/eeg_trait_state_geometry/results/gamma/psd/hierarchy/hierarchy_results_n7_4_psdclasses.csv,7.0,7,4
38,State_LDA,9,3.3992395772442343,0.0,gamma,psd,7,/home1/amadapur/projects/eeg_trait_state_geometry/results/gamma/psd/hierarchy/hierarchy_results_n7_4_psdclasses.csv,7.0,7,4
39,Joint_LDA,9,4.759528399123172,0.0,gamma,psd,7,/home1/amadapur/projects/eeg_trait_state_geometry/results/gamma/psd/hierarchy/hierarchy_results_n7_4_psdclasses.csv,7.0,7,4
0,Raw,0,2.17437702023062,0.0,gamma,psd,14,/home1/amadapur/projects/eeg_trait_state_geometry/results/gamma/psd/hierarchy/hierarchy_results_n14_4_psdclasses.csv,14.0,14,4
1,Trait_LDA,0,3.263731421238733,0.0,gamma,psd,14,/home1/amadapur/projects/eeg_trait_state_geometry/results/gamma/psd/hierarchy/hierarchy_results_n14_4_psdclasses.csv,14.0,14,4
2,State_LDA,0,0.829603370028551,0.0,gamma,psd,14,/home1/amadapur/projects/eeg_trait_state_geometry/results/gamma/psd/hierarchy/hierarchy_results_n14_4_psdclasses.csv,14.0,14,4
3,Joint_LDA,0,1.743162930332002,0.0,gamma,psd,14,/home1/amadapur/projects/eeg_trait_state_geometry/results/gamma/psd/hierarchy/hierarchy_results_n14_4_psdclasses.csv,14.0,14,4
0,Raw,0,4.214672004627131,0.0,gamma,psd,4,/home1/amadapur/projects/eeg_trait_state_geometry/results/gamma/psd/hierarchy/hierarchy_results_n4_4_psdclasses.csv,4.0,4,4
1,Trait_LDA,0,18.479566933109727,0.0,gamma,psd,4,/home1/amadapur/projects/eeg_trait_state_geometry/results/gamma/psd/hierarchy/hierarchy_results_n4_4_psdclasses.csv,4.0,4,4
2,State_LDA,0,2.0856910089572582,0.0,gamma,psd,4,/home1/amadapur/projects/eeg_trait_state_geometry/results/gamma/psd/hierarchy/hierarchy_results_n4_4_psdclasses.csv,4.0,4,4
3,Joint_LDA,0,6.558831789255448,0.0,gamma,psd,4,/home1/amadapur/projects/eeg_trait_state_geometry/results/gamma/psd/hierarchy/hierarchy_results_n4_4_psdclasses.csv,4.0,4,4
4,Raw,1,4.6625359167859015,0.0,gamma,psd,4,/home1/amadapur/projects/eeg_trait_state_geometry/results/gamma/psd/hierarchy/hierarchy_results_n4_4_psdclasses.csv,4.0,4,4
5,Trait_LDA,1,15.534188107167298,0.0,gamma,psd,4,/home1/amadapur/projects/eeg_trait_state_geometry/results/gamma/psd/hierarchy/hierarchy_results_n4_4_psdclasses.csv,4.0,4,4
6,State_LDA,1,2.0171901443924747,0.0,gamma,psd,4,/home1/amadapur/projects/eeg_trait_state_geometry/results/gamma/psd/hierarchy/hierarchy_results_n4_4_psdclasses.csv,4.0,4,4
7,Joint_LDA,1,7.985446172077152,0.0,gamma,psd,4,/home1/amadapur/projects/eeg_trait_state_geometry/results/gamma/psd/hierarchy/hierarchy_results_n4_4_psdclasses.csv,4.0,4,4
8,Raw,2,5.809566510965039,0.0,gamma,psd,4,/home1/amadapur/projects/eeg_trait_state_geometry/results/gamma/psd/hierarchy/hierarchy_results_n4_4_psdclasses.csv,4.0,4,4
9,Trait_LDA,2,4.126727456339255,0.0,gamma,psd,4,/home1/amadapur/projects/eeg_trait_state_geometry/results/gamma/psd/hierarchy/hierarchy_results_n4_4_psdclasses.csv,4.0,4,4
10,State_LDA,2,4.245296763127027,0.0,gamma,psd,4,/home1/amadapur/projects/eeg_trait_state_geometry/results/gamma/psd/hierarchy/hierarchy_results_n4_4_psdclasses.csv,4.0,4,4
11,Joint_LDA,2,4.20198153815054,0.0,gamma,psd,4,/home1/amadapur/projects/eeg_trait_state_geometry/results/gamma/psd/hierarchy/hierarchy_results_n4_4_psdclasses.csv,4.0,4,4
12,Raw,3,5.344542291427204,0.0,gamma,psd,4,/home1/amadapur/projects/eeg_trait_state_geometry/results/gamma/psd/hierarchy/hierarchy_results_n4_4_psdclasses.csv,4.0,4,4
13,Trait_LDA,3,4.673979545175276,0.0,gamma,psd,4,/home1/amadapur/projects/eeg_trait_state_geometry/results/gamma/psd/hierarchy/hierarchy_results_n4_4_psdclasses.csv,4.0,4,4
14,State_LDA,3,1.7137116215071906,0.0,gamma,psd,4,/home1/amadapur/projects/eeg_trait_state_geometry/results/gamma/psd/hierarchy/hierarchy_results_n4_4_psdclasses.csv,4.0,4,4
15,Joint_LDA,3,3.747773678183093,0.0,gamma,psd,4,/home1/amadapur/projects/eeg_trait_state_geometry/results/gamma/psd/hierarchy/hierarchy_results_n4_4_psdclasses.csv,4.0,4,4
16,Raw,4,4.89868583963308,0.0,gamma,psd,4,/home1/amadapur/projects/eeg_trait_state_geometry/results/gamma/psd/hierarchy/hierarchy_results_n4_4_psdclasses.csv,4.0,4,4
17,Trait_LDA,4,3.3940844259214256,0.0,gamma,psd,4,/home1/amadapur/projects/eeg_trait_state_geometry/results/gamma/psd/hierarchy/hierarchy_results_n4_4_psdclasses.csv,4.0,4,4
18,State_LDA,4,3.20851110792523,0.0,gamma,psd,4,/home1/amadapur/projects/eeg_trait_state_geometry/results/gamma/psd/hierarchy/hierarchy_results_n4_4_psdclasses.csv,4.0,4,4
19,Joint_LDA,4,3.9559152007574174,0.0,gamma,psd,4,/home1/amadapur/projects/eeg_trait_state_geometry/results/gamma/psd/hierarchy/hierarchy_results_n4_4_psdclasses.csv,4.0,4,4
20,Raw,5,6.82368934425897,0.0,gamma,psd,4,/home1/amadapur/projects/eeg_trait_state_geometry/results/gamma/psd/hierarchy/hierarchy_results_n4_4_psdclasses.csv,4.0,4,4
21,Trait_LDA,5,3.325714419350765,0.0,gamma,psd,4,/home1/amadapur/projects/eeg_trait_state_geometry/results/gamma/psd/hierarchy/hierarchy_results_n4_4_psdclasses.csv,4.0,4,4
22,State_LDA,5,5.865097762863154,0.0,gamma,psd,4,/home1/amadapur/projects/eeg_trait_state_geometry/results/gamma/psd/hierarchy/hierarchy_results_n4_4_psdclasses.csv,4.0,4,4
23,Joint_LDA,5,5.901794437516619,0.0,gamma,psd,4,/home1/amadapur/projects/eeg_trait_state_geometry/results/gamma/psd/hierarchy/hierarchy_results_n4_4_psdclasses.csv,4.0,4,4
24,Raw,6,6.877107045368144,0.0,gamma,psd,4,/home1/amadapur/projects/eeg_trait_state_geometry/results/gamma/psd/hierarchy/hierarchy_results_n4_4_psdclasses.csv,4.0,4,4
25,Trait_LDA,6,4.924137775611341,0.0,gamma,psd,4,/home1/amadapur/projects/eeg_trait_state_geometry/results/gamma/psd/hierarchy/hierarchy_results_n4_4_psdclasses.csv,4.0,4,4
26,State_LDA,6,5.757131750881411,0.0,gamma,psd,4,/home1/amadapur/projects/eeg_trait_state_geometry/results/gamma/psd/hierarchy/hierarchy_results_n4_4_psdclasses.csv,4.0,4,4
27,Joint_LDA,6,5.194224701131741,0.0,gamma,psd,4,/home1/amadapur/projects/eeg_trait_state_geometry/results/gamma/psd/hierarchy/hierarchy_results_n4_4_psdclasses.csv,4.0,4,4
28,Raw,7,2.314095831164903,0.0,gamma,psd,4,/home1/amadapur/projects/eeg_trait_state_geometry/results/gamma/psd/hierarchy/hierarchy_results_n4_4_psdclasses.csv,4.0,4,4
29,Trait_LDA,7,4.658514838320776,0.0,gamma,psd,4,/home1/amadapur/projects/eeg_trait_state_geometry/results/gamma/psd/hierarchy/hierarchy_results_n4_4_psdclasses.csv,4.0,4,4
30,State_LDA,7,1.3324228226728878,0.002,gamma,psd,4,/home1/amadapur/projects/eeg_trait_state_geometry/results/gamma/psd/hierarchy/hierarchy_results_n4_4_psdclasses.csv,4.0,4,4
31,Joint_LDA,7,2.428481697214098,0.0,gamma,psd,4,/home1/amadapur/projects/eeg_trait_state_geometry/results/gamma/psd/hierarchy/hierarchy_results_n4_4_psdclasses.csv,4.0,4,4
32,Raw,8,1.8341131093642016,0.0,gamma,psd,4,/home1/amadapur/projects/eeg_trait_state_geometry/results/gamma/psd/hierarchy/hierarchy_results_n4_4_psdclasses.csv,4.0,4,4
33,Trait_LDA,8,1.7673277358375166,0.001,gamma,psd,4,/home1/amadapur/projects/eeg_trait_state_geometry/results/gamma/psd/hierarchy/hierarchy_results_n4_4_psdclasses.csv,4.0,4,4
34,State_LDA,8,1.5133711950237978,0.001,gamma,psd,4,/home1/amadapur/projects/eeg_trait_state_geometry/results/gamma/psd/hierarchy/hierarchy_results_n4_4_psdclasses.csv,4.0,4,4
35,Joint_LDA,8,1.4178115820550328,0.0,gamma,psd,4,/home1/amadapur/projects/eeg_trait_state_geometry/results/gamma/psd/hierarchy/hierarchy_results_n4_4_psdclasses.csv,4.0,4,4
36,Raw,9,3.7692957501651607,0.0,gamma,psd,4,/home1/amadapur/projects/eeg_trait_state_geometry/results/gamma/psd/hierarchy/hierarchy_results_n4_4_psdclasses.csv,4.0,4,4
37,Trait_LDA,9,3.639225604413659,0.0,gamma,psd,4,/home1/amadapur/projects/eeg_trait_state_geometry/results/gamma/psd/hierarchy/hierarchy_results_n4_4_psdclasses.csv,4.0,4,4
38,State_LDA,9,1.981421680012807,0.0,gamma,psd,4,/home1/amadapur/projects/eeg_trait_state_geometry/results/gamma/psd/hierarchy/hierarchy_results_n4_4_psdclasses.csv,4.0,4,4
39,Joint_LDA,9,2.539671648847682,0.0,gamma,psd,4,/home1/amadapur/projects/eeg_trait_state_geometry/results/gamma/psd/hierarchy/hierarchy_results_n4_4_psdclasses.csv,4.0,4,4
0,Raw,0,7.240096519521939,0.0,motor,complexity,10,/home1/amadapur/projects/eeg_trait_state_geometry/results/motor/complexity/hierarchy/hierarchy_results_n10_6_complexityclasses.csv,10.0,10,6
1,Trait_LDA,0,8.636744638638378,0.0,motor,complexity,10,/home1/amadapur/projects/eeg_trait_state_geometry/results/motor/complexity/hierarchy/hierarchy_results_n10_6_complexityclasses.csv,10.0,10,6
2,State_LDA,0,1.211307578886889,0.0,motor,complexity,10,/home1/amadapur/projects/eeg_trait_state_geometry/results/motor/complexity/hierarchy/hierarchy_results_n10_6_complexityclasses.csv,10.0,10,6
3,Joint_LDA,0,8.226567129257058,0.0,motor,complexity,10,/home1/amadapur/projects/eeg_trait_state_geometry/results/motor/complexity/hierarchy/hierarchy_results_n10_6_complexityclasses.csv,10.0,10,6
4,Raw,1,6.531155347800295,0.0,motor,complexity,10,/home1/amadapur/projects/eeg_trait_state_geometry/results/motor/complexity/hierarchy/hierarchy_results_n10_6_complexityclasses.csv,10.0,10,6
5,Trait_LDA,1,8.48272494486944,0.0,motor,complexity,10,/home1/amadapur/projects/eeg_trait_state_geometry/results/motor/complexity/hierarchy/hierarchy_results_n10_6_complexityclasses.csv,10.0,10,6
6,State_LDA,1,1.1798054566320488,0.0,motor,complexity,10,/home1/amadapur/projects/eeg_trait_state_geometry/results/motor/complexity/hierarchy/hierarchy_results_n10_6_complexityclasses.csv,10.0,10,6
7,Joint_LDA,1,8.184408531860909,0.0,motor,complexity,10,/home1/amadapur/projects/eeg_trait_state_geometry/results/motor/complexity/hierarchy/hierarchy_results_n10_6_complexityclasses.csv,10.0,10,6
8,Raw,2,6.639265842369699,0.0,motor,complexity,10,/home1/amadapur/projects/eeg_trait_state_geometry/results/motor/complexity/hierarchy/hierarchy_results_n10_6_complexityclasses.csv,10.0,10,6
9,Trait_LDA,2,8.507959476015609,0.0,motor,complexity,10,/home1/amadapur/projects/eeg_trait_state_geometry/results/motor/complexity/hierarchy/hierarchy_results_n10_6_complexityclasses.csv,10.0,10,6
10,State_LDA,2,1.2304751845017483,0.0,motor,complexity,10,/home1/amadapur/projects/eeg_trait_state_geometry/results/motor/complexity/hierarchy/hierarchy_results_n10_6_complexityclasses.csv,10.0,10,6
11,Joint_LDA,2,8.04901445166829,0.0,motor,complexity,10,/home1/amadapur/projects/eeg_trait_state_geometry/results/motor/complexity/hierarchy/hierarchy_results_n10_6_complexityclasses.csv,10.0,10,6
12,Raw,3,6.635462506950038,0.0,motor,complexity,10,/home1/amadapur/projects/eeg_trait_state_geometry/results/motor/complexity/hierarchy/hierarchy_results_n10_6_complexityclasses.csv,10.0,10,6
13,Trait_LDA,3,8.6174458296091,0.0,motor,complexity,10,/home1/amadapur/projects/eeg_trait_state_geometry/results/motor/complexity/hierarchy/hierarchy_results_n10_6_complexityclasses.csv,10.0,10,6
14,State_LDA,3,1.1597280030924912,0.0,motor,complexity,10,/home1/amadapur/projects/eeg_trait_state_geometry/results/motor/complexity/hierarchy/hierarchy_results_n10_6_complexityclasses.csv,10.0,10,6
15,Joint_LDA,3,8.103589061585838,0.0,motor,complexity,10,/home1/amadapur/projects/eeg_trait_state_geometry/results/motor/complexity/hierarchy/hierarchy_results_n10_6_complexityclasses.csv,10.0,10,6
16,Raw,4,4.744046126288612,0.0,motor,complexity,10,/home1/amadapur/projects/eeg_trait_state_geometry/results/motor/complexity/hierarchy/hierarchy_results_n10_6_complexityclasses.csv,10.0,10,6
17,Trait_LDA,4,6.969453657952553,0.0,motor,complexity,10,/home1/amadapur/projects/eeg_trait_state_geometry/results/motor/complexity/hierarchy/hierarchy_results_n10_6_complexityclasses.csv,10.0,10,6
18,State_LDA,4,1.1600117337812477,0.0,motor,complexity,10,/home1/amadapur/projects/eeg_trait_state_geometry/results/motor/complexity/hierarchy/hierarchy_results_n10_6_complexityclasses.csv,10.0,10,6
19,Joint_LDA,4,6.832912455505852,0.0,motor,complexity,10,/home1/amadapur/projects/eeg_trait_state_geometry/results/motor/complexity/hierarchy/hierarchy_results_n10_6_complexityclasses.csv,10.0,10,6
20,Raw,5,6.86642788876572,0.0,motor,complexity,10,/home1/amadapur/projects/eeg_trait_state_geometry/results/motor/complexity/hierarchy/hierarchy_results_n10_6_complexityclasses.csv,10.0,10,6
21,Trait_LDA,5,8.93681749041636,0.0,motor,complexity,10,/home1/amadapur/projects/eeg_trait_state_geometry/results/motor/complexity/hierarchy/hierarchy_results_n10_6_complexityclasses.csv,10.0,10,6
22,State_LDA,5,1.131900151827857,0.0,motor,complexity,10,/home1/amadapur/projects/eeg_trait_state_geometry/results/motor/complexity/hierarchy/hierarchy_results_n10_6_complexityclasses.csv,10.0,10,6
23,Joint_LDA,5,8.250473420972353,0.0,motor,complexity,10,/home1/amadapur/projects/eeg_trait_state_geometry/results/motor/complexity/hierarchy/hierarchy_results_n10_6_complexityclasses.csv,10.0,10,6
24,Raw,6,6.583991284292201,0.0,motor,complexity,10,/home1/amadapur/projects/eeg_trait_state_geometry/results/motor/complexity/hierarchy/hierarchy_results_n10_6_complexityclasses.csv,10.0,10,6
25,Trait_LDA,6,8.874689160571817,0.0,motor,complexity,10,/home1/amadapur/projects/eeg_trait_state_geometry/results/motor/complexity/hierarchy/hierarchy_results_n10_6_complexityclasses.csv,10.0,10,6
26,State_LDA,6,1.1828407086409851,0.0,motor,complexity,10,/home1/amadapur/projects/eeg_trait_state_geometry/results/motor/complexity/hierarchy/hierarchy_results_n10_6_complexityclasses.csv,10.0,10,6
27,Joint_LDA,6,8.073709198391786,0.0,motor,complexity,10,/home1/amadapur/projects/eeg_trait_state_geometry/results/motor/complexity/hierarchy/hierarchy_results_n10_6_complexityclasses.csv,10.0,10,6
28,Raw,7,7.200201512540464,0.0,motor,complexity,10,/home1/amadapur/projects/eeg_trait_state_geometry/results/motor/complexity/hierarchy/hierarchy_results_n10_6_complexityclasses.csv,10.0,10,6
29,Trait_LDA,7,7.548729298073775,0.0,motor,complexity,10,/home1/amadapur/projects/eeg_trait_state_geometry/results/motor/complexity/hierarchy/hierarchy_results_n10_6_complexityclasses.csv,10.0,10,6
30,State_LDA,7,1.257243837802242,0.0,motor,complexity,10,/home1/amadapur/projects/eeg_trait_state_geometry/results/motor/complexity/hierarchy/hierarchy_results_n10_6_complexityclasses.csv,10.0,10,6
31,Joint_LDA,7,7.348418843655195,0.0,motor,complexity,10,/home1/amadapur/projects/eeg_trait_state_geometry/results/motor/complexity/hierarchy/hierarchy_results_n10_6_complexityclasses.csv,10.0,10,6
32,Raw,8,6.0913502582901975,0.0,motor,complexity,10,/home1/amadapur/projects/eeg_trait_state_geometry/results/motor/complexity/hierarchy/hierarchy_results_n10_6_complexityclasses.csv,10.0,10,6
33,Trait_LDA,8,8.276193728664916,0.0,motor,complexity,10,/home1/amadapur/projects/eeg_trait_state_geometry/results/motor/complexity/hierarchy/hierarchy_results_n10_6_complexityclasses.csv,10.0,10,6
34,State_LDA,8,1.2772809556771163,0.0,motor,complexity,10,/home1/amadapur/projects/eeg_trait_state_geometry/results/motor/complexity/hierarchy/hierarchy_results_n10_6_complexityclasses.csv,10.0,10,6
35,Joint_LDA,8,8.176644183857071,0.0,motor,complexity,10,/home1/amadapur/projects/eeg_trait_state_geometry/results/motor/complexity/hierarchy/hierarchy_results_n10_6_complexityclasses.csv,10.0,10,6
36,Raw,9,6.750422989029035,0.0,motor,complexity,10,/home1/amadapur/projects/eeg_trait_state_geometry/results/motor/complexity/hierarchy/hierarchy_results_n10_6_complexityclasses.csv,10.0,10,6
37,Trait_LDA,9,8.960164202563144,0.0,motor,complexity,10,/home1/amadapur/projects/eeg_trait_state_geometry/results/motor/complexity/hierarchy/hierarchy_results_n10_6_complexityclasses.csv,10.0,10,6
38,State_LDA,9,1.2206718352601482,0.0,motor,complexity,10,/home1/amadapur/projects/eeg_trait_state_geometry/results/motor/complexity/hierarchy/hierarchy_results_n10_6_complexityclasses.csv,10.0,10,6
39,Joint_LDA,9,8.51642040799647,0.0,motor,complexity,10,/home1/amadapur/projects/eeg_trait_state_geometry/results/motor/complexity/hierarchy/hierarchy_results_n10_6_complexityclasses.csv,10.0,10,6
0,Raw,0,5.296576159387446,0.0,motor,complexity,20,/home1/amadapur/projects/eeg_trait_state_geometry/results/motor/complexity/hierarchy/hierarchy_results_n20_6_complexityclasses.csv,20.0,20,6
1,Trait_LDA,0,6.70890936726112,0.0,motor,complexity,20,/home1/amadapur/projects/eeg_trait_state_geometry/results/motor/complexity/hierarchy/hierarchy_results_n20_6_complexityclasses.csv,20.0,20,6
2,State_LDA,0,1.8571865395308131,0.0,motor,complexity,20,/home1/amadapur/projects/eeg_trait_state_geometry/results/motor/complexity/hierarchy/hierarchy_results_n20_6_complexityclasses.csv,20.0,20,6
3,Joint_LDA,0,6.697982473591618,0.0,motor,complexity,20,/home1/amadapur/projects/eeg_trait_state_geometry/results/motor/complexity/hierarchy/hierarchy_results_n20_6_complexityclasses.csv,20.0,20,6
4,Raw,1,5.488775970219622,0.0,motor,complexity,20,/home1/amadapur/projects/eeg_trait_state_geometry/results/motor/complexity/hierarchy/hierarchy_results_n20_6_complexityclasses.csv,20.0,20,6
5,Trait_LDA,1,7.370280877514364,0.0,motor,complexity,20,/home1/amadapur/projects/eeg_trait_state_geometry/results/motor/complexity/hierarchy/hierarchy_results_n20_6_complexityclasses.csv,20.0,20,6
6,State_LDA,1,2.1013511974875176,0.0,motor,complexity,20,/home1/amadapur/projects/eeg_trait_state_geometry/results/motor/complexity/hierarchy/hierarchy_results_n20_6_complexityclasses.csv,20.0,20,6
7,Joint_LDA,1,7.284665528383014,0.0,motor,complexity,20,/home1/amadapur/projects/eeg_trait_state_geometry/results/motor/complexity/hierarchy/hierarchy_results_n20_6_complexityclasses.csv,20.0,20,6
8,Raw,2,5.697410634341318,0.0,motor,complexity,20,/home1/amadapur/projects/eeg_trait_state_geometry/results/motor/complexity/hierarchy/hierarchy_results_n20_6_complexityclasses.csv,20.0,20,6
9,Trait_LDA,2,7.629206585815735,0.0,motor,complexity,20,/home1/amadapur/projects/eeg_trait_state_geometry/results/motor/complexity/hierarchy/hierarchy_results_n20_6_complexityclasses.csv,20.0,20,6
10,State_LDA,2,1.8628399568280376,0.0,motor,complexity,20,/home1/amadapur/projects/eeg_trait_state_geometry/results/motor/complexity/hierarchy/hierarchy_results_n20_6_complexityclasses.csv,20.0,20,6
11,Joint_LDA,2,7.657119823797849,0.0,motor,complexity,20,/home1/amadapur/projects/eeg_trait_state_geometry/results/motor/complexity/hierarchy/hierarchy_results_n20_6_complexityclasses.csv,20.0,20,6
12,Raw,3,5.1637465138132885,0.0,motor,complexity,20,/home1/amadapur/projects/eeg_trait_state_geometry/results/motor/complexity/hierarchy/hierarchy_results_n20_6_complexityclasses.csv,20.0,20,6
13,Trait_LDA,3,7.656587160233608,0.0,motor,complexity,20,/home1/amadapur/projects/eeg_trait_state_geometry/results/motor/complexity/hierarchy/hierarchy_results_n20_6_complexityclasses.csv,20.0,20,6
14,State_LDA,3,1.8111337808553536,0.0,motor,complexity,20,/home1/amadapur/projects/eeg_trait_state_geometry/results/motor/complexity/hierarchy/hierarchy_results_n20_6_complexityclasses.csv,20.0,20,6
15,Joint_LDA,3,7.549251390180888,0.0,motor,complexity,20,/home1/amadapur/projects/eeg_trait_state_geometry/results/motor/complexity/hierarchy/hierarchy_results_n20_6_complexityclasses.csv,20.0,20,6
16,Raw,4,5.251964118413679,0.0,motor,complexity,20,/home1/amadapur/projects/eeg_trait_state_geometry/results/motor/complexity/hierarchy/hierarchy_results_n20_6_complexityclasses.csv,20.0,20,6
17,Trait_LDA,4,7.2093702160455875,0.0,motor,complexity,20,/home1/amadapur/projects/eeg_trait_state_geometry/results/motor/complexity/hierarchy/hierarchy_results_n20_6_complexityclasses.csv,20.0,20,6
18,State_LDA,4,1.8705392398012493,0.0,motor,complexity,20,/home1/amadapur/projects/eeg_trait_state_geometry/results/motor/complexity/hierarchy/hierarchy_results_n20_6_complexityclasses.csv,20.0,20,6
19,Joint_LDA,4,7.351200170734161,0.0,motor,complexity,20,/home1/amadapur/projects/eeg_trait_state_geometry/results/motor/complexity/hierarchy/hierarchy_results_n20_6_complexityclasses.csv,20.0,20,6
20,Raw,5,5.61052294955479,0.0,motor,complexity,20,/home1/amadapur/projects/eeg_trait_state_geometry/results/motor/complexity/hierarchy/hierarchy_results_n20_6_complexityclasses.csv,20.0,20,6
21,Trait_LDA,5,7.183636058158615,0.0,motor,complexity,20,/home1/amadapur/projects/eeg_trait_state_geometry/results/motor/complexity/hierarchy/hierarchy_results_n20_6_complexityclasses.csv,20.0,20,6
22,State_LDA,5,1.8527745920836656,0.0,motor,complexity,20,/home1/amadapur/projects/eeg_trait_state_geometry/results/motor/complexity/hierarchy/hierarchy_results_n20_6_complexityclasses.csv,20.0,20,6
23,Joint_LDA,5,7.199188081313723,0.0,motor,complexity,20,/home1/amadapur/projects/eeg_trait_state_geometry/results/motor/complexity/hierarchy/hierarchy_results_n20_6_complexityclasses.csv,20.0,20,6
24,Raw,6,5.702811936666292,0.0,motor,complexity,20,/home1/amadapur/projects/eeg_trait_state_geometry/results/motor/complexity/hierarchy/hierarchy_results_n20_6_complexityclasses.csv,20.0,20,6
25,Trait_LDA,6,7.712723150386362,0.0,motor,complexity,20,/home1/amadapur/projects/eeg_trait_state_geometry/results/motor/complexity/hierarchy/hierarchy_results_n20_6_complexityclasses.csv,20.0,20,6
26,State_LDA,6,1.7073910904585874,0.0,motor,complexity,20,/home1/amadapur/projects/eeg_trait_state_geometry/results/motor/complexity/hierarchy/hierarchy_results_n20_6_complexityclasses.csv,20.0,20,6
27,Joint_LDA,6,7.724288870868353,0.0,motor,complexity,20,/home1/amadapur/projects/eeg_trait_state_geometry/results/motor/complexity/hierarchy/hierarchy_results_n20_6_complexityclasses.csv,20.0,20,6
28,Raw,7,5.684690751739031,0.0,motor,complexity,20,/home1/amadapur/projects/eeg_trait_state_geometry/results/motor/complexity/hierarchy/hierarchy_results_n20_6_complexityclasses.csv,20.0,20,6
29,Trait_LDA,7,7.5524971899723425,0.0,motor,complexity,20,/home1/amadapur/projects/eeg_trait_state_geometry/results/motor/complexity/hierarchy/hierarchy_results_n20_6_complexityclasses.csv,20.0,20,6
30,State_LDA,7,1.8139136067535733,0.0,motor,complexity,20,/home1/amadapur/projects/eeg_trait_state_geometry/results/motor/complexity/hierarchy/hierarchy_results_n20_6_complexityclasses.csv,20.0,20,6
31,Joint_LDA,7,7.73676223592317,0.0,motor,complexity,20,/home1/amadapur/projects/eeg_trait_state_geometry/results/motor/complexity/hierarchy/hierarchy_results_n20_6_complexityclasses.csv,20.0,20,6
32,Raw,8,5.835090284125929,0.0,motor,complexity,20,/home1/amadapur/projects/eeg_trait_state_geometry/results/motor/complexity/hierarchy/hierarchy_results_n20_6_complexityclasses.csv,20.0,20,6
33,Trait_LDA,8,7.61097752340304,0.0,motor,complexity,20,/home1/amadapur/projects/eeg_trait_state_geometry/results/motor/complexity/hierarchy/hierarchy_results_n20_6_complexityclasses.csv,20.0,20,6
34,State_LDA,8,2.1187063265454222,0.0,motor,complexity,20,/home1/amadapur/projects/eeg_trait_state_geometry/results/motor/complexity/hierarchy/hierarchy_results_n20_6_complexityclasses.csv,20.0,20,6
35,Joint_LDA,8,7.490474753251773,0.0,motor,complexity,20,/home1/amadapur/projects/eeg_trait_state_geometry/results/motor/complexity/hierarchy/hierarchy_results_n20_6_complexityclasses.csv,20.0,20,6
36,Raw,9,5.760004950444281,0.0,motor,complexity,20,/home1/amadapur/projects/eeg_trait_state_geometry/results/motor/complexity/hierarchy/hierarchy_results_n20_6_complexityclasses.csv,20.0,20,6
37,Trait_LDA,9,7.769580594024005,0.0,motor,complexity,20,/home1/amadapur/projects/eeg_trait_state_geometry/results/motor/complexity/hierarchy/hierarchy_results_n20_6_complexityclasses.csv,20.0,20,6
38,State_LDA,9,1.8950952854552372,0.0,motor,complexity,20,/home1/amadapur/projects/eeg_trait_state_geometry/results/motor/complexity/hierarchy/hierarchy_results_n20_6_complexityclasses.csv,20.0,20,6
39,Joint_LDA,9,7.890329899506522,0.0,motor,complexity,20,/home1/amadapur/projects/eeg_trait_state_geometry/results/motor/complexity/hierarchy/hierarchy_results_n20_6_complexityclasses.csv,20.0,20,6
0,Raw,0,3.1391032248792725,0.0,motor,complexity,all,/home1/amadapur/projects/eeg_trait_state_geometry/results/motor/complexity/hierarchy/hierarchy_results_nall_10_complexityclasses.csv,105.0,all (105),10
1,Trait_LDA,0,3.2849414760624778,0.0,motor,complexity,all,/home1/amadapur/projects/eeg_trait_state_geometry/results/motor/complexity/hierarchy/hierarchy_results_nall_10_complexityclasses.csv,105.0,all (105),10
2,State_LDA,0,2.0840095557103693,0.0,motor,complexity,all,/home1/amadapur/projects/eeg_trait_state_geometry/results/motor/complexity/hierarchy/hierarchy_results_nall_10_complexityclasses.csv,105.0,all (105),10
3,Joint_LDA,0,3.290676702414592,0.0,motor,complexity,all,/home1/amadapur/projects/eeg_trait_state_geometry/results/motor/complexity/hierarchy/hierarchy_results_nall_10_complexityclasses.csv,105.0,all (105),10
0,Raw,0,2.4920819329559625,0.0,motor,complexity,4,/home1/amadapur/projects/eeg_trait_state_geometry/results/motor/complexity/hierarchy/hierarchy_results_n4_10_complexityclasses.csv,4.0,4,10
1,Trait_LDA,0,6.4167392735334,0.0,motor,complexity,4,/home1/amadapur/projects/eeg_trait_state_geometry/results/motor/complexity/hierarchy/hierarchy_results_n4_10_complexityclasses.csv,4.0,4,10
2,State_LDA,0,0.912556986493438,0.0,motor,complexity,4,/home1/amadapur/projects/eeg_trait_state_geometry/results/motor/complexity/hierarchy/hierarchy_results_n4_10_complexityclasses.csv,4.0,4,10
3,Joint_LDA,0,2.591417762253074,0.0,motor,complexity,4,/home1/amadapur/projects/eeg_trait_state_geometry/results/motor/complexity/hierarchy/hierarchy_results_n4_10_complexityclasses.csv,4.0,4,10
4,Raw,1,2.662202958786137,0.0,motor,complexity,4,/home1/amadapur/projects/eeg_trait_state_geometry/results/motor/complexity/hierarchy/hierarchy_results_n4_10_complexityclasses.csv,4.0,4,10
5,Trait_LDA,1,6.910306500577833,0.0,motor,complexity,4,/home1/amadapur/projects/eeg_trait_state_geometry/results/motor/complexity/hierarchy/hierarchy_results_n4_10_complexityclasses.csv,4.0,4,10
6,State_LDA,1,0.918630894752136,0.0,motor,complexity,4,/home1/amadapur/projects/eeg_trait_state_geometry/results/motor/complexity/hierarchy/hierarchy_results_n4_10_complexityclasses.csv,4.0,4,10
7,Joint_LDA,1,2.6778212249056943,0.0,motor,complexity,4,/home1/amadapur/projects/eeg_trait_state_geometry/results/motor/complexity/hierarchy/hierarchy_results_n4_10_complexityclasses.csv,4.0,4,10
8,Raw,2,2.511301749296985,0.0,motor,complexity,4,/home1/amadapur/projects/eeg_trait_state_geometry/results/motor/complexity/hierarchy/hierarchy_results_n4_10_complexityclasses.csv,4.0,4,10
9,Trait_LDA,2,6.524217349967365,0.0,motor,complexity,4,/home1/amadapur/projects/eeg_trait_state_geometry/results/motor/complexity/hierarchy/hierarchy_results_n4_10_complexityclasses.csv,4.0,4,10
10,State_LDA,2,1.006846682306765,0.0,motor,complexity,4,/home1/amadapur/projects/eeg_trait_state_geometry/results/motor/complexity/hierarchy/hierarchy_results_n4_10_complexityclasses.csv,4.0,4,10
11,Joint_LDA,2,2.5719874341199938,0.0,motor,complexity,4,/home1/amadapur/projects/eeg_trait_state_geometry/results/motor/complexity/hierarchy/hierarchy_results_n4_10_complexityclasses.csv,4.0,4,10
12,Raw,3,2.9202579419749903,0.0,motor,complexity,4,/home1/amadapur/projects/eeg_trait_state_geometry/results/motor/complexity/hierarchy/hierarchy_results_n4_10_complexityclasses.csv,4.0,4,10
13,Trait_LDA,3,6.623315604730888,0.0,motor,complexity,4,/home1/amadapur/projects/eeg_trait_state_geometry/results/motor/complexity/hierarchy/hierarchy_results_n4_10_complexityclasses.csv,4.0,4,10
14,State_LDA,3,0.973071321793164,0.0,motor,complexity,4,/home1/amadapur/projects/eeg_trait_state_geometry/results/motor/complexity/hierarchy/hierarchy_results_n4_10_complexityclasses.csv,4.0,4,10
15,Joint_LDA,3,2.5790562125379526,0.0,motor,complexity,4,/home1/amadapur/projects/eeg_trait_state_geometry/results/motor/complexity/hierarchy/hierarchy_results_n4_10_complexityclasses.csv,4.0,4,10
16,Raw,4,2.709827223444498,0.0,motor,complexity,4,/home1/amadapur/projects/eeg_trait_state_geometry/results/motor/complexity/hierarchy/hierarchy_results_n4_10_complexityclasses.csv,4.0,4,10
17,Trait_LDA,4,7.155655539834165,0.0,motor,complexity,4,/home1/amadapur/projects/eeg_trait_state_geometry/results/motor/complexity/hierarchy/hierarchy_results_n4_10_complexityclasses.csv,4.0,4,10
18,State_LDA,4,0.978435183825646,0.0,motor,complexity,4,/home1/amadapur/projects/eeg_trait_state_geometry/results/motor/complexity/hierarchy/hierarchy_results_n4_10_complexityclasses.csv,4.0,4,10
19,Joint_LDA,4,2.602627392081029,0.0,motor,complexity,4,/home1/amadapur/projects/eeg_trait_state_geometry/results/motor/complexity/hierarchy/hierarchy_results_n4_10_complexityclasses.csv,4.0,4,10
20,Raw,5,2.851290449974006,0.0,motor,complexity,4,/home1/amadapur/projects/eeg_trait_state_geometry/results/motor/complexity/hierarchy/hierarchy_results_n4_10_complexityclasses.csv,4.0,4,10
21,Trait_LDA,5,7.371607591693746,0.0,motor,complexity,4,/home1/amadapur/projects/eeg_trait_state_geometry/results/motor/complexity/hierarchy/hierarchy_results_n4_10_complexityclasses.csv,4.0,4,10
22,State_LDA,5,0.949348341272194,0.0,motor,complexity,4,/home1/amadapur/projects/eeg_trait_state_geometry/results/motor/complexity/hierarchy/hierarchy_results_n4_10_complexityclasses.csv,4.0,4,10
23,Joint_LDA,5,2.614910426059214,0.0,motor,complexity,4,/home1/amadapur/projects/eeg_trait_state_geometry/results/motor/complexity/hierarchy/hierarchy_results_n4_10_complexityclasses.csv,4.0,4,10
24,Raw,6,2.9145612538742767,0.0,motor,complexity,4,/home1/amadapur/projects/eeg_trait_state_geometry/results/motor/complexity/hierarchy/hierarchy_results_n4_10_complexityclasses.csv,4.0,4,10
25,Trait_LDA,6,7.58319284181368,0.0,motor,complexity,4,/home1/amadapur/projects/eeg_trait_state_geometry/results/motor/complexity/hierarchy/hierarchy_results_n4_10_complexityclasses.csv,4.0,4,10
26,State_LDA,6,0.906035935369596,0.0,motor,complexity,4,/home1/amadapur/projects/eeg_trait_state_geometry/results/motor/complexity/hierarchy/hierarchy_results_n4_10_complexityclasses.csv,4.0,4,10
27,Joint_LDA,6,2.805768070875755,0.0,motor,complexity,4,/home1/amadapur/projects/eeg_trait_state_geometry/results/motor/complexity/hierarchy/hierarchy_results_n4_10_complexityclasses.csv,4.0,4,10
28,Raw,7,3.106748864575088,0.0,motor,complexity,4,/home1/amadapur/projects/eeg_trait_state_geometry/results/motor/complexity/hierarchy/hierarchy_results_n4_10_complexityclasses.csv,4.0,4,10
29,Trait_LDA,7,6.743305442948065,0.0,motor,complexity,4,/home1/amadapur/projects/eeg_trait_state_geometry/results/motor/complexity/hierarchy/hierarchy_results_n4_10_complexityclasses.csv,4.0,4,10
30,State_LDA,7,0.9308585922284482,0.0,motor,complexity,4,/home1/amadapur/projects/eeg_trait_state_geometry/results/motor/complexity/hierarchy/hierarchy_results_n4_10_complexityclasses.csv,4.0,4,10
31,Joint_LDA,7,2.6481154348116664,0.0,motor,complexity,4,/home1/amadapur/projects/eeg_trait_state_geometry/results/motor/complexity/hierarchy/hierarchy_results_n4_10_complexityclasses.csv,4.0,4,10
32,Raw,8,2.325824257763446,0.0,motor,complexity,4,/home1/amadapur/projects/eeg_trait_state_geometry/results/motor/complexity/hierarchy/hierarchy_results_n4_10_complexityclasses.csv,4.0,4,10
33,Trait_LDA,8,7.019474797301829,0.0,motor,complexity,4,/home1/amadapur/projects/eeg_trait_state_geometry/results/motor/complexity/hierarchy/hierarchy_results_n4_10_complexityclasses.csv,4.0,4,10
34,State_LDA,8,0.9166681165889732,0.0,motor,complexity,4,/home1/amadapur/projects/eeg_trait_state_geometry/results/motor/complexity/hierarchy/hierarchy_results_n4_10_complexityclasses.csv,4.0,4,10
35,Joint_LDA,8,2.337867041024554,0.0,motor,complexity,4,/home1/amadapur/projects/eeg_trait_state_geometry/results/motor/complexity/hierarchy/hierarchy_results_n4_10_complexityclasses.csv,4.0,4,10
36,Raw,9,2.8731191715501194,0.0,motor,complexity,4,/home1/amadapur/projects/eeg_trait_state_geometry/results/motor/complexity/hierarchy/hierarchy_results_n4_10_complexityclasses.csv,4.0,4,10
37,Trait_LDA,9,8.162023082121195,0.0,motor,complexity,4,/home1/amadapur/projects/eeg_trait_state_geometry/results/motor/complexity/hierarchy/hierarchy_results_n4_10_complexityclasses.csv,4.0,4,10
38,State_LDA,9,0.901938175525358,0.0,motor,complexity,4,/home1/amadapur/projects/eeg_trait_state_geometry/results/motor/complexity/hierarchy/hierarchy_results_n4_10_complexityclasses.csv,4.0,4,10
39,Joint_LDA,9,2.634546169580417,0.0,motor,complexity,4,/home1/amadapur/projects/eeg_trait_state_geometry/results/motor/complexity/hierarchy/hierarchy_results_n4_10_complexityclasses.csv,4.0,4,10
0,Raw,0,3.028524751618037,0.0,motor,complexity,4,/home1/amadapur/projects/eeg_trait_state_geometry/results/motor/complexity/hierarchy/hierarchy_results_n4_6_complexityclasses.csv,4.0,4,6
1,Trait_LDA,0,8.158291121891379,0.0,motor,complexity,4,/home1/amadapur/projects/eeg_trait_state_geometry/results/motor/complexity/hierarchy/hierarchy_results_n4_6_complexityclasses.csv,4.0,4,6
2,State_LDA,0,0.8164429081976169,0.0,motor,complexity,4,/home1/amadapur/projects/eeg_trait_state_geometry/results/motor/complexity/hierarchy/hierarchy_results_n4_6_complexityclasses.csv,4.0,4,6
3,Joint_LDA,0,3.960038509074869,0.0,motor,complexity,4,/home1/amadapur/projects/eeg_trait_state_geometry/results/motor/complexity/hierarchy/hierarchy_results_n4_6_complexityclasses.csv,4.0,4,6
4,Raw,1,3.229470574393614,0.0,motor,complexity,4,/home1/amadapur/projects/eeg_trait_state_geometry/results/motor/complexity/hierarchy/hierarchy_results_n4_6_complexityclasses.csv,4.0,4,6
5,Trait_LDA,1,8.849579636468109,0.0,motor,complexity,4,/home1/amadapur/projects/eeg_trait_state_geometry/results/motor/complexity/hierarchy/hierarchy_results_n4_6_complexityclasses.csv,4.0,4,6
6,State_LDA,1,0.9239567863244724,0.0,motor,complexity,4,/home1/amadapur/projects/eeg_trait_state_geometry/results/motor/complexity/hierarchy/hierarchy_results_n4_6_complexityclasses.csv,4.0,4,6
7,Joint_LDA,1,4.382361658337116,0.0,motor,complexity,4,/home1/amadapur/projects/eeg_trait_state_geometry/results/motor/complexity/hierarchy/hierarchy_results_n4_6_complexityclasses.csv,4.0,4,6
8,Raw,2,3.165196285399431,0.0,motor,complexity,4,/home1/amadapur/projects/eeg_trait_state_geometry/results/motor/complexity/hierarchy/hierarchy_results_n4_6_complexityclasses.csv,4.0,4,6
9,Trait_LDA,2,9.1409647827753,0.0,motor,complexity,4,/home1/amadapur/projects/eeg_trait_state_geometry/results/motor/complexity/hierarchy/hierarchy_results_n4_6_complexityclasses.csv,4.0,4,6
10,State_LDA,2,1.0379880980856575,0.0,motor,complexity,4,/home1/amadapur/projects/eeg_trait_state_geometry/results/motor/complexity/hierarchy/hierarchy_results_n4_6_complexityclasses.csv,4.0,4,6
11,Joint_LDA,2,4.120441581737313,0.0,motor,complexity,4,/home1/amadapur/projects/eeg_trait_state_geometry/results/motor/complexity/hierarchy/hierarchy_results_n4_6_complexityclasses.csv,4.0,4,6
12,Raw,3,3.5542065826161813,0.0,motor,complexity,4,/home1/amadapur/projects/eeg_trait_state_geometry/results/motor/complexity/hierarchy/hierarchy_results_n4_6_complexityclasses.csv,4.0,4,6
13,Trait_LDA,3,9.75254889471742,0.0,motor,complexity,4,/home1/amadapur/projects/eeg_trait_state_geometry/results/motor/complexity/hierarchy/hierarchy_results_n4_6_complexityclasses.csv,4.0,4,6
14,State_LDA,3,0.9152937852377157,0.0,motor,complexity,4,/home1/amadapur/projects/eeg_trait_state_geometry/results/motor/complexity/hierarchy/hierarchy_results_n4_6_complexityclasses.csv,4.0,4,6
15,Joint_LDA,3,4.365530022854792,0.0,motor,complexity,4,/home1/amadapur/projects/eeg_trait_state_geometry/results/motor/complexity/hierarchy/hierarchy_results_n4_6_complexityclasses.csv,4.0,4,6
16,Raw,4,3.370607771304829,0.0,motor,complexity,4,/home1/amadapur/projects/eeg_trait_state_geometry/results/motor/complexity/hierarchy/hierarchy_results_n4_6_complexityclasses.csv,4.0,4,6
17,Trait_LDA,4,9.830387707761432,0.0,motor,complexity,4,/home1/amadapur/projects/eeg_trait_state_geometry/results/motor/complexity/hierarchy/hierarchy_results_n4_6_complexityclasses.csv,4.0,4,6
18,State_LDA,4,0.8724923177009266,0.0,motor,complexity,4,/home1/amadapur/projects/eeg_trait_state_geometry/results/motor/complexity/hierarchy/hierarchy_results_n4_6_complexityclasses.csv,4.0,4,6
19,Joint_LDA,4,4.196110434998812,0.0,motor,complexity,4,/home1/amadapur/projects/eeg_trait_state_geometry/results/motor/complexity/hierarchy/hierarchy_results_n4_6_complexityclasses.csv,4.0,4,6
20,Raw,5,3.525307241950352,0.0,motor,complexity,4,/home1/amadapur/projects/eeg_trait_state_geometry/results/motor/complexity/hierarchy/hierarchy_results_n4_6_complexityclasses.csv,4.0,4,6
21,Trait_LDA,5,9.91726392556184,0.0,motor,complexity,4,/home1/amadapur/projects/eeg_trait_state_geometry/results/motor/complexity/hierarchy/hierarchy_results_n4_6_complexityclasses.csv,4.0,4,6
22,State_LDA,5,0.8883352274000432,0.0,motor,complexity,4,/home1/amadapur/projects/eeg_trait_state_geometry/results/motor/complexity/hierarchy/hierarchy_results_n4_6_complexityclasses.csv,4.0,4,6
23,Joint_LDA,5,4.251746946217539,0.0,motor,complexity,4,/home1/amadapur/projects/eeg_trait_state_geometry/results/motor/complexity/hierarchy/hierarchy_results_n4_6_complexityclasses.csv,4.0,4,6
24,Raw,6,3.279096377295174,0.0,motor,complexity,4,/home1/amadapur/projects/eeg_trait_state_geometry/results/motor/complexity/hierarchy/hierarchy_results_n4_6_complexityclasses.csv,4.0,4,6
25,Trait_LDA,6,10.14734877085216,0.0,motor,complexity,4,/home1/amadapur/projects/eeg_trait_state_geometry/results/motor/complexity/hierarchy/hierarchy_results_n4_6_complexityclasses.csv,4.0,4,6
26,State_LDA,6,0.9088311803613152,0.0,motor,complexity,4,/home1/amadapur/projects/eeg_trait_state_geometry/results/motor/complexity/hierarchy/hierarchy_results_n4_6_complexityclasses.csv,4.0,4,6
27,Joint_LDA,6,4.459426558325345,0.0,motor,complexity,4,/home1/amadapur/projects/eeg_trait_state_geometry/results/motor/complexity/hierarchy/hierarchy_results_n4_6_complexityclasses.csv,4.0,4,6
28,Raw,7,3.817958327291264,0.0,motor,complexity,4,/home1/amadapur/projects/eeg_trait_state_geometry/results/motor/complexity/hierarchy/hierarchy_results_n4_6_complexityclasses.csv,4.0,4,6
29,Trait_LDA,7,9.10568035599938,0.0,motor,complexity,4,/home1/amadapur/projects/eeg_trait_state_geometry/results/motor/complexity/hierarchy/hierarchy_results_n4_6_complexityclasses.csv,4.0,4,6
30,State_LDA,7,0.8517666264536963,0.0,motor,complexity,4,/home1/amadapur/projects/eeg_trait_state_geometry/results/motor/complexity/hierarchy/hierarchy_results_n4_6_complexityclasses.csv,4.0,4,6
31,Joint_LDA,7,4.270403477484757,0.0,motor,complexity,4,/home1/amadapur/projects/eeg_trait_state_geometry/results/motor/complexity/hierarchy/hierarchy_results_n4_6_complexityclasses.csv,4.0,4,6
32,Raw,8,2.530127103478163,0.0,motor,complexity,4,/home1/amadapur/projects/eeg_trait_state_geometry/results/motor/complexity/hierarchy/hierarchy_results_n4_6_complexityclasses.csv,4.0,4,6
33,Trait_LDA,8,9.95427593508054,0.0,motor,complexity,4,/home1/amadapur/projects/eeg_trait_state_geometry/results/motor/complexity/hierarchy/hierarchy_results_n4_6_complexityclasses.csv,4.0,4,6
34,State_LDA,8,0.8435871189286961,0.0,motor,complexity,4,/home1/amadapur/projects/eeg_trait_state_geometry/results/motor/complexity/hierarchy/hierarchy_results_n4_6_complexityclasses.csv,4.0,4,6
35,Joint_LDA,8,3.682720630338277,0.0,motor,complexity,4,/home1/amadapur/projects/eeg_trait_state_geometry/results/motor/complexity/hierarchy/hierarchy_results_n4_6_complexityclasses.csv,4.0,4,6
36,Raw,9,3.478000025122245,0.0,motor,complexity,4,/home1/amadapur/projects/eeg_trait_state_geometry/results/motor/complexity/hierarchy/hierarchy_results_n4_6_complexityclasses.csv,4.0,4,6
37,Trait_LDA,9,10.572249339244667,0.0,motor,complexity,4,/home1/amadapur/projects/eeg_trait_state_geometry/results/motor/complexity/hierarchy/hierarchy_results_n4_6_complexityclasses.csv,4.0,4,6
38,State_LDA,9,0.8904941470372386,0.0,motor,complexity,4,/home1/amadapur/projects/eeg_trait_state_geometry/results/motor/complexity/hierarchy/hierarchy_results_n4_6_complexityclasses.csv,4.0,4,6
39,Joint_LDA,9,4.161046108338876,0.0,motor,complexity,4,/home1/amadapur/projects/eeg_trait_state_geometry/results/motor/complexity/hierarchy/hierarchy_results_n4_6_complexityclasses.csv,4.0,4,6
0,Raw,0,4.812213053527585,0.0,motor,complexity,10,/home1/amadapur/projects/eeg_trait_state_geometry/results/motor/complexity/hierarchy/hierarchy_results_n10_10_complexityclasses.csv,10.0,10,10
1,Trait_LDA,0,5.96102315927024,0.0,motor,complexity,10,/home1/amadapur/projects/eeg_trait_state_geometry/results/motor/complexity/hierarchy/hierarchy_results_n10_10_complexityclasses.csv,10.0,10,10
2,State_LDA,0,1.148544623379725,0.0,motor,complexity,10,/home1/amadapur/projects/eeg_trait_state_geometry/results/motor/complexity/hierarchy/hierarchy_results_n10_10_complexityclasses.csv,10.0,10,10
3,Joint_LDA,0,5.0131153438031015,0.0,motor,complexity,10,/home1/amadapur/projects/eeg_trait_state_geometry/results/motor/complexity/hierarchy/hierarchy_results_n10_10_complexityclasses.csv,10.0,10,10
4,Raw,1,4.603618360091364,0.0,motor,complexity,10,/home1/amadapur/projects/eeg_trait_state_geometry/results/motor/complexity/hierarchy/hierarchy_results_n10_10_complexityclasses.csv,10.0,10,10
5,Trait_LDA,1,6.095512381944021,0.0,motor,complexity,10,/home1/amadapur/projects/eeg_trait_state_geometry/results/motor/complexity/hierarchy/hierarchy_results_n10_10_complexityclasses.csv,10.0,10,10
6,State_LDA,1,1.1512596130058468,0.0,motor,complexity,10,/home1/amadapur/projects/eeg_trait_state_geometry/results/motor/complexity/hierarchy/hierarchy_results_n10_10_complexityclasses.csv,10.0,10,10
7,Joint_LDA,1,5.161382882834906,0.0,motor,complexity,10,/home1/amadapur/projects/eeg_trait_state_geometry/results/motor/complexity/hierarchy/hierarchy_results_n10_10_complexityclasses.csv,10.0,10,10
8,Raw,2,4.807177812664786,0.0,motor,complexity,10,/home1/amadapur/projects/eeg_trait_state_geometry/results/motor/complexity/hierarchy/hierarchy_results_n10_10_complexityclasses.csv,10.0,10,10
9,Trait_LDA,2,6.2722645744684025,0.0,motor,complexity,10,/home1/amadapur/projects/eeg_trait_state_geometry/results/motor/complexity/hierarchy/hierarchy_results_n10_10_complexityclasses.csv,10.0,10,10
10,State_LDA,2,1.2029401283439989,0.0,motor,complexity,10,/home1/amadapur/projects/eeg_trait_state_geometry/results/motor/complexity/hierarchy/hierarchy_results_n10_10_complexityclasses.csv,10.0,10,10
11,Joint_LDA,2,5.153592653707977,0.0,motor,complexity,10,/home1/amadapur/projects/eeg_trait_state_geometry/results/motor/complexity/hierarchy/hierarchy_results_n10_10_complexityclasses.csv,10.0,10,10
12,Raw,3,4.698421619810791,0.0,motor,complexity,10,/home1/amadapur/projects/eeg_trait_state_geometry/results/motor/complexity/hierarchy/hierarchy_results_n10_10_complexityclasses.csv,10.0,10,10
13,Trait_LDA,3,6.040735776266023,0.0,motor,complexity,10,/home1/amadapur/projects/eeg_trait_state_geometry/results/motor/complexity/hierarchy/hierarchy_results_n10_10_complexityclasses.csv,10.0,10,10
14,State_LDA,3,1.0905694157581418,0.0,motor,complexity,10,/home1/amadapur/projects/eeg_trait_state_geometry/results/motor/complexity/hierarchy/hierarchy_results_n10_10_complexityclasses.csv,10.0,10,10
15,Joint_LDA,3,5.00586839746156,0.0,motor,complexity,10,/home1/amadapur/projects/eeg_trait_state_geometry/results/motor/complexity/hierarchy/hierarchy_results_n10_10_complexityclasses.csv,10.0,10,10
16,Raw,4,3.7777735823725953,0.0,motor,complexity,10,/home1/amadapur/projects/eeg_trait_state_geometry/results/motor/complexity/hierarchy/hierarchy_results_n10_10_complexityclasses.csv,10.0,10,10
17,Trait_LDA,4,5.3881623115141135,0.0,motor,complexity,10,/home1/amadapur/projects/eeg_trait_state_geometry/results/motor/complexity/hierarchy/hierarchy_results_n10_10_complexityclasses.csv,10.0,10,10
18,State_LDA,4,1.161316415277173,0.0,motor,complexity,10,/home1/amadapur/projects/eeg_trait_state_geometry/results/motor/complexity/hierarchy/hierarchy_results_n10_10_complexityclasses.csv,10.0,10,10
19,Joint_LDA,4,4.438711254262509,0.0,motor,complexity,10,/home1/amadapur/projects/eeg_trait_state_geometry/results/motor/complexity/hierarchy/hierarchy_results_n10_10_complexityclasses.csv,10.0,10,10
20,Raw,5,4.575633441022028,0.0,motor,complexity,10,/home1/amadapur/projects/eeg_trait_state_geometry/results/motor/complexity/hierarchy/hierarchy_results_n10_10_complexityclasses.csv,10.0,10,10
21,Trait_LDA,5,5.941974084096552,0.0,motor,complexity,10,/home1/amadapur/projects/eeg_trait_state_geometry/results/motor/complexity/hierarchy/hierarchy_results_n10_10_complexityclasses.csv,10.0,10,10
22,State_LDA,5,1.223565244688524,0.0,motor,complexity,10,/home1/amadapur/projects/eeg_trait_state_geometry/results/motor/complexity/hierarchy/hierarchy_results_n10_10_complexityclasses.csv,10.0,10,10
23,Joint_LDA,5,5.017788349083245,0.0,motor,complexity,10,/home1/amadapur/projects/eeg_trait_state_geometry/results/motor/complexity/hierarchy/hierarchy_results_n10_10_complexityclasses.csv,10.0,10,10
24,Raw,6,4.658764049488647,0.0,motor,complexity,10,/home1/amadapur/projects/eeg_trait_state_geometry/results/motor/complexity/hierarchy/hierarchy_results_n10_10_complexityclasses.csv,10.0,10,10
25,Trait_LDA,6,6.338446985209411,0.0,motor,complexity,10,/home1/amadapur/projects/eeg_trait_state_geometry/results/motor/complexity/hierarchy/hierarchy_results_n10_10_complexityclasses.csv,10.0,10,10
26,State_LDA,6,1.1090928570218674,0.0,motor,complexity,10,/home1/amadapur/projects/eeg_trait_state_geometry/results/motor/complexity/hierarchy/hierarchy_results_n10_10_complexityclasses.csv,10.0,10,10
27,Joint_LDA,6,5.106939959640323,0.0,motor,complexity,10,/home1/amadapur/projects/eeg_trait_state_geometry/results/motor/complexity/hierarchy/hierarchy_results_n10_10_complexityclasses.csv,10.0,10,10
28,Raw,7,4.7798758670780535,0.0,motor,complexity,10,/home1/amadapur/projects/eeg_trait_state_geometry/results/motor/complexity/hierarchy/hierarchy_results_n10_10_complexityclasses.csv,10.0,10,10
29,Trait_LDA,7,5.644299804810423,0.0,motor,complexity,10,/home1/amadapur/projects/eeg_trait_state_geometry/results/motor/complexity/hierarchy/hierarchy_results_n10_10_complexityclasses.csv,10.0,10,10
30,State_LDA,7,1.14059164186345,0.0,motor,complexity,10,/home1/amadapur/projects/eeg_trait_state_geometry/results/motor/complexity/hierarchy/hierarchy_results_n10_10_complexityclasses.csv,10.0,10,10
31,Joint_LDA,7,4.735732810842068,0.0,motor,complexity,10,/home1/amadapur/projects/eeg_trait_state_geometry/results/motor/complexity/hierarchy/hierarchy_results_n10_10_complexityclasses.csv,10.0,10,10
32,Raw,8,4.853928580923128,0.0,motor,complexity,10,/home1/amadapur/projects/eeg_trait_state_geometry/results/motor/complexity/hierarchy/hierarchy_results_n10_10_complexityclasses.csv,10.0,10,10
33,Trait_LDA,8,6.23951802475535,0.0,motor,complexity,10,/home1/amadapur/projects/eeg_trait_state_geometry/results/motor/complexity/hierarchy/hierarchy_results_n10_10_complexityclasses.csv,10.0,10,10
34,State_LDA,8,1.150801560122796,0.0,motor,complexity,10,/home1/amadapur/projects/eeg_trait_state_geometry/results/motor/complexity/hierarchy/hierarchy_results_n10_10_complexityclasses.csv,10.0,10,10
35,Joint_LDA,8,5.274194928613762,0.0,motor,complexity,10,/home1/amadapur/projects/eeg_trait_state_geometry/results/motor/complexity/hierarchy/hierarchy_results_n10_10_complexityclasses.csv,10.0,10,10
36,Raw,9,4.639436945758419,0.0,motor,complexity,10,/home1/amadapur/projects/eeg_trait_state_geometry/results/motor/complexity/hierarchy/hierarchy_results_n10_10_complexityclasses.csv,10.0,10,10
37,Trait_LDA,9,6.068553484937953,0.0,motor,complexity,10,/home1/amadapur/projects/eeg_trait_state_geometry/results/motor/complexity/hierarchy/hierarchy_results_n10_10_complexityclasses.csv,10.0,10,10
38,State_LDA,9,1.1292064487629387,0.0,motor,complexity,10,/home1/amadapur/projects/eeg_trait_state_geometry/results/motor/complexity/hierarchy/hierarchy_results_n10_10_complexityclasses.csv,10.0,10,10
39,Joint_LDA,9,4.928165907712668,0.0,motor,complexity,10,/home1/amadapur/projects/eeg_trait_state_geometry/results/motor/complexity/hierarchy/hierarchy_results_n10_10_complexityclasses.csv,10.0,10,10
0,Raw,0,4.541783689160848,0.0,motor,complexity,all,/home1/amadapur/projects/eeg_trait_state_geometry/results/motor/complexity/hierarchy/hierarchy_results_nall_6_complexityclasses.csv,105.0,all (105),6
1,Trait_LDA,0,4.577743753044045,0.0,motor,complexity,all,/home1/amadapur/projects/eeg_trait_state_geometry/results/motor/complexity/hierarchy/hierarchy_results_nall_6_complexityclasses.csv,105.0,all (105),6
2,State_LDA,0,2.870535131213076,0.0,motor,complexity,all,/home1/amadapur/projects/eeg_trait_state_geometry/results/motor/complexity/hierarchy/hierarchy_results_nall_6_complexityclasses.csv,105.0,all (105),6
3,Joint_LDA,0,4.586373888656679,0.0,motor,complexity,all,/home1/amadapur/projects/eeg_trait_state_geometry/results/motor/complexity/hierarchy/hierarchy_results_nall_6_complexityclasses.csv,105.0,all (105),6
0,Raw,0,3.6479282778202737,0.0,motor,complexity,20,/home1/amadapur/projects/eeg_trait_state_geometry/results/motor/complexity/hierarchy/hierarchy_results_n20_10_complexityclasses.csv,20.0,20,10
1,Trait_LDA,0,4.745791763739353,0.0,motor,complexity,20,/home1/amadapur/projects/eeg_trait_state_geometry/results/motor/complexity/hierarchy/hierarchy_results_n20_10_complexityclasses.csv,20.0,20,10
2,State_LDA,0,1.5439736799604211,0.0,motor,complexity,20,/home1/amadapur/projects/eeg_trait_state_geometry/results/motor/complexity/hierarchy/hierarchy_results_n20_10_complexityclasses.csv,20.0,20,10
3,Joint_LDA,0,4.493312906154782,0.0,motor,complexity,20,/home1/amadapur/projects/eeg_trait_state_geometry/results/motor/complexity/hierarchy/hierarchy_results_n20_10_complexityclasses.csv,20.0,20,10
4,Raw,1,3.794583070857491,0.0,motor,complexity,20,/home1/amadapur/projects/eeg_trait_state_geometry/results/motor/complexity/hierarchy/hierarchy_results_n20_10_complexityclasses.csv,20.0,20,10
5,Trait_LDA,1,5.039332727062921,0.0,motor,complexity,20,/home1/amadapur/projects/eeg_trait_state_geometry/results/motor/complexity/hierarchy/hierarchy_results_n20_10_complexityclasses.csv,20.0,20,10
6,State_LDA,1,1.567230771273947,0.0,motor,complexity,20,/home1/amadapur/projects/eeg_trait_state_geometry/results/motor/complexity/hierarchy/hierarchy_results_n20_10_complexityclasses.csv,20.0,20,10
7,Joint_LDA,1,4.895462605144288,0.0,motor,complexity,20,/home1/amadapur/projects/eeg_trait_state_geometry/results/motor/complexity/hierarchy/hierarchy_results_n20_10_complexityclasses.csv,20.0,20,10
8,Raw,2,3.5643458937878743,0.0,motor,complexity,20,/home1/amadapur/projects/eeg_trait_state_geometry/results/motor/complexity/hierarchy/hierarchy_results_n20_10_complexityclasses.csv,20.0,20,10
9,Trait_LDA,2,5.173975226624721,0.0,motor,complexity,20,/home1/amadapur/projects/eeg_trait_state_geometry/results/motor/complexity/hierarchy/hierarchy_results_n20_10_complexityclasses.csv,20.0,20,10
10,State_LDA,2,1.4490424776437938,0.0,motor,complexity,20,/home1/amadapur/projects/eeg_trait_state_geometry/results/motor/complexity/hierarchy/hierarchy_results_n20_10_complexityclasses.csv,20.0,20,10
11,Joint_LDA,2,4.959831517021444,0.0,motor,complexity,20,/home1/amadapur/projects/eeg_trait_state_geometry/results/motor/complexity/hierarchy/hierarchy_results_n20_10_complexityclasses.csv,20.0,20,10
12,Raw,3,3.701723059802018,0.0,motor,complexity,20,/home1/amadapur/projects/eeg_trait_state_geometry/results/motor/complexity/hierarchy/hierarchy_results_n20_10_complexityclasses.csv,20.0,20,10
13,Trait_LDA,3,5.113982342020942,0.0,motor,complexity,20,/home1/amadapur/projects/eeg_trait_state_geometry/results/motor/complexity/hierarchy/hierarchy_results_n20_10_complexityclasses.csv,20.0,20,10
14,State_LDA,3,1.486790315972971,0.0,motor,complexity,20,/home1/amadapur/projects/eeg_trait_state_geometry/results/motor/complexity/hierarchy/hierarchy_results_n20_10_complexityclasses.csv,20.0,20,10
15,Joint_LDA,3,4.896472334297888,0.0,motor,complexity,20,/home1/amadapur/projects/eeg_trait_state_geometry/results/motor/complexity/hierarchy/hierarchy_results_n20_10_complexityclasses.csv,20.0,20,10
16,Raw,4,3.598856741493123,0.0,motor,complexity,20,/home1/amadapur/projects/eeg_trait_state_geometry/results/motor/complexity/hierarchy/hierarchy_results_n20_10_complexityclasses.csv,20.0,20,10
17,Trait_LDA,4,5.023131708487532,0.0,motor,complexity,20,/home1/amadapur/projects/eeg_trait_state_geometry/results/motor/complexity/hierarchy/hierarchy_results_n20_10_complexityclasses.csv,20.0,20,10
18,State_LDA,4,1.469977735698194,0.0,motor,complexity,20,/home1/amadapur/projects/eeg_trait_state_geometry/results/motor/complexity/hierarchy/hierarchy_results_n20_10_complexityclasses.csv,20.0,20,10
19,Joint_LDA,4,4.830295598408487,0.0,motor,complexity,20,/home1/amadapur/projects/eeg_trait_state_geometry/results/motor/complexity/hierarchy/hierarchy_results_n20_10_complexityclasses.csv,20.0,20,10
20,Raw,5,3.82942767987944,0.0,motor,complexity,20,/home1/amadapur/projects/eeg_trait_state_geometry/results/motor/complexity/hierarchy/hierarchy_results_n20_10_complexityclasses.csv,20.0,20,10
21,Trait_LDA,5,5.227876234932849,0.0,motor,complexity,20,/home1/amadapur/projects/eeg_trait_state_geometry/results/motor/complexity/hierarchy/hierarchy_results_n20_10_complexityclasses.csv,20.0,20,10
22,State_LDA,5,1.514760958023874,0.0,motor,complexity,20,/home1/amadapur/projects/eeg_trait_state_geometry/results/motor/complexity/hierarchy/hierarchy_results_n20_10_complexityclasses.csv,20.0,20,10
23,Joint_LDA,5,5.066092379892827,0.0,motor,complexity,20,/home1/amadapur/projects/eeg_trait_state_geometry/results/motor/complexity/hierarchy/hierarchy_results_n20_10_complexityclasses.csv,20.0,20,10
24,Raw,6,3.901714523389655,0.0,motor,complexity,20,/home1/amadapur/projects/eeg_trait_state_geometry/results/motor/complexity/hierarchy/hierarchy_results_n20_10_complexityclasses.csv,20.0,20,10
25,Trait_LDA,6,5.151986734796591,0.0,motor,complexity,20,/home1/amadapur/projects/eeg_trait_state_geometry/results/motor/complexity/hierarchy/hierarchy_results_n20_10_complexityclasses.csv,20.0,20,10
26,State_LDA,6,1.4610238430151847,0.0,motor,complexity,20,/home1/amadapur/projects/eeg_trait_state_geometry/results/motor/complexity/hierarchy/hierarchy_results_n20_10_complexityclasses.csv,20.0,20,10
27,Joint_LDA,6,4.923316181103546,0.0,motor,complexity,20,/home1/amadapur/projects/eeg_trait_state_geometry/results/motor/complexity/hierarchy/hierarchy_results_n20_10_complexityclasses.csv,20.0,20,10
28,Raw,7,3.8210917328452,0.0,motor,complexity,20,/home1/amadapur/projects/eeg_trait_state_geometry/results/motor/complexity/hierarchy/hierarchy_results_n20_10_complexityclasses.csv,20.0,20,10
29,Trait_LDA,7,5.084479663743338,0.0,motor,complexity,20,/home1/amadapur/projects/eeg_trait_state_geometry/results/motor/complexity/hierarchy/hierarchy_results_n20_10_complexityclasses.csv,20.0,20,10
30,State_LDA,7,1.5051005354227731,0.0,motor,complexity,20,/home1/amadapur/projects/eeg_trait_state_geometry/results/motor/complexity/hierarchy/hierarchy_results_n20_10_complexityclasses.csv,20.0,20,10
31,Joint_LDA,7,4.98241577836202,0.0,motor,complexity,20,/home1/amadapur/projects/eeg_trait_state_geometry/results/motor/complexity/hierarchy/hierarchy_results_n20_10_complexityclasses.csv,20.0,20,10
32,Raw,8,3.8553729199134414,0.0,motor,complexity,20,/home1/amadapur/projects/eeg_trait_state_geometry/results/motor/complexity/hierarchy/hierarchy_results_n20_10_complexityclasses.csv,20.0,20,10
33,Trait_LDA,8,5.073997038159876,0.0,motor,complexity,20,/home1/amadapur/projects/eeg_trait_state_geometry/results/motor/complexity/hierarchy/hierarchy_results_n20_10_complexityclasses.csv,20.0,20,10
34,State_LDA,8,1.5775526735070045,0.0,motor,complexity,20,/home1/amadapur/projects/eeg_trait_state_geometry/results/motor/complexity/hierarchy/hierarchy_results_n20_10_complexityclasses.csv,20.0,20,10
35,Joint_LDA,8,4.9329077943838895,0.0,motor,complexity,20,/home1/amadapur/projects/eeg_trait_state_geometry/results/motor/complexity/hierarchy/hierarchy_results_n20_10_complexityclasses.csv,20.0,20,10
36,Raw,9,3.706353589904162,0.0,motor,complexity,20,/home1/amadapur/projects/eeg_trait_state_geometry/results/motor/complexity/hierarchy/hierarchy_results_n20_10_complexityclasses.csv,20.0,20,10
37,Trait_LDA,9,5.191304057140051,0.0,motor,complexity,20,/home1/amadapur/projects/eeg_trait_state_geometry/results/motor/complexity/hierarchy/hierarchy_results_n20_10_complexityclasses.csv,20.0,20,10
38,State_LDA,9,1.5084744757556432,0.0,motor,complexity,20,/home1/amadapur/projects/eeg_trait_state_geometry/results/motor/complexity/hierarchy/hierarchy_results_n20_10_complexityclasses.csv,20.0,20,10
39,Joint_LDA,9,5.00300297108628,0.0,motor,complexity,20,/home1/amadapur/projects/eeg_trait_state_geometry/results/motor/complexity/hierarchy/hierarchy_results_n20_10_complexityclasses.csv,20.0,20,10
0,Raw,0,3.973097265376815,0.0,motor,entropy,all,/home1/amadapur/projects/eeg_trait_state_geometry/results/motor/entropy/hierarchy/hierarchy_results_nall_10_entropyclasses.csv,105.0,all (105),10
1,Trait_LDA,0,3.870536050343625,0.0,motor,entropy,all,/home1/amadapur/projects/eeg_trait_state_geometry/results/motor/entropy/hierarchy/hierarchy_results_nall_10_entropyclasses.csv,105.0,all (105),10
2,State_LDA,0,2.02973520643696,0.0,motor,entropy,all,/home1/amadapur/projects/eeg_trait_state_geometry/results/motor/entropy/hierarchy/hierarchy_results_nall_10_entropyclasses.csv,105.0,all (105),10
3,Joint_LDA,0,3.90764671045541,0.0,motor,entropy,all,/home1/amadapur/projects/eeg_trait_state_geometry/results/motor/entropy/hierarchy/hierarchy_results_nall_10_entropyclasses.csv,105.0,all (105),10
0,Raw,0,5.403840405343161,0.0,motor,entropy,4,/home1/amadapur/projects/eeg_trait_state_geometry/results/motor/entropy/hierarchy/hierarchy_results_n4_6_entropyclasses.csv,4.0,4,6
1,Trait_LDA,0,7.750161011440865,0.0,motor,entropy,4,/home1/amadapur/projects/eeg_trait_state_geometry/results/motor/entropy/hierarchy/hierarchy_results_n4_6_entropyclasses.csv,4.0,4,6
2,State_LDA,0,1.0961365137534351,0.0,motor,entropy,4,/home1/amadapur/projects/eeg_trait_state_geometry/results/motor/entropy/hierarchy/hierarchy_results_n4_6_entropyclasses.csv,4.0,4,6
3,Joint_LDA,0,3.970884724356963,0.0,motor,entropy,4,/home1/amadapur/projects/eeg_trait_state_geometry/results/motor/entropy/hierarchy/hierarchy_results_n4_6_entropyclasses.csv,4.0,4,6
4,Raw,1,5.416460588925634,0.0,motor,entropy,4,/home1/amadapur/projects/eeg_trait_state_geometry/results/motor/entropy/hierarchy/hierarchy_results_n4_6_entropyclasses.csv,4.0,4,6
5,Trait_LDA,1,8.53497353953686,0.0,motor,entropy,4,/home1/amadapur/projects/eeg_trait_state_geometry/results/motor/entropy/hierarchy/hierarchy_results_n4_6_entropyclasses.csv,4.0,4,6
6,State_LDA,1,1.0157802298824157,0.0,motor,entropy,4,/home1/amadapur/projects/eeg_trait_state_geometry/results/motor/entropy/hierarchy/hierarchy_results_n4_6_entropyclasses.csv,4.0,4,6
7,Joint_LDA,1,4.003924242208174,0.0,motor,entropy,4,/home1/amadapur/projects/eeg_trait_state_geometry/results/motor/entropy/hierarchy/hierarchy_results_n4_6_entropyclasses.csv,4.0,4,6
8,Raw,2,5.387792167902576,0.0,motor,entropy,4,/home1/amadapur/projects/eeg_trait_state_geometry/results/motor/entropy/hierarchy/hierarchy_results_n4_6_entropyclasses.csv,4.0,4,6
9,Trait_LDA,2,7.8524024804877905,0.0,motor,entropy,4,/home1/amadapur/projects/eeg_trait_state_geometry/results/motor/entropy/hierarchy/hierarchy_results_n4_6_entropyclasses.csv,4.0,4,6
10,State_LDA,2,1.109058491420266,0.0,motor,entropy,4,/home1/amadapur/projects/eeg_trait_state_geometry/results/motor/entropy/hierarchy/hierarchy_results_n4_6_entropyclasses.csv,4.0,4,6
11,Joint_LDA,2,3.807145643359424,0.0,motor,entropy,4,/home1/amadapur/projects/eeg_trait_state_geometry/results/motor/entropy/hierarchy/hierarchy_results_n4_6_entropyclasses.csv,4.0,4,6
12,Raw,3,5.896003095471111,0.0,motor,entropy,4,/home1/amadapur/projects/eeg_trait_state_geometry/results/motor/entropy/hierarchy/hierarchy_results_n4_6_entropyclasses.csv,4.0,4,6
13,Trait_LDA,3,6.949909774860837,0.0,motor,entropy,4,/home1/amadapur/projects/eeg_trait_state_geometry/results/motor/entropy/hierarchy/hierarchy_results_n4_6_entropyclasses.csv,4.0,4,6
14,State_LDA,3,0.9928337673309986,0.0,motor,entropy,4,/home1/amadapur/projects/eeg_trait_state_geometry/results/motor/entropy/hierarchy/hierarchy_results_n4_6_entropyclasses.csv,4.0,4,6
15,Joint_LDA,3,3.843644765584537,0.0,motor,entropy,4,/home1/amadapur/projects/eeg_trait_state_geometry/results/motor/entropy/hierarchy/hierarchy_results_n4_6_entropyclasses.csv,4.0,4,6
16,Raw,4,5.331590068847624,0.0,motor,entropy,4,/home1/amadapur/projects/eeg_trait_state_geometry/results/motor/entropy/hierarchy/hierarchy_results_n4_6_entropyclasses.csv,4.0,4,6
17,Trait_LDA,4,7.846912312983172,0.0,motor,entropy,4,/home1/amadapur/projects/eeg_trait_state_geometry/results/motor/entropy/hierarchy/hierarchy_results_n4_6_entropyclasses.csv,4.0,4,6
18,State_LDA,4,0.9608415702632664,0.0,motor,entropy,4,/home1/amadapur/projects/eeg_trait_state_geometry/results/motor/entropy/hierarchy/hierarchy_results_n4_6_entropyclasses.csv,4.0,4,6
19,Joint_LDA,4,3.762985038938867,0.0,motor,entropy,4,/home1/amadapur/projects/eeg_trait_state_geometry/results/motor/entropy/hierarchy/hierarchy_results_n4_6_entropyclasses.csv,4.0,4,6
20,Raw,5,5.82769041371337,0.0,motor,entropy,4,/home1/amadapur/projects/eeg_trait_state_geometry/results/motor/entropy/hierarchy/hierarchy_results_n4_6_entropyclasses.csv,4.0,4,6
21,Trait_LDA,5,8.01708834568076,0.0,motor,entropy,4,/home1/amadapur/projects/eeg_trait_state_geometry/results/motor/entropy/hierarchy/hierarchy_results_n4_6_entropyclasses.csv,4.0,4,6
22,State_LDA,5,1.0624034320960751,0.0,motor,entropy,4,/home1/amadapur/projects/eeg_trait_state_geometry/results/motor/entropy/hierarchy/hierarchy_results_n4_6_entropyclasses.csv,4.0,4,6
23,Joint_LDA,5,3.917896112688482,0.0,motor,entropy,4,/home1/amadapur/projects/eeg_trait_state_geometry/results/motor/entropy/hierarchy/hierarchy_results_n4_6_entropyclasses.csv,4.0,4,6
24,Raw,6,5.261321933593059,0.0,motor,entropy,4,/home1/amadapur/projects/eeg_trait_state_geometry/results/motor/entropy/hierarchy/hierarchy_results_n4_6_entropyclasses.csv,4.0,4,6
25,Trait_LDA,6,7.732688279427289,0.0,motor,entropy,4,/home1/amadapur/projects/eeg_trait_state_geometry/results/motor/entropy/hierarchy/hierarchy_results_n4_6_entropyclasses.csv,4.0,4,6
26,State_LDA,6,0.9804126973367984,0.0,motor,entropy,4,/home1/amadapur/projects/eeg_trait_state_geometry/results/motor/entropy/hierarchy/hierarchy_results_n4_6_entropyclasses.csv,4.0,4,6
27,Joint_LDA,6,4.166385622357195,0.0,motor,entropy,4,/home1/amadapur/projects/eeg_trait_state_geometry/results/motor/entropy/hierarchy/hierarchy_results_n4_6_entropyclasses.csv,4.0,4,6
28,Raw,7,5.841869475835282,0.0,motor,entropy,4,/home1/amadapur/projects/eeg_trait_state_geometry/results/motor/entropy/hierarchy/hierarchy_results_n4_6_entropyclasses.csv,4.0,4,6
29,Trait_LDA,7,8.190138285727196,0.0,motor,entropy,4,/home1/amadapur/projects/eeg_trait_state_geometry/results/motor/entropy/hierarchy/hierarchy_results_n4_6_entropyclasses.csv,4.0,4,6
30,State_LDA,7,1.046096995285352,0.005,motor,entropy,4,/home1/amadapur/projects/eeg_trait_state_geometry/results/motor/entropy/hierarchy/hierarchy_results_n4_6_entropyclasses.csv,4.0,4,6
31,Joint_LDA,7,4.266952550354995,0.0,motor,entropy,4,/home1/amadapur/projects/eeg_trait_state_geometry/results/motor/entropy/hierarchy/hierarchy_results_n4_6_entropyclasses.csv,4.0,4,6
32,Raw,8,3.897143240546758,0.0,motor,entropy,4,/home1/amadapur/projects/eeg_trait_state_geometry/results/motor/entropy/hierarchy/hierarchy_results_n4_6_entropyclasses.csv,4.0,4,6
33,Trait_LDA,8,7.17758566279386,0.0,motor,entropy,4,/home1/amadapur/projects/eeg_trait_state_geometry/results/motor/entropy/hierarchy/hierarchy_results_n4_6_entropyclasses.csv,4.0,4,6
34,State_LDA,8,1.0736426270484627,0.0,motor,entropy,4,/home1/amadapur/projects/eeg_trait_state_geometry/results/motor/entropy/hierarchy/hierarchy_results_n4_6_entropyclasses.csv,4.0,4,6
35,Joint_LDA,8,3.423894800839608,0.0,motor,entropy,4,/home1/amadapur/projects/eeg_trait_state_geometry/results/motor/entropy/hierarchy/hierarchy_results_n4_6_entropyclasses.csv,4.0,4,6
36,Raw,9,5.317013444784931,0.0,motor,entropy,4,/home1/amadapur/projects/eeg_trait_state_geometry/results/motor/entropy/hierarchy/hierarchy_results_n4_6_entropyclasses.csv,4.0,4,6
37,Trait_LDA,9,7.634357169545037,0.0,motor,entropy,4,/home1/amadapur/projects/eeg_trait_state_geometry/results/motor/entropy/hierarchy/hierarchy_results_n4_6_entropyclasses.csv,4.0,4,6
38,State_LDA,9,0.9783776481572648,0.0,motor,entropy,4,/home1/amadapur/projects/eeg_trait_state_geometry/results/motor/entropy/hierarchy/hierarchy_results_n4_6_entropyclasses.csv,4.0,4,6
39,Joint_LDA,9,3.576394616789716,0.0,motor,entropy,4,/home1/amadapur/projects/eeg_trait_state_geometry/results/motor/entropy/hierarchy/hierarchy_results_n4_6_entropyclasses.csv,4.0,4,6
0,Raw,0,5.062639168747412,0.0,motor,entropy,20,/home1/amadapur/projects/eeg_trait_state_geometry/results/motor/entropy/hierarchy/hierarchy_results_n20_6_entropyclasses.csv,20.0,20,6
1,Trait_LDA,0,5.0198283614304575,0.0,motor,entropy,20,/home1/amadapur/projects/eeg_trait_state_geometry/results/motor/entropy/hierarchy/hierarchy_results_n20_6_entropyclasses.csv,20.0,20,6
2,State_LDA,0,1.6572722637785646,0.0,motor,entropy,20,/home1/amadapur/projects/eeg_trait_state_geometry/results/motor/entropy/hierarchy/hierarchy_results_n20_6_entropyclasses.csv,20.0,20,6
3,Joint_LDA,0,5.0614718551152205,0.0,motor,entropy,20,/home1/amadapur/projects/eeg_trait_state_geometry/results/motor/entropy/hierarchy/hierarchy_results_n20_6_entropyclasses.csv,20.0,20,6
4,Raw,1,5.463528820404807,0.0,motor,entropy,20,/home1/amadapur/projects/eeg_trait_state_geometry/results/motor/entropy/hierarchy/hierarchy_results_n20_6_entropyclasses.csv,20.0,20,6
5,Trait_LDA,1,5.819064647638115,0.0,motor,entropy,20,/home1/amadapur/projects/eeg_trait_state_geometry/results/motor/entropy/hierarchy/hierarchy_results_n20_6_entropyclasses.csv,20.0,20,6
6,State_LDA,1,1.7318828542718507,0.0,motor,entropy,20,/home1/amadapur/projects/eeg_trait_state_geometry/results/motor/entropy/hierarchy/hierarchy_results_n20_6_entropyclasses.csv,20.0,20,6
7,Joint_LDA,1,5.926587966509111,0.0,motor,entropy,20,/home1/amadapur/projects/eeg_trait_state_geometry/results/motor/entropy/hierarchy/hierarchy_results_n20_6_entropyclasses.csv,20.0,20,6
8,Raw,2,5.248291157695939,0.0,motor,entropy,20,/home1/amadapur/projects/eeg_trait_state_geometry/results/motor/entropy/hierarchy/hierarchy_results_n20_6_entropyclasses.csv,20.0,20,6
9,Trait_LDA,2,5.669162740249075,0.0,motor,entropy,20,/home1/amadapur/projects/eeg_trait_state_geometry/results/motor/entropy/hierarchy/hierarchy_results_n20_6_entropyclasses.csv,20.0,20,6
10,State_LDA,2,1.8118592768271504,0.0,motor,entropy,20,/home1/amadapur/projects/eeg_trait_state_geometry/results/motor/entropy/hierarchy/hierarchy_results_n20_6_entropyclasses.csv,20.0,20,6
11,Joint_LDA,2,5.729142477220725,0.0,motor,entropy,20,/home1/amadapur/projects/eeg_trait_state_geometry/results/motor/entropy/hierarchy/hierarchy_results_n20_6_entropyclasses.csv,20.0,20,6
12,Raw,3,5.725162290647062,0.0,motor,entropy,20,/home1/amadapur/projects/eeg_trait_state_geometry/results/motor/entropy/hierarchy/hierarchy_results_n20_6_entropyclasses.csv,20.0,20,6
13,Trait_LDA,3,5.9551280362386665,0.0,motor,entropy,20,/home1/amadapur/projects/eeg_trait_state_geometry/results/motor/entropy/hierarchy/hierarchy_results_n20_6_entropyclasses.csv,20.0,20,6
14,State_LDA,3,1.9063870396516756,0.0,motor,entropy,20,/home1/amadapur/projects/eeg_trait_state_geometry/results/motor/entropy/hierarchy/hierarchy_results_n20_6_entropyclasses.csv,20.0,20,6
15,Joint_LDA,3,6.030789394863088,0.0,motor,entropy,20,/home1/amadapur/projects/eeg_trait_state_geometry/results/motor/entropy/hierarchy/hierarchy_results_n20_6_entropyclasses.csv,20.0,20,6
16,Raw,4,5.500450039267347,0.0,motor,entropy,20,/home1/amadapur/projects/eeg_trait_state_geometry/results/motor/entropy/hierarchy/hierarchy_results_n20_6_entropyclasses.csv,20.0,20,6
17,Trait_LDA,4,5.667770120989172,0.0,motor,entropy,20,/home1/amadapur/projects/eeg_trait_state_geometry/results/motor/entropy/hierarchy/hierarchy_results_n20_6_entropyclasses.csv,20.0,20,6
18,State_LDA,4,1.731374700247664,0.0,motor,entropy,20,/home1/amadapur/projects/eeg_trait_state_geometry/results/motor/entropy/hierarchy/hierarchy_results_n20_6_entropyclasses.csv,20.0,20,6
19,Joint_LDA,4,5.7082052062855615,0.0,motor,entropy,20,/home1/amadapur/projects/eeg_trait_state_geometry/results/motor/entropy/hierarchy/hierarchy_results_n20_6_entropyclasses.csv,20.0,20,6
20,Raw,5,5.261240010293839,0.0,motor,entropy,20,/home1/amadapur/projects/eeg_trait_state_geometry/results/motor/entropy/hierarchy/hierarchy_results_n20_6_entropyclasses.csv,20.0,20,6
21,Trait_LDA,5,5.312701399256942,0.0,motor,entropy,20,/home1/amadapur/projects/eeg_trait_state_geometry/results/motor/entropy/hierarchy/hierarchy_results_n20_6_entropyclasses.csv,20.0,20,6
22,State_LDA,5,1.82667566461263,0.0,motor,entropy,20,/home1/amadapur/projects/eeg_trait_state_geometry/results/motor/entropy/hierarchy/hierarchy_results_n20_6_entropyclasses.csv,20.0,20,6
23,Joint_LDA,5,5.411978286237613,0.0,motor,entropy,20,/home1/amadapur/projects/eeg_trait_state_geometry/results/motor/entropy/hierarchy/hierarchy_results_n20_6_entropyclasses.csv,20.0,20,6
24,Raw,6,5.848398102926596,0.0,motor,entropy,20,/home1/amadapur/projects/eeg_trait_state_geometry/results/motor/entropy/hierarchy/hierarchy_results_n20_6_entropyclasses.csv,20.0,20,6
25,Trait_LDA,6,6.084485141630462,0.0,motor,entropy,20,/home1/amadapur/projects/eeg_trait_state_geometry/results/motor/entropy/hierarchy/hierarchy_results_n20_6_entropyclasses.csv,20.0,20,6
26,State_LDA,6,1.972184150066968,0.0,motor,entropy,20,/home1/amadapur/projects/eeg_trait_state_geometry/results/motor/entropy/hierarchy/hierarchy_results_n20_6_entropyclasses.csv,20.0,20,6
27,Joint_LDA,6,5.9846231087083055,0.0,motor,entropy,20,/home1/amadapur/projects/eeg_trait_state_geometry/results/motor/entropy/hierarchy/hierarchy_results_n20_6_entropyclasses.csv,20.0,20,6
28,Raw,7,5.902108636510949,0.0,motor,entropy,20,/home1/amadapur/projects/eeg_trait_state_geometry/results/motor/entropy/hierarchy/hierarchy_results_n20_6_entropyclasses.csv,20.0,20,6
29,Trait_LDA,7,5.920297489199601,0.0,motor,entropy,20,/home1/amadapur/projects/eeg_trait_state_geometry/results/motor/entropy/hierarchy/hierarchy_results_n20_6_entropyclasses.csv,20.0,20,6
30,State_LDA,7,1.9392713494065403,0.0,motor,entropy,20,/home1/amadapur/projects/eeg_trait_state_geometry/results/motor/entropy/hierarchy/hierarchy_results_n20_6_entropyclasses.csv,20.0,20,6
31,Joint_LDA,7,6.081923188798123,0.0,motor,entropy,20,/home1/amadapur/projects/eeg_trait_state_geometry/results/motor/entropy/hierarchy/hierarchy_results_n20_6_entropyclasses.csv,20.0,20,6
32,Raw,8,5.556937669758217,0.0,motor,entropy,20,/home1/amadapur/projects/eeg_trait_state_geometry/results/motor/entropy/hierarchy/hierarchy_results_n20_6_entropyclasses.csv,20.0,20,6
33,Trait_LDA,8,5.675161454905924,0.0,motor,entropy,20,/home1/amadapur/projects/eeg_trait_state_geometry/results/motor/entropy/hierarchy/hierarchy_results_n20_6_entropyclasses.csv,20.0,20,6
34,State_LDA,8,1.9436640318830316,0.0,motor,entropy,20,/home1/amadapur/projects/eeg_trait_state_geometry/results/motor/entropy/hierarchy/hierarchy_results_n20_6_entropyclasses.csv,20.0,20,6
35,Joint_LDA,8,5.7832352677840255,0.0,motor,entropy,20,/home1/amadapur/projects/eeg_trait_state_geometry/results/motor/entropy/hierarchy/hierarchy_results_n20_6_entropyclasses.csv,20.0,20,6
36,Raw,9,5.510445145706377,0.0,motor,entropy,20,/home1/amadapur/projects/eeg_trait_state_geometry/results/motor/entropy/hierarchy/hierarchy_results_n20_6_entropyclasses.csv,20.0,20,6
37,Trait_LDA,9,5.802667763482288,0.0,motor,entropy,20,/home1/amadapur/projects/eeg_trait_state_geometry/results/motor/entropy/hierarchy/hierarchy_results_n20_6_entropyclasses.csv,20.0,20,6
38,State_LDA,9,1.737167629515341,0.0,motor,entropy,20,/home1/amadapur/projects/eeg_trait_state_geometry/results/motor/entropy/hierarchy/hierarchy_results_n20_6_entropyclasses.csv,20.0,20,6
39,Joint_LDA,9,5.687212445151667,0.0,motor,entropy,20,/home1/amadapur/projects/eeg_trait_state_geometry/results/motor/entropy/hierarchy/hierarchy_results_n20_6_entropyclasses.csv,20.0,20,6
0,Raw,0,5.885458368845045,0.0,motor,entropy,all,/home1/amadapur/projects/eeg_trait_state_geometry/results/motor/entropy/hierarchy/hierarchy_results_nall_6_entropyclasses.csv,105.0,all (105),6
1,Trait_LDA,0,5.272712048230414,0.0,motor,entropy,all,/home1/amadapur/projects/eeg_trait_state_geometry/results/motor/entropy/hierarchy/hierarchy_results_nall_6_entropyclasses.csv,105.0,all (105),6
2,State_LDA,0,2.4951035759429145,0.0,motor,entropy,all,/home1/amadapur/projects/eeg_trait_state_geometry/results/motor/entropy/hierarchy/hierarchy_results_nall_6_entropyclasses.csv,105.0,all (105),6
3,Joint_LDA,0,5.359740787023906,0.0,motor,entropy,all,/home1/amadapur/projects/eeg_trait_state_geometry/results/motor/entropy/hierarchy/hierarchy_results_nall_6_entropyclasses.csv,105.0,all (105),6
0,Raw,0,4.26968255029219,0.0,motor,entropy,10,/home1/amadapur/projects/eeg_trait_state_geometry/results/motor/entropy/hierarchy/hierarchy_results_n10_10_entropyclasses.csv,10.0,10,10
1,Trait_LDA,0,4.409178247134239,0.0,motor,entropy,10,/home1/amadapur/projects/eeg_trait_state_geometry/results/motor/entropy/hierarchy/hierarchy_results_n10_10_entropyclasses.csv,10.0,10,10
2,State_LDA,0,1.2022669361947873,0.0,motor,entropy,10,/home1/amadapur/projects/eeg_trait_state_geometry/results/motor/entropy/hierarchy/hierarchy_results_n10_10_entropyclasses.csv,10.0,10,10
3,Joint_LDA,0,3.87887795076914,0.0,motor,entropy,10,/home1/amadapur/projects/eeg_trait_state_geometry/results/motor/entropy/hierarchy/hierarchy_results_n10_10_entropyclasses.csv,10.0,10,10
4,Raw,1,4.127763364850087,0.0,motor,entropy,10,/home1/amadapur/projects/eeg_trait_state_geometry/results/motor/entropy/hierarchy/hierarchy_results_n10_10_entropyclasses.csv,10.0,10,10
5,Trait_LDA,1,4.625772749201832,0.0,motor,entropy,10,/home1/amadapur/projects/eeg_trait_state_geometry/results/motor/entropy/hierarchy/hierarchy_results_n10_10_entropyclasses.csv,10.0,10,10
6,State_LDA,1,1.2364366384495609,0.0,motor,entropy,10,/home1/amadapur/projects/eeg_trait_state_geometry/results/motor/entropy/hierarchy/hierarchy_results_n10_10_entropyclasses.csv,10.0,10,10
7,Joint_LDA,1,4.1055523707706,0.0,motor,entropy,10,/home1/amadapur/projects/eeg_trait_state_geometry/results/motor/entropy/hierarchy/hierarchy_results_n10_10_entropyclasses.csv,10.0,10,10
8,Raw,2,4.0280787417996375,0.0,motor,entropy,10,/home1/amadapur/projects/eeg_trait_state_geometry/results/motor/entropy/hierarchy/hierarchy_results_n10_10_entropyclasses.csv,10.0,10,10
9,Trait_LDA,2,4.329484916718126,0.0,motor,entropy,10,/home1/amadapur/projects/eeg_trait_state_geometry/results/motor/entropy/hierarchy/hierarchy_results_n10_10_entropyclasses.csv,10.0,10,10
10,State_LDA,2,1.2168770309802222,0.0,motor,entropy,10,/home1/amadapur/projects/eeg_trait_state_geometry/results/motor/entropy/hierarchy/hierarchy_results_n10_10_entropyclasses.csv,10.0,10,10
11,Joint_LDA,2,3.810705313883792,0.0,motor,entropy,10,/home1/amadapur/projects/eeg_trait_state_geometry/results/motor/entropy/hierarchy/hierarchy_results_n10_10_entropyclasses.csv,10.0,10,10
12,Raw,3,3.5376213901944134,0.0,motor,entropy,10,/home1/amadapur/projects/eeg_trait_state_geometry/results/motor/entropy/hierarchy/hierarchy_results_n10_10_entropyclasses.csv,10.0,10,10
13,Trait_LDA,3,4.3090237462561936,0.0,motor,entropy,10,/home1/amadapur/projects/eeg_trait_state_geometry/results/motor/entropy/hierarchy/hierarchy_results_n10_10_entropyclasses.csv,10.0,10,10
14,State_LDA,3,1.1945490875390543,0.0,motor,entropy,10,/home1/amadapur/projects/eeg_trait_state_geometry/results/motor/entropy/hierarchy/hierarchy_results_n10_10_entropyclasses.csv,10.0,10,10
15,Joint_LDA,3,3.7460904885715975,0.0,motor,entropy,10,/home1/amadapur/projects/eeg_trait_state_geometry/results/motor/entropy/hierarchy/hierarchy_results_n10_10_entropyclasses.csv,10.0,10,10
16,Raw,4,2.9593494644620133,0.0,motor,entropy,10,/home1/amadapur/projects/eeg_trait_state_geometry/results/motor/entropy/hierarchy/hierarchy_results_n10_10_entropyclasses.csv,10.0,10,10
17,Trait_LDA,4,3.7498277601032006,0.0,motor,entropy,10,/home1/amadapur/projects/eeg_trait_state_geometry/results/motor/entropy/hierarchy/hierarchy_results_n10_10_entropyclasses.csv,10.0,10,10
18,State_LDA,4,1.2602676218607365,0.0,motor,entropy,10,/home1/amadapur/projects/eeg_trait_state_geometry/results/motor/entropy/hierarchy/hierarchy_results_n10_10_entropyclasses.csv,10.0,10,10
19,Joint_LDA,4,3.310471825877939,0.0,motor,entropy,10,/home1/amadapur/projects/eeg_trait_state_geometry/results/motor/entropy/hierarchy/hierarchy_results_n10_10_entropyclasses.csv,10.0,10,10
20,Raw,5,3.746981319471992,0.0,motor,entropy,10,/home1/amadapur/projects/eeg_trait_state_geometry/results/motor/entropy/hierarchy/hierarchy_results_n10_10_entropyclasses.csv,10.0,10,10
21,Trait_LDA,5,4.321571370040068,0.0,motor,entropy,10,/home1/amadapur/projects/eeg_trait_state_geometry/results/motor/entropy/hierarchy/hierarchy_results_n10_10_entropyclasses.csv,10.0,10,10
22,State_LDA,5,1.311295383513316,0.0,motor,entropy,10,/home1/amadapur/projects/eeg_trait_state_geometry/results/motor/entropy/hierarchy/hierarchy_results_n10_10_entropyclasses.csv,10.0,10,10
23,Joint_LDA,5,3.702787886858734,0.0,motor,entropy,10,/home1/amadapur/projects/eeg_trait_state_geometry/results/motor/entropy/hierarchy/hierarchy_results_n10_10_entropyclasses.csv,10.0,10,10
24,Raw,6,3.842709519523529,0.0,motor,entropy,10,/home1/amadapur/projects/eeg_trait_state_geometry/results/motor/entropy/hierarchy/hierarchy_results_n10_10_entropyclasses.csv,10.0,10,10
25,Trait_LDA,6,4.348752793212187,0.0,motor,entropy,10,/home1/amadapur/projects/eeg_trait_state_geometry/results/motor/entropy/hierarchy/hierarchy_results_n10_10_entropyclasses.csv,10.0,10,10
26,State_LDA,6,1.2213717973026228,0.0,motor,entropy,10,/home1/amadapur/projects/eeg_trait_state_geometry/results/motor/entropy/hierarchy/hierarchy_results_n10_10_entropyclasses.csv,10.0,10,10
27,Joint_LDA,6,3.774200282526013,0.0,motor,entropy,10,/home1/amadapur/projects/eeg_trait_state_geometry/results/motor/entropy/hierarchy/hierarchy_results_n10_10_entropyclasses.csv,10.0,10,10
28,Raw,7,3.925649254119545,0.0,motor,entropy,10,/home1/amadapur/projects/eeg_trait_state_geometry/results/motor/entropy/hierarchy/hierarchy_results_n10_10_entropyclasses.csv,10.0,10,10
29,Trait_LDA,7,4.436733243410869,0.0,motor,entropy,10,/home1/amadapur/projects/eeg_trait_state_geometry/results/motor/entropy/hierarchy/hierarchy_results_n10_10_entropyclasses.csv,10.0,10,10
30,State_LDA,7,1.2891101615928386,0.0,motor,entropy,10,/home1/amadapur/projects/eeg_trait_state_geometry/results/motor/entropy/hierarchy/hierarchy_results_n10_10_entropyclasses.csv,10.0,10,10
31,Joint_LDA,7,3.984359544636829,0.0,motor,entropy,10,/home1/amadapur/projects/eeg_trait_state_geometry/results/motor/entropy/hierarchy/hierarchy_results_n10_10_entropyclasses.csv,10.0,10,10
32,Raw,8,4.0463219233753485,0.0,motor,entropy,10,/home1/amadapur/projects/eeg_trait_state_geometry/results/motor/entropy/hierarchy/hierarchy_results_n10_10_entropyclasses.csv,10.0,10,10
33,Trait_LDA,8,4.770792382274053,0.0,motor,entropy,10,/home1/amadapur/projects/eeg_trait_state_geometry/results/motor/entropy/hierarchy/hierarchy_results_n10_10_entropyclasses.csv,10.0,10,10
34,State_LDA,8,1.301650464901314,0.0,motor,entropy,10,/home1/amadapur/projects/eeg_trait_state_geometry/results/motor/entropy/hierarchy/hierarchy_results_n10_10_entropyclasses.csv,10.0,10,10
35,Joint_LDA,8,4.072125093613116,0.0,motor,entropy,10,/home1/amadapur/projects/eeg_trait_state_geometry/results/motor/entropy/hierarchy/hierarchy_results_n10_10_entropyclasses.csv,10.0,10,10
36,Raw,9,3.899198059720647,0.0,motor,entropy,10,/home1/amadapur/projects/eeg_trait_state_geometry/results/motor/entropy/hierarchy/hierarchy_results_n10_10_entropyclasses.csv,10.0,10,10
37,Trait_LDA,9,4.482756615691133,0.0,motor,entropy,10,/home1/amadapur/projects/eeg_trait_state_geometry/results/motor/entropy/hierarchy/hierarchy_results_n10_10_entropyclasses.csv,10.0,10,10
38,State_LDA,9,1.3396029014808335,0.0,motor,entropy,10,/home1/amadapur/projects/eeg_trait_state_geometry/results/motor/entropy/hierarchy/hierarchy_results_n10_10_entropyclasses.csv,10.0,10,10
39,Joint_LDA,9,3.779472101981461,0.0,motor,entropy,10,/home1/amadapur/projects/eeg_trait_state_geometry/results/motor/entropy/hierarchy/hierarchy_results_n10_10_entropyclasses.csv,10.0,10,10
0,Raw,0,6.853431546707461,0.0,motor,entropy,10,/home1/amadapur/projects/eeg_trait_state_geometry/results/motor/entropy/hierarchy/hierarchy_results_n10_6_entropyclasses.csv,10.0,10,6
1,Trait_LDA,0,6.169395154251373,0.0,motor,entropy,10,/home1/amadapur/projects/eeg_trait_state_geometry/results/motor/entropy/hierarchy/hierarchy_results_n10_6_entropyclasses.csv,10.0,10,6
2,State_LDA,0,1.4386444978832302,0.0,motor,entropy,10,/home1/amadapur/projects/eeg_trait_state_geometry/results/motor/entropy/hierarchy/hierarchy_results_n10_6_entropyclasses.csv,10.0,10,6
3,Joint_LDA,0,5.72882866538885,0.0,motor,entropy,10,/home1/amadapur/projects/eeg_trait_state_geometry/results/motor/entropy/hierarchy/hierarchy_results_n10_6_entropyclasses.csv,10.0,10,6
4,Raw,1,6.5889950249646105,0.0,motor,entropy,10,/home1/amadapur/projects/eeg_trait_state_geometry/results/motor/entropy/hierarchy/hierarchy_results_n10_6_entropyclasses.csv,10.0,10,6
5,Trait_LDA,1,6.479040579591122,0.0,motor,entropy,10,/home1/amadapur/projects/eeg_trait_state_geometry/results/motor/entropy/hierarchy/hierarchy_results_n10_6_entropyclasses.csv,10.0,10,6
6,State_LDA,1,1.3890387919510778,0.0,motor,entropy,10,/home1/amadapur/projects/eeg_trait_state_geometry/results/motor/entropy/hierarchy/hierarchy_results_n10_6_entropyclasses.csv,10.0,10,6
7,Joint_LDA,1,5.939535033526808,0.0,motor,entropy,10,/home1/amadapur/projects/eeg_trait_state_geometry/results/motor/entropy/hierarchy/hierarchy_results_n10_6_entropyclasses.csv,10.0,10,6
8,Raw,2,5.733111105059738,0.0,motor,entropy,10,/home1/amadapur/projects/eeg_trait_state_geometry/results/motor/entropy/hierarchy/hierarchy_results_n10_6_entropyclasses.csv,10.0,10,6
9,Trait_LDA,2,5.91637491135416,0.0,motor,entropy,10,/home1/amadapur/projects/eeg_trait_state_geometry/results/motor/entropy/hierarchy/hierarchy_results_n10_6_entropyclasses.csv,10.0,10,6
10,State_LDA,2,1.3905550751571896,0.0,motor,entropy,10,/home1/amadapur/projects/eeg_trait_state_geometry/results/motor/entropy/hierarchy/hierarchy_results_n10_6_entropyclasses.csv,10.0,10,6
11,Joint_LDA,2,5.40363531045015,0.0,motor,entropy,10,/home1/amadapur/projects/eeg_trait_state_geometry/results/motor/entropy/hierarchy/hierarchy_results_n10_6_entropyclasses.csv,10.0,10,6
12,Raw,3,5.998735765080107,0.0,motor,entropy,10,/home1/amadapur/projects/eeg_trait_state_geometry/results/motor/entropy/hierarchy/hierarchy_results_n10_6_entropyclasses.csv,10.0,10,6
13,Trait_LDA,3,6.299609503478584,0.0,motor,entropy,10,/home1/amadapur/projects/eeg_trait_state_geometry/results/motor/entropy/hierarchy/hierarchy_results_n10_6_entropyclasses.csv,10.0,10,6
14,State_LDA,3,1.18481556845644,0.0,motor,entropy,10,/home1/amadapur/projects/eeg_trait_state_geometry/results/motor/entropy/hierarchy/hierarchy_results_n10_6_entropyclasses.csv,10.0,10,6
15,Joint_LDA,3,5.665631598972039,0.0,motor,entropy,10,/home1/amadapur/projects/eeg_trait_state_geometry/results/motor/entropy/hierarchy/hierarchy_results_n10_6_entropyclasses.csv,10.0,10,6
16,Raw,4,4.596418551942407,0.0,motor,entropy,10,/home1/amadapur/projects/eeg_trait_state_geometry/results/motor/entropy/hierarchy/hierarchy_results_n10_6_entropyclasses.csv,10.0,10,6
17,Trait_LDA,4,4.665379663830089,0.0,motor,entropy,10,/home1/amadapur/projects/eeg_trait_state_geometry/results/motor/entropy/hierarchy/hierarchy_results_n10_6_entropyclasses.csv,10.0,10,6
18,State_LDA,4,1.3733807778431897,0.0,motor,entropy,10,/home1/amadapur/projects/eeg_trait_state_geometry/results/motor/entropy/hierarchy/hierarchy_results_n10_6_entropyclasses.csv,10.0,10,6
19,Joint_LDA,4,4.387436052724975,0.0,motor,entropy,10,/home1/amadapur/projects/eeg_trait_state_geometry/results/motor/entropy/hierarchy/hierarchy_results_n10_6_entropyclasses.csv,10.0,10,6
20,Raw,5,6.7921373121242565,0.0,motor,entropy,10,/home1/amadapur/projects/eeg_trait_state_geometry/results/motor/entropy/hierarchy/hierarchy_results_n10_6_entropyclasses.csv,10.0,10,6
21,Trait_LDA,5,6.434660301218806,0.0,motor,entropy,10,/home1/amadapur/projects/eeg_trait_state_geometry/results/motor/entropy/hierarchy/hierarchy_results_n10_6_entropyclasses.csv,10.0,10,6
22,State_LDA,5,1.45602879763428,0.0,motor,entropy,10,/home1/amadapur/projects/eeg_trait_state_geometry/results/motor/entropy/hierarchy/hierarchy_results_n10_6_entropyclasses.csv,10.0,10,6
23,Joint_LDA,5,5.807448563488985,0.0,motor,entropy,10,/home1/amadapur/projects/eeg_trait_state_geometry/results/motor/entropy/hierarchy/hierarchy_results_n10_6_entropyclasses.csv,10.0,10,6
24,Raw,6,5.5603440353726405,0.0,motor,entropy,10,/home1/amadapur/projects/eeg_trait_state_geometry/results/motor/entropy/hierarchy/hierarchy_results_n10_6_entropyclasses.csv,10.0,10,6
25,Trait_LDA,6,5.821263142828477,0.0,motor,entropy,10,/home1/amadapur/projects/eeg_trait_state_geometry/results/motor/entropy/hierarchy/hierarchy_results_n10_6_entropyclasses.csv,10.0,10,6
26,State_LDA,6,1.3913265773643322,0.0,motor,entropy,10,/home1/amadapur/projects/eeg_trait_state_geometry/results/motor/entropy/hierarchy/hierarchy_results_n10_6_entropyclasses.csv,10.0,10,6
27,Joint_LDA,6,5.362906227288258,0.0,motor,entropy,10,/home1/amadapur/projects/eeg_trait_state_geometry/results/motor/entropy/hierarchy/hierarchy_results_n10_6_entropyclasses.csv,10.0,10,6
28,Raw,7,6.289589428682302,0.0,motor,entropy,10,/home1/amadapur/projects/eeg_trait_state_geometry/results/motor/entropy/hierarchy/hierarchy_results_n10_6_entropyclasses.csv,10.0,10,6
29,Trait_LDA,7,5.794617964804394,0.0,motor,entropy,10,/home1/amadapur/projects/eeg_trait_state_geometry/results/motor/entropy/hierarchy/hierarchy_results_n10_6_entropyclasses.csv,10.0,10,6
30,State_LDA,7,1.5112009867133809,0.0,motor,entropy,10,/home1/amadapur/projects/eeg_trait_state_geometry/results/motor/entropy/hierarchy/hierarchy_results_n10_6_entropyclasses.csv,10.0,10,6
31,Joint_LDA,7,5.522552981833468,0.0,motor,entropy,10,/home1/amadapur/projects/eeg_trait_state_geometry/results/motor/entropy/hierarchy/hierarchy_results_n10_6_entropyclasses.csv,10.0,10,6
32,Raw,8,6.111371016003091,0.0,motor,entropy,10,/home1/amadapur/projects/eeg_trait_state_geometry/results/motor/entropy/hierarchy/hierarchy_results_n10_6_entropyclasses.csv,10.0,10,6
33,Trait_LDA,8,6.329439282272289,0.0,motor,entropy,10,/home1/amadapur/projects/eeg_trait_state_geometry/results/motor/entropy/hierarchy/hierarchy_results_n10_6_entropyclasses.csv,10.0,10,6
34,State_LDA,8,1.4240135060523351,0.0,motor,entropy,10,/home1/amadapur/projects/eeg_trait_state_geometry/results/motor/entropy/hierarchy/hierarchy_results_n10_6_entropyclasses.csv,10.0,10,6
35,Joint_LDA,8,5.609383912414675,0.0,motor,entropy,10,/home1/amadapur/projects/eeg_trait_state_geometry/results/motor/entropy/hierarchy/hierarchy_results_n10_6_entropyclasses.csv,10.0,10,6
36,Raw,9,6.465845788547511,0.0,motor,entropy,10,/home1/amadapur/projects/eeg_trait_state_geometry/results/motor/entropy/hierarchy/hierarchy_results_n10_6_entropyclasses.csv,10.0,10,6
37,Trait_LDA,9,6.276465587096487,0.0,motor,entropy,10,/home1/amadapur/projects/eeg_trait_state_geometry/results/motor/entropy/hierarchy/hierarchy_results_n10_6_entropyclasses.csv,10.0,10,6
38,State_LDA,9,1.444740387538697,0.0,motor,entropy,10,/home1/amadapur/projects/eeg_trait_state_geometry/results/motor/entropy/hierarchy/hierarchy_results_n10_6_entropyclasses.csv,10.0,10,6
39,Joint_LDA,9,5.638745385156745,0.0,motor,entropy,10,/home1/amadapur/projects/eeg_trait_state_geometry/results/motor/entropy/hierarchy/hierarchy_results_n10_6_entropyclasses.csv,10.0,10,6
0,Raw,0,3.799074292271583,0.0,motor,entropy,4,/home1/amadapur/projects/eeg_trait_state_geometry/results/motor/entropy/hierarchy/hierarchy_results_n4_10_entropyclasses.csv,4.0,4,10
1,Trait_LDA,0,5.754252599011305,0.0,motor,entropy,4,/home1/amadapur/projects/eeg_trait_state_geometry/results/motor/entropy/hierarchy/hierarchy_results_n4_10_entropyclasses.csv,4.0,4,10
2,State_LDA,0,1.0739898714887894,0.0,motor,entropy,4,/home1/amadapur/projects/eeg_trait_state_geometry/results/motor/entropy/hierarchy/hierarchy_results_n4_10_entropyclasses.csv,4.0,4,10
3,Joint_LDA,0,2.627262165183087,0.0,motor,entropy,4,/home1/amadapur/projects/eeg_trait_state_geometry/results/motor/entropy/hierarchy/hierarchy_results_n4_10_entropyclasses.csv,4.0,4,10
4,Raw,1,3.5730734280606677,0.0,motor,entropy,4,/home1/amadapur/projects/eeg_trait_state_geometry/results/motor/entropy/hierarchy/hierarchy_results_n4_10_entropyclasses.csv,4.0,4,10
5,Trait_LDA,1,5.9630323673761465,0.0,motor,entropy,4,/home1/amadapur/projects/eeg_trait_state_geometry/results/motor/entropy/hierarchy/hierarchy_results_n4_10_entropyclasses.csv,4.0,4,10
6,State_LDA,1,1.0679854550218244,0.0,motor,entropy,4,/home1/amadapur/projects/eeg_trait_state_geometry/results/motor/entropy/hierarchy/hierarchy_results_n4_10_entropyclasses.csv,4.0,4,10
7,Joint_LDA,1,2.815961725863992,0.0,motor,entropy,4,/home1/amadapur/projects/eeg_trait_state_geometry/results/motor/entropy/hierarchy/hierarchy_results_n4_10_entropyclasses.csv,4.0,4,10
8,Raw,2,3.553582136820666,0.0,motor,entropy,4,/home1/amadapur/projects/eeg_trait_state_geometry/results/motor/entropy/hierarchy/hierarchy_results_n4_10_entropyclasses.csv,4.0,4,10
9,Trait_LDA,2,5.725707970270496,0.0,motor,entropy,4,/home1/amadapur/projects/eeg_trait_state_geometry/results/motor/entropy/hierarchy/hierarchy_results_n4_10_entropyclasses.csv,4.0,4,10
10,State_LDA,2,1.0783751996102375,0.0,motor,entropy,4,/home1/amadapur/projects/eeg_trait_state_geometry/results/motor/entropy/hierarchy/hierarchy_results_n4_10_entropyclasses.csv,4.0,4,10
11,Joint_LDA,2,2.602718601514788,0.0,motor,entropy,4,/home1/amadapur/projects/eeg_trait_state_geometry/results/motor/entropy/hierarchy/hierarchy_results_n4_10_entropyclasses.csv,4.0,4,10
12,Raw,3,3.867899613422266,0.0,motor,entropy,4,/home1/amadapur/projects/eeg_trait_state_geometry/results/motor/entropy/hierarchy/hierarchy_results_n4_10_entropyclasses.csv,4.0,4,10
13,Trait_LDA,3,5.7596092546645945,0.0,motor,entropy,4,/home1/amadapur/projects/eeg_trait_state_geometry/results/motor/entropy/hierarchy/hierarchy_results_n4_10_entropyclasses.csv,4.0,4,10
14,State_LDA,3,1.0937869931876232,0.0,motor,entropy,4,/home1/amadapur/projects/eeg_trait_state_geometry/results/motor/entropy/hierarchy/hierarchy_results_n4_10_entropyclasses.csv,4.0,4,10
15,Joint_LDA,3,2.6795746733508654,0.0,motor,entropy,4,/home1/amadapur/projects/eeg_trait_state_geometry/results/motor/entropy/hierarchy/hierarchy_results_n4_10_entropyclasses.csv,4.0,4,10
16,Raw,4,3.609570792518732,0.0,motor,entropy,4,/home1/amadapur/projects/eeg_trait_state_geometry/results/motor/entropy/hierarchy/hierarchy_results_n4_10_entropyclasses.csv,4.0,4,10
17,Trait_LDA,4,5.723353947606194,0.0,motor,entropy,4,/home1/amadapur/projects/eeg_trait_state_geometry/results/motor/entropy/hierarchy/hierarchy_results_n4_10_entropyclasses.csv,4.0,4,10
18,State_LDA,4,1.0528418557530783,0.0,motor,entropy,4,/home1/amadapur/projects/eeg_trait_state_geometry/results/motor/entropy/hierarchy/hierarchy_results_n4_10_entropyclasses.csv,4.0,4,10
19,Joint_LDA,4,2.524331363776524,0.0,motor,entropy,4,/home1/amadapur/projects/eeg_trait_state_geometry/results/motor/entropy/hierarchy/hierarchy_results_n4_10_entropyclasses.csv,4.0,4,10
20,Raw,5,4.171095005177679,0.0,motor,entropy,4,/home1/amadapur/projects/eeg_trait_state_geometry/results/motor/entropy/hierarchy/hierarchy_results_n4_10_entropyclasses.csv,4.0,4,10
21,Trait_LDA,5,5.993465440522776,0.0,motor,entropy,4,/home1/amadapur/projects/eeg_trait_state_geometry/results/motor/entropy/hierarchy/hierarchy_results_n4_10_entropyclasses.csv,4.0,4,10
22,State_LDA,5,1.08199970464102,0.0,motor,entropy,4,/home1/amadapur/projects/eeg_trait_state_geometry/results/motor/entropy/hierarchy/hierarchy_results_n4_10_entropyclasses.csv,4.0,4,10
23,Joint_LDA,5,2.6018884648017755,0.0,motor,entropy,4,/home1/amadapur/projects/eeg_trait_state_geometry/results/motor/entropy/hierarchy/hierarchy_results_n4_10_entropyclasses.csv,4.0,4,10
24,Raw,6,3.8163911619304023,0.0,motor,entropy,4,/home1/amadapur/projects/eeg_trait_state_geometry/results/motor/entropy/hierarchy/hierarchy_results_n4_10_entropyclasses.csv,4.0,4,10
25,Trait_LDA,6,6.0059824762173095,0.0,motor,entropy,4,/home1/amadapur/projects/eeg_trait_state_geometry/results/motor/entropy/hierarchy/hierarchy_results_n4_10_entropyclasses.csv,4.0,4,10
26,State_LDA,6,1.060748823394479,0.0,motor,entropy,4,/home1/amadapur/projects/eeg_trait_state_geometry/results/motor/entropy/hierarchy/hierarchy_results_n4_10_entropyclasses.csv,4.0,4,10
27,Joint_LDA,6,2.7360922866536685,0.0,motor,entropy,4,/home1/amadapur/projects/eeg_trait_state_geometry/results/motor/entropy/hierarchy/hierarchy_results_n4_10_entropyclasses.csv,4.0,4,10
28,Raw,7,3.9993620565206416,0.0,motor,entropy,4,/home1/amadapur/projects/eeg_trait_state_geometry/results/motor/entropy/hierarchy/hierarchy_results_n4_10_entropyclasses.csv,4.0,4,10
29,Trait_LDA,7,5.932613198559823,0.0,motor,entropy,4,/home1/amadapur/projects/eeg_trait_state_geometry/results/motor/entropy/hierarchy/hierarchy_results_n4_10_entropyclasses.csv,4.0,4,10
30,State_LDA,7,1.0909396986283355,0.0,motor,entropy,4,/home1/amadapur/projects/eeg_trait_state_geometry/results/motor/entropy/hierarchy/hierarchy_results_n4_10_entropyclasses.csv,4.0,4,10
31,Joint_LDA,7,2.7484754834874185,0.0,motor,entropy,4,/home1/amadapur/projects/eeg_trait_state_geometry/results/motor/entropy/hierarchy/hierarchy_results_n4_10_entropyclasses.csv,4.0,4,10
32,Raw,8,3.098310692145414,0.0,motor,entropy,4,/home1/amadapur/projects/eeg_trait_state_geometry/results/motor/entropy/hierarchy/hierarchy_results_n4_10_entropyclasses.csv,4.0,4,10
33,Trait_LDA,8,5.376909063367792,0.0,motor,entropy,4,/home1/amadapur/projects/eeg_trait_state_geometry/results/motor/entropy/hierarchy/hierarchy_results_n4_10_entropyclasses.csv,4.0,4,10
34,State_LDA,8,1.1304333988852762,0.0,motor,entropy,4,/home1/amadapur/projects/eeg_trait_state_geometry/results/motor/entropy/hierarchy/hierarchy_results_n4_10_entropyclasses.csv,4.0,4,10
35,Joint_LDA,8,2.2990976180933136,0.0,motor,entropy,4,/home1/amadapur/projects/eeg_trait_state_geometry/results/motor/entropy/hierarchy/hierarchy_results_n4_10_entropyclasses.csv,4.0,4,10
36,Raw,9,3.9527919309321,0.0,motor,entropy,4,/home1/amadapur/projects/eeg_trait_state_geometry/results/motor/entropy/hierarchy/hierarchy_results_n4_10_entropyclasses.csv,4.0,4,10
37,Trait_LDA,9,6.16539992783985,0.0,motor,entropy,4,/home1/amadapur/projects/eeg_trait_state_geometry/results/motor/entropy/hierarchy/hierarchy_results_n4_10_entropyclasses.csv,4.0,4,10
38,State_LDA,9,1.0548026940076096,0.0,motor,entropy,4,/home1/amadapur/projects/eeg_trait_state_geometry/results/motor/entropy/hierarchy/hierarchy_results_n4_10_entropyclasses.csv,4.0,4,10
39,Joint_LDA,9,2.606054706532874,0.0,motor,entropy,4,/home1/amadapur/projects/eeg_trait_state_geometry/results/motor/entropy/hierarchy/hierarchy_results_n4_10_entropyclasses.csv,4.0,4,10
0,Raw,0,3.264889568806012,0.0,motor,entropy,20,/home1/amadapur/projects/eeg_trait_state_geometry/results/motor/entropy/hierarchy/hierarchy_results_n20_10_entropyclasses.csv,20.0,20,10
1,Trait_LDA,0,3.852981205543477,0.0,motor,entropy,20,/home1/amadapur/projects/eeg_trait_state_geometry/results/motor/entropy/hierarchy/hierarchy_results_n20_10_entropyclasses.csv,20.0,20,10
2,State_LDA,0,1.4893339032214343,0.0,motor,entropy,20,/home1/amadapur/projects/eeg_trait_state_geometry/results/motor/entropy/hierarchy/hierarchy_results_n20_10_entropyclasses.csv,20.0,20,10
3,Joint_LDA,0,3.714967797847844,0.0,motor,entropy,20,/home1/amadapur/projects/eeg_trait_state_geometry/results/motor/entropy/hierarchy/hierarchy_results_n20_10_entropyclasses.csv,20.0,20,10
4,Raw,1,3.4368318031063256,0.0,motor,entropy,20,/home1/amadapur/projects/eeg_trait_state_geometry/results/motor/entropy/hierarchy/hierarchy_results_n20_10_entropyclasses.csv,20.0,20,10
5,Trait_LDA,1,4.195257968281146,0.0,motor,entropy,20,/home1/amadapur/projects/eeg_trait_state_geometry/results/motor/entropy/hierarchy/hierarchy_results_n20_10_entropyclasses.csv,20.0,20,10
6,State_LDA,1,1.501715553662974,0.0,motor,entropy,20,/home1/amadapur/projects/eeg_trait_state_geometry/results/motor/entropy/hierarchy/hierarchy_results_n20_10_entropyclasses.csv,20.0,20,10
7,Joint_LDA,1,4.1092466671107095,0.0,motor,entropy,20,/home1/amadapur/projects/eeg_trait_state_geometry/results/motor/entropy/hierarchy/hierarchy_results_n20_10_entropyclasses.csv,20.0,20,10
8,Raw,2,3.5231536226797977,0.0,motor,entropy,20,/home1/amadapur/projects/eeg_trait_state_geometry/results/motor/entropy/hierarchy/hierarchy_results_n20_10_entropyclasses.csv,20.0,20,10
9,Trait_LDA,2,4.201611382848782,0.0,motor,entropy,20,/home1/amadapur/projects/eeg_trait_state_geometry/results/motor/entropy/hierarchy/hierarchy_results_n20_10_entropyclasses.csv,20.0,20,10
10,State_LDA,2,1.5225547233311354,0.0,motor,entropy,20,/home1/amadapur/projects/eeg_trait_state_geometry/results/motor/entropy/hierarchy/hierarchy_results_n20_10_entropyclasses.csv,20.0,20,10
11,Joint_LDA,2,4.102009108919535,0.0,motor,entropy,20,/home1/amadapur/projects/eeg_trait_state_geometry/results/motor/entropy/hierarchy/hierarchy_results_n20_10_entropyclasses.csv,20.0,20,10
12,Raw,3,3.685246978640661,0.0,motor,entropy,20,/home1/amadapur/projects/eeg_trait_state_geometry/results/motor/entropy/hierarchy/hierarchy_results_n20_10_entropyclasses.csv,20.0,20,10
13,Trait_LDA,3,4.235614896400309,0.0,motor,entropy,20,/home1/amadapur/projects/eeg_trait_state_geometry/results/motor/entropy/hierarchy/hierarchy_results_n20_10_entropyclasses.csv,20.0,20,10
14,State_LDA,3,1.5424652397219367,0.0,motor,entropy,20,/home1/amadapur/projects/eeg_trait_state_geometry/results/motor/entropy/hierarchy/hierarchy_results_n20_10_entropyclasses.csv,20.0,20,10
15,Joint_LDA,3,4.1305763720561774,0.0,motor,entropy,20,/home1/amadapur/projects/eeg_trait_state_geometry/results/motor/entropy/hierarchy/hierarchy_results_n20_10_entropyclasses.csv,20.0,20,10
16,Raw,4,3.5184605440336343,0.0,motor,entropy,20,/home1/amadapur/projects/eeg_trait_state_geometry/results/motor/entropy/hierarchy/hierarchy_results_n20_10_entropyclasses.csv,20.0,20,10
17,Trait_LDA,4,4.213110952335586,0.0,motor,entropy,20,/home1/amadapur/projects/eeg_trait_state_geometry/results/motor/entropy/hierarchy/hierarchy_results_n20_10_entropyclasses.csv,20.0,20,10
18,State_LDA,4,1.5644071685100576,0.0,motor,entropy,20,/home1/amadapur/projects/eeg_trait_state_geometry/results/motor/entropy/hierarchy/hierarchy_results_n20_10_entropyclasses.csv,20.0,20,10
19,Joint_LDA,4,4.035718904841309,0.0,motor,entropy,20,/home1/amadapur/projects/eeg_trait_state_geometry/results/motor/entropy/hierarchy/hierarchy_results_n20_10_entropyclasses.csv,20.0,20,10
20,Raw,5,3.4773188600851768,0.0,motor,entropy,20,/home1/amadapur/projects/eeg_trait_state_geometry/results/motor/entropy/hierarchy/hierarchy_results_n20_10_entropyclasses.csv,20.0,20,10
21,Trait_LDA,5,4.059111539847565,0.0,motor,entropy,20,/home1/amadapur/projects/eeg_trait_state_geometry/results/motor/entropy/hierarchy/hierarchy_results_n20_10_entropyclasses.csv,20.0,20,10
22,State_LDA,5,1.549655118345536,0.0,motor,entropy,20,/home1/amadapur/projects/eeg_trait_state_geometry/results/motor/entropy/hierarchy/hierarchy_results_n20_10_entropyclasses.csv,20.0,20,10
23,Joint_LDA,5,3.97015086092158,0.0,motor,entropy,20,/home1/amadapur/projects/eeg_trait_state_geometry/results/motor/entropy/hierarchy/hierarchy_results_n20_10_entropyclasses.csv,20.0,20,10
24,Raw,6,3.801351153565951,0.0,motor,entropy,20,/home1/amadapur/projects/eeg_trait_state_geometry/results/motor/entropy/hierarchy/hierarchy_results_n20_10_entropyclasses.csv,20.0,20,10
25,Trait_LDA,6,4.320492520109042,0.0,motor,entropy,20,/home1/amadapur/projects/eeg_trait_state_geometry/results/motor/entropy/hierarchy/hierarchy_results_n20_10_entropyclasses.csv,20.0,20,10
26,State_LDA,6,1.660328586327455,0.0,motor,entropy,20,/home1/amadapur/projects/eeg_trait_state_geometry/results/motor/entropy/hierarchy/hierarchy_results_n20_10_entropyclasses.csv,20.0,20,10
27,Joint_LDA,6,4.157931455076539,0.0,motor,entropy,20,/home1/amadapur/projects/eeg_trait_state_geometry/results/motor/entropy/hierarchy/hierarchy_results_n20_10_entropyclasses.csv,20.0,20,10
28,Raw,7,3.720518763364931,0.0,motor,entropy,20,/home1/amadapur/projects/eeg_trait_state_geometry/results/motor/entropy/hierarchy/hierarchy_results_n20_10_entropyclasses.csv,20.0,20,10
29,Trait_LDA,7,4.209151449998783,0.0,motor,entropy,20,/home1/amadapur/projects/eeg_trait_state_geometry/results/motor/entropy/hierarchy/hierarchy_results_n20_10_entropyclasses.csv,20.0,20,10
30,State_LDA,7,1.6175030910882071,0.0,motor,entropy,20,/home1/amadapur/projects/eeg_trait_state_geometry/results/motor/entropy/hierarchy/hierarchy_results_n20_10_entropyclasses.csv,20.0,20,10
31,Joint_LDA,7,4.151320813259103,0.0,motor,entropy,20,/home1/amadapur/projects/eeg_trait_state_geometry/results/motor/entropy/hierarchy/hierarchy_results_n20_10_entropyclasses.csv,20.0,20,10
32,Raw,8,3.537418864343746,0.0,motor,entropy,20,/home1/amadapur/projects/eeg_trait_state_geometry/results/motor/entropy/hierarchy/hierarchy_results_n20_10_entropyclasses.csv,20.0,20,10
33,Trait_LDA,8,4.113277446613657,0.0,motor,entropy,20,/home1/amadapur/projects/eeg_trait_state_geometry/results/motor/entropy/hierarchy/hierarchy_results_n20_10_entropyclasses.csv,20.0,20,10
34,State_LDA,8,1.521183851088007,0.0,motor,entropy,20,/home1/amadapur/projects/eeg_trait_state_geometry/results/motor/entropy/hierarchy/hierarchy_results_n20_10_entropyclasses.csv,20.0,20,10
35,Joint_LDA,8,3.949547125726955,0.0,motor,entropy,20,/home1/amadapur/projects/eeg_trait_state_geometry/results/motor/entropy/hierarchy/hierarchy_results_n20_10_entropyclasses.csv,20.0,20,10
36,Raw,9,3.5359711947928245,0.0,motor,entropy,20,/home1/amadapur/projects/eeg_trait_state_geometry/results/motor/entropy/hierarchy/hierarchy_results_n20_10_entropyclasses.csv,20.0,20,10
37,Trait_LDA,9,4.202461374312982,0.0,motor,entropy,20,/home1/amadapur/projects/eeg_trait_state_geometry/results/motor/entropy/hierarchy/hierarchy_results_n20_10_entropyclasses.csv,20.0,20,10
38,State_LDA,9,1.4986880822140245,0.0,motor,entropy,20,/home1/amadapur/projects/eeg_trait_state_geometry/results/motor/entropy/hierarchy/hierarchy_results_n20_10_entropyclasses.csv,20.0,20,10
39,Joint_LDA,9,4.026391677283582,0.0,motor,entropy,20,/home1/amadapur/projects/eeg_trait_state_geometry/results/motor/entropy/hierarchy/hierarchy_results_n20_10_entropyclasses.csv,20.0,20,10
0,Raw,0,3.4193722288727217,0.0,motor,psd,20,/home1/amadapur/projects/eeg_trait_state_geometry/results/motor/psd/hierarchy/hierarchy_results_n20_6classes.csv,20.0,20,6
1,Trait_LDA,0,4.339450413152219,0.0,motor,psd,20,/home1/amadapur/projects/eeg_trait_state_geometry/results/motor/psd/hierarchy/hierarchy_results_n20_6classes.csv,20.0,20,6
2,State_LDA,0,1.5160456962679505,0.0,motor,psd,20,/home1/amadapur/projects/eeg_trait_state_geometry/results/motor/psd/hierarchy/hierarchy_results_n20_6classes.csv,20.0,20,6
3,Joint_LDA,0,4.593271905250738,0.0,motor,psd,20,/home1/amadapur/projects/eeg_trait_state_geometry/results/motor/psd/hierarchy/hierarchy_results_n20_6classes.csv,20.0,20,6
4,Raw,1,3.4759143675556463,0.0,motor,psd,20,/home1/amadapur/projects/eeg_trait_state_geometry/results/motor/psd/hierarchy/hierarchy_results_n20_6classes.csv,20.0,20,6
5,Trait_LDA,1,4.666863862262659,0.0,motor,psd,20,/home1/amadapur/projects/eeg_trait_state_geometry/results/motor/psd/hierarchy/hierarchy_results_n20_6classes.csv,20.0,20,6
6,State_LDA,1,1.575650978024983,0.0,motor,psd,20,/home1/amadapur/projects/eeg_trait_state_geometry/results/motor/psd/hierarchy/hierarchy_results_n20_6classes.csv,20.0,20,6
7,Joint_LDA,1,4.699268198288336,0.0,motor,psd,20,/home1/amadapur/projects/eeg_trait_state_geometry/results/motor/psd/hierarchy/hierarchy_results_n20_6classes.csv,20.0,20,6
8,Raw,2,3.610873067941368,0.0,motor,psd,20,/home1/amadapur/projects/eeg_trait_state_geometry/results/motor/psd/hierarchy/hierarchy_results_n20_6classes.csv,20.0,20,6
9,Trait_LDA,2,5.015620878711637,0.0,motor,psd,20,/home1/amadapur/projects/eeg_trait_state_geometry/results/motor/psd/hierarchy/hierarchy_results_n20_6classes.csv,20.0,20,6
10,State_LDA,2,1.670329864173073,0.0,motor,psd,20,/home1/amadapur/projects/eeg_trait_state_geometry/results/motor/psd/hierarchy/hierarchy_results_n20_6classes.csv,20.0,20,6
11,Joint_LDA,2,5.319596130275954,0.0,motor,psd,20,/home1/amadapur/projects/eeg_trait_state_geometry/results/motor/psd/hierarchy/hierarchy_results_n20_6classes.csv,20.0,20,6
12,Raw,3,3.6842729055090833,0.0,motor,psd,20,/home1/amadapur/projects/eeg_trait_state_geometry/results/motor/psd/hierarchy/hierarchy_results_n20_6classes.csv,20.0,20,6
13,Trait_LDA,3,4.799904166381169,0.0,motor,psd,20,/home1/amadapur/projects/eeg_trait_state_geometry/results/motor/psd/hierarchy/hierarchy_results_n20_6classes.csv,20.0,20,6
14,State_LDA,3,1.8962793851537352,0.0,motor,psd,20,/home1/amadapur/projects/eeg_trait_state_geometry/results/motor/psd/hierarchy/hierarchy_results_n20_6classes.csv,20.0,20,6
15,Joint_LDA,3,5.098734258439915,0.0,motor,psd,20,/home1/amadapur/projects/eeg_trait_state_geometry/results/motor/psd/hierarchy/hierarchy_results_n20_6classes.csv,20.0,20,6
16,Raw,4,3.497152220475375,0.0,motor,psd,20,/home1/amadapur/projects/eeg_trait_state_geometry/results/motor/psd/hierarchy/hierarchy_results_n20_6classes.csv,20.0,20,6
17,Trait_LDA,4,4.544367036082698,0.0,motor,psd,20,/home1/amadapur/projects/eeg_trait_state_geometry/results/motor/psd/hierarchy/hierarchy_results_n20_6classes.csv,20.0,20,6
18,State_LDA,4,1.5782534930443777,0.0,motor,psd,20,/home1/amadapur/projects/eeg_trait_state_geometry/results/motor/psd/hierarchy/hierarchy_results_n20_6classes.csv,20.0,20,6
19,Joint_LDA,4,4.8831428348339685,0.0,motor,psd,20,/home1/amadapur/projects/eeg_trait_state_geometry/results/motor/psd/hierarchy/hierarchy_results_n20_6classes.csv,20.0,20,6
20,Raw,5,3.404927335344644,0.0,motor,psd,20,/home1/amadapur/projects/eeg_trait_state_geometry/results/motor/psd/hierarchy/hierarchy_results_n20_6classes.csv,20.0,20,6
21,Trait_LDA,5,4.652886910204391,0.0,motor,psd,20,/home1/amadapur/projects/eeg_trait_state_geometry/results/motor/psd/hierarchy/hierarchy_results_n20_6classes.csv,20.0,20,6
22,State_LDA,5,1.5917741899542268,0.0,motor,psd,20,/home1/amadapur/projects/eeg_trait_state_geometry/results/motor/psd/hierarchy/hierarchy_results_n20_6classes.csv,20.0,20,6
23,Joint_LDA,5,4.934771234547118,0.0,motor,psd,20,/home1/amadapur/projects/eeg_trait_state_geometry/results/motor/psd/hierarchy/hierarchy_results_n20_6classes.csv,20.0,20,6
24,Raw,6,3.652860216620532,0.0,motor,psd,20,/home1/amadapur/projects/eeg_trait_state_geometry/results/motor/psd/hierarchy/hierarchy_results_n20_6classes.csv,20.0,20,6
25,Trait_LDA,6,4.903612186061295,0.0,motor,psd,20,/home1/amadapur/projects/eeg_trait_state_geometry/results/motor/psd/hierarchy/hierarchy_results_n20_6classes.csv,20.0,20,6
26,State_LDA,6,1.9940262734640095,0.0,motor,psd,20,/home1/amadapur/projects/eeg_trait_state_geometry/results/motor/psd/hierarchy/hierarchy_results_n20_6classes.csv,20.0,20,6
27,Joint_LDA,6,5.154534979024724,0.0,motor,psd,20,/home1/amadapur/projects/eeg_trait_state_geometry/results/motor/psd/hierarchy/hierarchy_results_n20_6classes.csv,20.0,20,6
28,Raw,7,3.857071505852929,0.0,motor,psd,20,/home1/amadapur/projects/eeg_trait_state_geometry/results/motor/psd/hierarchy/hierarchy_results_n20_6classes.csv,20.0,20,6
29,Trait_LDA,7,5.339099563277133,0.0,motor,psd,20,/home1/amadapur/projects/eeg_trait_state_geometry/results/motor/psd/hierarchy/hierarchy_results_n20_6classes.csv,20.0,20,6
30,State_LDA,7,1.7499325955109868,0.0,motor,psd,20,/home1/amadapur/projects/eeg_trait_state_geometry/results/motor/psd/hierarchy/hierarchy_results_n20_6classes.csv,20.0,20,6
31,Joint_LDA,7,5.267645258052118,0.0,motor,psd,20,/home1/amadapur/projects/eeg_trait_state_geometry/results/motor/psd/hierarchy/hierarchy_results_n20_6classes.csv,20.0,20,6
32,Raw,8,3.8731221734292647,0.0,motor,psd,20,/home1/amadapur/projects/eeg_trait_state_geometry/results/motor/psd/hierarchy/hierarchy_results_n20_6classes.csv,20.0,20,6
33,Trait_LDA,8,5.038267640189348,0.0,motor,psd,20,/home1/amadapur/projects/eeg_trait_state_geometry/results/motor/psd/hierarchy/hierarchy_results_n20_6classes.csv,20.0,20,6
34,State_LDA,8,1.6017680736546789,0.0,motor,psd,20,/home1/amadapur/projects/eeg_trait_state_geometry/results/motor/psd/hierarchy/hierarchy_results_n20_6classes.csv,20.0,20,6
35,Joint_LDA,8,5.122635334338194,0.0,motor,psd,20,/home1/amadapur/projects/eeg_trait_state_geometry/results/motor/psd/hierarchy/hierarchy_results_n20_6classes.csv,20.0,20,6
36,Raw,9,3.9602867207937087,0.0,motor,psd,20,/home1/amadapur/projects/eeg_trait_state_geometry/results/motor/psd/hierarchy/hierarchy_results_n20_6classes.csv,20.0,20,6
37,Trait_LDA,9,5.467487535328652,0.0,motor,psd,20,/home1/amadapur/projects/eeg_trait_state_geometry/results/motor/psd/hierarchy/hierarchy_results_n20_6classes.csv,20.0,20,6
38,State_LDA,9,1.9842687032322477,0.0,motor,psd,20,/home1/amadapur/projects/eeg_trait_state_geometry/results/motor/psd/hierarchy/hierarchy_results_n20_6classes.csv,20.0,20,6
39,Joint_LDA,9,5.307072077038329,0.0,motor,psd,20,/home1/amadapur/projects/eeg_trait_state_geometry/results/motor/psd/hierarchy/hierarchy_results_n20_6classes.csv,20.0,20,6
0,Raw,0,2.538930998305569,0.0,motor,psd,20,/home1/amadapur/projects/eeg_trait_state_geometry/results/motor/psd/hierarchy/hierarchy_results_n20_10classes.csv,20.0,20,10
1,Trait_LDA,0,3.180411988391849,0.0,motor,psd,20,/home1/amadapur/projects/eeg_trait_state_geometry/results/motor/psd/hierarchy/hierarchy_results_n20_10classes.csv,20.0,20,10
2,State_LDA,0,1.3883218426717503,0.0,motor,psd,20,/home1/amadapur/projects/eeg_trait_state_geometry/results/motor/psd/hierarchy/hierarchy_results_n20_10classes.csv,20.0,20,10
3,Joint_LDA,0,2.6809895922555547,0.0,motor,psd,20,/home1/amadapur/projects/eeg_trait_state_geometry/results/motor/psd/hierarchy/hierarchy_results_n20_10classes.csv,20.0,20,10
4,Raw,1,2.528748047198869,0.0,motor,psd,20,/home1/amadapur/projects/eeg_trait_state_geometry/results/motor/psd/hierarchy/hierarchy_results_n20_10classes.csv,20.0,20,10
5,Trait_LDA,1,3.206711902126639,0.0,motor,psd,20,/home1/amadapur/projects/eeg_trait_state_geometry/results/motor/psd/hierarchy/hierarchy_results_n20_10classes.csv,20.0,20,10
6,State_LDA,1,1.3961344414990642,0.0,motor,psd,20,/home1/amadapur/projects/eeg_trait_state_geometry/results/motor/psd/hierarchy/hierarchy_results_n20_10classes.csv,20.0,20,10
7,Joint_LDA,1,2.709436254338765,0.0,motor,psd,20,/home1/amadapur/projects/eeg_trait_state_geometry/results/motor/psd/hierarchy/hierarchy_results_n20_10classes.csv,20.0,20,10
8,Raw,2,2.6345734844369004,0.0,motor,psd,20,/home1/amadapur/projects/eeg_trait_state_geometry/results/motor/psd/hierarchy/hierarchy_results_n20_10classes.csv,20.0,20,10
9,Trait_LDA,2,3.6214450190653,0.0,motor,psd,20,/home1/amadapur/projects/eeg_trait_state_geometry/results/motor/psd/hierarchy/hierarchy_results_n20_10classes.csv,20.0,20,10
10,State_LDA,2,1.4767094350093874,0.0,motor,psd,20,/home1/amadapur/projects/eeg_trait_state_geometry/results/motor/psd/hierarchy/hierarchy_results_n20_10classes.csv,20.0,20,10
11,Joint_LDA,2,2.8588984828909028,0.0,motor,psd,20,/home1/amadapur/projects/eeg_trait_state_geometry/results/motor/psd/hierarchy/hierarchy_results_n20_10classes.csv,20.0,20,10
12,Raw,3,2.602420195767312,0.0,motor,psd,20,/home1/amadapur/projects/eeg_trait_state_geometry/results/motor/psd/hierarchy/hierarchy_results_n20_10classes.csv,20.0,20,10
13,Trait_LDA,3,3.350761150630164,0.0,motor,psd,20,/home1/amadapur/projects/eeg_trait_state_geometry/results/motor/psd/hierarchy/hierarchy_results_n20_10classes.csv,20.0,20,10
14,State_LDA,3,1.4782748261929646,0.0,motor,psd,20,/home1/amadapur/projects/eeg_trait_state_geometry/results/motor/psd/hierarchy/hierarchy_results_n20_10classes.csv,20.0,20,10
15,Joint_LDA,3,2.8961982864874893,0.0,motor,psd,20,/home1/amadapur/projects/eeg_trait_state_geometry/results/motor/psd/hierarchy/hierarchy_results_n20_10classes.csv,20.0,20,10
16,Raw,4,2.567718484231869,0.0,motor,psd,20,/home1/amadapur/projects/eeg_trait_state_geometry/results/motor/psd/hierarchy/hierarchy_results_n20_10classes.csv,20.0,20,10
17,Trait_LDA,4,3.461650897556699,0.0,motor,psd,20,/home1/amadapur/projects/eeg_trait_state_geometry/results/motor/psd/hierarchy/hierarchy_results_n20_10classes.csv,20.0,20,10
18,State_LDA,4,1.4380167001917414,0.0,motor,psd,20,/home1/amadapur/projects/eeg_trait_state_geometry/results/motor/psd/hierarchy/hierarchy_results_n20_10classes.csv,20.0,20,10
19,Joint_LDA,4,2.697029032657812,0.0,motor,psd,20,/home1/amadapur/projects/eeg_trait_state_geometry/results/motor/psd/hierarchy/hierarchy_results_n20_10classes.csv,20.0,20,10
20,Raw,5,2.64480068044806,0.0,motor,psd,20,/home1/amadapur/projects/eeg_trait_state_geometry/results/motor/psd/hierarchy/hierarchy_results_n20_10classes.csv,20.0,20,10
21,Trait_LDA,5,3.408097729359864,0.0,motor,psd,20,/home1/amadapur/projects/eeg_trait_state_geometry/results/motor/psd/hierarchy/hierarchy_results_n20_10classes.csv,20.0,20,10
22,State_LDA,5,1.4316922673523038,0.0,motor,psd,20,/home1/amadapur/projects/eeg_trait_state_geometry/results/motor/psd/hierarchy/hierarchy_results_n20_10classes.csv,20.0,20,10
23,Joint_LDA,5,2.609349965305239,0.0,motor,psd,20,/home1/amadapur/projects/eeg_trait_state_geometry/results/motor/psd/hierarchy/hierarchy_results_n20_10classes.csv,20.0,20,10
24,Raw,6,2.7072951377962573,0.0,motor,psd,20,/home1/amadapur/projects/eeg_trait_state_geometry/results/motor/psd/hierarchy/hierarchy_results_n20_10classes.csv,20.0,20,10
25,Trait_LDA,6,3.541557058249416,0.0,motor,psd,20,/home1/amadapur/projects/eeg_trait_state_geometry/results/motor/psd/hierarchy/hierarchy_results_n20_10classes.csv,20.0,20,10
26,State_LDA,6,1.4928485622902696,0.0,motor,psd,20,/home1/amadapur/projects/eeg_trait_state_geometry/results/motor/psd/hierarchy/hierarchy_results_n20_10classes.csv,20.0,20,10
27,Joint_LDA,6,3.0781537702488566,0.0,motor,psd,20,/home1/amadapur/projects/eeg_trait_state_geometry/results/motor/psd/hierarchy/hierarchy_results_n20_10classes.csv,20.0,20,10
28,Raw,7,2.7773397536758524,0.0,motor,psd,20,/home1/amadapur/projects/eeg_trait_state_geometry/results/motor/psd/hierarchy/hierarchy_results_n20_10classes.csv,20.0,20,10
29,Trait_LDA,7,3.733369282433788,0.0,motor,psd,20,/home1/amadapur/projects/eeg_trait_state_geometry/results/motor/psd/hierarchy/hierarchy_results_n20_10classes.csv,20.0,20,10
30,State_LDA,7,1.4675737105530406,0.0,motor,psd,20,/home1/amadapur/projects/eeg_trait_state_geometry/results/motor/psd/hierarchy/hierarchy_results_n20_10classes.csv,20.0,20,10
31,Joint_LDA,7,3.006398645796866,0.0,motor,psd,20,/home1/amadapur/projects/eeg_trait_state_geometry/results/motor/psd/hierarchy/hierarchy_results_n20_10classes.csv,20.0,20,10
32,Raw,8,2.689855099260281,0.0,motor,psd,20,/home1/amadapur/projects/eeg_trait_state_geometry/results/motor/psd/hierarchy/hierarchy_results_n20_10classes.csv,20.0,20,10
33,Trait_LDA,8,3.562200365350308,0.0,motor,psd,20,/home1/amadapur/projects/eeg_trait_state_geometry/results/motor/psd/hierarchy/hierarchy_results_n20_10classes.csv,20.0,20,10
34,State_LDA,8,1.438116761861414,0.0,motor,psd,20,/home1/amadapur/projects/eeg_trait_state_geometry/results/motor/psd/hierarchy/hierarchy_results_n20_10classes.csv,20.0,20,10
35,Joint_LDA,8,2.751554639887354,0.0,motor,psd,20,/home1/amadapur/projects/eeg_trait_state_geometry/results/motor/psd/hierarchy/hierarchy_results_n20_10classes.csv,20.0,20,10
36,Raw,9,2.8537864062927474,0.0,motor,psd,20,/home1/amadapur/projects/eeg_trait_state_geometry/results/motor/psd/hierarchy/hierarchy_results_n20_10classes.csv,20.0,20,10
37,Trait_LDA,9,3.831408307138536,0.0,motor,psd,20,/home1/amadapur/projects/eeg_trait_state_geometry/results/motor/psd/hierarchy/hierarchy_results_n20_10classes.csv,20.0,20,10
38,State_LDA,9,1.5162087105839002,0.0,motor,psd,20,/home1/amadapur/projects/eeg_trait_state_geometry/results/motor/psd/hierarchy/hierarchy_results_n20_10classes.csv,20.0,20,10
39,Joint_LDA,9,3.2673700969562702,0.0,motor,psd,20,/home1/amadapur/projects/eeg_trait_state_geometry/results/motor/psd/hierarchy/hierarchy_results_n20_10classes.csv,20.0,20,10
0,Raw,0,2.7080188047635203,0.0,motor,psd,10,/home1/amadapur/projects/eeg_trait_state_geometry/results/motor/psd/hierarchy/hierarchy_results_n10_10classes.csv,10.0,10,10
1,Trait_LDA,0,4.104598306812048,0.0,motor,psd,10,/home1/amadapur/projects/eeg_trait_state_geometry/results/motor/psd/hierarchy/hierarchy_results_n10_10classes.csv,10.0,10,10
2,State_LDA,0,1.326058351284966,0.0,motor,psd,10,/home1/amadapur/projects/eeg_trait_state_geometry/results/motor/psd/hierarchy/hierarchy_results_n10_10classes.csv,10.0,10,10
3,Joint_LDA,0,3.1640213649247557,0.0,motor,psd,10,/home1/amadapur/projects/eeg_trait_state_geometry/results/motor/psd/hierarchy/hierarchy_results_n10_10classes.csv,10.0,10,10
4,Raw,1,2.5171470087571084,0.0,motor,psd,10,/home1/amadapur/projects/eeg_trait_state_geometry/results/motor/psd/hierarchy/hierarchy_results_n10_10classes.csv,10.0,10,10
5,Trait_LDA,1,3.8352429945209,0.0,motor,psd,10,/home1/amadapur/projects/eeg_trait_state_geometry/results/motor/psd/hierarchy/hierarchy_results_n10_10classes.csv,10.0,10,10
6,State_LDA,1,1.3985054495133578,0.0,motor,psd,10,/home1/amadapur/projects/eeg_trait_state_geometry/results/motor/psd/hierarchy/hierarchy_results_n10_10classes.csv,10.0,10,10
7,Joint_LDA,1,3.05016571583956,0.0,motor,psd,10,/home1/amadapur/projects/eeg_trait_state_geometry/results/motor/psd/hierarchy/hierarchy_results_n10_10classes.csv,10.0,10,10
8,Raw,2,2.357177444163546,0.0,motor,psd,10,/home1/amadapur/projects/eeg_trait_state_geometry/results/motor/psd/hierarchy/hierarchy_results_n10_10classes.csv,10.0,10,10
9,Trait_LDA,2,3.5330162727318686,0.0,motor,psd,10,/home1/amadapur/projects/eeg_trait_state_geometry/results/motor/psd/hierarchy/hierarchy_results_n10_10classes.csv,10.0,10,10
10,State_LDA,2,1.3473120767039604,0.0,motor,psd,10,/home1/amadapur/projects/eeg_trait_state_geometry/results/motor/psd/hierarchy/hierarchy_results_n10_10classes.csv,10.0,10,10
11,Joint_LDA,2,2.918809088091642,0.0,motor,psd,10,/home1/amadapur/projects/eeg_trait_state_geometry/results/motor/psd/hierarchy/hierarchy_results_n10_10classes.csv,10.0,10,10
12,Raw,3,2.511724839991274,0.0,motor,psd,10,/home1/amadapur/projects/eeg_trait_state_geometry/results/motor/psd/hierarchy/hierarchy_results_n10_10classes.csv,10.0,10,10
13,Trait_LDA,3,3.715216086608996,0.0,motor,psd,10,/home1/amadapur/projects/eeg_trait_state_geometry/results/motor/psd/hierarchy/hierarchy_results_n10_10classes.csv,10.0,10,10
14,State_LDA,3,1.3288511201426,0.0,motor,psd,10,/home1/amadapur/projects/eeg_trait_state_geometry/results/motor/psd/hierarchy/hierarchy_results_n10_10classes.csv,10.0,10,10
15,Joint_LDA,3,2.8377301581039784,0.0,motor,psd,10,/home1/amadapur/projects/eeg_trait_state_geometry/results/motor/psd/hierarchy/hierarchy_results_n10_10classes.csv,10.0,10,10
16,Raw,4,2.1164681106394765,0.0,motor,psd,10,/home1/amadapur/projects/eeg_trait_state_geometry/results/motor/psd/hierarchy/hierarchy_results_n10_10classes.csv,10.0,10,10
17,Trait_LDA,4,2.735658502713031,0.0,motor,psd,10,/home1/amadapur/projects/eeg_trait_state_geometry/results/motor/psd/hierarchy/hierarchy_results_n10_10classes.csv,10.0,10,10
18,State_LDA,4,1.2869299246016996,0.0,motor,psd,10,/home1/amadapur/projects/eeg_trait_state_geometry/results/motor/psd/hierarchy/hierarchy_results_n10_10classes.csv,10.0,10,10
19,Joint_LDA,4,2.062959567039178,0.0,motor,psd,10,/home1/amadapur/projects/eeg_trait_state_geometry/results/motor/psd/hierarchy/hierarchy_results_n10_10classes.csv,10.0,10,10
20,Raw,5,2.464623234902777,0.0,motor,psd,10,/home1/amadapur/projects/eeg_trait_state_geometry/results/motor/psd/hierarchy/hierarchy_results_n10_10classes.csv,10.0,10,10
21,Trait_LDA,5,3.580814559444335,0.0,motor,psd,10,/home1/amadapur/projects/eeg_trait_state_geometry/results/motor/psd/hierarchy/hierarchy_results_n10_10classes.csv,10.0,10,10
22,State_LDA,5,1.4209711957898792,0.0,motor,psd,10,/home1/amadapur/projects/eeg_trait_state_geometry/results/motor/psd/hierarchy/hierarchy_results_n10_10classes.csv,10.0,10,10
23,Joint_LDA,5,3.0002121188880504,0.0,motor,psd,10,/home1/amadapur/projects/eeg_trait_state_geometry/results/motor/psd/hierarchy/hierarchy_results_n10_10classes.csv,10.0,10,10
24,Raw,6,2.5159892621815643,0.0,motor,psd,10,/home1/amadapur/projects/eeg_trait_state_geometry/results/motor/psd/hierarchy/hierarchy_results_n10_10classes.csv,10.0,10,10
25,Trait_LDA,6,3.867665728338357,0.0,motor,psd,10,/home1/amadapur/projects/eeg_trait_state_geometry/results/motor/psd/hierarchy/hierarchy_results_n10_10classes.csv,10.0,10,10
26,State_LDA,6,1.3265978492953971,0.0,motor,psd,10,/home1/amadapur/projects/eeg_trait_state_geometry/results/motor/psd/hierarchy/hierarchy_results_n10_10classes.csv,10.0,10,10
27,Joint_LDA,6,2.542633111946686,0.0,motor,psd,10,/home1/amadapur/projects/eeg_trait_state_geometry/results/motor/psd/hierarchy/hierarchy_results_n10_10classes.csv,10.0,10,10
28,Raw,7,2.2567872305982366,0.0,motor,psd,10,/home1/amadapur/projects/eeg_trait_state_geometry/results/motor/psd/hierarchy/hierarchy_results_n10_10classes.csv,10.0,10,10
29,Trait_LDA,7,3.06308857211084,0.0,motor,psd,10,/home1/amadapur/projects/eeg_trait_state_geometry/results/motor/psd/hierarchy/hierarchy_results_n10_10classes.csv,10.0,10,10
30,State_LDA,7,1.315845960921155,0.0,motor,psd,10,/home1/amadapur/projects/eeg_trait_state_geometry/results/motor/psd/hierarchy/hierarchy_results_n10_10classes.csv,10.0,10,10
31,Joint_LDA,7,2.485782104720729,0.0,motor,psd,10,/home1/amadapur/projects/eeg_trait_state_geometry/results/motor/psd/hierarchy/hierarchy_results_n10_10classes.csv,10.0,10,10
32,Raw,8,2.4686076469656277,0.0,motor,psd,10,/home1/amadapur/projects/eeg_trait_state_geometry/results/motor/psd/hierarchy/hierarchy_results_n10_10classes.csv,10.0,10,10
33,Trait_LDA,8,3.529995266558751,0.0,motor,psd,10,/home1/amadapur/projects/eeg_trait_state_geometry/results/motor/psd/hierarchy/hierarchy_results_n10_10classes.csv,10.0,10,10
34,State_LDA,8,1.3495151712171314,0.0,motor,psd,10,/home1/amadapur/projects/eeg_trait_state_geometry/results/motor/psd/hierarchy/hierarchy_results_n10_10classes.csv,10.0,10,10
35,Joint_LDA,8,2.7585807661347364,0.0,motor,psd,10,/home1/amadapur/projects/eeg_trait_state_geometry/results/motor/psd/hierarchy/hierarchy_results_n10_10classes.csv,10.0,10,10
36,Raw,9,2.459574663674902,0.0,motor,psd,10,/home1/amadapur/projects/eeg_trait_state_geometry/results/motor/psd/hierarchy/hierarchy_results_n10_10classes.csv,10.0,10,10
37,Trait_LDA,9,3.9183654865379207,0.0,motor,psd,10,/home1/amadapur/projects/eeg_trait_state_geometry/results/motor/psd/hierarchy/hierarchy_results_n10_10classes.csv,10.0,10,10
38,State_LDA,9,1.364035330988901,0.0,motor,psd,10,/home1/amadapur/projects/eeg_trait_state_geometry/results/motor/psd/hierarchy/hierarchy_results_n10_10classes.csv,10.0,10,10
39,Joint_LDA,9,3.0759817683169177,0.0,motor,psd,10,/home1/amadapur/projects/eeg_trait_state_geometry/results/motor/psd/hierarchy/hierarchy_results_n10_10classes.csv,10.0,10,10
0,Raw,0,3.756464889877914,0.0,motor,psd,10,/home1/amadapur/projects/eeg_trait_state_geometry/results/motor/psd/hierarchy/hierarchy_results_n10_6classes.csv,10.0,10,6
1,Trait_LDA,0,6.261010221198047,0.0,motor,psd,10,/home1/amadapur/projects/eeg_trait_state_geometry/results/motor/psd/hierarchy/hierarchy_results_n10_6classes.csv,10.0,10,6
2,State_LDA,0,1.4882117912042063,0.0,motor,psd,10,/home1/amadapur/projects/eeg_trait_state_geometry/results/motor/psd/hierarchy/hierarchy_results_n10_6classes.csv,10.0,10,6
3,Joint_LDA,0,5.261191397737556,0.0,motor,psd,10,/home1/amadapur/projects/eeg_trait_state_geometry/results/motor/psd/hierarchy/hierarchy_results_n10_6classes.csv,10.0,10,6
4,Raw,1,3.340555599313559,0.0,motor,psd,10,/home1/amadapur/projects/eeg_trait_state_geometry/results/motor/psd/hierarchy/hierarchy_results_n10_6classes.csv,10.0,10,6
5,Trait_LDA,1,5.420459449928895,0.0,motor,psd,10,/home1/amadapur/projects/eeg_trait_state_geometry/results/motor/psd/hierarchy/hierarchy_results_n10_6classes.csv,10.0,10,6
6,State_LDA,1,1.5624134255308115,0.0,motor,psd,10,/home1/amadapur/projects/eeg_trait_state_geometry/results/motor/psd/hierarchy/hierarchy_results_n10_6classes.csv,10.0,10,6
7,Joint_LDA,1,4.830298022381987,0.0,motor,psd,10,/home1/amadapur/projects/eeg_trait_state_geometry/results/motor/psd/hierarchy/hierarchy_results_n10_6classes.csv,10.0,10,6
8,Raw,2,3.216592477330994,0.0,motor,psd,10,/home1/amadapur/projects/eeg_trait_state_geometry/results/motor/psd/hierarchy/hierarchy_results_n10_6classes.csv,10.0,10,6
9,Trait_LDA,2,5.489636941549881,0.0,motor,psd,10,/home1/amadapur/projects/eeg_trait_state_geometry/results/motor/psd/hierarchy/hierarchy_results_n10_6classes.csv,10.0,10,6
10,State_LDA,2,1.526530244199088,0.0,motor,psd,10,/home1/amadapur/projects/eeg_trait_state_geometry/results/motor/psd/hierarchy/hierarchy_results_n10_6classes.csv,10.0,10,6
11,Joint_LDA,2,5.050721859261409,0.0,motor,psd,10,/home1/amadapur/projects/eeg_trait_state_geometry/results/motor/psd/hierarchy/hierarchy_results_n10_6classes.csv,10.0,10,6
12,Raw,3,3.340420143887661,0.0,motor,psd,10,/home1/amadapur/projects/eeg_trait_state_geometry/results/motor/psd/hierarchy/hierarchy_results_n10_6classes.csv,10.0,10,6
13,Trait_LDA,3,4.962139717451364,0.0,motor,psd,10,/home1/amadapur/projects/eeg_trait_state_geometry/results/motor/psd/hierarchy/hierarchy_results_n10_6classes.csv,10.0,10,6
14,State_LDA,3,1.2966003825446788,0.0,motor,psd,10,/home1/amadapur/projects/eeg_trait_state_geometry/results/motor/psd/hierarchy/hierarchy_results_n10_6classes.csv,10.0,10,6
15,Joint_LDA,3,4.377541617962238,0.0,motor,psd,10,/home1/amadapur/projects/eeg_trait_state_geometry/results/motor/psd/hierarchy/hierarchy_results_n10_6classes.csv,10.0,10,6
16,Raw,4,2.673113911242705,0.0,motor,psd,10,/home1/amadapur/projects/eeg_trait_state_geometry/results/motor/psd/hierarchy/hierarchy_results_n10_6classes.csv,10.0,10,6
17,Trait_LDA,4,3.5087209939564503,0.0,motor,psd,10,/home1/amadapur/projects/eeg_trait_state_geometry/results/motor/psd/hierarchy/hierarchy_results_n10_6classes.csv,10.0,10,6
18,State_LDA,4,1.3952434615227327,0.0,motor,psd,10,/home1/amadapur/projects/eeg_trait_state_geometry/results/motor/psd/hierarchy/hierarchy_results_n10_6classes.csv,10.0,10,6
19,Joint_LDA,4,3.2251510946283224,0.0,motor,psd,10,/home1/amadapur/projects/eeg_trait_state_geometry/results/motor/psd/hierarchy/hierarchy_results_n10_6classes.csv,10.0,10,6
20,Raw,5,3.31350237005551,0.0,motor,psd,10,/home1/amadapur/projects/eeg_trait_state_geometry/results/motor/psd/hierarchy/hierarchy_results_n10_6classes.csv,10.0,10,6
21,Trait_LDA,5,5.324010530801917,0.0,motor,psd,10,/home1/amadapur/projects/eeg_trait_state_geometry/results/motor/psd/hierarchy/hierarchy_results_n10_6classes.csv,10.0,10,6
22,State_LDA,5,1.4564093841834396,0.0,motor,psd,10,/home1/amadapur/projects/eeg_trait_state_geometry/results/motor/psd/hierarchy/hierarchy_results_n10_6classes.csv,10.0,10,6
23,Joint_LDA,5,4.809299434191025,0.0,motor,psd,10,/home1/amadapur/projects/eeg_trait_state_geometry/results/motor/psd/hierarchy/hierarchy_results_n10_6classes.csv,10.0,10,6
24,Raw,6,3.156289264588572,0.0,motor,psd,10,/home1/amadapur/projects/eeg_trait_state_geometry/results/motor/psd/hierarchy/hierarchy_results_n10_6classes.csv,10.0,10,6
25,Trait_LDA,6,4.935482607768574,0.0,motor,psd,10,/home1/amadapur/projects/eeg_trait_state_geometry/results/motor/psd/hierarchy/hierarchy_results_n10_6classes.csv,10.0,10,6
26,State_LDA,6,1.428710446422573,0.0,motor,psd,10,/home1/amadapur/projects/eeg_trait_state_geometry/results/motor/psd/hierarchy/hierarchy_results_n10_6classes.csv,10.0,10,6
27,Joint_LDA,6,4.28038997900903,0.0,motor,psd,10,/home1/amadapur/projects/eeg_trait_state_geometry/results/motor/psd/hierarchy/hierarchy_results_n10_6classes.csv,10.0,10,6
28,Raw,7,2.9887375454999967,0.0,motor,psd,10,/home1/amadapur/projects/eeg_trait_state_geometry/results/motor/psd/hierarchy/hierarchy_results_n10_6classes.csv,10.0,10,6
29,Trait_LDA,7,4.381954356549314,0.0,motor,psd,10,/home1/amadapur/projects/eeg_trait_state_geometry/results/motor/psd/hierarchy/hierarchy_results_n10_6classes.csv,10.0,10,6
30,State_LDA,7,1.445213944675831,0.0,motor,psd,10,/home1/amadapur/projects/eeg_trait_state_geometry/results/motor/psd/hierarchy/hierarchy_results_n10_6classes.csv,10.0,10,6
31,Joint_LDA,7,4.334593531270635,0.0,motor,psd,10,/home1/amadapur/projects/eeg_trait_state_geometry/results/motor/psd/hierarchy/hierarchy_results_n10_6classes.csv,10.0,10,6
32,Raw,8,3.124424324541429,0.0,motor,psd,10,/home1/amadapur/projects/eeg_trait_state_geometry/results/motor/psd/hierarchy/hierarchy_results_n10_6classes.csv,10.0,10,6
33,Trait_LDA,8,4.957905935102716,0.0,motor,psd,10,/home1/amadapur/projects/eeg_trait_state_geometry/results/motor/psd/hierarchy/hierarchy_results_n10_6classes.csv,10.0,10,6
34,State_LDA,8,1.4715967933546328,0.0,motor,psd,10,/home1/amadapur/projects/eeg_trait_state_geometry/results/motor/psd/hierarchy/hierarchy_results_n10_6classes.csv,10.0,10,6
35,Joint_LDA,8,4.4184451397749465,0.0,motor,psd,10,/home1/amadapur/projects/eeg_trait_state_geometry/results/motor/psd/hierarchy/hierarchy_results_n10_6classes.csv,10.0,10,6
36,Raw,9,3.272391181815205,0.0,motor,psd,10,/home1/amadapur/projects/eeg_trait_state_geometry/results/motor/psd/hierarchy/hierarchy_results_n10_6classes.csv,10.0,10,6
37,Trait_LDA,9,5.952028522688067,0.0,motor,psd,10,/home1/amadapur/projects/eeg_trait_state_geometry/results/motor/psd/hierarchy/hierarchy_results_n10_6classes.csv,10.0,10,6
38,State_LDA,9,1.5747001084202703,0.0,motor,psd,10,/home1/amadapur/projects/eeg_trait_state_geometry/results/motor/psd/hierarchy/hierarchy_results_n10_6classes.csv,10.0,10,6
39,Joint_LDA,9,5.160660453084489,0.0,motor,psd,10,/home1/amadapur/projects/eeg_trait_state_geometry/results/motor/psd/hierarchy/hierarchy_results_n10_6classes.csv,10.0,10,6
0,Raw,0,2.9180232381744755,0.0,motor,psd,all,/home1/amadapur/projects/eeg_trait_state_geometry/results/motor/psd/hierarchy/hierarchy_results_n109_6classes.csv,105.0,all (105),6
1,Trait_LDA,0,2.963260364184272,0.0,motor,psd,all,/home1/amadapur/projects/eeg_trait_state_geometry/results/motor/psd/hierarchy/hierarchy_results_n109_6classes.csv,105.0,all (105),6
2,State_LDA,0,2.2551417585590645,0.0,motor,psd,all,/home1/amadapur/projects/eeg_trait_state_geometry/results/motor/psd/hierarchy/hierarchy_results_n109_6classes.csv,105.0,all (105),6
3,Joint_LDA,0,2.9740649551689216,0.0,motor,psd,all,/home1/amadapur/projects/eeg_trait_state_geometry/results/motor/psd/hierarchy/hierarchy_results_n109_6classes.csv,105.0,all (105),6
0,Raw,0,2.500117032572536,0.0,motor,psd,4,/home1/amadapur/projects/eeg_trait_state_geometry/results/motor/psd/hierarchy/hierarchy_results_n4_6classes.csv,4.0,4,6
1,Trait_LDA,0,6.0003811824859445,0.0,motor,psd,4,/home1/amadapur/projects/eeg_trait_state_geometry/results/motor/psd/hierarchy/hierarchy_results_n4_6classes.csv,4.0,4,6
2,State_LDA,0,1.071627829192724,0.0,motor,psd,4,/home1/amadapur/projects/eeg_trait_state_geometry/results/motor/psd/hierarchy/hierarchy_results_n4_6classes.csv,4.0,4,6
3,Joint_LDA,0,3.2318387720724417,0.0,motor,psd,4,/home1/amadapur/projects/eeg_trait_state_geometry/results/motor/psd/hierarchy/hierarchy_results_n4_6classes.csv,4.0,4,6
4,Raw,1,2.6981303157830663,0.0,motor,psd,4,/home1/amadapur/projects/eeg_trait_state_geometry/results/motor/psd/hierarchy/hierarchy_results_n4_6classes.csv,4.0,4,6
5,Trait_LDA,1,7.246983384463463,0.0,motor,psd,4,/home1/amadapur/projects/eeg_trait_state_geometry/results/motor/psd/hierarchy/hierarchy_results_n4_6classes.csv,4.0,4,6
6,State_LDA,1,1.044362981098234,0.0,motor,psd,4,/home1/amadapur/projects/eeg_trait_state_geometry/results/motor/psd/hierarchy/hierarchy_results_n4_6classes.csv,4.0,4,6
7,Joint_LDA,1,3.4606128268621665,0.0,motor,psd,4,/home1/amadapur/projects/eeg_trait_state_geometry/results/motor/psd/hierarchy/hierarchy_results_n4_6classes.csv,4.0,4,6
8,Raw,2,2.3320991121774357,0.0,motor,psd,4,/home1/amadapur/projects/eeg_trait_state_geometry/results/motor/psd/hierarchy/hierarchy_results_n4_6classes.csv,4.0,4,6
9,Trait_LDA,2,7.276304925088132,0.0,motor,psd,4,/home1/amadapur/projects/eeg_trait_state_geometry/results/motor/psd/hierarchy/hierarchy_results_n4_6classes.csv,4.0,4,6
10,State_LDA,2,1.2865398741862866,0.0,motor,psd,4,/home1/amadapur/projects/eeg_trait_state_geometry/results/motor/psd/hierarchy/hierarchy_results_n4_6classes.csv,4.0,4,6
11,Joint_LDA,2,3.805392448289163,0.0,motor,psd,4,/home1/amadapur/projects/eeg_trait_state_geometry/results/motor/psd/hierarchy/hierarchy_results_n4_6classes.csv,4.0,4,6
12,Raw,3,3.0763697433104635,0.0,motor,psd,4,/home1/amadapur/projects/eeg_trait_state_geometry/results/motor/psd/hierarchy/hierarchy_results_n4_6classes.csv,4.0,4,6
13,Trait_LDA,3,6.663763747988416,0.0,motor,psd,4,/home1/amadapur/projects/eeg_trait_state_geometry/results/motor/psd/hierarchy/hierarchy_results_n4_6classes.csv,4.0,4,6
14,State_LDA,3,1.212999265423522,0.0,motor,psd,4,/home1/amadapur/projects/eeg_trait_state_geometry/results/motor/psd/hierarchy/hierarchy_results_n4_6classes.csv,4.0,4,6
15,Joint_LDA,3,3.3395068067929534,0.0,motor,psd,4,/home1/amadapur/projects/eeg_trait_state_geometry/results/motor/psd/hierarchy/hierarchy_results_n4_6classes.csv,4.0,4,6
16,Raw,4,2.6658778499632847,0.0,motor,psd,4,/home1/amadapur/projects/eeg_trait_state_geometry/results/motor/psd/hierarchy/hierarchy_results_n4_6classes.csv,4.0,4,6
17,Trait_LDA,4,7.348004748022366,0.0,motor,psd,4,/home1/amadapur/projects/eeg_trait_state_geometry/results/motor/psd/hierarchy/hierarchy_results_n4_6classes.csv,4.0,4,6
18,State_LDA,4,1.081090843315117,0.0,motor,psd,4,/home1/amadapur/projects/eeg_trait_state_geometry/results/motor/psd/hierarchy/hierarchy_results_n4_6classes.csv,4.0,4,6
19,Joint_LDA,4,3.190358301482642,0.0,motor,psd,4,/home1/amadapur/projects/eeg_trait_state_geometry/results/motor/psd/hierarchy/hierarchy_results_n4_6classes.csv,4.0,4,6
20,Raw,5,2.678463471159884,0.0,motor,psd,4,/home1/amadapur/projects/eeg_trait_state_geometry/results/motor/psd/hierarchy/hierarchy_results_n4_6classes.csv,4.0,4,6
21,Trait_LDA,5,6.158484594048253,0.0,motor,psd,4,/home1/amadapur/projects/eeg_trait_state_geometry/results/motor/psd/hierarchy/hierarchy_results_n4_6classes.csv,4.0,4,6
22,State_LDA,5,1.1161593652539563,0.0,motor,psd,4,/home1/amadapur/projects/eeg_trait_state_geometry/results/motor/psd/hierarchy/hierarchy_results_n4_6classes.csv,4.0,4,6
23,Joint_LDA,5,3.251418626219686,0.0,motor,psd,4,/home1/amadapur/projects/eeg_trait_state_geometry/results/motor/psd/hierarchy/hierarchy_results_n4_6classes.csv,4.0,4,6
24,Raw,6,2.7851305760855163,0.0,motor,psd,4,/home1/amadapur/projects/eeg_trait_state_geometry/results/motor/psd/hierarchy/hierarchy_results_n4_6classes.csv,4.0,4,6
25,Trait_LDA,6,6.2082833665555865,0.0,motor,psd,4,/home1/amadapur/projects/eeg_trait_state_geometry/results/motor/psd/hierarchy/hierarchy_results_n4_6classes.csv,4.0,4,6
26,State_LDA,6,0.9671390130601928,0.0,motor,psd,4,/home1/amadapur/projects/eeg_trait_state_geometry/results/motor/psd/hierarchy/hierarchy_results_n4_6classes.csv,4.0,4,6
27,Joint_LDA,6,3.249675598908527,0.0,motor,psd,4,/home1/amadapur/projects/eeg_trait_state_geometry/results/motor/psd/hierarchy/hierarchy_results_n4_6classes.csv,4.0,4,6
28,Raw,7,2.5351040999065733,0.0,motor,psd,4,/home1/amadapur/projects/eeg_trait_state_geometry/results/motor/psd/hierarchy/hierarchy_results_n4_6classes.csv,4.0,4,6
29,Trait_LDA,7,6.639059207173764,0.0,motor,psd,4,/home1/amadapur/projects/eeg_trait_state_geometry/results/motor/psd/hierarchy/hierarchy_results_n4_6classes.csv,4.0,4,6
30,State_LDA,7,1.129130671558582,0.0,motor,psd,4,/home1/amadapur/projects/eeg_trait_state_geometry/results/motor/psd/hierarchy/hierarchy_results_n4_6classes.csv,4.0,4,6
31,Joint_LDA,7,3.547601255524197,0.0,motor,psd,4,/home1/amadapur/projects/eeg_trait_state_geometry/results/motor/psd/hierarchy/hierarchy_results_n4_6classes.csv,4.0,4,6
32,Raw,8,2.061242594932394,0.0,motor,psd,4,/home1/amadapur/projects/eeg_trait_state_geometry/results/motor/psd/hierarchy/hierarchy_results_n4_6classes.csv,4.0,4,6
33,Trait_LDA,8,5.512431398888744,0.0,motor,psd,4,/home1/amadapur/projects/eeg_trait_state_geometry/results/motor/psd/hierarchy/hierarchy_results_n4_6classes.csv,4.0,4,6
34,State_LDA,8,0.9750169254464804,0.0,motor,psd,4,/home1/amadapur/projects/eeg_trait_state_geometry/results/motor/psd/hierarchy/hierarchy_results_n4_6classes.csv,4.0,4,6
35,Joint_LDA,8,2.9250635645778,0.0,motor,psd,4,/home1/amadapur/projects/eeg_trait_state_geometry/results/motor/psd/hierarchy/hierarchy_results_n4_6classes.csv,4.0,4,6
36,Raw,9,2.794203162402075,0.0,motor,psd,4,/home1/amadapur/projects/eeg_trait_state_geometry/results/motor/psd/hierarchy/hierarchy_results_n4_6classes.csv,4.0,4,6
37,Trait_LDA,9,6.314569672586427,0.0,motor,psd,4,/home1/amadapur/projects/eeg_trait_state_geometry/results/motor/psd/hierarchy/hierarchy_results_n4_6classes.csv,4.0,4,6
38,State_LDA,9,0.9549913445422048,0.0,motor,psd,4,/home1/amadapur/projects/eeg_trait_state_geometry/results/motor/psd/hierarchy/hierarchy_results_n4_6classes.csv,4.0,4,6
39,Joint_LDA,9,3.230096560224901,0.0,motor,psd,4,/home1/amadapur/projects/eeg_trait_state_geometry/results/motor/psd/hierarchy/hierarchy_results_n4_6classes.csv,4.0,4,6
0,Raw,0,2.212655337726551,0.0,motor,psd,4,/home1/amadapur/projects/eeg_trait_state_geometry/results/motor/psd/hierarchy/hierarchy_results_n4_10classes.csv,4.0,4,10
1,Trait_LDA,0,4.994904668658329,0.0,motor,psd,4,/home1/amadapur/projects/eeg_trait_state_geometry/results/motor/psd/hierarchy/hierarchy_results_n4_10classes.csv,4.0,4,10
2,State_LDA,0,1.095325170956385,0.0,motor,psd,4,/home1/amadapur/projects/eeg_trait_state_geometry/results/motor/psd/hierarchy/hierarchy_results_n4_10classes.csv,4.0,4,10
3,Joint_LDA,0,2.3110943065330214,0.0,motor,psd,4,/home1/amadapur/projects/eeg_trait_state_geometry/results/motor/psd/hierarchy/hierarchy_results_n4_10classes.csv,4.0,4,10
4,Raw,1,2.343997878548464,0.0,motor,psd,4,/home1/amadapur/projects/eeg_trait_state_geometry/results/motor/psd/hierarchy/hierarchy_results_n4_10classes.csv,4.0,4,10
5,Trait_LDA,1,5.118412845648151,0.0,motor,psd,4,/home1/amadapur/projects/eeg_trait_state_geometry/results/motor/psd/hierarchy/hierarchy_results_n4_10classes.csv,4.0,4,10
6,State_LDA,1,1.1651424875549352,0.0,motor,psd,4,/home1/amadapur/projects/eeg_trait_state_geometry/results/motor/psd/hierarchy/hierarchy_results_n4_10classes.csv,4.0,4,10
7,Joint_LDA,1,2.274175163649891,0.0,motor,psd,4,/home1/amadapur/projects/eeg_trait_state_geometry/results/motor/psd/hierarchy/hierarchy_results_n4_10classes.csv,4.0,4,10
8,Raw,2,2.068286676719689,0.0,motor,psd,4,/home1/amadapur/projects/eeg_trait_state_geometry/results/motor/psd/hierarchy/hierarchy_results_n4_10classes.csv,4.0,4,10
9,Trait_LDA,2,5.366073550208391,0.0,motor,psd,4,/home1/amadapur/projects/eeg_trait_state_geometry/results/motor/psd/hierarchy/hierarchy_results_n4_10classes.csv,4.0,4,10
10,State_LDA,2,1.1507550618684872,0.0,motor,psd,4,/home1/amadapur/projects/eeg_trait_state_geometry/results/motor/psd/hierarchy/hierarchy_results_n4_10classes.csv,4.0,4,10
11,Joint_LDA,2,2.550364220354737,0.0,motor,psd,4,/home1/amadapur/projects/eeg_trait_state_geometry/results/motor/psd/hierarchy/hierarchy_results_n4_10classes.csv,4.0,4,10
12,Raw,3,2.5127774613944287,0.0,motor,psd,4,/home1/amadapur/projects/eeg_trait_state_geometry/results/motor/psd/hierarchy/hierarchy_results_n4_10classes.csv,4.0,4,10
13,Trait_LDA,3,5.667846948303906,0.0,motor,psd,4,/home1/amadapur/projects/eeg_trait_state_geometry/results/motor/psd/hierarchy/hierarchy_results_n4_10classes.csv,4.0,4,10
14,State_LDA,3,1.1523653018347897,0.0,motor,psd,4,/home1/amadapur/projects/eeg_trait_state_geometry/results/motor/psd/hierarchy/hierarchy_results_n4_10classes.csv,4.0,4,10
15,Joint_LDA,3,2.2705992388242544,0.0,motor,psd,4,/home1/amadapur/projects/eeg_trait_state_geometry/results/motor/psd/hierarchy/hierarchy_results_n4_10classes.csv,4.0,4,10
16,Raw,4,2.322703654224866,0.0,motor,psd,4,/home1/amadapur/projects/eeg_trait_state_geometry/results/motor/psd/hierarchy/hierarchy_results_n4_10classes.csv,4.0,4,10
17,Trait_LDA,4,5.486116450098994,0.0,motor,psd,4,/home1/amadapur/projects/eeg_trait_state_geometry/results/motor/psd/hierarchy/hierarchy_results_n4_10classes.csv,4.0,4,10
18,State_LDA,4,1.137684567471948,0.0,motor,psd,4,/home1/amadapur/projects/eeg_trait_state_geometry/results/motor/psd/hierarchy/hierarchy_results_n4_10classes.csv,4.0,4,10
19,Joint_LDA,4,2.257592335595909,0.0,motor,psd,4,/home1/amadapur/projects/eeg_trait_state_geometry/results/motor/psd/hierarchy/hierarchy_results_n4_10classes.csv,4.0,4,10
20,Raw,5,2.2849492302859926,0.0,motor,psd,4,/home1/amadapur/projects/eeg_trait_state_geometry/results/motor/psd/hierarchy/hierarchy_results_n4_10classes.csv,4.0,4,10
21,Trait_LDA,5,4.918687315474962,0.0,motor,psd,4,/home1/amadapur/projects/eeg_trait_state_geometry/results/motor/psd/hierarchy/hierarchy_results_n4_10classes.csv,4.0,4,10
22,State_LDA,5,1.13278724811744,0.0,motor,psd,4,/home1/amadapur/projects/eeg_trait_state_geometry/results/motor/psd/hierarchy/hierarchy_results_n4_10classes.csv,4.0,4,10
23,Joint_LDA,5,2.198185662321204,0.0,motor,psd,4,/home1/amadapur/projects/eeg_trait_state_geometry/results/motor/psd/hierarchy/hierarchy_results_n4_10classes.csv,4.0,4,10
24,Raw,6,2.398536659611868,0.0,motor,psd,4,/home1/amadapur/projects/eeg_trait_state_geometry/results/motor/psd/hierarchy/hierarchy_results_n4_10classes.csv,4.0,4,10
25,Trait_LDA,6,5.253241575683964,0.0,motor,psd,4,/home1/amadapur/projects/eeg_trait_state_geometry/results/motor/psd/hierarchy/hierarchy_results_n4_10classes.csv,4.0,4,10
26,State_LDA,6,1.0634849425943864,0.0,motor,psd,4,/home1/amadapur/projects/eeg_trait_state_geometry/results/motor/psd/hierarchy/hierarchy_results_n4_10classes.csv,4.0,4,10
27,Joint_LDA,6,2.437591004163409,0.0,motor,psd,4,/home1/amadapur/projects/eeg_trait_state_geometry/results/motor/psd/hierarchy/hierarchy_results_n4_10classes.csv,4.0,4,10
28,Raw,7,2.148811994704173,0.0,motor,psd,4,/home1/amadapur/projects/eeg_trait_state_geometry/results/motor/psd/hierarchy/hierarchy_results_n4_10classes.csv,4.0,4,10
29,Trait_LDA,7,4.623834622530164,0.0,motor,psd,4,/home1/amadapur/projects/eeg_trait_state_geometry/results/motor/psd/hierarchy/hierarchy_results_n4_10classes.csv,4.0,4,10
30,State_LDA,7,1.1328469489237525,0.0,motor,psd,4,/home1/amadapur/projects/eeg_trait_state_geometry/results/motor/psd/hierarchy/hierarchy_results_n4_10classes.csv,4.0,4,10
31,Joint_LDA,7,2.240405515032867,0.0,motor,psd,4,/home1/amadapur/projects/eeg_trait_state_geometry/results/motor/psd/hierarchy/hierarchy_results_n4_10classes.csv,4.0,4,10
32,Raw,8,1.88699640802372,0.0,motor,psd,4,/home1/amadapur/projects/eeg_trait_state_geometry/results/motor/psd/hierarchy/hierarchy_results_n4_10classes.csv,4.0,4,10
33,Trait_LDA,8,4.475866445609093,0.0,motor,psd,4,/home1/amadapur/projects/eeg_trait_state_geometry/results/motor/psd/hierarchy/hierarchy_results_n4_10classes.csv,4.0,4,10
34,State_LDA,8,1.0298210565406494,0.0,motor,psd,4,/home1/amadapur/projects/eeg_trait_state_geometry/results/motor/psd/hierarchy/hierarchy_results_n4_10classes.csv,4.0,4,10
35,Joint_LDA,8,2.159449449430492,0.0,motor,psd,4,/home1/amadapur/projects/eeg_trait_state_geometry/results/motor/psd/hierarchy/hierarchy_results_n4_10classes.csv,4.0,4,10
36,Raw,9,2.292417388718255,0.0,motor,psd,4,/home1/amadapur/projects/eeg_trait_state_geometry/results/motor/psd/hierarchy/hierarchy_results_n4_10classes.csv,4.0,4,10
37,Trait_LDA,9,5.16432795299351,0.0,motor,psd,4,/home1/amadapur/projects/eeg_trait_state_geometry/results/motor/psd/hierarchy/hierarchy_results_n4_10classes.csv,4.0,4,10
38,State_LDA,9,1.0142916680847025,0.0,motor,psd,4,/home1/amadapur/projects/eeg_trait_state_geometry/results/motor/psd/hierarchy/hierarchy_results_n4_10classes.csv,4.0,4,10
39,Joint_LDA,9,2.337901577652372,0.0,motor,psd,4,/home1/amadapur/projects/eeg_trait_state_geometry/results/motor/psd/hierarchy/hierarchy_results_n4_10classes.csv,4.0,4,10
0,Raw,0,2.316595259748754,0.0,motor,psd,all,/home1/amadapur/projects/eeg_trait_state_geometry/results/motor/psd/hierarchy/hierarchy_results_n109_10classes.csv,105.0,all (105),10
1,Trait_LDA,0,2.405478825199968,0.0,motor,psd,all,/home1/amadapur/projects/eeg_trait_state_geometry/results/motor/psd/hierarchy/hierarchy_results_n109_10classes.csv,105.0,all (105),10
2,State_LDA,0,1.7924531075107977,0.0,motor,psd,all,/home1/amadapur/projects/eeg_trait_state_geometry/results/motor/psd/hierarchy/hierarchy_results_n109_10classes.csv,105.0,all (105),10
3,Joint_LDA,0,2.2951543047641265,0.0,motor,psd,all,/home1/amadapur/projects/eeg_trait_state_geometry/results/motor/psd/hierarchy/hierarchy_results_n109_10classes.csv,105.0,all (105),10
