num_subjects,seed,split_type,subject,space,Bal_Acc,F1,Kappa
10,0,trait,,Raw,0.3854534425506292,0.36785102102924966,0.3498224349571527
10,0,trait,,Trait_LDA,0.39838638450211344,0.383115225526228,0.36645890820678073
10,0,trait,,State_LDA,0.11992753623188404,0.07847567934927535,0.023165110507032183
10,0,trait,,Joint_LDA,0.38861865596040784,0.3723367004595306,0.3555525491863477
10,1,trait,,Raw,0.3859679452664714,0.37653646835311105,0.36641221374045807
10,1,trait,,Trait_LDA,0.3931240961443546,0.3814714823167626,0.37990287635412767
10,1,trait,,State_LDA,0.12996794871794873,0.06015311702515493,0.05307011921548532
10,1,trait,,Joint_LDA,0.3823994714062354,0.3662573289004753,0.3637474879317132
10,2,trait,,Raw,0.344980929662835,0.34606491571574355,0.30148947098099643
10,2,trait,,Trait_LDA,0.3448730068950657,0.3460805594791172,0.30018112958998855
10,2,trait,,State_LDA,0.09979296066252588,0.04315443592552026,2.2888008972099527e-05
10,2,trait,,Joint_LDA,0.3427363152618907,0.3390017942180732,0.32541076779993805
10,3,trait,,Raw,0.4643265231500527,0.4565135808608455,0.42554109884688907
10,3,trait,,Trait_LDA,0.45829191233603,0.4487859504196391,0.41711114536765836
10,3,trait,,State_LDA,0.1157051282051282,0.06234508500277025,0.03420365535248049
10,3,trait,,Joint_LDA,0.39802121897710135,0.38428257598562093,0.3770223033377671
10,4,trait,,Raw,0.43100092889566577,0.42553965755733697,0.4175136825645035
10,4,trait,,Trait_LDA,0.4177258706206075,0.4134279682485367,0.4161915313319101
10,4,trait,,State_LDA,0.10130952380952381,0.04849676225716929,0.004122680991942018
10,4,trait,,Joint_LDA,0.38016321397900343,0.3586027227459353,0.3933389430254337
10,5,trait,,Raw,0.3136339988513902,0.30817955199218694,0.30503889076766977
10,5,trait,,Trait_LDA,0.2956279559812169,0.29109495765445215,0.28021015761821355
10,5,trait,,State_LDA,0.13606719367588932,0.06684789174821795,0.0700172095098478
10,5,trait,,Joint_LDA,0.26028295074490726,0.24769550738433344,0.252566038898992
10,6,trait,,Raw,0.3182074532458164,0.3116354260313655,0.31292642448829067
10,6,trait,,Trait_LDA,0.31181809984559344,0.30680176634353357,0.3149781093913794
10,6,trait,,State_LDA,0.10710702341137124,0.055358919687277894,0.015141286527148301
10,6,trait,,Joint_LDA,0.27510678792648097,0.2616701022864204,0.26639102185469565
10,7,trait,,Raw,0.3164000552587509,0.2958675080529391,0.3266771078047508
10,7,trait,,Trait_LDA,0.3133475522062478,0.2986302705355362,0.3185996479561901
10,7,trait,,State_LDA,0.1331262939958592,0.07091477004843341,0.06526259306459181
10,7,trait,,Joint_LDA,0.27044830169830175,0.25288938082887363,0.2528452884646921
10,8,trait,,Raw,0.3169248806748807,0.3240687635162316,0.3150280484204311
10,8,trait,,Trait_LDA,0.3251350038850039,0.33213285224455646,0.3294002549583469
10,8,trait,,State_LDA,0.10454545454545454,0.0536917205906753,0.013013013013012942
10,8,trait,,Joint_LDA,0.28318369130869125,0.27832399739358027,0.2946793177996637
10,9,trait,,Raw,0.3383458646616541,0.316488846550766,0.3592455964625122
10,9,trait,,Trait_LDA,0.35306077694235594,0.33581746276533764,0.3721599219892735
10,9,trait,,State_LDA,0.1,0.041999999999999996,0.0
10,9,trait,,Joint_LDA,0.2767136591478697,0.25790819230364387,0.30876464481684707
20,0,trait,,Raw,0.26671139255163856,0.22500430987621547,0.22950337937114307
20,0,trait,,Trait_LDA,0.23687930506437374,0.19288755976108524,0.20310227823557925
20,0,trait,,State_LDA,0.06486742424242424,0.01851201622971286,0.02722219038340301
20,0,trait,,Joint_LDA,0.18835769017405174,0.1403011419617984,0.16133671742808797
20,1,trait,,Raw,0.30259500808359163,0.2747908602346408,0.31922347629796843
20,1,trait,,Trait_LDA,0.29063004139823023,0.25984184330111537,0.2996568365582246
20,1,trait,,State_LDA,0.07425595238095238,0.023562304289477608,0.04841130152848527
20,1,trait,,Joint_LDA,0.21425274834814312,0.17557725339163383,0.22360813120477108
20,2,trait,,Raw,0.2604983200634113,0.23885061557103754,0.2898224924758921
20,2,trait,,Trait_LDA,0.23331302728601325,0.19946446954052163,0.2773311996060811
20,2,trait,,State_LDA,0.05696428571428571,0.02091556012031399,0.014350079433289031
20,2,trait,,Joint_LDA,0.19286290119334606,0.14879344882301085,0.226745770269266
20,3,trait,,Raw,0.26085570131622765,0.234491755186805,0.2540172684202815
20,3,trait,,Trait_LDA,0.23148405322747428,0.19352155537878393,0.24947977382417996
20,3,trait,,State_LDA,0.05892857142857143,0.020334122927315797,0.020325667435540207
20,3,trait,,Joint_LDA,0.19929550712445449,0.1624974657285832,0.22921759721110746
20,4,trait,,Raw,0.23385404736377274,0.21734927559756648,0.2331969057812484
20,4,trait,,Trait_LDA,0.237609831053767,0.2172051929593489,0.2353708974822688
20,4,trait,,State_LDA,0.06569264069264069,0.022676918826833647,0.03298023370099379
20,4,trait,,Joint_LDA,0.19159295557607914,0.15969710220009542,0.18730998435087765
20,5,trait,,Raw,0.2609950482169152,0.23286544844286658,0.2796017028645644
20,5,trait,,Trait_LDA,0.2596545269605658,0.22700223497484884,0.2730485041542149
20,5,trait,,State_LDA,0.06446687370600415,0.026323351518745534,0.022452596019193694
20,5,trait,,Joint_LDA,0.20259093571379042,0.15712874629893378,0.20837086371376545
20,6,trait,,Raw,0.24063206392570202,0.21966619808583795,0.20117274460881907
20,6,trait,,Trait_LDA,0.2293981754427726,0.2083890256323011,0.1936965125325576
20,6,trait,,State_LDA,0.060119047619047614,0.026501976284584984,0.02475105409527234
20,6,trait,,Joint_LDA,0.17260051995106346,0.12408218994357041,0.14010965621754168
20,7,trait,,Raw,0.2140525933867063,0.18224085929756664,0.21974853555721818
20,7,trait,,Trait_LDA,0.18168112605974365,0.14854554258676636,0.19634923053481634
20,7,trait,,State_LDA,0.05952380952380952,0.02270096463022508,0.01816058733210335
20,7,trait,,Joint_LDA,0.14909750726793736,0.11199379947600548,0.15622220177295165
20,8,trait,,Raw,0.2803907224311636,0.254458773003308,0.28441672880092184
20,8,trait,,Trait_LDA,0.26988353558206496,0.23564635686243968,0.28
20,8,trait,,State_LDA,0.05761904761904761,0.0224551595620778,0.013884696649562267
20,8,trait,,Joint_LDA,0.21677481831893597,0.17261963812084505,0.22402209614810376
20,9,trait,,Raw,0.27248962771740903,0.25529008177762214,0.2959482186011674
20,9,trait,,Trait_LDA,0.23477870302119022,0.19796303622842495,0.2667219282025123
20,9,trait,,State_LDA,0.05626144688644689,0.02759877621403876,0.012337872309848064
20,9,trait,,Joint_LDA,0.2234386492131057,0.17891641634532715,0.24455061212302176
4,0,trait,,Raw,0.6208827404479578,0.614945652173913,0.5014577259475219
4,0,trait,,Trait_LDA,0.57389108476065,0.5660753185521172,0.4230208839242351
4,0,trait,,State_LDA,0.24456521739130435,0.14802631578947367,-0.008896797153024938
4,0,trait,,Joint_LDA,0.5807531840140535,0.5860072815533981,0.4700553598389532
4,1,trait,,Raw,0.6241436100131753,0.6139768728004023,0.4897028334485142
4,1,trait,,Trait_LDA,0.6357542819499342,0.6281658316141074,0.5083102493074791
4,1,trait,,State_LDA,0.2792737154150197,0.23078972968497743,0.0515656420568803
4,1,trait,,Joint_LDA,0.5754528985507246,0.5736434108527131,0.4774336897653104
4,2,trait,,Raw,0.578548644338118,0.5759625999522616,0.46092966224501175
4,2,trait,,Trait_LDA,0.5711124401913875,0.5670527170915369,0.4521739130434783
4,2,trait,,State_LDA,0.26704545454545453,0.19240072566014915,0.0267857142857143
4,2,trait,,Joint_LDA,0.5312400318979267,0.5141814650586579,0.408695652173913
4,3,trait,,Raw,0.6297894813519813,0.6345170454545455,0.5013550135501355
4,3,trait,,Trait_LDA,0.6472173659673659,0.6524279799896499,0.5326086956521738
4,3,trait,,State_LDA,0.25,0.13636363636363635,0.0
4,3,trait,,Joint_LDA,0.6341965326340326,0.6320248674267054,0.5137599189599865
4,4,trait,,Raw,0.7208333333333333,0.7268537768537768,0.6046337817638266
4,4,trait,,Trait_LDA,0.66875,0.6959664624138309,0.5760368663594471
4,4,trait,,State_LDA,0.25,0.17142857142857143,0.0
4,4,trait,,Joint_LDA,0.7291666666666666,0.7458374958374958,0.6488549618320612
4,5,trait,,Raw,0.6846084169453736,0.6937323844540338,0.56550362080316
4,5,trait,,Trait_LDA,0.6757943143812709,0.70427993059572,0.5605858854860186
4,5,trait,,State_LDA,0.306838768115942,0.2530140244402526,0.1258278145695365
4,5,trait,,Joint_LDA,0.6344760312151617,0.6608613547758285,0.4854014598540146
4,6,trait,,Raw,0.5105320027195027,0.511026428142973,0.36452917388792605
4,6,trait,,Trait_LDA,0.5051779817404817,0.5068948740544907,0.35122610542575783
4,6,trait,,State_LDA,0.2734375,0.21519626404139847,0.031847133757961776
4,6,trait,,Joint_LDA,0.41857881701631705,0.4072201952636736,0.27130264446620966
4,7,trait,,Raw,0.4297136287625418,0.4321466725931471,0.23629377863159462
4,7,trait,,Trait_LDA,0.43514841137123744,0.436767392432417,0.24667651403249635
4,7,trait,,State_LDA,0.27207880434782605,0.1894225271583762,0.036459162553733604
4,7,trait,,Joint_LDA,0.3552205267558528,0.3238535653078805,0.1388557806912991
4,8,trait,,Raw,0.5340909090909091,0.5538517269120362,0.3557866184448465
4,8,trait,,Trait_LDA,0.6112689393939394,0.6255993108144329,0.4448471121177804
4,8,trait,,State_LDA,0.25260416666666663,0.16262306610407876,0.008434370057986307
4,8,trait,,Joint_LDA,0.5705492424242424,0.5838081946879805,0.4166477143506937
4,9,trait,,Raw,0.48497023809523815,0.5041554314329738,0.33446060196144745
4,9,trait,,Trait_LDA,0.43913690476190476,0.4596778404344194,0.29218106995884763
4,9,trait,,State_LDA,0.25,0.15217391304347827,0.0
4,9,trait,,Joint_LDA,0.3950892857142857,0.39242944913048006,0.2635983263598326
all,0,trait,,Raw,0.1752722040654379,0.1391686405956823,0.1932912734414377
all,0,trait,,Trait_LDA,0.1532287093540202,0.11813667691360366,0.17038260390861537
all,0,trait,,State_LDA,0.03671679197994987,0.008320115816481873,0.01754549029421215
all,0,trait,,Joint_LDA,0.10408272441533808,0.06884451401964486,0.11668128048556392
10,0,within_state,11,Raw,0.5,0.4791666666666667,0.0
10,0,within_state,11,Trait_LDA,0.5,0.4791666666666667,0.0
10,0,within_state,11,State_LDA,0.55,0.5396419437340154,0.09999999999999998
10,0,within_state,11,Joint_LDA,0.44999999999999996,0.41333333333333333,-0.10000000000000009
10,0,within_state,12,Raw,0.5434782608695652,0.5415282392026578,0.08695652173913049
10,0,within_state,12,Trait_LDA,0.5434782608695652,0.5415282392026578,0.08695652173913049
10,0,within_state,12,State_LDA,0.5217391304347826,0.5208333333333333,0.04347826086956519
10,0,within_state,12,Joint_LDA,0.5652173913043479,0.5643939393939394,0.13043478260869568
10,0,within_state,16,Raw,0.6785714285714286,0.6781609195402298,0.3571428571428571
10,0,within_state,16,Trait_LDA,0.6785714285714286,0.6781609195402298,0.3571428571428571
10,0,within_state,16,State_LDA,0.5357142857142857,0.5351213282247764,0.0714285714285714
10,0,within_state,16,Joint_LDA,0.5714285714285714,0.5714285714285714,0.1428571428571429
10,0,within_state,22,Raw,0.65,0.65,0.30000000000000004
10,0,within_state,22,Trait_LDA,0.65,0.65,0.30000000000000004
10,0,within_state,22,State_LDA,0.625,0.6247654784240151,0.25
10,0,within_state,22,Joint_LDA,0.6,0.6,0.19999999999999996
10,0,within_state,28,Raw,0.38461538461538464,0.38095238095238093,-0.23076923076923084
10,0,within_state,28,Trait_LDA,0.38461538461538464,0.38095238095238093,-0.23076923076923084
10,0,within_state,28,State_LDA,0.46153846153846156,0.43125,-0.07692307692307687
10,0,within_state,28,Joint_LDA,0.38461538461538464,0.38095238095238093,-0.23076923076923084
10,0,within_state,30,Raw,0.5681818181818181,0.5679586563307493,0.13636363636363635
10,0,within_state,30,Trait_LDA,0.5681818181818181,0.5679586563307493,0.13636363636363635
10,0,within_state,30,State_LDA,0.5909090909090909,0.5909090909090909,0.18181818181818177
10,0,within_state,30,Joint_LDA,0.5227272727272727,0.5204981837052414,0.045454545454545414
10,0,within_state,32,Raw,0.5588235294117647,0.5553618134263296,0.11764705882352944
10,0,within_state,32,Trait_LDA,0.5588235294117647,0.5553618134263296,0.11764705882352944
10,0,within_state,32,State_LDA,0.5588235294117647,0.5553618134263296,0.11764705882352944
10,0,within_state,32,Joint_LDA,0.6176470588235294,0.6173160173160173,0.23529411764705888
10,0,within_state,36,Raw,0.625,0.6243478260869566,0.25
10,0,within_state,36,Trait_LDA,0.625,0.6243478260869566,0.25
10,0,within_state,36,State_LDA,0.5,0.4857142857142857,0.0
10,0,within_state,36,Joint_LDA,0.5833333333333334,0.5833333333333334,0.16666666666666663
10,0,within_state,39,Raw,0.6666666666666667,0.6660869565217391,0.33333333333333337
10,0,within_state,39,Trait_LDA,0.6666666666666667,0.6660869565217391,0.33333333333333337
10,0,within_state,39,State_LDA,0.6875,0.6862745098039216,0.375
10,0,within_state,39,Joint_LDA,0.6666666666666667,0.6660869565217391,0.33333333333333337
10,0,within_state,8,Raw,0.59375,0.5835835835835836,0.1875
10,0,within_state,8,Trait_LDA,0.59375,0.5835835835835836,0.1875
10,0,within_state,8,State_LDA,0.625,0.625,0.25
10,0,within_state,8,Joint_LDA,0.46875,0.464039408866995,-0.0625
10,1,within_state,1,Raw,0.47058823529411764,0.46875,-0.05882352941176472
10,1,within_state,1,Trait_LDA,0.47058823529411764,0.46875,-0.05882352941176472
10,1,within_state,1,State_LDA,0.47058823529411764,0.46875,-0.05882352941176472
10,1,within_state,1,Joint_LDA,0.47058823529411764,0.4631578947368421,-0.05882352941176472
10,1,within_state,10,Raw,0.4782608695652174,0.46923076923076923,-0.04347826086956519
10,1,within_state,10,Trait_LDA,0.4782608695652174,0.46923076923076923,-0.04347826086956519
10,1,within_state,10,State_LDA,0.4782608695652174,0.46923076923076923,-0.04347826086956519
10,1,within_state,10,Joint_LDA,0.5434782608695652,0.532656023222061,0.08695652173913049
10,1,within_state,18,Raw,0.5789473684210527,0.5681818181818181,0.1578947368421053
10,1,within_state,18,Trait_LDA,0.5789473684210527,0.5681818181818181,0.1578947368421053
10,1,within_state,18,State_LDA,0.6052631578947368,0.5913978494623655,0.21052631578947367
10,1,within_state,18,Joint_LDA,0.631578947368421,0.6221590909090908,0.26315789473684215
10,1,within_state,20,Raw,0.8333333333333333,0.8285714285714285,0.6666666666666667
10,1,within_state,20,Trait_LDA,0.8333333333333333,0.8285714285714285,0.6666666666666667
10,1,within_state,20,State_LDA,0.16666666666666666,0.14285714285714285,-0.6666666666666667
10,1,within_state,20,Joint_LDA,0.16666666666666666,0.14285714285714285,-0.6666666666666667
10,1,within_state,22,Raw,0.575,0.5725958516656191,0.15000000000000002
10,1,within_state,22,Trait_LDA,0.575,0.5725958516656191,0.15000000000000002
10,1,within_state,22,State_LDA,0.55,0.5454545454545454,0.09999999999999998
10,1,within_state,22,Joint_LDA,0.55,0.5454545454545454,0.09999999999999998
10,1,within_state,25,Raw,0.6666666666666666,0.6666666666666666,0.33333333333333337
10,1,within_state,25,Trait_LDA,0.6666666666666666,0.6666666666666666,0.33333333333333337
10,1,within_state,25,State_LDA,0.41666666666666663,0.4125874125874126,-0.16666666666666674
10,1,within_state,25,Joint_LDA,0.41666666666666663,0.4125874125874126,-0.16666666666666674
10,1,within_state,27,Raw,0.5192307692307693,0.5103578154425612,0.038461538461538436
10,1,within_state,27,Trait_LDA,0.5192307692307693,0.5103578154425612,0.038461538461538436
10,1,within_state,27,State_LDA,0.5576923076923077,0.5495291902071563,0.11538461538461542
10,1,within_state,27,Joint_LDA,0.5192307692307693,0.5147443075774543,0.038461538461538436
10,1,within_state,3,Raw,0.6153846153846154,0.6153846153846154,0.23076923076923073
10,1,within_state,3,Trait_LDA,0.6153846153846154,0.6153846153846154,0.23076923076923073
10,1,within_state,3,State_LDA,0.5384615384615384,0.5384615384615384,0.07692307692307687
10,1,within_state,3,Joint_LDA,0.46153846153846156,0.46153846153846156,-0.07692307692307687
10,1,within_state,37,Raw,0.4,0.3973214285714286,-0.19999999999999996
10,1,within_state,37,Trait_LDA,0.4,0.3973214285714286,-0.19999999999999996
10,1,within_state,37,State_LDA,0.3666666666666667,0.3659621802002225,-0.2666666666666666
10,1,within_state,37,Joint_LDA,0.43333333333333335,0.43270300333704115,-0.1333333333333333
10,1,within_state,39,Raw,0.5833333333333333,0.5826086956521739,0.16666666666666663
10,1,within_state,39,Trait_LDA,0.5833333333333333,0.5826086956521739,0.16666666666666663
10,1,within_state,39,State_LDA,0.6458333333333333,0.6456795484151108,0.29166666666666663
10,1,within_state,39,Joint_LDA,0.5625,0.5577007459412022,0.125
10,2,within_state,12,Raw,0.4782608695652174,0.4782608695652174,-0.04347826086956519
10,2,within_state,12,Trait_LDA,0.4782608695652174,0.4782608695652174,-0.04347826086956519
10,2,within_state,12,State_LDA,0.5217391304347826,0.5208333333333333,0.04347826086956519
10,2,within_state,12,Joint_LDA,0.6304347826086957,0.6302600472813239,0.26086956521739135
10,2,within_state,15,Raw,0.4666666666666667,0.4642857142857143,-0.06666666666666665
10,2,within_state,15,Trait_LDA,0.4666666666666667,0.4642857142857143,-0.06666666666666665
10,2,within_state,15,State_LDA,0.5666666666666667,0.5661846496106786,0.1333333333333333
10,2,within_state,15,Joint_LDA,0.3666666666666667,0.3602693602693603,-0.2666666666666666
10,2,within_state,17,Raw,0.6666666666666666,0.6666666666666666,0.33333333333333337
10,2,within_state,17,Trait_LDA,0.6666666666666666,0.6666666666666666,0.33333333333333337
10,2,within_state,17,State_LDA,0.5833333333333334,0.5555555555555556,0.16666666666666663
10,2,within_state,17,Joint_LDA,0.5833333333333334,0.5555555555555556,0.16666666666666663
10,2,within_state,21,Raw,0.4375,0.43529411764705883,-0.125
10,2,within_state,21,Trait_LDA,0.4375,0.43529411764705883,-0.125
10,2,within_state,21,State_LDA,0.4375,0.4285714285714286,-0.125
10,2,within_state,21,Joint_LDA,0.40625,0.4056695992179863,-0.1875
10,2,within_state,27,Raw,0.5192307692307693,0.5147443075774543,0.038461538461538436
10,2,within_state,27,Trait_LDA,0.5192307692307693,0.5147443075774543,0.038461538461538436
10,2,within_state,27,State_LDA,0.5192307692307693,0.5147443075774543,0.038461538461538436
10,2,within_state,27,Joint_LDA,0.5,0.49925925925925924,0.0
10,2,within_state,29,Raw,0.75,0.7470967741935484,0.5
10,2,within_state,29,Trait_LDA,0.75,0.7470967741935484,0.5
10,2,within_state,29,State_LDA,0.7142857142857142,0.7083333333333333,0.4285714285714286
10,2,within_state,29,Joint_LDA,0.6428571428571428,0.6354166666666667,0.2857142857142857
10,2,within_state,32,Raw,0.5294117647058824,0.5228070175438597,0.05882352941176472
10,2,within_state,32,Trait_LDA,0.5294117647058824,0.5228070175438597,0.05882352941176472
10,2,within_state,32,State_LDA,0.5588235294117647,0.5553618134263296,0.11764705882352944
10,2,within_state,32,Joint_LDA,0.5294117647058824,0.5294117647058824,0.05882352941176472
10,2,within_state,40,Raw,0.5,0.4375,0.0
10,2,within_state,40,Trait_LDA,0.5,0.4375,0.0
10,2,within_state,40,State_LDA,0.5833333333333333,0.5804195804195804,0.16666666666666663
10,2,within_state,40,Joint_LDA,0.5833333333333333,0.5804195804195804,0.16666666666666663
10,2,within_state,6,Raw,0.47619047619047616,0.47619047619047616,-0.04761904761904767
10,2,within_state,6,Trait_LDA,0.47619047619047616,0.47619047619047616,-0.04761904761904767
10,2,within_state,6,State_LDA,0.4642857142857143,0.46420978029766125,-0.0714285714285714
10,2,within_state,6,Joint_LDA,0.44047619047619047,0.44039688164422397,-0.11904761904761907
10,2,within_state,7,Raw,0.5,0.45054945054945056,0.0
10,2,within_state,7,Trait_LDA,0.5,0.45054945054945056,0.0
10,2,within_state,7,State_LDA,0.6,0.6,0.19999999999999996
10,2,within_state,7,Joint_LDA,0.6,0.6,0.19999999999999996
10,3,within_state,24,Raw,0.5,0.4984520123839009,0.0
10,3,within_state,24,Trait_LDA,0.5,0.4984520123839009,0.0
10,3,within_state,24,State_LDA,0.4444444444444444,0.4375,-0.11111111111111116
10,3,within_state,24,Joint_LDA,0.5,0.4984520123839009,0.0
10,3,within_state,25,Raw,0.25,0.24475524475524477,-0.5
10,3,within_state,25,Trait_LDA,0.25,0.24475524475524477,-0.5
10,3,within_state,25,State_LDA,0.41666666666666663,0.4125874125874126,-0.16666666666666674
10,3,within_state,25,Joint_LDA,0.41666666666666663,0.37777777777777777,-0.16666666666666674
10,3,within_state,27,Raw,0.5,0.4878787878787879,0.0
10,3,within_state,27,Trait_LDA,0.5,0.4878787878787879,0.0
10,3,within_state,27,State_LDA,0.5,0.4878787878787879,0.0
10,3,within_state,27,Joint_LDA,0.4807692307692307,0.47592385218365063,-0.03846153846153855
10,3,within_state,28,Raw,0.46153846153846156,0.45833333333333337,-0.07692307692307687
10,3,within_state,28,Trait_LDA,0.46153846153846156,0.45833333333333337,-0.07692307692307687
10,3,within_state,28,State_LDA,0.5384615384615384,0.5272727272727272,0.07692307692307687
10,3,within_state,28,Joint_LDA,0.6153846153846154,0.6130952380952381,0.23076923076923073
10,3,within_state,3,Raw,0.7307692307692308,0.7303703703703703,0.46153846153846156
10,3,within_state,3,Trait_LDA,0.7307692307692308,0.7303703703703703,0.46153846153846156
10,3,within_state,3,State_LDA,0.6538461538461539,0.6491754122938531,0.3076923076923077
10,3,within_state,3,Joint_LDA,0.6923076923076923,0.6904761904761905,0.3846153846153846
10,3,within_state,31,Raw,0.5454545454545454,0.5416666666666667,0.09090909090909094
10,3,within_state,31,Trait_LDA,0.5454545454545454,0.5416666666666667,0.09090909090909094
10,3,within_state,31,State_LDA,0.5909090909090908,0.5900621118012422,0.18181818181818177
10,3,within_state,31,Joint_LDA,0.6363636363636364,0.6363636363636364,0.2727272727272727
10,3,within_state,32,Raw,0.5588235294117647,0.5584415584415584,0.11764705882352944
10,3,within_state,32,Trait_LDA,0.5588235294117647,0.5584415584415584,0.11764705882352944
10,3,within_state,32,State_LDA,0.5588235294117647,0.5584415584415584,0.11764705882352944
10,3,within_state,32,Joint_LDA,0.47058823529411764,0.47058823529411764,-0.05882352941176472
10,3,within_state,33,Raw,0.41666666666666663,0.4125874125874126,-0.16666666666666674
10,3,within_state,33,Trait_LDA,0.41666666666666663,0.4125874125874126,-0.16666666666666674
10,3,within_state,33,State_LDA,0.41666666666666663,0.4125874125874126,-0.16666666666666674
10,3,within_state,33,Joint_LDA,0.41666666666666663,0.4125874125874126,-0.16666666666666674
10,3,within_state,36,Raw,0.6666666666666666,0.6666666666666666,0.33333333333333337
10,3,within_state,36,Trait_LDA,0.6666666666666666,0.6666666666666666,0.33333333333333337
10,3,within_state,36,State_LDA,0.6666666666666666,0.6666666666666666,0.33333333333333337
10,3,within_state,36,Joint_LDA,0.7083333333333333,0.7078260869565217,0.41666666666666663
10,3,within_state,39,Raw,0.7291666666666667,0.7261956998683634,0.45833333333333337
10,3,within_state,39,Trait_LDA,0.7291666666666667,0.7261956998683634,0.45833333333333337
10,3,within_state,39,State_LDA,0.7291666666666666,0.7281045751633988,0.45833333333333337
10,3,within_state,39,Joint_LDA,0.7083333333333333,0.7062937062937062,0.41666666666666663
10,4,within_state,11,Raw,0.55,0.5488721804511278,0.09999999999999998
10,4,within_state,11,Trait_LDA,0.55,0.5488721804511278,0.09999999999999998
10,4,within_state,11,State_LDA,0.55,0.5488721804511278,0.09999999999999998
10,4,within_state,11,Joint_LDA,0.6,0.595959595959596,0.19999999999999996
10,4,within_state,14,Raw,0.875,0.873015873015873,0.75
10,4,within_state,14,Trait_LDA,0.875,0.873015873015873,0.75
10,4,within_state,14,State_LDA,0.5,0.5,0.0
10,4,within_state,14,Joint_LDA,0.5,0.5,0.0
10,4,within_state,15,Raw,0.4,0.4,-0.19999999999999996
10,4,within_state,15,Trait_LDA,0.4,0.4,-0.19999999999999996
10,4,within_state,15,State_LDA,0.4,0.4,-0.19999999999999996
10,4,within_state,15,Joint_LDA,0.5333333333333333,0.5248868778280543,0.06666666666666665
10,4,within_state,17,Raw,0.6666666666666667,0.6571428571428571,0.33333333333333337
10,4,within_state,17,Trait_LDA,0.6666666666666667,0.6571428571428571,0.33333333333333337
10,4,within_state,17,State_LDA,0.75,0.7482517482517483,0.5
10,4,within_state,17,Joint_LDA,0.75,0.7482517482517483,0.5
10,4,within_state,18,Raw,0.5526315789473684,0.5498257839721254,0.10526315789473684
10,4,within_state,18,Trait_LDA,0.5526315789473684,0.5498257839721254,0.10526315789473684
10,4,within_state,18,State_LDA,0.5526315789473684,0.5369175627240144,0.10526315789473684
10,4,within_state,18,Joint_LDA,0.6052631578947368,0.5818048422597212,0.21052631578947367
10,4,within_state,22,Raw,0.5,0.5,0.0
10,4,within_state,22,Trait_LDA,0.5,0.5,0.0
10,4,within_state,22,State_LDA,0.475,0.474671669793621,-0.050000000000000044
10,4,within_state,22,Joint_LDA,0.425,0.42174732872407295,-0.1499999999999999
10,4,within_state,26,Raw,0.4444444444444444,0.4375,-0.11111111111111116
10,4,within_state,26,Trait_LDA,0.4444444444444444,0.4375,-0.11111111111111116
10,4,within_state,26,State_LDA,0.2777777777777778,0.27554179566563464,-0.4444444444444444
10,4,within_state,26,Joint_LDA,0.5555555555555556,0.5555555555555556,0.11111111111111116
10,4,within_state,3,Raw,0.5769230769230769,0.5438596491228069,0.15384615384615385
10,4,within_state,3,Trait_LDA,0.5769230769230769,0.5438596491228069,0.15384615384615385
10,4,within_state,3,State_LDA,0.6153846153846154,0.606060606060606,0.23076923076923073
10,4,within_state,3,Joint_LDA,0.6538461538461539,0.6405529953917051,0.3076923076923077
10,4,within_state,34,Raw,0.36363636363636365,0.35833333333333334,-0.2727272727272727
10,4,within_state,34,Trait_LDA,0.36363636363636365,0.35833333333333334,-0.2727272727272727
10,4,within_state,34,State_LDA,0.5,0.4989648033126294,0.0
10,4,within_state,34,Joint_LDA,0.5909090909090909,0.5831578947368421,0.18181818181818177
10,4,within_state,6,Raw,0.5714285714285714,0.5711854792966535,0.1428571428571429
10,4,within_state,6,Trait_LDA,0.5714285714285714,0.5711854792966535,0.1428571428571429
10,4,within_state,6,State_LDA,0.5476190476190477,0.5473624503686898,0.09523809523809523
10,4,within_state,6,Joint_LDA,0.5595238095238095,0.5544086021505377,0.11904761904761907
10,5,within_state,11,Raw,0.55,0.5488721804511278,0.09999999999999998
10,5,within_state,11,Trait_LDA,0.55,0.5488721804511278,0.09999999999999998
10,5,within_state,11,State_LDA,0.45,0.44862155388471175,-0.10000000000000009
10,5,within_state,11,Joint_LDA,0.45,0.44862155388471175,-0.10000000000000009
10,5,within_state,12,Raw,0.4782608695652174,0.4742857142857143,-0.04347826086956519
10,5,within_state,12,Trait_LDA,0.4782608695652174,0.4742857142857143,-0.04347826086956519
10,5,within_state,12,State_LDA,0.5217391304347826,0.5180952380952382,0.04347826086956519
10,5,within_state,12,Joint_LDA,0.4782608695652174,0.4772727272727273,-0.04347826086956519
10,5,within_state,13,Raw,0.7045454545454546,0.7043927648578812,0.40909090909090906
10,5,within_state,13,Trait_LDA,0.7045454545454546,0.7043927648578812,0.40909090909090906
10,5,within_state,13,State_LDA,0.7045454545454546,0.7043927648578812,0.40909090909090906
10,5,within_state,13,Joint_LDA,0.6590909090909092,0.6574987026466009,0.31818181818181823
10,5,within_state,22,Raw,0.575,0.5725958516656191,0.15000000000000002
10,5,within_state,22,Trait_LDA,0.575,0.5725958516656191,0.15000000000000002
10,5,within_state,22,State_LDA,0.55,0.5488721804511278,0.09999999999999998
10,5,within_state,22,Joint_LDA,0.45,0.4444444444444444,-0.10000000000000009
10,5,within_state,23,Raw,0.625,0.625,0.25
10,5,within_state,23,Trait_LDA,0.625,0.625,0.25
10,5,within_state,23,State_LDA,0.625,0.6190476190476191,0.25
10,5,within_state,23,Joint_LDA,0.75,0.746031746031746,0.5
10,5,within_state,24,Raw,0.5,0.4984520123839009,0.0
10,5,within_state,24,Trait_LDA,0.5,0.4984520123839009,0.0
10,5,within_state,24,State_LDA,0.5,0.4984520123839009,0.0
10,5,within_state,24,Joint_LDA,0.4444444444444444,0.4375,-0.11111111111111116
10,5,within_state,3,Raw,0.5384615384615385,0.5357142857142857,0.07692307692307687
10,5,within_state,3,Trait_LDA,0.5384615384615385,0.5357142857142857,0.07692307692307687
10,5,within_state,3,State_LDA,0.6153846153846154,0.6153846153846154,0.23076923076923073
10,5,within_state,3,Joint_LDA,0.46153846153846156,0.46153846153846156,-0.07692307692307687
10,5,within_state,31,Raw,0.5454545454545454,0.5454545454545454,0.09090909090909094
10,5,within_state,31,Trait_LDA,0.5454545454545454,0.5454545454545454,0.09090909090909094
10,5,within_state,31,State_LDA,0.5454545454545454,0.5416666666666667,0.09090909090909094
10,5,within_state,31,Joint_LDA,0.6818181818181819,0.681159420289855,0.36363636363636365
10,5,within_state,7,Raw,0.6,0.6,0.19999999999999996
10,5,within_state,7,Trait_LDA,0.6,0.6,0.19999999999999996
10,5,within_state,7,State_LDA,0.8,0.7916666666666667,0.6
10,5,within_state,7,Joint_LDA,0.8,0.7916666666666667,0.6
10,5,within_state,8,Raw,0.59375,0.5835835835835836,0.1875
10,5,within_state,8,Trait_LDA,0.59375,0.5835835835835836,0.1875
10,5,within_state,8,State_LDA,0.53125,0.5195195195195195,0.0625
10,5,within_state,8,Joint_LDA,0.53125,0.5195195195195195,0.0625
10,6,within_state,10,Raw,0.4782608695652174,0.4619883040935673,-0.04347826086956519
10,6,within_state,10,Trait_LDA,0.4782608695652174,0.4619883040935673,-0.04347826086956519
10,6,within_state,10,State_LDA,0.41304347826086957,0.38968058968058966,-0.17391304347826098
10,6,within_state,10,Joint_LDA,0.4347826086956522,0.4337121212121212,-0.13043478260869557
10,6,within_state,12,Raw,0.5434782608695652,0.5432624113475177,0.08695652173913049
10,6,within_state,12,Trait_LDA,0.5434782608695652,0.5432624113475177,0.08695652173913049
10,6,within_state,12,State_LDA,0.5217391304347826,0.5208333333333333,0.04347826086956519
10,6,within_state,12,Joint_LDA,0.5652173913043479,0.5643939393939394,0.13043478260869568
10,6,within_state,2,Raw,0.5,0.45054945054945056,0.0
10,6,within_state,2,Trait_LDA,0.5,0.45054945054945056,0.0
10,6,within_state,2,State_LDA,0.2,0.16666666666666666,-0.6000000000000001
10,6,within_state,2,Joint_LDA,0.2,0.16666666666666666,-0.6000000000000001
10,6,within_state,23,Raw,0.5625,0.5607843137254902,0.125
10,6,within_state,23,Trait_LDA,0.5625,0.5607843137254902,0.125
10,6,within_state,23,State_LDA,0.4375,0.41700404858299595,-0.125
10,6,within_state,23,Joint_LDA,0.5625,0.5607843137254902,0.125
10,6,within_state,25,Raw,0.25,0.24475524475524477,-0.5
10,6,within_state,25,Trait_LDA,0.25,0.24475524475524477,-0.5
10,6,within_state,25,State_LDA,0.6666666666666666,0.625,0.33333333333333337
10,6,within_state,25,Joint_LDA,0.25,0.2,-0.5
10,6,within_state,27,Raw,0.4423076923076923,0.44044526901669756,-0.11538461538461542
10,6,within_state,27,Trait_LDA,0.4423076923076923,0.44044526901669756,-0.11538461538461542
10,6,within_state,27,State_LDA,0.42307692307692313,0.4222222222222222,-0.15384615384615374
10,6,within_state,27,Joint_LDA,0.4230769230769231,0.4152923538230885,-0.15384615384615374
10,6,within_state,3,Raw,0.3846153846153846,0.3696969696969697,-0.23076923076923084
10,6,within_state,3,Trait_LDA,0.3846153846153846,0.3696969696969697,-0.23076923076923084
10,6,within_state,3,State_LDA,0.5,0.4807987711213518,0.0
10,6,within_state,3,Joint_LDA,0.5384615384615385,0.5357142857142857,0.07692307692307687
10,6,within_state,31,Raw,0.45454545454545453,0.45,-0.09090909090909083
10,6,within_state,31,Trait_LDA,0.45454545454545453,0.45,-0.09090909090909083
10,6,within_state,31,State_LDA,0.36363636363636365,0.36363636363636365,-0.2727272727272727
10,6,within_state,31,Joint_LDA,0.40909090909090906,0.39789473684210525,-0.18181818181818188
10,6,within_state,32,Raw,0.5588235294117647,0.5584415584415584,0.11764705882352944
10,6,within_state,32,Trait_LDA,0.5588235294117647,0.5584415584415584,0.11764705882352944
10,6,within_state,32,State_LDA,0.5294117647058824,0.5277777777777778,0.05882352941176472
10,6,within_state,32,Joint_LDA,0.4117647058823529,0.4117647058823529,-0.17647058823529416
10,6,within_state,40,Raw,0.41666666666666663,0.37777777777777777,-0.16666666666666674
10,6,within_state,40,Trait_LDA,0.41666666666666663,0.37777777777777777,-0.16666666666666674
10,6,within_state,40,State_LDA,0.25,0.24475524475524477,-0.5
10,6,within_state,40,Joint_LDA,0.25,0.24475524475524477,-0.5
10,7,within_state,10,Raw,0.391304347826087,0.391304347826087,-0.21739130434782616
10,7,within_state,10,Trait_LDA,0.391304347826087,0.391304347826087,-0.21739130434782616
10,7,within_state,10,State_LDA,0.3695652173913043,0.3692671394799054,-0.26086956521739135
10,7,within_state,10,Joint_LDA,0.43478260869565216,0.43478260869565216,-0.13043478260869557
10,7,within_state,19,Raw,0.6,0.6,0.19999999999999996
10,7,within_state,19,Trait_LDA,0.6,0.6,0.19999999999999996
10,7,within_state,19,State_LDA,0.30000000000000004,0.29292929292929293,-0.3999999999999999
10,7,within_state,19,Joint_LDA,0.30000000000000004,0.29292929292929293,-0.3999999999999999
10,7,within_state,21,Raw,0.65625,0.6532019704433498,0.3125
10,7,within_state,21,Trait_LDA,0.65625,0.6532019704433498,0.3125
10,7,within_state,21,State_LDA,0.625,0.6235294117647059,0.25
10,7,within_state,21,Joint_LDA,0.5625,0.5607843137254902,0.125
10,7,within_state,26,Raw,0.5555555555555556,0.5324675324675324,0.11111111111111116
10,7,within_state,26,Trait_LDA,0.5555555555555556,0.5324675324675324,0.11111111111111116
10,7,within_state,26,State_LDA,0.5555555555555556,0.5324675324675324,0.11111111111111116
10,7,within_state,26,Joint_LDA,0.5,0.4581939799331104,0.0
10,7,within_state,3,Raw,0.7307692307692308,0.7271364317841079,0.46153846153846156
10,7,within_state,3,Trait_LDA,0.7307692307692308,0.7271364317841079,0.46153846153846156
10,7,within_state,3,State_LDA,0.5769230769230769,0.5762962962962963,0.15384615384615385
10,7,within_state,3,Joint_LDA,0.6153846153846154,0.606060606060606,0.23076923076923073
10,7,within_state,31,Raw,0.40909090909090906,0.3769063180827886,-0.18181818181818188
10,7,within_state,31,Trait_LDA,0.40909090909090906,0.3769063180827886,-0.18181818181818188
10,7,within_state,31,State_LDA,0.5454545454545454,0.5089285714285714,0.09090909090909094
10,7,within_state,31,Joint_LDA,0.45454545454545453,0.4358974358974359,-0.09090909090909083
10,7,within_state,33,Raw,0.41666666666666663,0.37777777777777777,-0.16666666666666674
10,7,within_state,33,Trait_LDA,0.41666666666666663,0.37777777777777777,-0.16666666666666674
10,7,within_state,33,State_LDA,0.5,0.4375,0.0
10,7,within_state,33,Joint_LDA,0.5,0.4375,0.0
10,7,within_state,39,Raw,0.5208333333333333,0.5206252713851498,0.04166666666666663
10,7,within_state,39,Trait_LDA,0.5208333333333333,0.5206252713851498,0.04166666666666663
10,7,within_state,39,State_LDA,0.5,0.5,0.0
10,7,within_state,39,Joint_LDA,0.5625,0.5607843137254902,0.125
10,7,within_state,4,Raw,0.5238095238095237,0.5227272727272727,0.04761904761904767
10,7,within_state,4,Trait_LDA,0.5238095238095237,0.5227272727272727,0.04761904761904767
10,7,within_state,4,State_LDA,0.4523809523809524,0.44957264957264953,-0.09523809523809534
10,7,within_state,4,Joint_LDA,0.47619047619047616,0.47619047619047616,-0.04761904761904767
10,7,within_state,40,Raw,0.41666666666666663,0.4125874125874126,-0.16666666666666674
10,7,within_state,40,Trait_LDA,0.41666666666666663,0.4125874125874126,-0.16666666666666674
10,7,within_state,40,State_LDA,0.5,0.4857142857142857,0.0
10,7,within_state,40,Joint_LDA,0.5,0.4857142857142857,0.0
10,8,within_state,17,Raw,0.41666666666666663,0.4125874125874126,-0.16666666666666674
10,8,within_state,17,Trait_LDA,0.41666666666666663,0.4125874125874126,-0.16666666666666674
10,8,within_state,17,State_LDA,0.5833333333333333,0.5804195804195804,0.16666666666666663
10,8,within_state,17,Joint_LDA,0.5833333333333333,0.5804195804195804,0.16666666666666663
10,8,within_state,26,Raw,0.7222222222222222,0.7213622291021672,0.4444444444444444
10,8,within_state,26,Trait_LDA,0.7222222222222222,0.7213622291021672,0.4444444444444444
10,8,within_state,26,State_LDA,0.611111111111111,0.5785953177257526,0.2222222222222222
10,8,within_state,26,Joint_LDA,0.5,0.4984520123839009,0.0
10,8,within_state,3,Raw,0.6923076923076923,0.6848484848484848,0.3846153846153846
10,8,within_state,3,Trait_LDA,0.6923076923076923,0.6848484848484848,0.3846153846153846
10,8,within_state,3,State_LDA,0.6538461538461539,0.6491754122938531,0.3076923076923077
10,8,within_state,3,Joint_LDA,0.7307692307692308,0.7271364317841079,0.46153846153846156
10,8,within_state,30,Raw,0.5909090909090908,0.5900621118012422,0.18181818181818177
10,8,within_state,30,Trait_LDA,0.5909090909090908,0.5900621118012422,0.18181818181818177
10,8,within_state,30,State_LDA,0.5454545454545454,0.5454545454545454,0.09090909090909094
10,8,within_state,30,Joint_LDA,0.5,0.4989648033126294,0.0
10,8,within_state,33,Raw,0.25,0.2,-0.5
10,8,within_state,33,Trait_LDA,0.25,0.2,-0.5
10,8,within_state,33,State_LDA,0.5833333333333334,0.5555555555555556,0.16666666666666663
10,8,within_state,33,Joint_LDA,0.5833333333333334,0.5555555555555556,0.16666666666666663
10,8,within_state,34,Raw,0.3181818181818182,0.30526315789473685,-0.36363636363636354
10,8,within_state,34,Trait_LDA,0.3181818181818182,0.30526315789473685,-0.36363636363636354
10,8,within_state,34,State_LDA,0.2727272727272727,0.26666666666666666,-0.4545454545454546
10,8,within_state,34,Joint_LDA,0.2727272727272727,0.26666666666666666,-0.4545454545454546
10,8,within_state,37,Raw,0.43333333333333335,0.43270300333704115,-0.1333333333333333
10,8,within_state,37,Trait_LDA,0.43333333333333335,0.43270300333704115,-0.1333333333333333
10,8,within_state,37,State_LDA,0.43333333333333335,0.43270300333704115,-0.1333333333333333
10,8,within_state,37,Joint_LDA,0.4666666666666667,0.4666666666666667,-0.06666666666666665
10,8,within_state,6,Raw,0.5357142857142857,0.5340634333665197,0.0714285714285714
10,8,within_state,6,Trait_LDA,0.5357142857142857,0.5340634333665197,0.0714285714285714
10,8,within_state,6,State_LDA,0.5357142857142857,0.5324675324675324,0.0714285714285714
10,8,within_state,6,Joint_LDA,0.5357142857142858,0.5356484762579731,0.0714285714285714
10,8,within_state,7,Raw,0.6000000000000001,0.5833333333333333,0.19999999999999996
10,8,within_state,7,Trait_LDA,0.6000000000000001,0.5833333333333333,0.19999999999999996
10,8,within_state,7,State_LDA,0.7,0.696969696969697,0.4
10,8,within_state,7,Joint_LDA,0.7,0.696969696969697,0.4
10,8,within_state,8,Raw,0.5,0.4920634920634921,0.0
10,8,within_state,8,Trait_LDA,0.5,0.4920634920634921,0.0
10,8,within_state,8,State_LDA,0.46875,0.464039408866995,-0.0625
10,8,within_state,8,Joint_LDA,0.4375,0.43529411764705883,-0.125
10,9,within_state,17,Raw,0.5,0.4375,0.0
10,9,within_state,17,Trait_LDA,0.5,0.4375,0.0
10,9,within_state,17,State_LDA,0.41666666666666663,0.37777777777777777,-0.16666666666666674
10,9,within_state,17,Joint_LDA,0.41666666666666663,0.37777777777777777,-0.16666666666666674
10,9,within_state,18,Raw,0.6578947368421053,0.6576576576576576,0.3157894736842105
10,9,within_state,18,Trait_LDA,0.6578947368421053,0.6576576576576576,0.3157894736842105
10,9,within_state,18,State_LDA,0.6052631578947368,0.602787456445993,0.21052631578947367
10,9,within_state,18,Joint_LDA,0.7105263157894737,0.7103257103257103,0.42105263157894735
10,9,within_state,2,Raw,0.4,0.4,-0.19999999999999996
10,9,within_state,2,Trait_LDA,0.4,0.4,-0.19999999999999996
10,9,within_state,2,State_LDA,0.5,0.4949494949494949,0.0
10,9,within_state,2,Joint_LDA,0.5,0.4949494949494949,0.0
10,9,within_state,35,Raw,0.5416666666666666,0.5416666666666666,0.08333333333333337
10,9,within_state,35,Trait_LDA,0.5416666666666666,0.5416666666666666,0.08333333333333337
10,9,within_state,35,State_LDA,0.5833333333333334,0.5833333333333334,0.16666666666666663
10,9,within_state,35,Joint_LDA,0.5,0.5,0.0
10,9,within_state,36,Raw,0.5,0.5,0.0
10,9,within_state,36,Trait_LDA,0.5,0.5,0.0
10,9,within_state,36,State_LDA,0.5,0.4666666666666667,0.0
10,9,within_state,36,Joint_LDA,0.4166666666666667,0.4166666666666667,-0.16666666666666674
10,9,within_state,37,Raw,0.43333333333333335,0.41714285714285715,-0.1333333333333333
10,9,within_state,37,Trait_LDA,0.43333333333333335,0.41714285714285715,-0.1333333333333333
10,9,within_state,37,State_LDA,0.43333333333333335,0.41714285714285715,-0.1333333333333333
10,9,within_state,37,Joint_LDA,0.4666666666666667,0.4444444444444444,-0.06666666666666665
10,9,within_state,39,Raw,0.5625,0.5577007459412022,0.125
10,9,within_state,39,Trait_LDA,0.5625,0.5577007459412022,0.125
10,9,within_state,39,State_LDA,0.5833333333333333,0.5826086956521739,0.16666666666666663
10,9,within_state,39,Joint_LDA,0.6458333333333333,0.6419482229047828,0.29166666666666663
10,9,within_state,40,Raw,0.3333333333333333,0.25,-0.33333333333333326
10,9,within_state,40,Trait_LDA,0.3333333333333333,0.25,-0.33333333333333326
10,9,within_state,40,State_LDA,0.6666666666666667,0.6571428571428571,0.33333333333333337
10,9,within_state,40,Joint_LDA,0.6666666666666667,0.6571428571428571,0.33333333333333337
10,9,within_state,6,Raw,0.48809523809523814,0.4874414644529587,-0.023809523809523725
10,9,within_state,6,Trait_LDA,0.48809523809523814,0.4874414644529587,-0.023809523809523725
10,9,within_state,6,State_LDA,0.48809523809523814,0.4874414644529587,-0.023809523809523725
10,9,within_state,6,Joint_LDA,0.47619047619047616,0.47619047619047616,-0.04761904761904767
10,9,within_state,7,Raw,0.5,0.45054945054945056,0.0
10,9,within_state,7,Trait_LDA,0.5,0.45054945054945056,0.0
10,9,within_state,7,State_LDA,0.5,0.3333333333333333,0.0
10,9,within_state,7,Joint_LDA,0.5,0.3333333333333333,0.0
20,0,within_state,10,Raw,0.5,0.4997635933806146,0.0
20,0,within_state,10,Trait_LDA,0.5,0.4997635933806146,0.0
20,0,within_state,10,State_LDA,0.5217391304347826,0.5208333333333333,0.04347826086956519
20,0,within_state,10,Joint_LDA,0.5217391304347826,0.5208333333333333,0.04347826086956519
20,0,within_state,11,Raw,0.55,0.5488721804511278,0.09999999999999998
20,0,within_state,11,Trait_LDA,0.55,0.5488721804511278,0.09999999999999998
20,0,within_state,11,State_LDA,0.7,0.7,0.4
20,0,within_state,11,Joint_LDA,0.6499999999999999,0.6491228070175439,0.30000000000000004
20,0,within_state,13,Raw,0.6590909090909092,0.6574987026466009,0.31818181818181823
20,0,within_state,13,Trait_LDA,0.6590909090909092,0.6574987026466009,0.31818181818181823
20,0,within_state,13,State_LDA,0.7045454545454546,0.7043927648578812,0.40909090909090906
20,0,within_state,13,Joint_LDA,0.6590909090909091,0.6589147286821706,0.31818181818181823
20,0,within_state,14,Raw,0.75,0.7333333333333334,0.5
20,0,within_state,14,Trait_LDA,0.75,0.7333333333333334,0.5
20,0,within_state,14,State_LDA,0.375,0.2727272727272727,-0.25
20,0,within_state,14,Joint_LDA,0.375,0.2727272727272727,-0.25
20,0,within_state,18,Raw,0.631578947368421,0.6305555555555555,0.26315789473684215
20,0,within_state,18,Trait_LDA,0.631578947368421,0.6305555555555555,0.26315789473684215
20,0,within_state,18,State_LDA,0.6052631578947368,0.6049896049896051,0.21052631578947367
20,0,within_state,18,Joint_LDA,0.6578947368421053,0.6576576576576576,0.3157894736842105
20,0,within_state,21,Raw,0.5,0.4817813765182186,0.0
20,0,within_state,21,Trait_LDA,0.5,0.4817813765182186,0.0
20,0,within_state,21,State_LDA,0.5,0.4817813765182186,0.0
20,0,within_state,21,Joint_LDA,0.5,0.4920634920634921,0.0
20,0,within_state,23,Raw,0.5625,0.5465587044534412,0.125
20,0,within_state,23,Trait_LDA,0.5625,0.5465587044534412,0.125
20,0,within_state,23,State_LDA,0.625,0.6190476190476191,0.25
20,0,within_state,23,Joint_LDA,0.5625,0.5465587044534412,0.125
20,0,within_state,25,Raw,0.16666666666666666,0.14285714285714285,-0.6666666666666667
20,0,within_state,25,Trait_LDA,0.16666666666666666,0.14285714285714285,-0.6666666666666667
20,0,within_state,25,State_LDA,0.5,0.5,0.0
20,0,within_state,25,Joint_LDA,0.3333333333333333,0.3142857142857143,-0.33333333333333326
20,0,within_state,26,Raw,0.6111111111111112,0.609907120743034,0.2222222222222222
20,0,within_state,26,Trait_LDA,0.6111111111111112,0.609907120743034,0.2222222222222222
20,0,within_state,26,State_LDA,0.6111111111111112,0.609907120743034,0.2222222222222222
20,0,within_state,26,Joint_LDA,0.7222222222222222,0.7213622291021672,0.4444444444444444
20,0,within_state,28,Raw,0.5,0.4932533733133433,0.0
20,0,within_state,28,Trait_LDA,0.5,0.4932533733133433,0.0
20,0,within_state,28,State_LDA,0.46153846153846156,0.46153846153846156,-0.07692307692307687
20,0,within_state,28,Joint_LDA,0.5,0.49925925925925924,0.0
20,0,within_state,3,Raw,0.6923076923076923,0.6904761904761905,0.3846153846153846
20,0,within_state,3,Trait_LDA,0.6923076923076923,0.6904761904761905,0.3846153846153846
20,0,within_state,3,State_LDA,0.7692307692307692,0.7678571428571428,0.5384615384615384
20,0,within_state,3,Joint_LDA,0.6923076923076923,0.6904761904761905,0.3846153846153846
20,0,within_state,30,Raw,0.4772727272727273,0.47700258397932815,-0.045454545454545414
20,0,within_state,30,Trait_LDA,0.4772727272727273,0.47700258397932815,-0.045454545454545414
20,0,within_state,30,State_LDA,0.4545454545454546,0.45341614906832295,-0.09090909090909083
20,0,within_state,30,Joint_LDA,0.4318181818181818,0.4315245478036176,-0.13636363636363646
20,0,within_state,31,Raw,0.6363636363636364,0.6363636363636364,0.2727272727272727
20,0,within_state,31,Trait_LDA,0.6363636363636364,0.6363636363636364,0.2727272727272727
20,0,within_state,31,State_LDA,0.5,0.4989648033126294,0.0
20,0,within_state,31,Joint_LDA,0.5454545454545454,0.5416666666666667,0.09090909090909094
20,0,within_state,33,Raw,0.41666666666666663,0.37777777777777777,-0.16666666666666674
20,0,within_state,33,Trait_LDA,0.41666666666666663,0.37777777777777777,-0.16666666666666674
20,0,within_state,33,State_LDA,0.5,0.4857142857142857,0.0
20,0,within_state,33,Joint_LDA,0.5,0.4857142857142857,0.0
20,0,within_state,34,Raw,0.36363636363636365,0.35833333333333334,-0.2727272727272727
20,0,within_state,34,Trait_LDA,0.36363636363636365,0.35833333333333334,-0.2727272727272727
20,0,within_state,34,State_LDA,0.45454545454545453,0.45454545454545453,-0.09090909090909083
20,0,within_state,34,Joint_LDA,0.5,0.4989648033126294,0.0
20,0,within_state,35,Raw,0.6458333333333334,0.6444444444444444,0.29166666666666663
20,0,within_state,35,Trait_LDA,0.6458333333333334,0.6444444444444444,0.29166666666666663
20,0,within_state,35,State_LDA,0.625,0.6223776223776224,0.25
20,0,within_state,35,Joint_LDA,0.6458333333333333,0.6456795484151108,0.29166666666666663
20,0,within_state,36,Raw,0.625,0.6190476190476191,0.25
20,0,within_state,36,Trait_LDA,0.625,0.6190476190476191,0.25
20,0,within_state,36,State_LDA,0.625,0.6243478260869566,0.25
20,0,within_state,36,Joint_LDA,0.5416666666666667,0.5408695652173914,0.08333333333333337
20,0,within_state,37,Raw,0.5,0.4857142857142857,0.0
20,0,within_state,37,Trait_LDA,0.5,0.4857142857142857,0.0
20,0,within_state,37,State_LDA,0.5333333333333333,0.5248868778280543,0.06666666666666665
20,0,within_state,37,Joint_LDA,0.4666666666666667,0.4444444444444444,-0.06666666666666665
20,0,within_state,38,Raw,0.53125,0.530791788856305,0.0625
20,0,within_state,38,Trait_LDA,0.53125,0.530791788856305,0.0625
20,0,within_state,38,State_LDA,0.46875,0.4682306940371457,-0.0625
20,0,within_state,38,Joint_LDA,0.5625,0.5625,0.125
20,0,within_state,8,Raw,0.5,0.4817813765182186,0.0
20,0,within_state,8,Trait_LDA,0.5,0.4817813765182186,0.0
20,0,within_state,8,State_LDA,0.625,0.6190476190476191,0.25
20,0,within_state,8,Joint_LDA,0.59375,0.5588547189819725,0.1875
20,1,within_state,1,Raw,0.5294117647058824,0.5277777777777778,0.05882352941176472
20,1,within_state,1,Trait_LDA,0.5294117647058824,0.5277777777777778,0.05882352941176472
20,1,within_state,1,State_LDA,0.5294117647058824,0.5277777777777778,0.05882352941176472
20,1,within_state,1,Joint_LDA,0.5294117647058824,0.5277777777777778,0.05882352941176472
20,1,within_state,15,Raw,0.6,0.5982142857142857,0.19999999999999996
20,1,within_state,15,Trait_LDA,0.6,0.5982142857142857,0.19999999999999996
20,1,within_state,15,State_LDA,0.5666666666666667,0.5661846496106786,0.1333333333333333
20,1,within_state,15,Joint_LDA,0.5666666666666667,0.5622895622895623,0.1333333333333333
20,1,within_state,17,Raw,0.41666666666666663,0.4125874125874126,-0.16666666666666674
20,1,within_state,17,Trait_LDA,0.41666666666666663,0.4125874125874126,-0.16666666666666674
20,1,within_state,17,State_LDA,0.5,0.4857142857142857,0.0
20,1,within_state,17,Joint_LDA,0.5,0.4857142857142857,0.0
20,1,within_state,18,Raw,0.6052631578947368,0.6049896049896051,0.21052631578947367
20,1,within_state,18,Trait_LDA,0.6052631578947368,0.6049896049896051,0.21052631578947367
20,1,within_state,18,State_LDA,0.6052631578947368,0.6049896049896051,0.21052631578947367
20,1,within_state,18,Joint_LDA,0.5789473684210527,0.5742296918767507,0.1578947368421053
20,1,within_state,20,Raw,0.6666666666666666,0.6666666666666666,0.33333333333333337
20,1,within_state,20,Trait_LDA,0.6666666666666666,0.6666666666666666,0.33333333333333337
20,1,within_state,20,State_LDA,0.3333333333333333,0.25,-0.33333333333333326
20,1,within_state,20,Joint_LDA,0.3333333333333333,0.25,-0.33333333333333326
20,1,within_state,21,Raw,0.40625,0.3764102564102564,-0.1875
20,1,within_state,21,Trait_LDA,0.40625,0.3764102564102564,-0.1875
20,1,within_state,21,State_LDA,0.40625,0.3764102564102564,-0.1875
20,1,within_state,21,Joint_LDA,0.53125,0.5195195195195195,0.0625
20,1,within_state,23,Raw,0.625,0.625,0.25
20,1,within_state,23,Trait_LDA,0.625,0.625,0.25
20,1,within_state,23,State_LDA,0.75,0.75,0.5
20,1,within_state,23,Joint_LDA,0.6875,0.6862745098039216,0.375
20,1,within_state,24,Raw,0.7222222222222222,0.7213622291021672,0.4444444444444444
20,1,within_state,24,Trait_LDA,0.7222222222222222,0.7213622291021672,0.4444444444444444
20,1,within_state,24,State_LDA,0.6111111111111112,0.6,0.2222222222222222
20,1,within_state,24,Joint_LDA,0.4444444444444444,0.4375,-0.11111111111111116
20,1,within_state,25,Raw,0.41666666666666663,0.4125874125874126,-0.16666666666666674
20,1,within_state,25,Trait_LDA,0.41666666666666663,0.4125874125874126,-0.16666666666666674
20,1,within_state,25,State_LDA,0.5,0.4375,0.0
20,1,within_state,25,Joint_LDA,0.3333333333333333,0.3142857142857143,-0.33333333333333326
20,1,within_state,29,Raw,0.4285714285714286,0.4256410256410257,-0.1428571428571428
20,1,within_state,29,Trait_LDA,0.4285714285714286,0.4256410256410257,-0.1428571428571428
20,1,within_state,29,State_LDA,0.5714285714285714,0.5692307692307692,0.1428571428571429
20,1,within_state,29,Joint_LDA,0.5357142857142857,0.5351213282247764,0.0714285714285714
20,1,within_state,3,Raw,0.5384615384615385,0.5357142857142857,0.07692307692307687
20,1,within_state,3,Trait_LDA,0.5384615384615385,0.5357142857142857,0.07692307692307687
20,1,within_state,3,State_LDA,0.5769230769230769,0.5762962962962963,0.15384615384615385
20,1,within_state,3,Joint_LDA,0.5769230769230769,0.5762962962962963,0.15384615384615385
20,1,within_state,30,Raw,0.5227272727272727,0.5164835164835164,0.045454545454545414
20,1,within_state,30,Trait_LDA,0.5227272727272727,0.5164835164835164,0.045454545454545414
20,1,within_state,30,State_LDA,0.4772727272727273,0.47483134405812144,-0.045454545454545414
20,1,within_state,30,Joint_LDA,0.4772727272727273,0.47043432757718473,-0.045454545454545414
20,1,within_state,31,Raw,0.40909090909090906,0.4078674948240165,-0.18181818181818188
20,1,within_state,31,Trait_LDA,0.40909090909090906,0.4078674948240165,-0.18181818181818188
20,1,within_state,31,State_LDA,0.5454545454545454,0.5416666666666667,0.09090909090909094
20,1,within_state,31,Joint_LDA,0.36363636363636365,0.36363636363636365,-0.2727272727272727
20,1,within_state,33,Raw,0.5,0.4375,0.0
20,1,within_state,33,Trait_LDA,0.5,0.4375,0.0
20,1,within_state,33,State_LDA,0.5833333333333334,0.5555555555555556,0.16666666666666663
20,1,within_state,33,Joint_LDA,0.5833333333333334,0.5555555555555556,0.16666666666666663
20,1,within_state,34,Raw,0.40909090909090906,0.4078674948240165,-0.18181818181818188
20,1,within_state,34,Trait_LDA,0.40909090909090906,0.4078674948240165,-0.18181818181818188
20,1,within_state,34,State_LDA,0.40909090909090906,0.4078674948240165,-0.18181818181818188
20,1,within_state,34,Joint_LDA,0.45454545454545453,0.45454545454545453,-0.09090909090909083
20,1,within_state,36,Raw,0.5833333333333333,0.5804195804195804,0.16666666666666663
20,1,within_state,36,Trait_LDA,0.5833333333333333,0.5804195804195804,0.16666666666666663
20,1,within_state,36,State_LDA,0.625,0.6190476190476191,0.25
20,1,within_state,36,Joint_LDA,0.625,0.6243478260869566,0.25
20,1,within_state,39,Raw,0.5208333333333334,0.515577007459412,0.04166666666666663
20,1,within_state,39,Trait_LDA,0.5208333333333334,0.515577007459412,0.04166666666666663
20,1,within_state,39,State_LDA,0.5,0.4920634920634921,0.0
20,1,within_state,39,Joint_LDA,0.5208333333333334,0.5189542483660131,0.04166666666666663
20,1,within_state,4,Raw,0.6190476190476191,0.6181818181818182,0.23809523809523814
20,1,within_state,4,Trait_LDA,0.6190476190476191,0.6181818181818182,0.23809523809523814
20,1,within_state,4,State_LDA,0.5714285714285714,0.5675057208237986,0.1428571428571429
20,1,within_state,4,Joint_LDA,0.6190476190476191,0.6181818181818182,0.23809523809523814
20,1,within_state,40,Raw,0.5833333333333333,0.5804195804195804,0.16666666666666663
20,1,within_state,40,Trait_LDA,0.5833333333333333,0.5804195804195804,0.16666666666666663
20,1,within_state,40,State_LDA,0.5833333333333333,0.5804195804195804,0.16666666666666663
20,1,within_state,40,Joint_LDA,0.5833333333333333,0.5804195804195804,0.16666666666666663
20,1,within_state,7,Raw,0.5,0.4949494949494949,0.0
20,1,within_state,7,Trait_LDA,0.5,0.4949494949494949,0.0
20,1,within_state,7,State_LDA,0.4,0.375,-0.19999999999999996
20,1,within_state,7,Joint_LDA,0.4,0.375,-0.19999999999999996
20,2,within_state,1,Raw,0.6176470588235294,0.6091954022988506,0.23529411764705888
20,2,within_state,1,Trait_LDA,0.6176470588235294,0.6091954022988506,0.23529411764705888
20,2,within_state,1,State_LDA,0.588235294117647,0.575,0.17647058823529416
20,2,within_state,1,Joint_LDA,0.6470588235294117,0.6421052631578947,0.2941176470588235
20,2,within_state,11,Raw,0.45,0.44862155388471175,-0.10000000000000009
20,2,within_state,11,Trait_LDA,0.45,0.44862155388471175,-0.10000000000000009
20,2,within_state,11,State_LDA,0.55,0.52,0.09999999999999998
20,2,within_state,11,Joint_LDA,0.4,0.3939393939393939,-0.19999999999999996
20,2,within_state,12,Raw,0.3695652173913043,0.3692671394799054,-0.26086956521739135
20,2,within_state,12,Trait_LDA,0.3695652173913043,0.3692671394799054,-0.26086956521739135
20,2,within_state,12,State_LDA,0.3695652173913043,0.3692671394799054,-0.26086956521739135
20,2,within_state,12,Joint_LDA,0.391304347826087,0.38666666666666666,-0.21739130434782616
20,2,within_state,13,Raw,0.5681818181818181,0.5625327053898482,0.13636363636363635
20,2,within_state,13,Trait_LDA,0.5681818181818181,0.5625327053898482,0.13636363636363635
20,2,within_state,13,State_LDA,0.5909090909090909,0.5831578947368421,0.18181818181818177
20,2,within_state,13,Joint_LDA,0.5681818181818181,0.5625327053898482,0.13636363636363635
20,2,within_state,14,Raw,1.0,1.0,1.0
20,2,within_state,14,Trait_LDA,1.0,1.0,1.0
20,2,within_state,14,State_LDA,0.75,0.75,0.5
20,2,within_state,14,Joint_LDA,0.75,0.75,0.5
20,2,within_state,18,Raw,0.5526315789473684,0.5369175627240144,0.10526315789473684
20,2,within_state,18,Trait_LDA,0.5526315789473684,0.5369175627240144,0.10526315789473684
20,2,within_state,18,State_LDA,0.5,0.4702861335289802,0.0
20,2,within_state,18,Joint_LDA,0.5526315789473684,0.5369175627240144,0.10526315789473684
20,2,within_state,2,Raw,0.30000000000000004,0.29292929292929293,-0.3999999999999999
20,2,within_state,2,Trait_LDA,0.30000000000000004,0.29292929292929293,-0.3999999999999999
20,2,within_state,2,State_LDA,0.4,0.375,-0.19999999999999996
20,2,within_state,2,Joint_LDA,0.4,0.375,-0.19999999999999996
20,2,within_state,20,Raw,0.3333333333333333,0.25,-0.33333333333333326
20,2,within_state,20,Trait_LDA,0.3333333333333333,0.25,-0.33333333333333326
20,2,within_state,20,State_LDA,0.16666666666666666,0.14285714285714285,-0.6666666666666667
20,2,within_state,20,Joint_LDA,0.16666666666666666,0.14285714285714285,-0.6666666666666667
20,2,within_state,22,Raw,0.65,0.6464646464646464,0.30000000000000004
20,2,within_state,22,Trait_LDA,0.65,0.6464646464646464,0.30000000000000004
20,2,within_state,22,State_LDA,0.625,0.6247654784240151,0.25
20,2,within_state,22,Joint_LDA,0.6000000000000001,0.5833333333333333,0.19999999999999996
20,2,within_state,23,Raw,0.75,0.746031746031746,0.5
20,2,within_state,23,Trait_LDA,0.75,0.746031746031746,0.5
20,2,within_state,23,State_LDA,0.5,0.4920634920634921,0.0
20,2,within_state,23,Joint_LDA,0.5625,0.5607843137254902,0.125
20,2,within_state,25,Raw,0.41666666666666663,0.4125874125874126,-0.16666666666666674
20,2,within_state,25,Trait_LDA,0.41666666666666663,0.4125874125874126,-0.16666666666666674
20,2,within_state,25,State_LDA,0.5833333333333333,0.5804195804195804,0.16666666666666663
20,2,within_state,25,Joint_LDA,0.25,0.24475524475524477,-0.5
20,2,within_state,30,Raw,0.5681818181818181,0.5625327053898482,0.13636363636363635
20,2,within_state,30,Trait_LDA,0.5681818181818181,0.5625327053898482,0.13636363636363635
20,2,within_state,30,State_LDA,0.6136363636363636,0.6036036036036037,0.2272727272727273
20,2,within_state,30,Joint_LDA,0.6136363636363636,0.6036036036036037,0.2272727272727273
20,2,within_state,31,Raw,0.5,0.4989648033126294,0.0
20,2,within_state,31,Trait_LDA,0.5,0.4989648033126294,0.0
20,2,within_state,31,State_LDA,0.45454545454545453,0.45,-0.09090909090909083
20,2,within_state,31,Joint_LDA,0.45454545454545453,0.45,-0.09090909090909083
20,2,within_state,32,Raw,0.5,0.48894783377541995,0.0
20,2,within_state,32,Trait_LDA,0.5,0.48894783377541995,0.0
20,2,within_state,32,State_LDA,0.47058823529411764,0.46875,-0.05882352941176472
20,2,within_state,32,Joint_LDA,0.4117647058823529,0.4097222222222222,-0.17647058823529416
20,2,within_state,34,Raw,0.5454545454545454,0.5454545454545454,0.09090909090909094
20,2,within_state,34,Trait_LDA,0.5454545454545454,0.5454545454545454,0.09090909090909094
20,2,within_state,34,State_LDA,0.6363636363636364,0.6239316239316239,0.2727272727272727
20,2,within_state,34,Joint_LDA,0.5454545454545454,0.5299145299145299,0.09090909090909094
20,2,within_state,35,Raw,0.5625,0.5623100303951367,0.125
20,2,within_state,35,Trait_LDA,0.5625,0.5623100303951367,0.125
20,2,within_state,35,State_LDA,0.5833333333333333,0.5826086956521739,0.16666666666666663
20,2,within_state,35,Joint_LDA,0.5833333333333333,0.5826086956521739,0.16666666666666663
20,2,within_state,36,Raw,0.5833333333333333,0.5804195804195804,0.16666666666666663
20,2,within_state,36,Trait_LDA,0.5833333333333333,0.5804195804195804,0.16666666666666663
20,2,within_state,36,State_LDA,0.5833333333333334,0.5555555555555556,0.16666666666666663
20,2,within_state,36,Joint_LDA,0.6666666666666667,0.6643356643356644,0.33333333333333337
20,2,within_state,38,Raw,0.59375,0.5901477832512315,0.1875
20,2,within_state,38,Trait_LDA,0.59375,0.5901477832512315,0.1875
20,2,within_state,38,State_LDA,0.625,0.6190476190476191,0.25
20,2,within_state,38,Joint_LDA,0.625,0.625,0.25
20,2,within_state,40,Raw,0.41666666666666663,0.37777777777777777,-0.16666666666666674
20,2,within_state,40,Trait_LDA,0.41666666666666663,0.37777777777777777,-0.16666666666666674
20,2,within_state,40,State_LDA,0.5833333333333333,0.5804195804195804,0.16666666666666663
20,2,within_state,40,Joint_LDA,0.5833333333333333,0.5804195804195804,0.16666666666666663
20,2,within_state,6,Raw,0.4642857142857143,0.46360153256704983,-0.0714285714285714
20,2,within_state,6,Trait_LDA,0.4642857142857143,0.46360153256704983,-0.0714285714285714
20,2,within_state,6,State_LDA,0.45238095238095233,0.45207033465683494,-0.09523809523809534
20,2,within_state,6,Joint_LDA,0.4642857142857143,0.46420978029766125,-0.0714285714285714
20,3,within_state,18,Raw,0.6052631578947368,0.602787456445993,0.21052631578947367
20,3,within_state,18,Trait_LDA,0.6052631578947368,0.602787456445993,0.21052631578947367
20,3,within_state,18,State_LDA,0.6052631578947368,0.602787456445993,0.21052631578947367
20,3,within_state,18,Joint_LDA,0.6578947368421053,0.6518675123326286,0.3157894736842105
20,3,within_state,2,Raw,0.5,0.4949494949494949,0.0
20,3,within_state,2,Trait_LDA,0.5,0.4949494949494949,0.0
20,3,within_state,2,State_LDA,0.6000000000000001,0.5833333333333333,0.19999999999999996
20,3,within_state,2,Joint_LDA,0.6000000000000001,0.5833333333333333,0.19999999999999996
20,3,within_state,20,Raw,1.0,1.0,1.0
20,3,within_state,20,Trait_LDA,1.0,1.0,1.0
20,3,within_state,20,State_LDA,0.5,0.4857142857142857,0.0
20,3,within_state,20,Joint_LDA,0.5,0.4857142857142857,0.0
20,3,within_state,22,Raw,0.6000000000000001,0.5989974937343359,0.19999999999999996
20,3,within_state,22,Trait_LDA,0.6000000000000001,0.5989974937343359,0.19999999999999996
20,3,within_state,22,State_LDA,0.625,0.6247654784240151,0.25
20,3,within_state,22,Joint_LDA,0.625,0.6247654784240151,0.25
20,3,within_state,23,Raw,0.5625,0.5465587044534412,0.125
20,3,within_state,23,Trait_LDA,0.5625,0.5465587044534412,0.125
20,3,within_state,23,State_LDA,0.625,0.6190476190476191,0.25
20,3,within_state,23,Joint_LDA,0.625,0.6,0.25
20,3,within_state,25,Raw,0.41666666666666663,0.4125874125874126,-0.16666666666666674
20,3,within_state,25,Trait_LDA,0.41666666666666663,0.4125874125874126,-0.16666666666666674
20,3,within_state,25,State_LDA,0.6666666666666667,0.6571428571428571,0.33333333333333337
20,3,within_state,25,Joint_LDA,0.3333333333333333,0.3142857142857143,-0.33333333333333326
20,3,within_state,26,Raw,0.6666666666666667,0.6625,0.33333333333333337
20,3,within_state,26,Trait_LDA,0.6666666666666667,0.6625,0.33333333333333337
20,3,within_state,26,State_LDA,0.6111111111111112,0.609907120743034,0.2222222222222222
20,3,within_state,26,Joint_LDA,0.6111111111111112,0.609907120743034,0.2222222222222222
20,3,within_state,27,Raw,0.46153846153846156,0.46153846153846156,-0.07692307692307687
20,3,within_state,27,Trait_LDA,0.46153846153846156,0.46153846153846156,-0.07692307692307687
20,3,within_state,27,State_LDA,0.4423076923076923,0.4421013688494266,-0.11538461538461542
20,3,within_state,27,Joint_LDA,0.4423076923076923,0.4421013688494266,-0.11538461538461542
20,3,within_state,28,Raw,0.5,0.49925925925925924,0.0
20,3,within_state,28,Trait_LDA,0.5,0.49925925925925924,0.0
20,3,within_state,28,State_LDA,0.5384615384615384,0.5384615384615384,0.07692307692307687
20,3,within_state,28,Joint_LDA,0.42307692307692313,0.4222222222222222,-0.15384615384615374
20,3,within_state,29,Raw,0.4642857142857143,0.44664031620553357,-0.0714285714285714
20,3,within_state,29,Trait_LDA,0.4642857142857143,0.44664031620553357,-0.0714285714285714
20,3,within_state,29,State_LDA,0.39285714285714285,0.3858064516129032,-0.2142857142857142
20,3,within_state,29,Joint_LDA,0.5714285714285714,0.5692307692307692,0.1428571428571429
20,3,within_state,30,Raw,0.5681818181818181,0.5679586563307493,0.13636363636363635
20,3,within_state,30,Trait_LDA,0.5681818181818181,0.5679586563307493,0.13636363636363635
20,3,within_state,30,State_LDA,0.5454545454545454,0.5416666666666667,0.09090909090909094
20,3,within_state,30,Joint_LDA,0.5,0.5,0.0
20,3,within_state,31,Raw,0.4545454545454546,0.4107142857142857,-0.09090909090909083
20,3,within_state,31,Trait_LDA,0.4545454545454546,0.4107142857142857,-0.09090909090909083
20,3,within_state,31,State_LDA,0.5909090909090908,0.5448275862068965,0.18181818181818177
20,3,within_state,31,Joint_LDA,0.5,0.44367816091954027,0.0
20,3,within_state,32,Raw,0.3529411764705882,0.343859649122807,-0.2941176470588236
20,3,within_state,32,Trait_LDA,0.3529411764705882,0.343859649122807,-0.2941176470588236
20,3,within_state,32,State_LDA,0.4411764705882353,0.43679163034001744,-0.11764705882352944
20,3,within_state,32,Joint_LDA,0.4117647058823529,0.4097222222222222,-0.17647058823529416
20,3,within_state,33,Raw,0.3333333333333333,0.25,-0.33333333333333326
20,3,within_state,33,Trait_LDA,0.3333333333333333,0.25,-0.33333333333333326
20,3,within_state,33,State_LDA,0.3333333333333333,0.3333333333333333,-0.33333333333333326
20,3,within_state,33,Joint_LDA,0.3333333333333333,0.3333333333333333,-0.33333333333333326
20,3,within_state,35,Raw,0.625,0.6243478260869566,0.25
20,3,within_state,35,Trait_LDA,0.625,0.6243478260869566,0.25
20,3,within_state,35,State_LDA,0.625,0.625,0.25
20,3,within_state,35,Joint_LDA,0.5833333333333333,0.5804195804195804,0.16666666666666663
20,3,within_state,37,Raw,0.5,0.4712103407755582,0.0
20,3,within_state,37,Trait_LDA,0.5,0.4712103407755582,0.0
20,3,within_state,37,State_LDA,0.4666666666666667,0.4444444444444444,-0.06666666666666665
20,3,within_state,37,Joint_LDA,0.5333333333333333,0.5248868778280543,0.06666666666666665
20,3,within_state,38,Raw,0.5625,0.5607843137254902,0.125
20,3,within_state,38,Trait_LDA,0.5625,0.5607843137254902,0.125
20,3,within_state,38,State_LDA,0.59375,0.5901477832512315,0.1875
20,3,within_state,38,Joint_LDA,0.4375,0.43529411764705883,-0.125
20,3,within_state,39,Raw,0.5833333333333334,0.5767195767195767,0.16666666666666663
20,3,within_state,39,Trait_LDA,0.5833333333333334,0.5767195767195767,0.16666666666666663
20,3,within_state,39,State_LDA,0.5625,0.5577007459412022,0.125
20,3,within_state,39,Joint_LDA,0.5416666666666666,0.5343915343915344,0.08333333333333337
20,3,within_state,6,Raw,0.5357142857142857,0.5340634333665197,0.0714285714285714
20,3,within_state,6,Trait_LDA,0.5357142857142857,0.5340634333665197,0.0714285714285714
20,3,within_state,6,State_LDA,0.5357142857142857,0.5340634333665197,0.0714285714285714
20,3,within_state,6,Joint_LDA,0.5119047619047619,0.5112813963388676,0.023809523809523836
20,3,within_state,8,Raw,0.46875,0.4682306940371457,-0.0625
20,3,within_state,8,Trait_LDA,0.46875,0.4682306940371457,-0.0625
20,3,within_state,8,State_LDA,0.46875,0.464039408866995,-0.0625
20,3,within_state,8,Joint_LDA,0.5,0.4980392156862745,0.0
20,4,within_state,10,Raw,0.5,0.4997635933806146,0.0
20,4,within_state,10,Trait_LDA,0.5,0.4997635933806146,0.0
20,4,within_state,10,State_LDA,0.5,0.4997635933806146,0.0
20,4,within_state,10,Joint_LDA,0.5869565217391304,0.5851922164214522,0.17391304347826086
20,4,within_state,11,Raw,0.65,0.6419437340153453,0.30000000000000004
20,4,within_state,11,Trait_LDA,0.65,0.6419437340153453,0.30000000000000004
20,4,within_state,11,State_LDA,0.7,0.696969696969697,0.4
20,4,within_state,11,Joint_LDA,0.65,0.6419437340153453,0.30000000000000004
20,4,within_state,12,Raw,0.6739130434782609,0.6737588652482269,0.34782608695652173
20,4,within_state,12,Trait_LDA,0.6739130434782609,0.6737588652482269,0.34782608695652173
20,4,within_state,12,State_LDA,0.6521739130434783,0.6515151515151515,0.30434782608695654
20,4,within_state,12,Joint_LDA,0.6739130434782609,0.6737588652482269,0.34782608695652173
20,4,within_state,13,Raw,0.5,0.49583333333333335,0.0
20,4,within_state,13,Trait_LDA,0.5,0.49583333333333335,0.0
20,4,within_state,13,State_LDA,0.5,0.49583333333333335,0.0
20,4,within_state,13,Joint_LDA,0.5227272727272727,0.5204981837052414,0.045454545454545414
20,4,within_state,15,Raw,0.4,0.3891402714932127,-0.19999999999999996
20,4,within_state,15,Trait_LDA,0.4,0.3891402714932127,-0.19999999999999996
20,4,within_state,15,State_LDA,0.43333333333333335,0.4276094276094276,-0.1333333333333333
20,4,within_state,15,Joint_LDA,0.3666666666666667,0.3602693602693603,-0.2666666666666666
20,4,within_state,17,Raw,0.41666666666666663,0.4125874125874126,-0.16666666666666674
20,4,within_state,17,Trait_LDA,0.41666666666666663,0.4125874125874126,-0.16666666666666674
20,4,within_state,17,State_LDA,0.41666666666666663,0.4125874125874126,-0.16666666666666674
20,4,within_state,17,Joint_LDA,0.41666666666666663,0.4125874125874126,-0.16666666666666674
20,4,within_state,18,Raw,0.4473684210526315,0.446985446985447,-0.10526315789473695
20,4,within_state,18,Trait_LDA,0.4473684210526315,0.446985446985447,-0.10526315789473695
20,4,within_state,18,State_LDA,0.4736842105263158,0.4677871148459384,-0.05263157894736836
20,4,within_state,18,Joint_LDA,0.5526315789473684,0.5523215523215523,0.10526315789473684
20,4,within_state,20,Raw,0.5,0.3333333333333333,0.0
20,4,within_state,20,Trait_LDA,0.5,0.3333333333333333,0.0
20,4,within_state,20,State_LDA,0.5,0.4857142857142857,0.0
20,4,within_state,20,Joint_LDA,0.5,0.4857142857142857,0.0
20,4,within_state,24,Raw,0.3333333333333333,0.3333333333333333,-0.33333333333333326
20,4,within_state,24,Trait_LDA,0.3333333333333333,0.3333333333333333,-0.33333333333333326
20,4,within_state,24,State_LDA,0.3888888888888889,0.37142857142857144,-0.22222222222222232
20,4,within_state,24,Joint_LDA,0.3333333333333333,0.325,-0.33333333333333326
20,4,within_state,26,Raw,0.7777777777777778,0.7777777777777778,0.5555555555555556
20,4,within_state,26,Trait_LDA,0.7777777777777778,0.7777777777777778,0.5555555555555556
20,4,within_state,26,State_LDA,0.7222222222222222,0.7213622291021672,0.4444444444444444
20,4,within_state,26,Joint_LDA,0.7222222222222222,0.7213622291021672,0.4444444444444444
20,4,within_state,28,Raw,0.46153846153846156,0.4484848484848485,-0.07692307692307687
20,4,within_state,28,Trait_LDA,0.46153846153846156,0.4484848484848485,-0.07692307692307687
20,4,within_state,28,State_LDA,0.5384615384615384,0.5272727272727272,0.07692307692307687
20,4,within_state,28,Joint_LDA,0.5,0.4807987711213518,0.0
20,4,within_state,30,Raw,0.5681818181818181,0.5625327053898482,0.13636363636363635
20,4,within_state,30,Trait_LDA,0.5681818181818181,0.5625327053898482,0.13636363636363635
20,4,within_state,30,State_LDA,0.5227272727272727,0.5103338632750398,0.045454545454545414
20,4,within_state,30,Joint_LDA,0.4772727272727273,0.47483134405812144,-0.045454545454545414
20,4,within_state,31,Raw,0.40909090909090906,0.39789473684210525,-0.18181818181818188
20,4,within_state,31,Trait_LDA,0.40909090909090906,0.39789473684210525,-0.18181818181818188
20,4,within_state,31,State_LDA,0.5,0.4989648033126294,0.0
20,4,within_state,31,Joint_LDA,0.3181818181818182,0.3167701863354037,-0.36363636363636354
20,4,within_state,33,Raw,0.41666666666666663,0.4125874125874126,-0.16666666666666674
20,4,within_state,33,Trait_LDA,0.41666666666666663,0.4125874125874126,-0.16666666666666674
20,4,within_state,33,State_LDA,0.75,0.7333333333333334,0.5
20,4,within_state,33,Joint_LDA,0.75,0.7333333333333334,0.5
20,4,within_state,35,Raw,0.5833333333333334,0.5833333333333334,0.16666666666666663
20,4,within_state,35,Trait_LDA,0.5833333333333334,0.5833333333333334,0.16666666666666663
20,4,within_state,35,State_LDA,0.6041666666666667,0.6039947894051237,0.20833333333333337
20,4,within_state,35,Joint_LDA,0.5416666666666666,0.5384615384615384,0.08333333333333337
20,4,within_state,37,Raw,0.5,0.4994438264738599,0.0
20,4,within_state,37,Trait_LDA,0.5,0.4994438264738599,0.0
20,4,within_state,37,State_LDA,0.5,0.4994438264738599,0.0
20,4,within_state,37,Joint_LDA,0.4666666666666667,0.4666666666666667,-0.06666666666666665
20,4,within_state,39,Raw,0.5416666666666667,0.5408695652173914,0.08333333333333337
20,4,within_state,39,Trait_LDA,0.5416666666666667,0.5408695652173914,0.08333333333333337
20,4,within_state,39,State_LDA,0.5625,0.5607843137254902,0.125
20,4,within_state,39,Joint_LDA,0.6458333333333334,0.6444444444444444,0.29166666666666663
20,4,within_state,4,Raw,0.5476190476190477,0.5473624503686898,0.09523809523809523
20,4,within_state,4,Trait_LDA,0.5476190476190477,0.5473624503686898,0.09523809523809523
20,4,within_state,4,State_LDA,0.5,0.49971639251276234,0.0
20,4,within_state,4,Joint_LDA,0.5238095238095237,0.5227272727272727,0.04761904761904767
20,4,within_state,6,Raw,0.5357142857142858,0.5356484762579731,0.0714285714285714
20,4,within_state,6,Trait_LDA,0.5357142857142858,0.5356484762579731,0.0714285714285714
20,4,within_state,6,State_LDA,0.5357142857142858,0.5356484762579731,0.0714285714285714
20,4,within_state,6,Joint_LDA,0.5714285714285714,0.5711854792966535,0.1428571428571429
20,4,within_state,7,Raw,0.7,0.696969696969697,0.4
20,4,within_state,7,Trait_LDA,0.7,0.696969696969697,0.4
20,4,within_state,7,State_LDA,0.4,0.375,-0.19999999999999996
20,4,within_state,7,Joint_LDA,0.4,0.375,-0.19999999999999996
20,5,within_state,10,Raw,0.45652173913043476,0.4500239120038259,-0.08695652173913038
20,5,within_state,10,Trait_LDA,0.45652173913043476,0.4500239120038259,-0.08695652173913038
20,5,within_state,10,State_LDA,0.45652173913043476,0.4500239120038259,-0.08695652173913038
20,5,within_state,10,Joint_LDA,0.6304347826086957,0.6302600472813239,0.26086956521739135
20,5,within_state,11,Raw,0.5,0.4949494949494949,0.0
20,5,within_state,11,Trait_LDA,0.5,0.4949494949494949,0.0
20,5,within_state,11,State_LDA,0.5,0.4949494949494949,0.0
20,5,within_state,11,Joint_LDA,0.5,0.5,0.0
20,5,within_state,13,Raw,0.6363636363636364,0.6333333333333333,0.2727272727272727
20,5,within_state,13,Trait_LDA,0.6363636363636364,0.6333333333333333,0.2727272727272727
20,5,within_state,13,State_LDA,0.6136363636363636,0.6134366925064599,0.2272727272727273
20,5,within_state,13,Joint_LDA,0.6363636363636364,0.6294736842105264,0.2727272727272727
20,5,within_state,15,Raw,0.5,0.4994438264738599,0.0
20,5,within_state,15,Trait_LDA,0.5,0.4994438264738599,0.0
20,5,within_state,15,State_LDA,0.43333333333333335,0.43270300333704115,-0.1333333333333333
20,5,within_state,15,Joint_LDA,0.5,0.4949494949494949,0.0
20,5,within_state,18,Raw,0.5,0.4968641114982578,0.0
20,5,within_state,18,Trait_LDA,0.5,0.4968641114982578,0.0
20,5,within_state,18,State_LDA,0.4473684210526316,0.4376321353065539,-0.10526315789473695
20,5,within_state,18,Joint_LDA,0.4736842105263158,0.4677871148459384,-0.05263157894736836
20,5,within_state,19,Raw,0.6,0.6,0.19999999999999996
20,5,within_state,19,Trait_LDA,0.6,0.6,0.19999999999999996
20,5,within_state,19,State_LDA,0.5,0.45054945054945056,0.0
20,5,within_state,19,Joint_LDA,0.5,0.45054945054945056,0.0
20,5,within_state,2,Raw,0.30000000000000004,0.29292929292929293,-0.3999999999999999
20,5,within_state,2,Trait_LDA,0.30000000000000004,0.29292929292929293,-0.3999999999999999
20,5,within_state,2,State_LDA,0.5,0.4949494949494949,0.0
20,5,within_state,2,Joint_LDA,0.5,0.4949494949494949,0.0
20,5,within_state,22,Raw,0.475,0.474671669793621,-0.050000000000000044
20,5,within_state,22,Trait_LDA,0.475,0.474671669793621,-0.050000000000000044
20,5,within_state,22,State_LDA,0.47500000000000003,0.47203016970458833,-0.050000000000000044
20,5,within_state,22,Joint_LDA,0.55,0.55,0.09999999999999998
20,5,within_state,24,Raw,0.6111111111111112,0.609907120743034,0.2222222222222222
20,5,within_state,24,Trait_LDA,0.6111111111111112,0.609907120743034,0.2222222222222222
20,5,within_state,24,State_LDA,0.6111111111111112,0.609907120743034,0.2222222222222222
20,5,within_state,24,Joint_LDA,0.6111111111111112,0.6,0.2222222222222222
20,5,within_state,26,Raw,0.8888888888888888,0.8875,0.7777777777777778
20,5,within_state,26,Trait_LDA,0.8888888888888888,0.8875,0.7777777777777778
20,5,within_state,26,State_LDA,0.8888888888888888,0.8888888888888888,0.7777777777777778
20,5,within_state,26,Joint_LDA,0.8333333333333333,0.8328173374613003,0.6666666666666667
20,5,within_state,30,Raw,0.5227272727272727,0.5224806201550387,0.045454545454545414
20,5,within_state,30,Trait_LDA,0.5227272727272727,0.5224806201550387,0.045454545454545414
20,5,within_state,30,State_LDA,0.5,0.49583333333333335,0.0
20,5,within_state,30,Joint_LDA,0.5227272727272727,0.5204981837052414,0.045454545454545414
20,5,within_state,32,Raw,0.47058823529411764,0.46875,-0.05882352941176472
20,5,within_state,32,Trait_LDA,0.47058823529411764,0.46875,-0.05882352941176472
20,5,within_state,32,State_LDA,0.47058823529411764,0.4631578947368421,-0.05882352941176472
20,5,within_state,32,Joint_LDA,0.6176470588235294,0.6007226738934056,0.23529411764705888
20,5,within_state,33,Raw,0.5,0.4857142857142857,0.0
20,5,within_state,33,Trait_LDA,0.5,0.4857142857142857,0.0
20,5,within_state,33,State_LDA,0.5833333333333333,0.5804195804195804,0.16666666666666663
20,5,within_state,33,Joint_LDA,0.5833333333333333,0.5804195804195804,0.16666666666666663
20,5,within_state,34,Raw,0.40909090909090906,0.3769063180827886,-0.18181818181818188
20,5,within_state,34,Trait_LDA,0.40909090909090906,0.3769063180827886,-0.18181818181818188
20,5,within_state,34,State_LDA,0.45454545454545453,0.45,-0.09090909090909083
20,5,within_state,34,Joint_LDA,0.5454545454545454,0.5089285714285714,0.09090909090909094
20,5,within_state,36,Raw,0.625,0.6243478260869566,0.25
20,5,within_state,36,Trait_LDA,0.625,0.6243478260869566,0.25
20,5,within_state,36,State_LDA,0.5833333333333333,0.5804195804195804,0.16666666666666663
20,5,within_state,36,Joint_LDA,0.7083333333333334,0.7037037037037037,0.41666666666666663
20,5,within_state,37,Raw,0.4,0.4,-0.19999999999999996
20,5,within_state,37,Trait_LDA,0.4,0.4,-0.19999999999999996
20,5,within_state,37,State_LDA,0.30000000000000004,0.29292929292929293,-0.3999999999999999
20,5,within_state,37,Joint_LDA,0.4666666666666667,0.4666666666666667,-0.06666666666666665
20,5,within_state,39,Raw,0.5625,0.5529933481152993,0.125
20,5,within_state,39,Trait_LDA,0.5625,0.5529933481152993,0.125
20,5,within_state,39,State_LDA,0.5208333333333334,0.5033738191632928,0.04166666666666663
20,5,within_state,39,Joint_LDA,0.45833333333333337,0.44285714285714284,-0.08333333333333326
20,5,within_state,4,Raw,0.6428571428571428,0.6426545660805445,0.2857142857142857
20,5,within_state,4,Trait_LDA,0.6428571428571428,0.6426545660805445,0.2857142857142857
20,5,within_state,4,State_LDA,0.5952380952380952,0.595008508224617,0.19047619047619047
20,5,within_state,4,Joint_LDA,0.5476190476190476,0.5411155836687751,0.09523809523809523
20,5,within_state,7,Raw,0.6000000000000001,0.5833333333333333,0.19999999999999996
20,5,within_state,7,Trait_LDA,0.6000000000000001,0.5833333333333333,0.19999999999999996
20,5,within_state,7,State_LDA,0.4,0.4,-0.19999999999999996
20,5,within_state,7,Joint_LDA,0.4,0.4,-0.19999999999999996
20,5,within_state,8,Raw,0.53125,0.5270935960591133,0.0625
20,5,within_state,8,Trait_LDA,0.53125,0.5270935960591133,0.0625
20,5,within_state,8,State_LDA,0.46875,0.4682306940371457,-0.0625
20,5,within_state,8,Joint_LDA,0.5,0.4980392156862745,0.0
20,6,within_state,10,Raw,0.5434782608695652,0.5380200860832138,0.08695652173913049
20,6,within_state,10,Trait_LDA,0.5434782608695652,0.5380200860832138,0.08695652173913049
20,6,within_state,10,State_LDA,0.5652173913043479,0.5619047619047619,0.13043478260869568
20,6,within_state,10,Joint_LDA,0.5434782608695652,0.5432624113475177,0.08695652173913049
20,6,within_state,11,Raw,0.44999999999999996,0.4373401534526854,-0.10000000000000009
20,6,within_state,11,Trait_LDA,0.44999999999999996,0.4373401534526854,-0.10000000000000009
20,6,within_state,11,State_LDA,0.6,0.595959595959596,0.19999999999999996
20,6,within_state,11,Joint_LDA,0.44999999999999996,0.4373401534526854,-0.10000000000000009
20,6,within_state,13,Raw,0.4772727272727273,0.47483134405812144,-0.045454545454545414
20,6,within_state,13,Trait_LDA,0.4772727272727273,0.47483134405812144,-0.045454545454545414
20,6,within_state,13,State_LDA,0.5,0.49583333333333335,0.0
20,6,within_state,13,Joint_LDA,0.45454545454545453,0.45,-0.09090909090909083
20,6,within_state,16,Raw,0.4642857142857143,0.45806451612903226,-0.0714285714285714
20,6,within_state,16,Trait_LDA,0.4642857142857143,0.45806451612903226,-0.0714285714285714
20,6,within_state,16,State_LDA,0.5,0.49743589743589745,0.0
20,6,within_state,16,Joint_LDA,0.5714285714285714,0.5714285714285714,0.1428571428571429
20,6,within_state,17,Raw,0.3333333333333333,0.3142857142857143,-0.33333333333333326
20,6,within_state,17,Trait_LDA,0.3333333333333333,0.3142857142857143,-0.33333333333333326
20,6,within_state,17,State_LDA,0.5,0.5,0.0
20,6,within_state,17,Joint_LDA,0.5,0.5,0.0
20,6,within_state,19,Raw,0.7,0.6703296703296704,0.4
20,6,within_state,19,Trait_LDA,0.7,0.6703296703296704,0.4
20,6,within_state,19,State_LDA,0.7,0.6703296703296704,0.4
20,6,within_state,19,Joint_LDA,0.7,0.6703296703296704,0.4
20,6,within_state,20,Raw,0.5,0.4857142857142857,0.0
20,6,within_state,20,Trait_LDA,0.5,0.4857142857142857,0.0
20,6,within_state,20,State_LDA,0.3333333333333333,0.3333333333333333,-0.33333333333333326
20,6,within_state,20,Joint_LDA,0.3333333333333333,0.3333333333333333,-0.33333333333333326
20,6,within_state,21,Raw,0.65625,0.6476476476476476,0.3125
20,6,within_state,21,Trait_LDA,0.65625,0.6476476476476476,0.3125
20,6,within_state,21,State_LDA,0.59375,0.5733333333333333,0.1875
20,6,within_state,21,Joint_LDA,0.59375,0.5835835835835836,0.1875
20,6,within_state,23,Raw,0.625,0.625,0.25
20,6,within_state,23,Trait_LDA,0.625,0.625,0.25
20,6,within_state,23,State_LDA,0.5,0.4666666666666667,0.0
20,6,within_state,23,Joint_LDA,0.6875,0.6862745098039216,0.375
20,6,within_state,25,Raw,0.5,0.5,0.0
20,6,within_state,25,Trait_LDA,0.5,0.5,0.0
20,6,within_state,25,State_LDA,0.3333333333333333,0.3333333333333333,-0.33333333333333326
20,6,within_state,25,Joint_LDA,0.6666666666666666,0.6666666666666666,0.33333333333333337
20,6,within_state,26,Raw,0.5555555555555556,0.5555555555555556,0.11111111111111116
20,6,within_state,26,Trait_LDA,0.5555555555555556,0.5555555555555556,0.11111111111111116
20,6,within_state,26,State_LDA,0.5555555555555556,0.5555555555555556,0.11111111111111116
20,6,within_state,26,Joint_LDA,0.6111111111111112,0.609907120743034,0.2222222222222222
20,6,within_state,31,Raw,0.5,0.4905263157894737,0.0
20,6,within_state,31,Trait_LDA,0.5,0.4905263157894737,0.0
20,6,within_state,31,State_LDA,0.5454545454545454,0.5416666666666667,0.09090909090909094
20,6,within_state,31,Joint_LDA,0.5,0.4905263157894737,0.0
20,6,within_state,32,Raw,0.5882352941176471,0.5868055555555556,0.17647058823529416
20,6,within_state,32,Trait_LDA,0.5882352941176471,0.5868055555555556,0.17647058823529416
20,6,within_state,32,State_LDA,0.5882352941176471,0.5868055555555556,0.17647058823529416
20,6,within_state,32,Joint_LDA,0.5294117647058824,0.5277777777777778,0.05882352941176472
20,6,within_state,34,Raw,0.3181818181818182,0.30526315789473685,-0.36363636363636354
20,6,within_state,34,Trait_LDA,0.3181818181818182,0.30526315789473685,-0.36363636363636354
20,6,within_state,34,State_LDA,0.3181818181818182,0.3167701863354037,-0.36363636363636354
20,6,within_state,34,Joint_LDA,0.45454545454545453,0.45,-0.09090909090909083
20,6,within_state,36,Raw,0.45833333333333337,0.45739130434782604,-0.08333333333333326
20,6,within_state,36,Trait_LDA,0.45833333333333337,0.45739130434782604,-0.08333333333333326
20,6,within_state,36,State_LDA,0.45833333333333337,0.45739130434782604,-0.08333333333333326
20,6,within_state,36,Joint_LDA,0.5,0.5,0.0
20,6,within_state,37,Raw,0.4,0.4,-0.19999999999999996
20,6,within_state,37,Trait_LDA,0.4,0.4,-0.19999999999999996
20,6,within_state,37,State_LDA,0.4,0.3891402714932127,-0.19999999999999996
20,6,within_state,37,Joint_LDA,0.43333333333333335,0.4276094276094276,-0.1333333333333333
20,6,within_state,38,Raw,0.5,0.4980392156862745,0.0
20,6,within_state,38,Trait_LDA,0.5,0.4980392156862745,0.0
20,6,within_state,38,State_LDA,0.5,0.5,0.0
20,6,within_state,38,Joint_LDA,0.53125,0.530791788856305,0.0625
20,6,within_state,40,Raw,0.5833333333333333,0.5804195804195804,0.16666666666666663
20,6,within_state,40,Trait_LDA,0.5833333333333333,0.5804195804195804,0.16666666666666663
20,6,within_state,40,State_LDA,0.6666666666666666,0.6666666666666666,0.33333333333333337
20,6,within_state,40,Joint_LDA,0.6666666666666666,0.6666666666666666,0.33333333333333337
20,6,within_state,6,Raw,0.5238095238095237,0.5227272727272727,0.04761904761904767
20,6,within_state,6,Trait_LDA,0.5238095238095237,0.5227272727272727,0.04761904761904767
20,6,within_state,6,State_LDA,0.5238095238095237,0.5227272727272727,0.04761904761904767
20,6,within_state,6,Joint_LDA,0.5476190476190477,0.5452991452991452,0.09523809523809523
20,6,within_state,7,Raw,0.7,0.696969696969697,0.4
20,6,within_state,7,Trait_LDA,0.7,0.696969696969697,0.4
20,6,within_state,7,State_LDA,0.4,0.375,-0.19999999999999996
20,6,within_state,7,Joint_LDA,0.4,0.375,-0.19999999999999996
20,7,within_state,1,Raw,0.5,0.49607672188317353,0.0
20,7,within_state,1,Trait_LDA,0.5,0.49607672188317353,0.0
20,7,within_state,1,State_LDA,0.5,0.49607672188317353,0.0
20,7,within_state,1,Joint_LDA,0.5294117647058824,0.5277777777777778,0.05882352941176472
20,7,within_state,10,Raw,0.5652173913043478,0.5652173913043478,0.13043478260869568
20,7,within_state,10,Trait_LDA,0.5652173913043478,0.5652173913043478,0.13043478260869568
20,7,within_state,10,State_LDA,0.5434782608695652,0.5432624113475177,0.08695652173913049
20,7,within_state,10,Joint_LDA,0.43478260869565216,0.43478260869565216,-0.13043478260869557
20,7,within_state,13,Raw,0.6363636363636364,0.6294736842105264,0.2727272727272727
20,7,within_state,13,Trait_LDA,0.6363636363636364,0.6294736842105264,0.2727272727272727
20,7,within_state,13,State_LDA,0.6363636363636364,0.6294736842105264,0.2727272727272727
20,7,within_state,13,Joint_LDA,0.5909090909090909,0.5769230769230769,0.18181818181818177
20,7,within_state,14,Raw,0.625,0.6190476190476191,0.25
20,7,within_state,14,Trait_LDA,0.625,0.6190476190476191,0.25
20,7,within_state,14,State_LDA,0.75,0.7333333333333334,0.5
20,7,within_state,14,Joint_LDA,0.75,0.7333333333333334,0.5
20,7,within_state,16,Raw,0.6428571428571428,0.641025641025641,0.2857142857142857
20,7,within_state,16,Trait_LDA,0.6428571428571428,0.641025641025641,0.2857142857142857
20,7,within_state,16,State_LDA,0.5714285714285714,0.5692307692307692,0.1428571428571429
20,7,within_state,16,Joint_LDA,0.6428571428571428,0.641025641025641,0.2857142857142857
20,7,within_state,18,Raw,0.6052631578947368,0.602787456445993,0.21052631578947367
20,7,within_state,18,Trait_LDA,0.6052631578947368,0.602787456445993,0.21052631578947367
20,7,within_state,18,State_LDA,0.5,0.4968641114982578,0.0
20,7,within_state,18,Joint_LDA,0.631578947368421,0.6305555555555555,0.26315789473684215
20,7,within_state,19,Raw,0.4,0.375,-0.19999999999999996
20,7,within_state,19,Trait_LDA,0.4,0.375,-0.19999999999999996
20,7,within_state,19,State_LDA,0.4,0.4,-0.19999999999999996
20,7,within_state,19,Joint_LDA,0.4,0.4,-0.19999999999999996
20,7,within_state,20,Raw,0.8333333333333333,0.8285714285714285,0.6666666666666667
20,7,within_state,20,Trait_LDA,0.8333333333333333,0.8285714285714285,0.6666666666666667
20,7,within_state,20,State_LDA,0.5,0.4857142857142857,0.0
20,7,within_state,20,Joint_LDA,0.5,0.4857142857142857,0.0
20,7,within_state,21,Raw,0.59375,0.5901477832512315,0.1875
20,7,within_state,21,Trait_LDA,0.59375,0.5901477832512315,0.1875
20,7,within_state,21,State_LDA,0.53125,0.5270935960591133,0.0625
20,7,within_state,21,Joint_LDA,0.53125,0.5195195195195195,0.0625
20,7,within_state,22,Raw,0.525,0.5223130106851037,0.050000000000000044
20,7,within_state,22,Trait_LDA,0.525,0.5223130106851037,0.050000000000000044
20,7,within_state,22,State_LDA,0.525,0.5247029393370857,0.050000000000000044
20,7,within_state,22,Joint_LDA,0.525,0.5223130106851037,0.050000000000000044
20,7,within_state,24,Raw,0.5,0.4984520123839009,0.0
20,7,within_state,24,Trait_LDA,0.5,0.4984520123839009,0.0
20,7,within_state,24,State_LDA,0.5555555555555556,0.5555555555555556,0.11111111111111116
20,7,within_state,24,Joint_LDA,0.6111111111111112,0.609907120743034,0.2222222222222222
20,7,within_state,25,Raw,0.5,0.4857142857142857,0.0
20,7,within_state,25,Trait_LDA,0.5,0.4857142857142857,0.0
20,7,within_state,25,State_LDA,0.75,0.7482517482517483,0.5
20,7,within_state,25,Joint_LDA,0.5,0.5,0.0
20,7,within_state,26,Raw,0.5555555555555556,0.55,0.11111111111111116
20,7,within_state,26,Trait_LDA,0.5555555555555556,0.55,0.11111111111111116
20,7,within_state,26,State_LDA,0.5555555555555556,0.55,0.11111111111111116
20,7,within_state,26,Joint_LDA,0.6666666666666666,0.6666666666666666,0.33333333333333337
20,7,within_state,31,Raw,0.5454545454545454,0.5299145299145299,0.09090909090909094
20,7,within_state,31,Trait_LDA,0.5454545454545454,0.5299145299145299,0.09090909090909094
20,7,within_state,31,State_LDA,0.5454545454545454,0.5416666666666667,0.09090909090909094
20,7,within_state,31,Joint_LDA,0.5454545454545454,0.5416666666666667,0.09090909090909094
20,7,within_state,35,Raw,0.5416666666666666,0.5208711433756805,0.08333333333333337
20,7,within_state,35,Trait_LDA,0.5416666666666666,0.5208711433756805,0.08333333333333337
20,7,within_state,35,State_LDA,0.5208333333333334,0.4942739349519011,0.04166666666666663
20,7,within_state,35,Joint_LDA,0.5208333333333334,0.5033738191632928,0.04166666666666663
20,7,within_state,36,Raw,0.375,0.34664246823956446,-0.25
20,7,within_state,36,Trait_LDA,0.375,0.34664246823956446,-0.25
20,7,within_state,36,State_LDA,0.375,0.36507936507936506,-0.25
20,7,within_state,36,Joint_LDA,0.33333333333333337,0.32867132867132864,-0.33333333333333326
20,7,within_state,38,Raw,0.625,0.6235294117647059,0.25
20,7,within_state,38,Trait_LDA,0.625,0.6235294117647059,0.25
20,7,within_state,38,State_LDA,0.53125,0.5270935960591133,0.0625
20,7,within_state,38,Joint_LDA,0.5625,0.5625,0.125
20,7,within_state,4,Raw,0.6190476190476191,0.6155606407322655,0.23809523809523814
20,7,within_state,4,Trait_LDA,0.6190476190476191,0.6155606407322655,0.23809523809523814
20,7,within_state,4,State_LDA,0.5714285714285714,0.5704545454545455,0.1428571428571429
20,7,within_state,4,Joint_LDA,0.5476190476190477,0.5473624503686898,0.09523809523809523
20,7,within_state,40,Raw,0.41666666666666663,0.4125874125874126,-0.16666666666666674
20,7,within_state,40,Trait_LDA,0.41666666666666663,0.4125874125874126,-0.16666666666666674
20,7,within_state,40,State_LDA,0.5833333333333333,0.5804195804195804,0.16666666666666663
20,7,within_state,40,Joint_LDA,0.5833333333333333,0.5804195804195804,0.16666666666666663
20,7,within_state,6,Raw,0.5357142857142857,0.5324675324675324,0.0714285714285714
20,7,within_state,6,Trait_LDA,0.5357142857142857,0.5324675324675324,0.0714285714285714
20,7,within_state,6,State_LDA,0.5238095238095238,0.5213675213675214,0.04761904761904767
20,7,within_state,6,Joint_LDA,0.5238095238095237,0.5227272727272727,0.04761904761904767
20,8,within_state,1,Raw,0.6470588235294118,0.6458333333333333,0.2941176470588235
20,8,within_state,1,Trait_LDA,0.6470588235294118,0.6458333333333333,0.2941176470588235
20,8,within_state,1,State_LDA,0.5,0.49607672188317353,0.0
20,8,within_state,1,Joint_LDA,0.6176470588235294,0.6173160173160173,0.23529411764705888
20,8,within_state,11,Raw,0.55,0.5488721804511278,0.09999999999999998
20,8,within_state,11,Trait_LDA,0.55,0.5488721804511278,0.09999999999999998
20,8,within_state,11,State_LDA,0.6,0.595959595959596,0.19999999999999996
20,8,within_state,11,Joint_LDA,0.5,0.4949494949494949,0.0
20,8,within_state,15,Raw,0.43333333333333335,0.41714285714285715,-0.1333333333333333
20,8,within_state,15,Trait_LDA,0.43333333333333335,0.41714285714285715,-0.1333333333333333
20,8,within_state,15,State_LDA,0.4666666666666667,0.4570135746606335,-0.06666666666666665
20,8,within_state,15,Joint_LDA,0.5333333333333333,0.53125,0.06666666666666665
20,8,within_state,17,Raw,0.5833333333333333,0.5804195804195804,0.16666666666666663
20,8,within_state,17,Trait_LDA,0.5833333333333333,0.5804195804195804,0.16666666666666663
20,8,within_state,17,State_LDA,0.5,0.4375,0.0
20,8,within_state,17,Joint_LDA,0.5,0.4375,0.0
20,8,within_state,19,Raw,0.5,0.45054945054945056,0.0
20,8,within_state,19,Trait_LDA,0.5,0.45054945054945056,0.0
20,8,within_state,19,State_LDA,0.30000000000000004,0.29292929292929293,-0.3999999999999999
20,8,within_state,19,Joint_LDA,0.30000000000000004,0.29292929292929293,-0.3999999999999999
20,8,within_state,21,Raw,0.5,0.4920634920634921,0.0
20,8,within_state,21,Trait_LDA,0.5,0.4920634920634921,0.0
20,8,within_state,21,State_LDA,0.625,0.6190476190476191,0.25
20,8,within_state,21,Joint_LDA,0.625,0.6190476190476191,0.25
20,8,within_state,22,Raw,0.525,0.5174603174603174,0.050000000000000044
20,8,within_state,22,Trait_LDA,0.525,0.5174603174603174,0.050000000000000044
20,8,within_state,22,State_LDA,0.525,0.5174603174603174,0.050000000000000044
20,8,within_state,22,Joint_LDA,0.42500000000000004,0.41587301587301584,-0.1499999999999999
20,8,within_state,23,Raw,0.8125,0.8117647058823529,0.625
20,8,within_state,23,Trait_LDA,0.8125,0.8117647058823529,0.625
20,8,within_state,23,State_LDA,0.5625,0.5465587044534412,0.125
20,8,within_state,23,Joint_LDA,0.75,0.75,0.5
20,8,within_state,26,Raw,0.5555555555555556,0.5555555555555556,0.11111111111111116
20,8,within_state,26,Trait_LDA,0.5555555555555556,0.5555555555555556,0.11111111111111116
20,8,within_state,26,State_LDA,0.38888888888888884,0.38699690402476783,-0.22222222222222232
20,8,within_state,26,Joint_LDA,0.6666666666666667,0.6625,0.33333333333333337
20,8,within_state,27,Raw,0.5769230769230769,0.5769230769230769,0.15384615384615385
20,8,within_state,27,Trait_LDA,0.5769230769230769,0.5769230769230769,0.15384615384615385
20,8,within_state,27,State_LDA,0.5961538461538461,0.5960044395116537,0.1923076923076923
20,8,within_state,27,Joint_LDA,0.5576923076923077,0.557528671846097,0.11538461538461542
20,8,within_state,28,Raw,0.5769230769230769,0.5712143928035982,0.15384615384615385
20,8,within_state,28,Trait_LDA,0.5769230769230769,0.5712143928035982,0.15384615384615385
20,8,within_state,28,State_LDA,0.42307692307692313,0.4222222222222222,-0.15384615384615374
20,8,within_state,28,Joint_LDA,0.5384615384615385,0.5357142857142857,0.07692307692307687
20,8,within_state,3,Raw,0.6153846153846154,0.606060606060606,0.23076923076923073
20,8,within_state,3,Trait_LDA,0.6153846153846154,0.606060606060606,0.23076923076923073
20,8,within_state,3,State_LDA,0.5384615384615384,0.5272727272727272,0.07692307692307687
20,8,within_state,3,Joint_LDA,0.576923076923077,0.5606758832565284,0.15384615384615385
20,8,within_state,31,Raw,0.45454545454545453,0.45,-0.09090909090909083
20,8,within_state,31,Trait_LDA,0.45454545454545453,0.45,-0.09090909090909083
20,8,within_state,31,State_LDA,0.5909090909090909,0.5831578947368421,0.18181818181818177
20,8,within_state,31,Joint_LDA,0.5454545454545454,0.5416666666666667,0.09090909090909094
20,8,within_state,32,Raw,0.5882352941176471,0.5824561403508772,0.17647058823529416
20,8,within_state,32,Trait_LDA,0.5882352941176471,0.5824561403508772,0.17647058823529416
20,8,within_state,32,State_LDA,0.5294117647058824,0.5228070175438597,0.05882352941176472
20,8,within_state,32,Joint_LDA,0.5294117647058824,0.5142857142857142,0.05882352941176472
20,8,within_state,33,Raw,0.5,0.4375,0.0
20,8,within_state,33,Trait_LDA,0.5,0.4375,0.0
20,8,within_state,33,State_LDA,0.5,0.5,0.0
20,8,within_state,33,Joint_LDA,0.5,0.5,0.0
20,8,within_state,34,Raw,0.36363636363636365,0.36363636363636365,-0.2727272727272727
20,8,within_state,34,Trait_LDA,0.36363636363636365,0.36363636363636365,-0.2727272727272727
20,8,within_state,34,State_LDA,0.40909090909090906,0.4078674948240165,-0.18181818181818188
20,8,within_state,34,Joint_LDA,0.40909090909090906,0.4078674948240165,-0.18181818181818188
20,8,within_state,37,Raw,0.5333333333333333,0.5248868778280543,0.06666666666666665
20,8,within_state,37,Trait_LDA,0.5333333333333333,0.5248868778280543,0.06666666666666665
20,8,within_state,37,State_LDA,0.6333333333333333,0.6329254727474972,0.2666666666666667
20,8,within_state,37,Joint_LDA,0.4666666666666667,0.4642857142857143,-0.06666666666666665
20,8,within_state,38,Raw,0.65625,0.6559139784946236,0.3125
20,8,within_state,38,Trait_LDA,0.65625,0.6559139784946236,0.3125
20,8,within_state,38,State_LDA,0.65625,0.6559139784946236,0.3125
20,8,within_state,38,Joint_LDA,0.625,0.6235294117647059,0.25
20,8,within_state,4,Raw,0.7619047619047619,0.7619047619047619,0.5238095238095238
20,8,within_state,4,Trait_LDA,0.7619047619047619,0.7619047619047619,0.5238095238095238
20,8,within_state,4,State_LDA,0.7142857142857143,0.7142857142857143,0.4285714285714286
20,8,within_state,4,Joint_LDA,0.6904761904761905,0.690300623936472,0.38095238095238093
20,8,within_state,6,Raw,0.42857142857142855,0.42727272727272725,-0.1428571428571428
20,8,within_state,6,Trait_LDA,0.42857142857142855,0.42727272727272725,-0.1428571428571428
20,8,within_state,6,State_LDA,0.42857142857142855,0.42727272727272725,-0.1428571428571428
20,8,within_state,6,Joint_LDA,0.45238095238095233,0.45207033465683494,-0.09523809523809534
20,9,within_state,10,Raw,0.43478260869565216,0.43478260869565216,-0.13043478260869557
20,9,within_state,10,Trait_LDA,0.43478260869565216,0.43478260869565216,-0.13043478260869557
20,9,within_state,10,State_LDA,0.391304347826087,0.391304347826087,-0.21739130434782616
20,9,within_state,10,Joint_LDA,0.41304347826086957,0.41276595744680855,-0.17391304347826098
20,9,within_state,14,Raw,0.625,0.5636363636363637,0.25
20,9,within_state,14,Trait_LDA,0.625,0.5636363636363637,0.25
20,9,within_state,14,State_LDA,0.375,0.2727272727272727,-0.25
20,9,within_state,14,Joint_LDA,0.375,0.2727272727272727,-0.25
20,9,within_state,15,Raw,0.5,0.4994438264738599,0.0
20,9,within_state,15,Trait_LDA,0.5,0.4994438264738599,0.0
20,9,within_state,15,State_LDA,0.43333333333333335,0.43270300333704115,-0.1333333333333333
20,9,within_state,15,Joint_LDA,0.4666666666666667,0.4642857142857143,-0.06666666666666665
20,9,within_state,16,Raw,0.5714285714285714,0.5692307692307692,0.1428571428571429
20,9,within_state,16,Trait_LDA,0.5714285714285714,0.5692307692307692,0.1428571428571429
20,9,within_state,16,State_LDA,0.6428571428571429,0.6428571428571429,0.2857142857142857
20,9,within_state,16,Joint_LDA,0.5714285714285714,0.5692307692307692,0.1428571428571429
20,9,within_state,20,Raw,0.8333333333333333,0.8285714285714285,0.6666666666666667
20,9,within_state,20,Trait_LDA,0.8333333333333333,0.8285714285714285,0.6666666666666667
20,9,within_state,20,State_LDA,0.3333333333333333,0.25,-0.33333333333333326
20,9,within_state,20,Joint_LDA,0.3333333333333333,0.25,-0.33333333333333326
20,9,within_state,23,Raw,0.5,0.4666666666666667,0.0
20,9,within_state,23,Trait_LDA,0.5,0.4666666666666667,0.0
20,9,within_state,23,State_LDA,0.5625,0.5465587044534412,0.125
20,9,within_state,23,Joint_LDA,0.625,0.625,0.25
20,9,within_state,26,Raw,0.7222222222222222,0.7213622291021672,0.4444444444444444
20,9,within_state,26,Trait_LDA,0.7222222222222222,0.7213622291021672,0.4444444444444444
20,9,within_state,26,State_LDA,0.6666666666666667,0.6625,0.33333333333333337
20,9,within_state,26,Joint_LDA,0.7222222222222222,0.7213622291021672,0.4444444444444444
20,9,within_state,27,Raw,0.5384615384615385,0.5357142857142857,0.07692307692307687
20,9,within_state,27,Trait_LDA,0.5384615384615385,0.5357142857142857,0.07692307692307687
20,9,within_state,27,State_LDA,0.5384615384615385,0.5357142857142857,0.07692307692307687
20,9,within_state,27,Joint_LDA,0.46153846153846156,0.46153846153846156,-0.07692307692307687
20,9,within_state,3,Raw,0.5,0.4807987711213518,0.0
20,9,within_state,3,Trait_LDA,0.5,0.4807987711213518,0.0
20,9,within_state,3,State_LDA,0.5,0.49925925925925924,0.0
20,9,within_state,3,Joint_LDA,0.576923076923077,0.5606758832565284,0.15384615384615385
20,9,within_state,30,Raw,0.5454545454545454,0.5368421052631579,0.09090909090909094
20,9,within_state,30,Trait_LDA,0.5454545454545454,0.5368421052631579,0.09090909090909094
20,9,within_state,30,State_LDA,0.5909090909090909,0.5686274509803921,0.18181818181818177
20,9,within_state,30,Joint_LDA,0.5,0.4905263157894737,0.0
20,9,within_state,31,Raw,0.5909090909090908,0.5900621118012422,0.18181818181818177
20,9,within_state,31,Trait_LDA,0.5909090909090908,0.5900621118012422,0.18181818181818177
20,9,within_state,31,State_LDA,0.5909090909090908,0.5900621118012422,0.18181818181818177
20,9,within_state,31,Joint_LDA,0.5454545454545454,0.5416666666666667,0.09090909090909094
20,9,within_state,32,Raw,0.4117647058823529,0.4097222222222222,-0.17647058823529416
20,9,within_state,32,Trait_LDA,0.4117647058823529,0.4097222222222222,-0.17647058823529416
20,9,within_state,32,State_LDA,0.5,0.49607672188317353,0.0
20,9,within_state,32,Joint_LDA,0.4117647058823529,0.4097222222222222,-0.17647058823529416
20,9,within_state,33,Raw,0.5833333333333333,0.5804195804195804,0.16666666666666663
20,9,within_state,33,Trait_LDA,0.5833333333333333,0.5804195804195804,0.16666666666666663
20,9,within_state,33,State_LDA,0.5833333333333333,0.5804195804195804,0.16666666666666663
20,9,within_state,33,Joint_LDA,0.5833333333333333,0.5804195804195804,0.16666666666666663
20,9,within_state,34,Raw,0.5909090909090908,0.5900621118012422,0.18181818181818177
20,9,within_state,34,Trait_LDA,0.5909090909090908,0.5900621118012422,0.18181818181818177
20,9,within_state,34,State_LDA,0.5909090909090908,0.5900621118012422,0.18181818181818177
20,9,within_state,34,Joint_LDA,0.45454545454545453,0.45454545454545453,-0.09090909090909083
20,9,within_state,36,Raw,0.625,0.6243478260869566,0.25
20,9,within_state,36,Trait_LDA,0.625,0.6243478260869566,0.25
20,9,within_state,36,State_LDA,0.6666666666666667,0.6643356643356644,0.33333333333333337
20,9,within_state,36,Joint_LDA,0.625,0.6243478260869566,0.25
20,9,within_state,38,Raw,0.40625,0.4056695992179863,-0.1875
20,9,within_state,38,Trait_LDA,0.40625,0.4056695992179863,-0.1875
20,9,within_state,38,State_LDA,0.46875,0.4682306940371457,-0.0625
20,9,within_state,38,Joint_LDA,0.46875,0.4682306940371457,-0.0625
20,9,within_state,39,Raw,0.5208333333333333,0.5104212860310421,0.04166666666666663
20,9,within_state,39,Trait_LDA,0.5208333333333333,0.5104212860310421,0.04166666666666663
20,9,within_state,39,State_LDA,0.5416666666666667,0.5285714285714286,0.08333333333333337
20,9,within_state,39,Joint_LDA,0.5833333333333334,0.5714285714285714,0.16666666666666663
20,9,within_state,4,Raw,0.5714285714285714,0.5714285714285714,0.1428571428571429
20,9,within_state,4,Trait_LDA,0.5714285714285714,0.5714285714285714,0.1428571428571429
20,9,within_state,4,State_LDA,0.5238095238095237,0.5227272727272727,0.04761904761904767
20,9,within_state,4,Joint_LDA,0.6190476190476191,0.6155606407322655,0.23809523809523814
20,9,within_state,7,Raw,0.6000000000000001,0.5833333333333333,0.19999999999999996
20,9,within_state,7,Trait_LDA,0.6000000000000001,0.5833333333333333,0.19999999999999996
20,9,within_state,7,State_LDA,0.7,0.696969696969697,0.4
20,9,within_state,7,Joint_LDA,0.7,0.696969696969697,0.4
20,9,within_state,8,Raw,0.65625,0.6532019704433498,0.3125
20,9,within_state,8,Trait_LDA,0.65625,0.6532019704433498,0.3125
20,9,within_state,8,State_LDA,0.625,0.625,0.25
20,9,within_state,8,Joint_LDA,0.65625,0.6559139784946236,0.3125
4,0,within_state,12,Raw,0.5434782608695652,0.5380200860832138,0.08695652173913049
4,0,within_state,12,Trait_LDA,0.5434782608695652,0.5380200860832138,0.08695652173913049
4,0,within_state,12,State_LDA,0.5434782608695652,0.5432624113475177,0.08695652173913049
4,0,within_state,12,Joint_LDA,0.5217391304347826,0.5217391304347826,0.04347826086956519
4,0,within_state,24,Raw,0.6666666666666666,0.6666666666666666,0.33333333333333337
4,0,within_state,24,Trait_LDA,0.6666666666666666,0.6666666666666666,0.33333333333333337
4,0,within_state,24,State_LDA,0.5555555555555556,0.55,0.11111111111111116
4,0,within_state,24,Joint_LDA,0.5555555555555556,0.5555555555555556,0.11111111111111116
4,0,within_state,31,Raw,0.5454545454545454,0.5416666666666667,0.09090909090909094
4,0,within_state,31,Trait_LDA,0.5454545454545454,0.5416666666666667,0.09090909090909094
4,0,within_state,31,State_LDA,0.6818181818181819,0.681159420289855,0.36363636363636365
4,0,within_state,31,Joint_LDA,0.5,0.4989648033126294,0.0
4,0,within_state,34,Raw,0.5,0.4989648033126294,0.0
4,0,within_state,34,Trait_LDA,0.5,0.4989648033126294,0.0
4,0,within_state,34,State_LDA,0.5909090909090908,0.5900621118012422,0.18181818181818177
4,0,within_state,34,Joint_LDA,0.40909090909090906,0.39789473684210525,-0.18181818181818188
4,1,within_state,10,Raw,0.4782608695652174,0.4782608695652174,-0.04347826086956519
4,1,within_state,10,Trait_LDA,0.4782608695652174,0.4782608695652174,-0.04347826086956519
4,1,within_state,10,State_LDA,0.5,0.4997635933806146,0.0
4,1,within_state,10,Joint_LDA,0.5217391304347826,0.5217391304347826,0.04347826086956519
4,1,within_state,22,Raw,0.6,0.6,0.19999999999999996
4,1,within_state,22,Trait_LDA,0.6,0.6,0.19999999999999996
4,1,within_state,22,State_LDA,0.575,0.5747342088805503,0.15000000000000002
4,1,within_state,22,Joint_LDA,0.55,0.55,0.09999999999999998
4,1,within_state,25,Raw,0.41666666666666663,0.37777777777777777,-0.16666666666666674
4,1,within_state,25,Trait_LDA,0.41666666666666663,0.37777777777777777,-0.16666666666666674
4,1,within_state,25,State_LDA,0.41666666666666663,0.37777777777777777,-0.16666666666666674
4,1,within_state,25,Joint_LDA,0.5,0.5,0.0
4,1,within_state,30,Raw,0.5681818181818181,0.5679586563307493,0.13636363636363635
4,1,within_state,30,Trait_LDA,0.5681818181818181,0.5679586563307493,0.13636363636363635
4,1,within_state,30,State_LDA,0.5454545454545454,0.5445134575569358,0.09090909090909094
4,1,within_state,30,Joint_LDA,0.6136363636363636,0.6134366925064599,0.2272727272727273
4,2,within_state,13,Raw,0.6590909090909091,0.6589147286821706,0.31818181818181823
4,2,within_state,13,Trait_LDA,0.6590909090909091,0.6589147286821706,0.31818181818181823
4,2,within_state,13,State_LDA,0.6363636363636364,0.6363636363636364,0.2727272727272727
4,2,within_state,13,Joint_LDA,0.6818181818181819,0.681159420289855,0.36363636363636365
4,2,within_state,18,Raw,0.5263157894736842,0.5263157894736842,0.052631578947368474
4,2,within_state,18,Trait_LDA,0.5263157894736842,0.5263157894736842,0.052631578947368474
4,2,within_state,18,State_LDA,0.5,0.49965349965349964,0.0
4,2,within_state,18,Joint_LDA,0.5526315789473684,0.5523215523215523,0.10526315789473684
4,2,within_state,30,Raw,0.5454545454545454,0.5454545454545454,0.09090909090909094
4,2,within_state,30,Trait_LDA,0.5454545454545454,0.5454545454545454,0.09090909090909094
4,2,within_state,30,State_LDA,0.5,0.5,0.0
4,2,within_state,30,Joint_LDA,0.5,0.4905263157894737,0.0
4,2,within_state,37,Raw,0.5,0.4994438264738599,0.0
4,2,within_state,37,Trait_LDA,0.5,0.4994438264738599,0.0
4,2,within_state,37,State_LDA,0.4666666666666667,0.4666666666666667,-0.06666666666666665
4,2,within_state,37,Joint_LDA,0.5,0.4994438264738599,0.0
4,3,within_state,28,Raw,0.7307692307692308,0.7271364317841079,0.46153846153846156
4,3,within_state,28,Trait_LDA,0.7307692307692308,0.7271364317841079,0.46153846153846156
4,3,within_state,28,State_LDA,0.5769230769230769,0.5712143928035982,0.15384615384615385
4,3,within_state,28,Joint_LDA,0.5769230769230769,0.5762962962962963,0.15384615384615385
4,3,within_state,34,Raw,0.5,0.4905263157894737,0.0
4,3,within_state,34,Trait_LDA,0.5,0.4905263157894737,0.0
4,3,within_state,34,State_LDA,0.5454545454545454,0.5416666666666667,0.09090909090909094
4,3,within_state,34,Joint_LDA,0.5,0.4905263157894737,0.0
4,3,within_state,39,Raw,0.6458333333333333,0.6456795484151108,0.29166666666666663
4,3,within_state,39,Trait_LDA,0.6458333333333333,0.6456795484151108,0.29166666666666663
4,3,within_state,39,State_LDA,0.6458333333333333,0.6456795484151108,0.29166666666666663
4,3,within_state,39,Joint_LDA,0.5833333333333333,0.5826086956521739,0.16666666666666663
4,3,within_state,8,Raw,0.625,0.611336032388664,0.25
4,3,within_state,8,Trait_LDA,0.625,0.611336032388664,0.25
4,3,within_state,8,State_LDA,0.625,0.611336032388664,0.25
4,3,within_state,8,Joint_LDA,0.65625,0.6532019704433498,0.3125
4,4,within_state,11,Raw,0.5,0.4949494949494949,0.0
4,4,within_state,11,Trait_LDA,0.5,0.4949494949494949,0.0
4,4,within_state,11,State_LDA,0.55,0.5488721804511278,0.09999999999999998
4,4,within_state,11,Joint_LDA,0.5,0.4949494949494949,0.0
4,4,within_state,17,Raw,0.5,0.4375,0.0
4,4,within_state,17,Trait_LDA,0.5,0.4375,0.0
4,4,within_state,17,State_LDA,0.5,0.4857142857142857,0.0
4,4,within_state,17,Joint_LDA,0.5,0.4857142857142857,0.0
4,4,within_state,25,Raw,0.41666666666666663,0.4125874125874126,-0.16666666666666674
4,4,within_state,25,Trait_LDA,0.41666666666666663,0.4125874125874126,-0.16666666666666674
4,4,within_state,25,State_LDA,0.25,0.24475524475524477,-0.5
4,4,within_state,25,Joint_LDA,0.41666666666666663,0.4125874125874126,-0.16666666666666674
4,4,within_state,39,Raw,0.5833333333333333,0.5826086956521739,0.16666666666666663
4,4,within_state,39,Trait_LDA,0.5833333333333333,0.5826086956521739,0.16666666666666663
4,4,within_state,39,State_LDA,0.6041666666666666,0.6026143790849673,0.20833333333333337
4,4,within_state,39,Joint_LDA,0.6041666666666666,0.6026143790849673,0.20833333333333337
4,5,within_state,12,Raw,0.6521739130434783,0.6349206349206349,0.30434782608695654
4,5,within_state,12,Trait_LDA,0.6521739130434783,0.6349206349206349,0.30434782608695654
4,5,within_state,12,State_LDA,0.6304347826086957,0.6157248157248157,0.26086956521739135
4,5,within_state,12,Joint_LDA,0.5869565217391304,0.5771649733913884,0.17391304347826086
4,5,within_state,28,Raw,0.5384615384615384,0.5384615384615384,0.07692307692307687
4,5,within_state,28,Trait_LDA,0.5384615384615384,0.5384615384615384,0.07692307692307687
4,5,within_state,28,State_LDA,0.42307692307692313,0.4222222222222222,-0.15384615384615374
4,5,within_state,28,Joint_LDA,0.6153846153846154,0.6130952380952381,0.23076923076923073
4,5,within_state,33,Raw,0.5833333333333333,0.5804195804195804,0.16666666666666663
4,5,within_state,33,Trait_LDA,0.5833333333333333,0.5804195804195804,0.16666666666666663
4,5,within_state,33,State_LDA,0.5,0.5,0.0
4,5,within_state,33,Joint_LDA,0.5,0.5,0.0
4,5,within_state,35,Raw,0.6458333333333334,0.6329284750337382,0.29166666666666663
4,5,within_state,35,Trait_LDA,0.6458333333333334,0.6329284750337382,0.29166666666666663
4,5,within_state,35,State_LDA,0.6666666666666666,0.6613756613756614,0.33333333333333337
4,5,within_state,35,Joint_LDA,0.6666666666666667,0.6571428571428571,0.33333333333333337
4,6,within_state,13,Raw,0.6818181818181819,0.6791666666666667,0.36363636363636365
4,6,within_state,13,Trait_LDA,0.6818181818181819,0.6791666666666667,0.36363636363636365
4,6,within_state,13,State_LDA,0.7272727272727273,0.725,0.4545454545454546
4,6,within_state,13,Joint_LDA,0.75,0.7467294610151753,0.5
4,6,within_state,21,Raw,0.53125,0.5270935960591133,0.0625
4,6,within_state,21,Trait_LDA,0.53125,0.5270935960591133,0.0625
4,6,within_state,21,State_LDA,0.5,0.5,0.0
4,6,within_state,21,Joint_LDA,0.5,0.4980392156862745,0.0
4,6,within_state,26,Raw,0.6111111111111112,0.6,0.2222222222222222
4,6,within_state,26,Trait_LDA,0.6111111111111112,0.6,0.2222222222222222
4,6,within_state,26,State_LDA,0.6111111111111112,0.609907120743034,0.2222222222222222
4,6,within_state,26,Joint_LDA,0.5555555555555556,0.5555555555555556,0.11111111111111116
4,6,within_state,3,Raw,0.5384615384615385,0.5125,0.07692307692307687
4,6,within_state,3,Trait_LDA,0.5384615384615385,0.5125,0.07692307692307687
4,6,within_state,3,State_LDA,0.5384615384615385,0.5125,0.07692307692307687
4,6,within_state,3,Joint_LDA,0.5,0.4807987711213518,0.0
4,7,within_state,10,Raw,0.4565217391304348,0.4562647754137116,-0.08695652173913038
4,7,within_state,10,Trait_LDA,0.4565217391304348,0.4562647754137116,-0.08695652173913038
4,7,within_state,10,State_LDA,0.4565217391304348,0.4562647754137116,-0.08695652173913038
4,7,within_state,10,Joint_LDA,0.5,0.49402199904351984,0.0
4,7,within_state,21,Raw,0.46875,0.4682306940371457,-0.0625
4,7,within_state,21,Trait_LDA,0.46875,0.4682306940371457,-0.0625
4,7,within_state,21,State_LDA,0.4375,0.4375,-0.125
4,7,within_state,21,Joint_LDA,0.34375,0.33793103448275863,-0.3125
4,7,within_state,3,Raw,0.6538461538461539,0.6491754122938531,0.3076923076923077
4,7,within_state,3,Trait_LDA,0.6538461538461539,0.6491754122938531,0.3076923076923077
4,7,within_state,3,State_LDA,0.5769230769230769,0.5712143928035982,0.15384615384615385
4,7,within_state,3,Joint_LDA,0.5384615384615385,0.5357142857142857,0.07692307692307687
4,7,within_state,38,Raw,0.5625,0.5555555555555556,0.125
4,7,within_state,38,Trait_LDA,0.5625,0.5555555555555556,0.125
4,7,within_state,38,State_LDA,0.53125,0.5270935960591133,0.0625
4,7,within_state,38,Joint_LDA,0.46875,0.45545545545545546,-0.0625
4,8,within_state,33,Raw,0.6666666666666666,0.6666666666666666,0.33333333333333337
4,8,within_state,33,Trait_LDA,0.6666666666666666,0.6666666666666666,0.33333333333333337
4,8,within_state,33,State_LDA,0.5,0.5,0.0
4,8,within_state,33,Joint_LDA,0.5,0.5,0.0
4,8,within_state,34,Raw,0.3181818181818182,0.3167701863354037,-0.36363636363636354
4,8,within_state,34,Trait_LDA,0.3181818181818182,0.3167701863354037,-0.36363636363636354
4,8,within_state,34,State_LDA,0.45454545454545453,0.4358974358974359,-0.09090909090909083
4,8,within_state,34,Joint_LDA,0.36363636363636365,0.36363636363636365,-0.2727272727272727
4,8,within_state,35,Raw,0.5833333333333333,0.5826086956521739,0.16666666666666663
4,8,within_state,35,Trait_LDA,0.5833333333333333,0.5826086956521739,0.16666666666666663
4,8,within_state,35,State_LDA,0.6041666666666666,0.6026143790849673,0.20833333333333337
4,8,within_state,35,Joint_LDA,0.5,0.4991304347826087,0.0
4,8,within_state,38,Raw,0.4375,0.4285714285714286,-0.125
4,8,within_state,38,Trait_LDA,0.4375,0.4285714285714286,-0.125
4,8,within_state,38,State_LDA,0.4375,0.43529411764705883,-0.125
4,8,within_state,38,Joint_LDA,0.53125,0.530791788856305,0.0625
4,9,within_state,2,Raw,0.4,0.375,-0.19999999999999996
4,9,within_state,2,Trait_LDA,0.4,0.375,-0.19999999999999996
4,9,within_state,2,State_LDA,0.6,0.6,0.19999999999999996
4,9,within_state,2,Joint_LDA,0.6,0.6,0.19999999999999996
4,9,within_state,21,Raw,0.53125,0.5270935960591133,0.0625
4,9,within_state,21,Trait_LDA,0.53125,0.5270935960591133,0.0625
4,9,within_state,21,State_LDA,0.53125,0.5270935960591133,0.0625
4,9,within_state,21,Joint_LDA,0.5,0.4980392156862745,0.0
4,9,within_state,4,Raw,0.5238095238095238,0.5194508009153318,0.04761904761904767
4,9,within_state,4,Trait_LDA,0.5238095238095238,0.5194508009153318,0.04761904761904767
4,9,within_state,4,State_LDA,0.47619047619047616,0.475,-0.04761904761904767
4,9,within_state,4,Joint_LDA,0.47619047619047616,0.47619047619047616,-0.04761904761904767
4,9,within_state,40,Raw,0.6666666666666667,0.6571428571428571,0.33333333333333337
4,9,within_state,40,Trait_LDA,0.6666666666666667,0.6571428571428571,0.33333333333333337
4,9,within_state,40,State_LDA,0.5833333333333333,0.5804195804195804,0.16666666666666663
4,9,within_state,40,Joint_LDA,0.5833333333333333,0.5804195804195804,0.16666666666666663
all,0,within_state,1,Raw,0.5294117647058824,0.5277777777777778,0.05882352941176472
all,0,within_state,1,Trait_LDA,0.5294117647058824,0.5277777777777778,0.05882352941176472
all,0,within_state,1,State_LDA,0.5588235294117647,0.5584415584415584,0.11764705882352944
all,0,within_state,1,Joint_LDA,0.5588235294117647,0.5584415584415584,0.11764705882352944
all,0,within_state,10,Raw,0.5869565217391304,0.5867612293144208,0.17391304347826086
all,0,within_state,10,Trait_LDA,0.5869565217391304,0.5867612293144208,0.17391304347826086
all,0,within_state,10,State_LDA,0.5652173913043478,0.5652173913043478,0.13043478260869568
all,0,within_state,10,Joint_LDA,0.6086956521739131,0.6086956521739131,0.21739130434782605
all,0,within_state,11,Raw,0.55,0.5488721804511278,0.09999999999999998
all,0,within_state,11,Trait_LDA,0.55,0.5488721804511278,0.09999999999999998
all,0,within_state,11,State_LDA,0.55,0.5488721804511278,0.09999999999999998
all,0,within_state,11,Joint_LDA,0.6499999999999999,0.6491228070175439,0.30000000000000004
all,0,within_state,12,Raw,0.391304347826087,0.391304347826087,-0.21739130434782616
all,0,within_state,12,Trait_LDA,0.391304347826087,0.391304347826087,-0.21739130434782616
all,0,within_state,12,State_LDA,0.3695652173913043,0.3692671394799054,-0.26086956521739135
all,0,within_state,12,Joint_LDA,0.3913043478260869,0.39015151515151514,-0.21739130434782616
all,0,within_state,13,Raw,0.4318181818181818,0.42916450441100157,-0.13636363636363646
all,0,within_state,13,Trait_LDA,0.4318181818181818,0.42916450441100157,-0.13636363636363646
all,0,within_state,13,State_LDA,0.4318181818181818,0.42916450441100157,-0.13636363636363646
all,0,within_state,13,Joint_LDA,0.5454545454545454,0.5454545454545454,0.09090909090909094
all,0,within_state,14,Raw,0.625,0.6190476190476191,0.25
all,0,within_state,14,Trait_LDA,0.625,0.6190476190476191,0.25
all,0,within_state,14,State_LDA,0.875,0.873015873015873,0.75
all,0,within_state,14,Joint_LDA,0.875,0.873015873015873,0.75
all,0,within_state,15,Raw,0.5,0.4949494949494949,0.0
all,0,within_state,15,Trait_LDA,0.5,0.4949494949494949,0.0
all,0,within_state,15,State_LDA,0.5,0.4857142857142857,0.0
all,0,within_state,15,Joint_LDA,0.4,0.3973214285714286,-0.19999999999999996
all,0,within_state,16,Raw,0.6071428571428572,0.6025806451612903,0.2142857142857143
all,0,within_state,16,Trait_LDA,0.6071428571428572,0.6025806451612903,0.2142857142857143
all,0,within_state,16,State_LDA,0.6071428571428572,0.6066411238825031,0.2142857142857143
all,0,within_state,16,Joint_LDA,0.6071428571428572,0.6025806451612903,0.2142857142857143
all,0,within_state,17,Raw,0.41666666666666663,0.4125874125874126,-0.16666666666666674
all,0,within_state,17,Trait_LDA,0.41666666666666663,0.4125874125874126,-0.16666666666666674
all,0,within_state,17,State_LDA,0.3333333333333333,0.3142857142857143,-0.33333333333333326
all,0,within_state,17,Joint_LDA,0.3333333333333333,0.3142857142857143,-0.33333333333333326
all,0,within_state,18,Raw,0.7105263157894737,0.7103257103257103,0.42105263157894735
all,0,within_state,18,Trait_LDA,0.7105263157894737,0.7103257103257103,0.42105263157894735
all,0,within_state,18,State_LDA,0.7105263157894737,0.7103257103257103,0.42105263157894735
all,0,within_state,18,Joint_LDA,0.6842105263157895,0.6842105263157895,0.368421052631579
all,0,within_state,19,Raw,0.6,0.6,0.19999999999999996
all,0,within_state,19,Trait_LDA,0.6,0.6,0.19999999999999996
all,0,within_state,19,State_LDA,0.6,0.6,0.19999999999999996
all,0,within_state,19,Joint_LDA,0.6,0.6,0.19999999999999996
all,0,within_state,2,Raw,0.1,0.09090909090909091,-0.8
all,0,within_state,2,Trait_LDA,0.1,0.09090909090909091,-0.8
all,0,within_state,2,State_LDA,0.4,0.375,-0.19999999999999996
all,0,within_state,2,Joint_LDA,0.4,0.375,-0.19999999999999996
all,0,within_state,20,Raw,0.5,0.4857142857142857,0.0
all,0,within_state,20,Trait_LDA,0.5,0.4857142857142857,0.0
all,0,within_state,20,State_LDA,0.5,0.4857142857142857,0.0
all,0,within_state,20,Joint_LDA,0.5,0.4857142857142857,0.0
all,0,within_state,21,Raw,0.40625,0.4009852216748768,-0.1875
all,0,within_state,21,Trait_LDA,0.40625,0.4009852216748768,-0.1875
all,0,within_state,21,State_LDA,0.5,0.4980392156862745,0.0
all,0,within_state,21,Joint_LDA,0.34375,0.343108504398827,-0.3125
all,0,within_state,22,Raw,0.5,0.4987468671679198,0.0
all,0,within_state,22,Trait_LDA,0.5,0.4987468671679198,0.0
all,0,within_state,22,State_LDA,0.525,0.5247029393370857,0.050000000000000044
all,0,within_state,22,Joint_LDA,0.575,0.5725958516656191,0.15000000000000002
all,0,within_state,23,Raw,0.625,0.5636363636363637,0.25
all,0,within_state,23,Trait_LDA,0.625,0.5636363636363637,0.25
all,0,within_state,23,State_LDA,0.6875,0.6761133603238867,0.375
all,0,within_state,23,Joint_LDA,0.75,0.7333333333333334,0.5
all,0,within_state,24,Raw,0.4444444444444444,0.4375,-0.11111111111111116
all,0,within_state,24,Trait_LDA,0.4444444444444444,0.4375,-0.11111111111111116
all,0,within_state,24,State_LDA,0.5555555555555556,0.55,0.11111111111111116
all,0,within_state,24,Joint_LDA,0.4444444444444444,0.4444444444444444,-0.11111111111111116
all,0,within_state,25,Raw,0.5833333333333333,0.5804195804195804,0.16666666666666663
all,0,within_state,25,Trait_LDA,0.5833333333333333,0.5804195804195804,0.16666666666666663
all,0,within_state,25,State_LDA,0.6666666666666667,0.6571428571428571,0.33333333333333337
all,0,within_state,25,Joint_LDA,0.5,0.4857142857142857,0.0
all,0,within_state,26,Raw,0.6666666666666666,0.6493506493506493,0.33333333333333337
all,0,within_state,26,Trait_LDA,0.6666666666666666,0.6493506493506493,0.33333333333333337
all,0,within_state,26,State_LDA,0.4444444444444444,0.4444444444444444,-0.11111111111111116
all,0,within_state,26,Joint_LDA,0.38888888888888884,0.38699690402476783,-0.22222222222222232
all,0,within_state,27,Raw,0.4423076923076923,0.4421013688494266,-0.11538461538461542
all,0,within_state,27,Trait_LDA,0.4423076923076923,0.4421013688494266,-0.11538461538461542
all,0,within_state,27,State_LDA,0.40384615384615385,0.4036256011838698,-0.1923076923076923
all,0,within_state,27,Joint_LDA,0.3653846153846154,0.365149833518313,-0.26923076923076916
all,0,within_state,28,Raw,0.5769230769230769,0.5762962962962963,0.15384615384615385
all,0,within_state,28,Trait_LDA,0.5769230769230769,0.5762962962962963,0.15384615384615385
all,0,within_state,28,State_LDA,0.6153846153846154,0.6130952380952381,0.23076923076923073
all,0,within_state,28,Joint_LDA,0.6153846153846154,0.6153846153846154,0.23076923076923073
all,0,within_state,29,Raw,0.5357142857142857,0.5351213282247764,0.0714285714285714
all,0,within_state,29,Trait_LDA,0.5357142857142857,0.5351213282247764,0.0714285714285714
all,0,within_state,29,State_LDA,0.5,0.5,0.0
all,0,within_state,29,Joint_LDA,0.4285714285714286,0.4256410256410257,-0.1428571428571428
all,0,within_state,3,Raw,0.6538461538461539,0.6491754122938531,0.3076923076923077
all,0,within_state,3,Trait_LDA,0.6538461538461539,0.6491754122938531,0.3076923076923077
all,0,within_state,3,State_LDA,0.5769230769230769,0.5762962962962963,0.15384615384615385
all,0,within_state,3,Joint_LDA,0.6153846153846154,0.6130952380952381,0.23076923076923073
all,0,within_state,30,Raw,0.5227272727272727,0.5204981837052414,0.045454545454545414
all,0,within_state,30,Trait_LDA,0.5227272727272727,0.5204981837052414,0.045454545454545414
all,0,within_state,30,State_LDA,0.5227272727272727,0.5204981837052414,0.045454545454545414
all,0,within_state,30,Joint_LDA,0.5227272727272727,0.5224806201550387,0.045454545454545414
all,0,within_state,31,Raw,0.6363636363636364,0.6363636363636364,0.2727272727272727
all,0,within_state,31,Trait_LDA,0.6363636363636364,0.6363636363636364,0.2727272727272727
all,0,within_state,31,State_LDA,0.6818181818181819,0.6757894736842105,0.36363636363636365
all,0,within_state,31,Joint_LDA,0.7272727272727273,0.7272727272727273,0.4545454545454546
all,0,within_state,32,Raw,0.5882352941176471,0.5882352941176471,0.17647058823529416
all,0,within_state,32,Trait_LDA,0.5882352941176471,0.5882352941176471,0.17647058823529416
all,0,within_state,32,State_LDA,0.5882352941176471,0.5868055555555556,0.17647058823529416
all,0,within_state,32,Joint_LDA,0.5588235294117647,0.5584415584415584,0.11764705882352944
all,0,within_state,33,Raw,0.6666666666666666,0.6666666666666666,0.33333333333333337
all,0,within_state,33,Trait_LDA,0.6666666666666666,0.6666666666666666,0.33333333333333337
all,0,within_state,33,State_LDA,0.5,0.5,0.0
all,0,within_state,33,Joint_LDA,0.5,0.5,0.0
all,0,within_state,34,Raw,0.40909090909090906,0.39789473684210525,-0.18181818181818188
all,0,within_state,34,Trait_LDA,0.40909090909090906,0.39789473684210525,-0.18181818181818188
all,0,within_state,34,State_LDA,0.5,0.47276688453159044,0.0
all,0,within_state,34,Joint_LDA,0.40909090909090906,0.4078674948240165,-0.18181818181818188
all,0,within_state,35,Raw,0.6041666666666667,0.5998244844229925,0.20833333333333337
all,0,within_state,35,Trait_LDA,0.6041666666666667,0.5998244844229925,0.20833333333333337
all,0,within_state,35,State_LDA,0.5833333333333333,0.5804195804195804,0.16666666666666663
all,0,within_state,35,Joint_LDA,0.5625,0.5623100303951367,0.125
all,0,within_state,36,Raw,0.625,0.6190476190476191,0.25
all,0,within_state,36,Trait_LDA,0.625,0.6190476190476191,0.25
all,0,within_state,36,State_LDA,0.5833333333333333,0.5804195804195804,0.16666666666666663
all,0,within_state,36,Joint_LDA,0.7083333333333333,0.7078260869565217,0.41666666666666663
all,0,within_state,37,Raw,0.43333333333333335,0.43270300333704115,-0.1333333333333333
all,0,within_state,37,Trait_LDA,0.43333333333333335,0.43270300333704115,-0.1333333333333333
all,0,within_state,37,State_LDA,0.4,0.4,-0.19999999999999996
all,0,within_state,37,Joint_LDA,0.3666666666666667,0.3602693602693603,-0.2666666666666666
all,0,within_state,38,Raw,0.5,0.4980392156862745,0.0
all,0,within_state,38,Trait_LDA,0.5,0.4980392156862745,0.0
all,0,within_state,38,State_LDA,0.5,0.4920634920634921,0.0
all,0,within_state,38,Joint_LDA,0.5,0.4920634920634921,0.0
all,0,within_state,39,Raw,0.6458333333333334,0.6444444444444444,0.29166666666666663
all,0,within_state,39,Trait_LDA,0.6458333333333334,0.6444444444444444,0.29166666666666663
all,0,within_state,39,State_LDA,0.6458333333333334,0.6444444444444444,0.29166666666666663
all,0,within_state,39,Joint_LDA,0.5625,0.5577007459412022,0.125
all,0,within_state,4,Raw,0.5238095238095237,0.5227272727272727,0.04761904761904767
all,0,within_state,4,Trait_LDA,0.5238095238095237,0.5227272727272727,0.04761904761904767
all,0,within_state,4,State_LDA,0.5476190476190477,0.5452991452991452,0.09523809523809523
all,0,within_state,4,Joint_LDA,0.5238095238095238,0.5238095238095238,0.04761904761904767
all,0,within_state,40,Raw,0.5,0.4857142857142857,0.0
all,0,within_state,40,Trait_LDA,0.5,0.4857142857142857,0.0
all,0,within_state,40,State_LDA,0.41666666666666663,0.4125874125874126,-0.16666666666666674
all,0,within_state,40,Joint_LDA,0.41666666666666663,0.4125874125874126,-0.16666666666666674
all,0,within_state,6,Raw,0.5238095238095238,0.5194508009153318,0.04761904761904767
all,0,within_state,6,Trait_LDA,0.5238095238095238,0.5194508009153318,0.04761904761904767
all,0,within_state,6,State_LDA,0.5357142857142857,0.5303225806451612,0.0714285714285714
all,0,within_state,6,Joint_LDA,0.4880952380952381,0.48451548451548454,-0.023809523809523725
all,0,within_state,7,Raw,0.8,0.7916666666666667,0.6
all,0,within_state,7,Trait_LDA,0.8,0.7916666666666667,0.6
all,0,within_state,7,State_LDA,0.4,0.375,-0.19999999999999996
all,0,within_state,7,Joint_LDA,0.4,0.375,-0.19999999999999996
all,0,within_state,8,Raw,0.625,0.6235294117647059,0.25
all,0,within_state,8,Trait_LDA,0.625,0.6235294117647059,0.25
all,0,within_state,8,State_LDA,0.59375,0.5933528836754643,0.1875
all,0,within_state,8,Joint_LDA,0.53125,0.530791788856305,0.0625
10,0,between_state,11,Raw,0.30000000000000004,0.29292929292929293,-0.3999999999999999
10,0,between_state,11,Trait_LDA,0.44999999999999996,0.4373401534526854,-0.10000000000000009
10,0,between_state,11,State_LDA,0.30000000000000004,0.29292929292929293,-0.3999999999999999
10,0,between_state,11,Joint_LDA,0.5,0.4791666666666667,0.0
10,0,between_state,12,Raw,0.6086956521739131,0.6057142857142856,0.21739130434782605
10,0,between_state,12,Trait_LDA,0.41304347826086957,0.41276595744680855,-0.17391304347826098
10,0,between_state,12,State_LDA,0.6086956521739131,0.6057142857142856,0.21739130434782605
10,0,between_state,12,Joint_LDA,0.5652173913043479,0.5643939393939394,0.13043478260869568
10,0,between_state,16,Raw,0.6428571428571428,0.625668449197861,0.2857142857142857
10,0,between_state,16,Trait_LDA,0.5357142857142857,0.4822190611664296,0.0714285714285714
10,0,between_state,16,State_LDA,0.6428571428571428,0.625668449197861,0.2857142857142857
10,0,between_state,16,Joint_LDA,0.5357142857142857,0.5204216073781291,0.0714285714285714
10,0,between_state,22,Raw,0.575,0.5615731785944552,0.15000000000000002
10,0,between_state,22,Trait_LDA,0.6000000000000001,0.5833333333333333,0.19999999999999996
10,0,between_state,22,State_LDA,0.575,0.5615731785944552,0.15000000000000002
10,0,between_state,22,Joint_LDA,0.6,0.595959595959596,0.19999999999999996
10,0,between_state,28,Raw,0.5769230769230769,0.5712143928035982,0.15384615384615385
10,0,between_state,28,Trait_LDA,0.5769230769230769,0.5438596491228069,0.15384615384615385
10,0,between_state,28,State_LDA,0.5769230769230769,0.5712143928035982,0.15384615384615385
10,0,between_state,28,Joint_LDA,0.6538461538461539,0.6533333333333333,0.3076923076923077
10,0,between_state,30,Raw,0.5681818181818181,0.5679586563307493,0.13636363636363635
10,0,between_state,30,Trait_LDA,0.6136363636363636,0.6036036036036037,0.2272727272727273
10,0,between_state,30,State_LDA,0.5681818181818181,0.5679586563307493,0.13636363636363635
10,0,between_state,30,Joint_LDA,0.5909090909090909,0.5580357142857143,0.18181818181818177
10,0,between_state,32,Raw,0.5588235294117647,0.5553618134263296,0.11764705882352944
10,0,between_state,32,Trait_LDA,0.4411764705882353,0.4406926406926407,-0.11764705882352944
10,0,between_state,32,State_LDA,0.5588235294117647,0.5553618134263296,0.11764705882352944
10,0,between_state,32,Joint_LDA,0.5,0.49956709956709955,0.0
10,0,between_state,36,Raw,0.7916666666666667,0.7822141560798548,0.5833333333333333
10,0,between_state,36,Trait_LDA,0.6666666666666666,0.6444444444444444,0.33333333333333337
10,0,between_state,36,State_LDA,0.7916666666666667,0.7822141560798548,0.5833333333333333
10,0,between_state,36,Joint_LDA,0.7083333333333334,0.6812144212523719,0.41666666666666663
10,0,between_state,39,Raw,0.7291666666666667,0.7261956998683634,0.45833333333333337
10,0,between_state,39,Trait_LDA,0.7083333333333333,0.6950998185117967,0.41666666666666663
10,0,between_state,39,State_LDA,0.7291666666666667,0.7261956998683634,0.45833333333333337
10,0,between_state,39,Joint_LDA,0.6666666666666666,0.6515426497277677,0.33333333333333337
10,0,between_state,8,Raw,0.5625,0.5607843137254902,0.125
10,0,between_state,8,Trait_LDA,0.53125,0.530791788856305,0.0625
10,0,between_state,8,State_LDA,0.5625,0.5607843137254902,0.125
10,0,between_state,8,Joint_LDA,0.5,0.4980392156862745,0.0
10,1,between_state,1,Raw,0.6470588235294118,0.6470588235294118,0.2941176470588235
10,1,between_state,1,Trait_LDA,0.6470588235294117,0.6421052631578947,0.2941176470588235
10,1,between_state,1,State_LDA,0.6470588235294118,0.6470588235294118,0.2941176470588235
10,1,between_state,1,Joint_LDA,0.6176470588235294,0.6173160173160173,0.23529411764705888
10,1,between_state,10,Raw,0.4130434782608695,0.3991291727140784,-0.17391304347826098
10,1,between_state,10,Trait_LDA,0.4565217391304348,0.4562647754137116,-0.08695652173913038
10,1,between_state,10,State_LDA,0.4130434782608695,0.3991291727140784,-0.17391304347826098
10,1,between_state,10,Joint_LDA,0.45652173913043476,0.4500239120038259,-0.08695652173913038
10,1,between_state,18,Raw,0.47368421052631576,0.4602272727272727,-0.05263157894736836
10,1,between_state,18,Trait_LDA,0.5,0.4968641114982578,0.0
10,1,between_state,18,State_LDA,0.47368421052631576,0.4602272727272727,-0.05263157894736836
10,1,between_state,18,Joint_LDA,0.42105263157894735,0.40625,-0.1578947368421053
10,1,between_state,20,Raw,0.6666666666666666,0.6666666666666666,0.33333333333333337
10,1,between_state,20,Trait_LDA,0.6666666666666666,0.625,0.33333333333333337
10,1,between_state,20,State_LDA,0.6666666666666666,0.6666666666666666,0.33333333333333337
10,1,between_state,20,Joint_LDA,0.6666666666666666,0.625,0.33333333333333337
10,1,between_state,22,Raw,0.6,0.5441595441595442,0.19999999999999996
10,1,between_state,22,Trait_LDA,0.575,0.5402298850574713,0.15000000000000002
10,1,between_state,22,State_LDA,0.6,0.5441595441595442,0.19999999999999996
10,1,between_state,22,Joint_LDA,0.6,0.5441595441595442,0.19999999999999996
10,1,between_state,25,Raw,0.5833333333333334,0.4957983193277311,0.16666666666666663
10,1,between_state,25,Trait_LDA,0.5833333333333333,0.5804195804195804,0.16666666666666663
10,1,between_state,25,State_LDA,0.5833333333333334,0.4957983193277311,0.16666666666666663
10,1,between_state,25,Joint_LDA,0.6666666666666667,0.6571428571428571,0.33333333333333337
10,1,between_state,27,Raw,0.5384615384615384,0.5322338830584707,0.07692307692307687
10,1,between_state,27,Trait_LDA,0.5384615384615384,0.5322338830584707,0.07692307692307687
10,1,between_state,27,State_LDA,0.5192307692307693,0.5103578154425612,0.038461538461538436
10,1,between_state,27,Joint_LDA,0.46153846153846156,0.43125,-0.07692307692307687
10,1,between_state,3,Raw,0.6153846153846154,0.6153846153846154,0.23076923076923073
10,1,between_state,3,Trait_LDA,0.6538461538461539,0.6533333333333333,0.3076923076923077
10,1,between_state,3,State_LDA,0.6153846153846154,0.6153846153846154,0.23076923076923073
10,1,between_state,3,Joint_LDA,0.6923076923076923,0.6923076923076923,0.3846153846153846
10,1,between_state,37,Raw,0.5666666666666667,0.5622895622895623,0.1333333333333333
10,1,between_state,37,Trait_LDA,0.5,0.4857142857142857,0.0
10,1,between_state,37,State_LDA,0.5666666666666667,0.5622895622895623,0.1333333333333333
10,1,between_state,37,Joint_LDA,0.5,0.4712103407755582,0.0
10,1,between_state,39,Raw,0.6666666666666666,0.6515426497277677,0.33333333333333337
10,1,between_state,39,Trait_LDA,0.6041666666666666,0.6026143790849673,0.20833333333333337
10,1,between_state,39,State_LDA,0.6666666666666666,0.6515426497277677,0.33333333333333337
10,1,between_state,39,Joint_LDA,0.5833333333333334,0.5714285714285714,0.16666666666666663
10,2,between_state,12,Raw,0.4782608695652174,0.4619883040935673,-0.04347826086956519
10,2,between_state,12,Trait_LDA,0.5,0.4881470730527334,0.0
10,2,between_state,12,State_LDA,0.4782608695652174,0.4619883040935673,-0.04347826086956519
10,2,between_state,12,Joint_LDA,0.4782608695652174,0.4619883040935673,-0.04347826086956519
10,2,between_state,15,Raw,0.43333333333333335,0.43270300333704115,-0.1333333333333333
10,2,between_state,15,Trait_LDA,0.43333333333333335,0.43270300333704115,-0.1333333333333333
10,2,between_state,15,State_LDA,0.43333333333333335,0.43270300333704115,-0.1333333333333333
10,2,between_state,15,Joint_LDA,0.5666666666666667,0.5661846496106786,0.1333333333333333
10,2,between_state,17,Raw,0.6666666666666667,0.6571428571428571,0.33333333333333337
10,2,between_state,17,Trait_LDA,0.8333333333333333,0.8285714285714285,0.6666666666666667
10,2,between_state,17,State_LDA,0.6666666666666667,0.6571428571428571,0.33333333333333337
10,2,between_state,17,Joint_LDA,0.5833333333333333,0.5804195804195804,0.16666666666666663
10,2,between_state,21,Raw,0.5,0.4817813765182186,0.0
10,2,between_state,21,Trait_LDA,0.53125,0.4909862142099682,0.0625
10,2,between_state,21,State_LDA,0.5,0.4817813765182186,0.0
10,2,between_state,21,Joint_LDA,0.5,0.4920634920634921,0.0
10,2,between_state,27,Raw,0.5,0.49702380952380953,0.0
10,2,between_state,27,Trait_LDA,0.5,0.49925925925925924,0.0
10,2,between_state,27,State_LDA,0.5,0.49702380952380953,0.0
10,2,between_state,27,Joint_LDA,0.5576923076923077,0.557528671846097,0.11538461538461542
10,2,between_state,29,Raw,0.4642857142857143,0.46360153256704983,-0.0714285714285714
10,2,between_state,29,Trait_LDA,0.5357142857142857,0.5351213282247764,0.0714285714285714
10,2,between_state,29,State_LDA,0.4642857142857143,0.46360153256704983,-0.0714285714285714
10,2,between_state,29,Joint_LDA,0.4642857142857143,0.46360153256704983,-0.0714285714285714
10,2,between_state,32,Raw,0.6470588235294118,0.6458333333333333,0.2941176470588235
10,2,between_state,32,Trait_LDA,0.4411764705882353,0.4406926406926407,-0.11764705882352944
10,2,between_state,32,State_LDA,0.6470588235294118,0.6458333333333333,0.2941176470588235
10,2,between_state,32,Joint_LDA,0.5294117647058824,0.5277777777777778,0.05882352941176472
10,2,between_state,40,Raw,0.41666666666666663,0.4125874125874126,-0.16666666666666674
10,2,between_state,40,Trait_LDA,0.5833333333333333,0.5804195804195804,0.16666666666666663
10,2,between_state,40,State_LDA,0.41666666666666663,0.4125874125874126,-0.16666666666666674
10,2,between_state,40,Joint_LDA,0.41666666666666663,0.4125874125874126,-0.16666666666666674
10,2,between_state,6,Raw,0.47619047619047616,0.4758933635847986,-0.04761904761904767
10,2,between_state,6,Trait_LDA,0.5357142857142857,0.5276135544340302,0.0714285714285714
10,2,between_state,6,State_LDA,0.47619047619047616,0.4758933635847986,-0.04761904761904767
10,2,between_state,6,Joint_LDA,0.45238095238095244,0.4473684210526316,-0.09523809523809534
10,2,between_state,7,Raw,0.8,0.7916666666666667,0.6
10,2,between_state,7,Trait_LDA,0.6000000000000001,0.5833333333333333,0.19999999999999996
10,2,between_state,7,State_LDA,0.8,0.7916666666666667,0.6
10,2,between_state,7,Joint_LDA,0.8,0.8,0.6
10,3,between_state,24,Raw,0.5,0.4984520123839009,0.0
10,3,between_state,24,Trait_LDA,0.6666666666666666,0.6666666666666666,0.33333333333333337
10,3,between_state,24,State_LDA,0.5,0.4984520123839009,0.0
10,3,between_state,24,Joint_LDA,0.5,0.4857142857142857,0.0
10,3,between_state,25,Raw,0.6666666666666666,0.625,0.33333333333333337
10,3,between_state,25,Trait_LDA,0.6666666666666666,0.625,0.33333333333333337
10,3,between_state,25,State_LDA,0.6666666666666666,0.625,0.33333333333333337
10,3,between_state,25,Joint_LDA,0.8333333333333333,0.8285714285714285,0.6666666666666667
10,3,between_state,27,Raw,0.5,0.471875,0.0
10,3,between_state,27,Trait_LDA,0.5576923076923077,0.5562152133580704,0.11538461538461542
10,3,between_state,27,State_LDA,0.5,0.471875,0.0
10,3,between_state,27,Joint_LDA,0.5,0.4932533733133433,0.0
10,3,between_state,28,Raw,0.5,0.4807987711213518,0.0
10,3,between_state,28,Trait_LDA,0.5769230769230769,0.5438596491228069,0.15384615384615385
10,3,between_state,28,State_LDA,0.5,0.4807987711213518,0.0
10,3,between_state,28,Joint_LDA,0.5384615384615384,0.4901960784313726,0.07692307692307687
10,3,between_state,3,Raw,0.5769230769230769,0.5762962962962963,0.15384615384615385
10,3,between_state,3,Trait_LDA,0.6153846153846154,0.606060606060606,0.23076923076923073
10,3,between_state,3,State_LDA,0.5769230769230769,0.5762962962962963,0.15384615384615385
10,3,between_state,3,Joint_LDA,0.6923076923076923,0.675,0.3846153846153846
10,3,between_state,31,Raw,0.5454545454545454,0.5089285714285714,0.09090909090909094
10,3,between_state,31,Trait_LDA,0.6363636363636364,0.6239316239316239,0.2727272727272727
10,3,between_state,31,State_LDA,0.5454545454545454,0.5089285714285714,0.09090909090909094
10,3,between_state,31,Joint_LDA,0.5454545454545454,0.5299145299145299,0.09090909090909094
10,3,between_state,32,Raw,0.6470588235294118,0.6458333333333333,0.2941176470588235
10,3,between_state,32,Trait_LDA,0.5294117647058824,0.5018315018315018,0.05882352941176472
10,3,between_state,32,State_LDA,0.6470588235294118,0.6458333333333333,0.2941176470588235
10,3,between_state,32,Joint_LDA,0.5294117647058824,0.5018315018315018,0.05882352941176472
10,3,between_state,33,Raw,0.5,0.5,0.0
10,3,between_state,33,Trait_LDA,0.6666666666666667,0.6571428571428571,0.33333333333333337
10,3,between_state,33,State_LDA,0.5,0.5,0.0
10,3,between_state,33,Joint_LDA,0.6666666666666666,0.6666666666666666,0.33333333333333337
10,3,between_state,36,Raw,0.6666666666666666,0.625,0.33333333333333337
10,3,between_state,36,Trait_LDA,0.6666666666666666,0.6444444444444444,0.33333333333333337
10,3,between_state,36,State_LDA,0.6666666666666666,0.625,0.33333333333333337
10,3,between_state,36,Joint_LDA,0.6666666666666666,0.6444444444444444,0.33333333333333337
10,3,between_state,39,Raw,0.6458333333333333,0.6419482229047828,0.29166666666666663
10,3,between_state,39,Trait_LDA,0.5208333333333334,0.515577007459412,0.04166666666666663
10,3,between_state,39,State_LDA,0.6458333333333333,0.6419482229047828,0.29166666666666663
10,3,between_state,39,Joint_LDA,0.6041666666666666,0.5955654101995566,0.20833333333333337
10,4,between_state,11,Raw,0.5,0.4791666666666667,0.0
10,4,between_state,11,Trait_LDA,0.4,0.3939393939393939,-0.19999999999999996
10,4,between_state,11,State_LDA,0.5,0.4791666666666667,0.0
10,4,between_state,11,Joint_LDA,0.35,0.3483709273182957,-0.30000000000000004
10,4,between_state,14,Raw,0.5,0.4666666666666667,0.0
10,4,between_state,14,Trait_LDA,0.5,0.4666666666666667,0.0
10,4,between_state,14,State_LDA,0.5,0.4666666666666667,0.0
10,4,between_state,14,Joint_LDA,0.375,0.2727272727272727,-0.25
10,4,between_state,15,Raw,0.5,0.4949494949494949,0.0
10,4,between_state,15,Trait_LDA,0.6333333333333333,0.6296296296296295,0.2666666666666667
10,4,between_state,15,State_LDA,0.5,0.4949494949494949,0.0
10,4,between_state,15,Joint_LDA,0.6,0.5982142857142857,0.19999999999999996
10,4,between_state,17,Raw,0.5833333333333333,0.5804195804195804,0.16666666666666663
10,4,between_state,17,Trait_LDA,0.5,0.4857142857142857,0.0
10,4,between_state,17,State_LDA,0.5833333333333333,0.5804195804195804,0.16666666666666663
10,4,between_state,17,Joint_LDA,0.41666666666666663,0.37777777777777777,-0.16666666666666674
10,4,between_state,18,Raw,0.42105263157894735,0.41944444444444445,-0.1578947368421053
10,4,between_state,18,Trait_LDA,0.47368421052631576,0.4602272727272727,-0.05263157894736836
10,4,between_state,18,State_LDA,0.42105263157894735,0.41944444444444445,-0.1578947368421053
10,4,between_state,18,Joint_LDA,0.4473684210526315,0.44390243902439025,-0.10526315789473695
10,4,between_state,22,Raw,0.525,0.4861392832995267,0.050000000000000044
10,4,between_state,22,Trait_LDA,0.42500000000000004,0.39433838051349573,-0.1499999999999999
10,4,between_state,22,State_LDA,0.525,0.4861392832995267,0.050000000000000044
10,4,between_state,22,Joint_LDA,0.35,0.30666666666666664,-0.30000000000000004
10,4,between_state,26,Raw,0.5,0.4984520123839009,0.0
10,4,between_state,26,Trait_LDA,0.5,0.4857142857142857,0.0
10,4,between_state,26,State_LDA,0.5,0.4984520123839009,0.0
10,4,between_state,26,Joint_LDA,0.5555555555555556,0.5555555555555556,0.11111111111111116
10,4,between_state,3,Raw,0.6923076923076923,0.6848484848484848,0.3846153846153846
10,4,between_state,3,Trait_LDA,0.7307692307692308,0.7303703703703703,0.46153846153846156
10,4,between_state,3,State_LDA,0.6923076923076923,0.6848484848484848,0.3846153846153846
10,4,between_state,3,Joint_LDA,0.6538461538461539,0.6533333333333333,0.3076923076923077
10,4,between_state,34,Raw,0.40909090909090906,0.39789473684210525,-0.18181818181818188
10,4,between_state,34,Trait_LDA,0.40909090909090906,0.3769063180827886,-0.18181818181818188
10,4,between_state,34,State_LDA,0.40909090909090906,0.39789473684210525,-0.18181818181818188
10,4,between_state,34,Joint_LDA,0.36363636363636365,0.3125,-0.2727272727272727
10,4,between_state,6,Raw,0.4642857142857143,0.4549387166546503,-0.0714285714285714
10,4,between_state,6,Trait_LDA,0.5714285714285714,0.5456730769230769,0.1428571428571429
10,4,between_state,6,State_LDA,0.4642857142857143,0.4549387166546503,-0.0714285714285714
10,4,between_state,6,Joint_LDA,0.41666666666666663,0.39745278875713663,-0.16666666666666674
10,5,between_state,11,Raw,0.45,0.44862155388471175,-0.10000000000000009
10,5,between_state,11,Trait_LDA,0.55,0.5396419437340154,0.09999999999999998
10,5,between_state,11,State_LDA,0.45,0.44862155388471175,-0.10000000000000009
10,5,between_state,11,Joint_LDA,0.55,0.5396419437340154,0.09999999999999998
10,5,between_state,12,Raw,0.5,0.4800982800982801,0.0
10,5,between_state,12,Trait_LDA,0.5217391304347826,0.5180952380952382,0.04347826086956519
10,5,between_state,12,State_LDA,0.5,0.4800982800982801,0.0
10,5,between_state,12,Joint_LDA,0.5,0.4800982800982801,0.0
10,5,between_state,13,Raw,0.5227272727272727,0.4909090909090909,0.045454545454545414
10,5,between_state,13,Trait_LDA,0.5909090909090909,0.5580357142857143,0.18181818181818177
10,5,between_state,13,State_LDA,0.5227272727272727,0.4909090909090909,0.045454545454545414
10,5,between_state,13,Joint_LDA,0.47727272727272724,0.4544474393530997,-0.045454545454545414
10,5,between_state,22,Raw,0.475,0.4584139264990329,-0.050000000000000044
10,5,between_state,22,Trait_LDA,0.45,0.4270833333333333,-0.10000000000000009
10,5,between_state,22,State_LDA,0.5,0.4791666666666667,0.0
10,5,between_state,22,Joint_LDA,0.55,0.5396419437340154,0.09999999999999998
10,5,between_state,23,Raw,0.6875,0.6862745098039216,0.375
10,5,between_state,23,Trait_LDA,0.5,0.4920634920634921,0.0
10,5,between_state,23,State_LDA,0.6875,0.6862745098039216,0.375
10,5,between_state,23,Joint_LDA,0.6875,0.6761133603238867,0.375
10,5,between_state,24,Raw,0.5555555555555556,0.5555555555555556,0.11111111111111116
10,5,between_state,24,Trait_LDA,0.5555555555555556,0.5555555555555556,0.11111111111111116
10,5,between_state,24,State_LDA,0.5555555555555556,0.5555555555555556,0.11111111111111116
10,5,between_state,24,Joint_LDA,0.5,0.4984520123839009,0.0
10,5,between_state,3,Raw,0.6153846153846154,0.6153846153846154,0.23076923076923073
10,5,between_state,3,Trait_LDA,0.6538461538461539,0.6533333333333333,0.3076923076923077
10,5,between_state,3,State_LDA,0.6153846153846154,0.6153846153846154,0.23076923076923073
10,5,between_state,3,Joint_LDA,0.5769230769230769,0.5762962962962963,0.15384615384615385
10,5,between_state,31,Raw,0.5454545454545454,0.47619047619047616,0.09090909090909094
10,5,between_state,31,Trait_LDA,0.45454545454545453,0.45454545454545453,-0.09090909090909083
10,5,between_state,31,State_LDA,0.5454545454545454,0.47619047619047616,0.09090909090909094
10,5,between_state,31,Joint_LDA,0.4545454545454546,0.37142857142857144,-0.09090909090909083
10,5,between_state,7,Raw,0.6,0.6,0.19999999999999996
10,5,between_state,7,Trait_LDA,0.6,0.6,0.19999999999999996
10,5,between_state,7,State_LDA,0.6,0.6,0.19999999999999996
10,5,between_state,7,Joint_LDA,0.6,0.6,0.19999999999999996
10,5,between_state,8,Raw,0.5,0.4980392156862745,0.0
10,5,between_state,8,Trait_LDA,0.5,0.4980392156862745,0.0
10,5,between_state,8,State_LDA,0.5,0.4980392156862745,0.0
10,5,between_state,8,Joint_LDA,0.59375,0.5901477832512315,0.1875
10,6,between_state,10,Raw,0.5434782608695652,0.5415282392026578,0.08695652173913049
10,6,between_state,10,Trait_LDA,0.5217391304347826,0.5208333333333333,0.04347826086956519
10,6,between_state,10,State_LDA,0.5434782608695652,0.5415282392026578,0.08695652173913049
10,6,between_state,10,Joint_LDA,0.43478260869565216,0.43047619047619046,-0.13043478260869557
10,6,between_state,12,Raw,0.4782608695652174,0.4772727272727273,-0.04347826086956519
10,6,between_state,12,Trait_LDA,0.5,0.49786426198386335,0.0
10,6,between_state,12,State_LDA,0.4782608695652174,0.4772727272727273,-0.04347826086956519
10,6,between_state,12,Joint_LDA,0.4782608695652174,0.4772727272727273,-0.04347826086956519
10,6,between_state,2,Raw,0.5,0.4949494949494949,0.0
10,6,between_state,2,Trait_LDA,0.7,0.696969696969697,0.4
10,6,between_state,2,State_LDA,0.5,0.4949494949494949,0.0
10,6,between_state,2,Joint_LDA,0.5,0.4949494949494949,0.0
10,6,between_state,23,Raw,0.5,0.4920634920634921,0.0
10,6,between_state,23,Trait_LDA,0.5625,0.5465587044534412,0.125
10,6,between_state,23,State_LDA,0.5,0.4920634920634921,0.0
10,6,between_state,23,Joint_LDA,0.625,0.6190476190476191,0.25
10,6,between_state,25,Raw,0.75,0.7482517482517483,0.5
10,6,between_state,25,Trait_LDA,0.5833333333333333,0.5804195804195804,0.16666666666666663
10,6,between_state,25,State_LDA,0.75,0.7482517482517483,0.5
10,6,between_state,25,Joint_LDA,0.5833333333333333,0.5804195804195804,0.16666666666666663
10,6,between_state,27,Raw,0.4807692307692308,0.48057713651498335,-0.03846153846153855
10,6,between_state,27,Trait_LDA,0.5,0.49702380952380953,0.0
10,6,between_state,27,State_LDA,0.4807692307692308,0.48057713651498335,-0.03846153846153855
10,6,between_state,27,Joint_LDA,0.5,0.4807987711213518,0.0
10,6,between_state,3,Raw,0.576923076923077,0.5606758832565284,0.15384615384615385
10,6,between_state,3,Trait_LDA,0.6538461538461539,0.6405529953917051,0.3076923076923077
10,6,between_state,3,State_LDA,0.576923076923077,0.5606758832565284,0.15384615384615385
10,6,between_state,3,Joint_LDA,0.6538461538461539,0.6405529953917051,0.3076923076923077
10,6,between_state,31,Raw,0.5909090909090909,0.5831578947368421,0.18181818181818177
10,6,between_state,31,Trait_LDA,0.40909090909090906,0.39789473684210525,-0.18181818181818188
10,6,between_state,31,State_LDA,0.6363636363636364,0.6333333333333333,0.2727272727272727
10,6,between_state,31,Joint_LDA,0.5909090909090908,0.5900621118012422,0.18181818181818177
10,6,between_state,32,Raw,0.5294117647058824,0.5142857142857142,0.05882352941176472
10,6,between_state,32,Trait_LDA,0.4411764705882353,0.4406926406926407,-0.11764705882352944
10,6,between_state,32,State_LDA,0.5294117647058824,0.5142857142857142,0.05882352941176472
10,6,between_state,32,Joint_LDA,0.6764705882352942,0.6761904761904762,0.3529411764705882
10,6,between_state,40,Raw,0.5833333333333333,0.5804195804195804,0.16666666666666663
10,6,between_state,40,Trait_LDA,0.3333333333333333,0.3333333333333333,-0.33333333333333326
10,6,between_state,40,State_LDA,0.5833333333333333,0.5804195804195804,0.16666666666666663
10,6,between_state,40,Joint_LDA,0.41666666666666663,0.4125874125874126,-0.16666666666666674
10,7,between_state,10,Raw,0.5434782608695652,0.5380200860832138,0.08695652173913049
10,7,between_state,10,Trait_LDA,0.5,0.4881470730527334,0.0
10,7,between_state,10,State_LDA,0.5434782608695652,0.5380200860832138,0.08695652173913049
10,7,between_state,10,Joint_LDA,0.5217391304347826,0.50682261208577,0.04347826086956519
10,7,between_state,19,Raw,0.6000000000000001,0.5833333333333333,0.19999999999999996
10,7,between_state,19,Trait_LDA,0.5,0.45054945054945056,0.0
10,7,between_state,19,State_LDA,0.6000000000000001,0.5833333333333333,0.19999999999999996
10,7,between_state,19,Joint_LDA,0.5,0.4949494949494949,0.0
10,7,between_state,21,Raw,0.625,0.6,0.25
10,7,between_state,21,Trait_LDA,0.53125,0.5195195195195195,0.0625
10,7,between_state,21,State_LDA,0.625,0.6,0.25
10,7,between_state,21,Joint_LDA,0.59375,0.5733333333333333,0.1875
10,7,between_state,26,Raw,0.3333333333333333,0.25,-0.33333333333333326
10,7,between_state,26,Trait_LDA,0.4444444444444444,0.41558441558441556,-0.11111111111111116
10,7,between_state,26,State_LDA,0.3333333333333333,0.25,-0.33333333333333326
10,7,between_state,26,Joint_LDA,0.38888888888888884,0.3377926421404682,-0.22222222222222232
10,7,between_state,3,Raw,0.5769230769230769,0.5762962962962963,0.15384615384615385
10,7,between_state,3,Trait_LDA,0.5,0.4807987711213518,0.0
10,7,between_state,3,State_LDA,0.5769230769230769,0.5762962962962963,0.15384615384615385
10,7,between_state,3,Joint_LDA,0.5,0.49925925925925924,0.0
10,7,between_state,31,Raw,0.5,0.4905263157894737,0.0
10,7,between_state,31,Trait_LDA,0.45454545454545453,0.45454545454545453,-0.09090909090909083
10,7,between_state,31,State_LDA,0.5,0.4905263157894737,0.0
10,7,between_state,31,Joint_LDA,0.5454545454545454,0.5416666666666667,0.09090909090909094
10,7,between_state,33,Raw,0.5833333333333334,0.4957983193277311,0.16666666666666663
10,7,between_state,33,Trait_LDA,0.5833333333333334,0.4957983193277311,0.16666666666666663
10,7,between_state,33,State_LDA,0.5833333333333334,0.4957983193277311,0.16666666666666663
10,7,between_state,33,Joint_LDA,0.5,0.4375,0.0
10,7,between_state,39,Raw,0.5833333333333333,0.5804195804195804,0.16666666666666663
10,7,between_state,39,Trait_LDA,0.5416666666666667,0.5408695652173914,0.08333333333333337
10,7,between_state,39,State_LDA,0.5833333333333333,0.5804195804195804,0.16666666666666663
10,7,between_state,39,Joint_LDA,0.5208333333333333,0.5104212860310421,0.04166666666666663
10,7,between_state,4,Raw,0.47619047619047616,0.44471153846153844,-0.04761904761904767
10,7,between_state,4,Trait_LDA,0.5714285714285714,0.5333333333333333,0.1428571428571429
10,7,between_state,4,State_LDA,0.47619047619047616,0.44471153846153844,-0.04761904761904767
10,7,between_state,4,Joint_LDA,0.6428571428571428,0.6050156739811913,0.2857142857142857
10,7,between_state,40,Raw,0.25,0.2,-0.5
10,7,between_state,40,Trait_LDA,0.3333333333333333,0.3333333333333333,-0.33333333333333326
10,7,between_state,40,State_LDA,0.25,0.2,-0.5
10,7,between_state,40,Joint_LDA,0.25,0.2,-0.5
10,8,between_state,17,Raw,0.25,0.24475524475524477,-0.5
10,8,between_state,17,Trait_LDA,0.41666666666666663,0.37777777777777777,-0.16666666666666674
10,8,between_state,17,State_LDA,0.25,0.24475524475524477,-0.5
10,8,between_state,17,Joint_LDA,0.5833333333333333,0.5804195804195804,0.16666666666666663
10,8,between_state,26,Raw,0.7222222222222222,0.7142857142857142,0.4444444444444444
10,8,between_state,26,Trait_LDA,0.7777777777777778,0.7662337662337663,0.5555555555555556
10,8,between_state,26,State_LDA,0.7222222222222222,0.7142857142857142,0.4444444444444444
10,8,between_state,26,Joint_LDA,0.7222222222222222,0.7213622291021672,0.4444444444444444
10,8,between_state,3,Raw,0.5769230769230769,0.5712143928035982,0.15384615384615385
10,8,between_state,3,Trait_LDA,0.6538461538461539,0.6533333333333333,0.3076923076923077
10,8,between_state,3,State_LDA,0.5769230769230769,0.5712143928035982,0.15384615384615385
10,8,between_state,3,Joint_LDA,0.6153846153846154,0.6130952380952381,0.23076923076923073
10,8,between_state,30,Raw,0.5454545454545454,0.5454545454545454,0.09090909090909094
10,8,between_state,30,Trait_LDA,0.5,0.5,0.0
10,8,between_state,30,State_LDA,0.5454545454545454,0.5454545454545454,0.09090909090909094
10,8,between_state,30,Joint_LDA,0.6136363636363636,0.60858189429618,0.2272727272727273
10,8,between_state,33,Raw,0.5833333333333334,0.5555555555555556,0.16666666666666663
10,8,between_state,33,Trait_LDA,0.5,0.5,0.0
10,8,between_state,33,State_LDA,0.5833333333333334,0.5555555555555556,0.16666666666666663
10,8,between_state,33,Joint_LDA,0.75,0.7333333333333334,0.5
10,8,between_state,34,Raw,0.40909090909090906,0.39789473684210525,-0.18181818181818188
10,8,between_state,34,Trait_LDA,0.3181818181818182,0.3167701863354037,-0.36363636363636354
10,8,between_state,34,State_LDA,0.40909090909090906,0.39789473684210525,-0.18181818181818188
10,8,between_state,34,Joint_LDA,0.5454545454545454,0.5299145299145299,0.09090909090909094
10,8,between_state,37,Raw,0.4666666666666667,0.4642857142857143,-0.06666666666666665
10,8,between_state,37,Trait_LDA,0.3333333333333333,0.3333333333333333,-0.33333333333333326
10,8,between_state,37,State_LDA,0.4666666666666667,0.4642857142857143,-0.06666666666666665
10,8,between_state,37,Joint_LDA,0.4666666666666667,0.4570135746606335,-0.06666666666666665
10,8,between_state,6,Raw,0.5,0.47593582887700536,0.0
10,8,between_state,6,Trait_LDA,0.5119047619047619,0.4723456411827792,0.023809523809523836
10,8,between_state,6,State_LDA,0.5,0.47593582887700536,0.0
10,8,between_state,6,Joint_LDA,0.5,0.4555555555555556,0.0
10,8,between_state,7,Raw,0.7,0.696969696969697,0.4
10,8,between_state,7,Trait_LDA,0.6000000000000001,0.5833333333333333,0.19999999999999996
10,8,between_state,7,State_LDA,0.7,0.696969696969697,0.4
10,8,between_state,7,Joint_LDA,0.8,0.8,0.6
10,8,between_state,8,Raw,0.625,0.6190476190476191,0.25
10,8,between_state,8,Trait_LDA,0.46875,0.4231177094379639,-0.0625
10,8,between_state,8,State_LDA,0.625,0.6190476190476191,0.25
10,8,between_state,8,Joint_LDA,0.5625,0.5465587044534412,0.125
10,9,between_state,17,Raw,0.5833333333333334,0.5555555555555556,0.16666666666666663
10,9,between_state,17,Trait_LDA,0.5833333333333334,0.5555555555555556,0.16666666666666663
10,9,between_state,17,State_LDA,0.5833333333333334,0.5555555555555556,0.16666666666666663
10,9,between_state,17,Joint_LDA,0.41666666666666663,0.4125874125874126,-0.16666666666666674
10,9,between_state,18,Raw,0.631578947368421,0.6221590909090908,0.26315789473684215
10,9,between_state,18,Trait_LDA,0.5789473684210527,0.5476190476190476,0.1578947368421053
10,9,between_state,18,State_LDA,0.631578947368421,0.6221590909090908,0.26315789473684215
10,9,between_state,18,Joint_LDA,0.5789473684210527,0.5681818181818181,0.1578947368421053
10,9,between_state,2,Raw,0.6,0.6,0.19999999999999996
10,9,between_state,2,Trait_LDA,0.8,0.8,0.6
10,9,between_state,2,State_LDA,0.6,0.6,0.19999999999999996
10,9,between_state,2,Joint_LDA,0.5,0.4949494949494949,0.0
10,9,between_state,35,Raw,0.5208333333333334,0.515577007459412,0.04166666666666663
10,9,between_state,35,Trait_LDA,0.33333333333333337,0.32867132867132864,-0.33333333333333326
10,9,between_state,35,State_LDA,0.5208333333333334,0.515577007459412,0.04166666666666663
10,9,between_state,35,Joint_LDA,0.39583333333333337,0.38920579201404126,-0.20833333333333326
10,9,between_state,36,Raw,0.5416666666666667,0.4990512333965844,0.08333333333333337
10,9,between_state,36,Trait_LDA,0.5,0.4375,0.0
10,9,between_state,36,State_LDA,0.5416666666666667,0.4990512333965844,0.08333333333333337
10,9,between_state,36,Joint_LDA,0.5833333333333334,0.5555555555555556,0.16666666666666663
10,9,between_state,37,Raw,0.5333333333333333,0.53125,0.06666666666666665
10,9,between_state,37,Trait_LDA,0.5,0.4857142857142857,0.0
10,9,between_state,37,State_LDA,0.5333333333333333,0.53125,0.06666666666666665
10,9,between_state,37,Joint_LDA,0.5333333333333333,0.5333333333333333,0.06666666666666665
10,9,between_state,39,Raw,0.5833333333333334,0.5833333333333334,0.16666666666666663
10,9,between_state,39,Trait_LDA,0.5625,0.5607843137254902,0.125
10,9,between_state,39,State_LDA,0.5833333333333334,0.5833333333333334,0.16666666666666663
10,9,between_state,39,Joint_LDA,0.5625,0.5529933481152993,0.125
10,9,between_state,40,Raw,0.75,0.7333333333333334,0.5
10,9,between_state,40,Trait_LDA,0.75,0.7333333333333334,0.5
10,9,between_state,40,State_LDA,0.75,0.7333333333333334,0.5
10,9,between_state,40,Joint_LDA,0.6666666666666667,0.6571428571428571,0.33333333333333337
10,9,between_state,6,Raw,0.48809523809523814,0.48627506755795763,-0.023809523809523725
10,9,between_state,6,Trait_LDA,0.5119047619047619,0.5118355776045358,0.023809523809523836
10,9,between_state,6,State_LDA,0.4761904761904762,0.4735042735042735,-0.04761904761904767
10,9,between_state,6,Joint_LDA,0.5119047619047619,0.5101692504622386,0.023809523809523836
10,9,between_state,7,Raw,0.4,0.375,-0.19999999999999996
10,9,between_state,7,Trait_LDA,0.30000000000000004,0.29292929292929293,-0.3999999999999999
10,9,between_state,7,State_LDA,0.4,0.375,-0.19999999999999996
10,9,between_state,7,Joint_LDA,0.4,0.375,-0.19999999999999996
20,0,between_state,10,Raw,0.4565217391304348,0.44363812288340587,-0.08695652173913038
20,0,between_state,10,Trait_LDA,0.43478260869565216,0.43047619047619046,-0.13043478260869557
20,0,between_state,10,State_LDA,0.4565217391304348,0.44363812288340587,-0.08695652173913038
20,0,between_state,10,Joint_LDA,0.4782608695652174,0.46923076923076923,-0.04347826086956519
20,0,between_state,11,Raw,0.5,0.4949494949494949,0.0
20,0,between_state,11,Trait_LDA,0.45,0.44862155388471175,-0.10000000000000009
20,0,between_state,11,State_LDA,0.5,0.4949494949494949,0.0
20,0,between_state,11,Joint_LDA,0.5,0.4949494949494949,0.0
20,0,between_state,13,Raw,0.4772727272727273,0.47483134405812144,-0.045454545454545414
20,0,between_state,13,Trait_LDA,0.6590909090909092,0.6574987026466009,0.31818181818181823
20,0,between_state,13,State_LDA,0.4772727272727273,0.47483134405812144,-0.045454545454545414
20,0,between_state,13,Joint_LDA,0.4772727272727273,0.47700258397932815,-0.045454545454545414
20,0,between_state,14,Raw,0.375,0.36507936507936506,-0.25
20,0,between_state,14,Trait_LDA,0.5,0.4666666666666667,0.0
20,0,between_state,14,State_LDA,0.375,0.36507936507936506,-0.25
20,0,between_state,14,Joint_LDA,0.625,0.5636363636363637,0.25
20,0,between_state,18,Raw,0.5789473684210527,0.5777777777777777,0.1578947368421053
20,0,between_state,18,Trait_LDA,0.4473684210526316,0.4376321353065539,-0.10526315789473695
20,0,between_state,18,State_LDA,0.5789473684210527,0.5777777777777777,0.1578947368421053
20,0,between_state,18,Joint_LDA,0.631578947368421,0.631578947368421,0.26315789473684215
20,0,between_state,21,Raw,0.3125,0.23809523809523808,-0.375
20,0,between_state,21,Trait_LDA,0.53125,0.4684385382059801,0.0625
20,0,between_state,21,State_LDA,0.3125,0.23809523809523808,-0.375
20,0,between_state,21,Joint_LDA,0.46875,0.3191489361702128,-0.0625
20,0,between_state,23,Raw,0.625,0.6,0.25
20,0,between_state,23,Trait_LDA,0.75,0.746031746031746,0.5
20,0,between_state,23,State_LDA,0.625,0.6,0.25
20,0,between_state,23,Joint_LDA,0.75,0.746031746031746,0.5
20,0,between_state,25,Raw,0.5,0.4857142857142857,0.0
20,0,between_state,25,Trait_LDA,0.5833333333333334,0.4957983193277311,0.16666666666666663
20,0,between_state,25,State_LDA,0.5,0.4857142857142857,0.0
20,0,between_state,25,Joint_LDA,0.6666666666666666,0.625,0.33333333333333337
20,0,between_state,26,Raw,0.7222222222222222,0.7213622291021672,0.4444444444444444
20,0,between_state,26,Trait_LDA,0.8333333333333333,0.8328173374613003,0.6666666666666667
20,0,between_state,26,State_LDA,0.7222222222222222,0.7213622291021672,0.4444444444444444
20,0,between_state,26,Joint_LDA,0.7777777777777777,0.775,0.5555555555555556
20,0,between_state,28,Raw,0.5,0.4609250398724083,0.0
20,0,between_state,28,Trait_LDA,0.576923076923077,0.5606758832565284,0.15384615384615385
20,0,between_state,28,State_LDA,0.5,0.4609250398724083,0.0
20,0,between_state,28,Joint_LDA,0.6153846153846154,0.606060606060606,0.23076923076923073
20,0,between_state,3,Raw,0.6538461538461539,0.6533333333333333,0.3076923076923077
20,0,between_state,3,Trait_LDA,0.7692307692307693,0.7692307692307693,0.5384615384615384
20,0,between_state,3,State_LDA,0.6538461538461539,0.6533333333333333,0.3076923076923077
20,0,between_state,3,Joint_LDA,0.6923076923076923,0.6904761904761905,0.3846153846153846
20,0,between_state,30,Raw,0.4772727272727273,0.46369899311075785,-0.045454545454545414
20,0,between_state,30,Trait_LDA,0.5454545454545454,0.5416666666666667,0.09090909090909094
20,0,between_state,30,State_LDA,0.4772727272727273,0.46369899311075785,-0.045454545454545414
20,0,between_state,30,Joint_LDA,0.5909090909090909,0.5769230769230769,0.18181818181818177
20,0,between_state,31,Raw,0.40909090909090906,0.4078674948240165,-0.18181818181818188
20,0,between_state,31,Trait_LDA,0.6363636363636364,0.6333333333333333,0.2727272727272727
20,0,between_state,31,State_LDA,0.40909090909090906,0.4078674948240165,-0.18181818181818188
20,0,between_state,31,Joint_LDA,0.5,0.47276688453159044,0.0
20,0,between_state,33,Raw,0.5,0.4375,0.0
20,0,between_state,33,Trait_LDA,0.5,0.3333333333333333,0.0
20,0,between_state,33,State_LDA,0.5,0.4375,0.0
20,0,between_state,33,Joint_LDA,0.5,0.3333333333333333,0.0
20,0,between_state,34,Raw,0.45454545454545453,0.45,-0.09090909090909083
20,0,between_state,34,Trait_LDA,0.5909090909090909,0.5686274509803921,0.18181818181818177
20,0,between_state,34,State_LDA,0.45454545454545453,0.45,-0.09090909090909083
20,0,between_state,34,Joint_LDA,0.5454545454545454,0.5299145299145299,0.09090909090909094
20,0,between_state,35,Raw,0.4375,0.42527716186252773,-0.125
20,0,between_state,35,Trait_LDA,0.6041666666666666,0.6026143790849673,0.20833333333333337
20,0,between_state,35,State_LDA,0.4375,0.42527716186252773,-0.125
20,0,between_state,35,Joint_LDA,0.5208333333333334,0.515577007459412,0.04166666666666663
20,0,between_state,36,Raw,0.5,0.4375,0.0
20,0,between_state,36,Trait_LDA,0.5833333333333333,0.53125,0.16666666666666663
20,0,between_state,36,State_LDA,0.5,0.4375,0.0
20,0,between_state,36,Joint_LDA,0.5833333333333334,0.4957983193277311,0.16666666666666663
20,0,between_state,37,Raw,0.6,0.5982142857142857,0.19999999999999996
20,0,between_state,37,Trait_LDA,0.5333333333333333,0.5248868778280543,0.06666666666666665
20,0,between_state,37,State_LDA,0.6,0.5982142857142857,0.19999999999999996
20,0,between_state,37,Joint_LDA,0.5333333333333333,0.5248868778280543,0.06666666666666665
20,0,between_state,38,Raw,0.4375,0.43529411764705883,-0.125
20,0,between_state,38,Trait_LDA,0.4375,0.43529411764705883,-0.125
20,0,between_state,38,State_LDA,0.4375,0.43529411764705883,-0.125
20,0,between_state,38,Joint_LDA,0.5,0.4980392156862745,0.0
20,0,between_state,8,Raw,0.59375,0.5588547189819725,0.1875
20,0,between_state,8,Trait_LDA,0.59375,0.5835835835835836,0.1875
20,0,between_state,8,State_LDA,0.59375,0.5588547189819725,0.1875
20,0,between_state,8,Joint_LDA,0.59375,0.5733333333333333,0.1875
20,1,between_state,1,Raw,0.7058823529411764,0.6886446886446886,0.4117647058823529
20,1,between_state,1,Trait_LDA,0.7058823529411764,0.678030303030303,0.4117647058823529
20,1,between_state,1,State_LDA,0.7058823529411764,0.6886446886446886,0.4117647058823529
20,1,between_state,1,Joint_LDA,0.6764705882352942,0.652093023255814,0.3529411764705882
20,1,between_state,15,Raw,0.5666666666666667,0.5622895622895623,0.1333333333333333
20,1,between_state,15,Trait_LDA,0.6,0.5927601809954751,0.19999999999999996
20,1,between_state,15,State_LDA,0.5666666666666667,0.5622895622895623,0.1333333333333333
20,1,between_state,15,Joint_LDA,0.5,0.4857142857142857,0.0
20,1,between_state,17,Raw,0.41666666666666663,0.4125874125874126,-0.16666666666666674
20,1,between_state,17,Trait_LDA,0.41666666666666663,0.4125874125874126,-0.16666666666666674
20,1,between_state,17,State_LDA,0.41666666666666663,0.4125874125874126,-0.16666666666666674
20,1,between_state,17,Joint_LDA,0.3333333333333333,0.3333333333333333,-0.33333333333333326
20,1,between_state,18,Raw,0.4473684210526315,0.42795698924731185,-0.10526315789473695
20,1,between_state,18,Trait_LDA,0.5263157894736842,0.5263157894736842,0.052631578947368474
20,1,between_state,18,State_LDA,0.4473684210526315,0.42795698924731185,-0.10526315789473695
20,1,between_state,18,Joint_LDA,0.5263157894736842,0.525,0.052631578947368474
20,1,between_state,20,Raw,0.5,0.4857142857142857,0.0
20,1,between_state,20,Trait_LDA,0.6666666666666666,0.6666666666666666,0.33333333333333337
20,1,between_state,20,State_LDA,0.5,0.4857142857142857,0.0
20,1,between_state,20,Joint_LDA,0.6666666666666666,0.6666666666666666,0.33333333333333337
20,1,between_state,21,Raw,0.53125,0.4684385382059801,0.0625
20,1,between_state,21,Trait_LDA,0.59375,0.539313399778516,0.1875
20,1,between_state,21,State_LDA,0.53125,0.4684385382059801,0.0625
20,1,between_state,21,Joint_LDA,0.5625,0.45893719806763283,0.125
20,1,between_state,23,Raw,0.625,0.6190476190476191,0.25
20,1,between_state,23,Trait_LDA,0.5,0.4666666666666667,0.0
20,1,between_state,23,State_LDA,0.625,0.6190476190476191,0.25
20,1,between_state,23,Joint_LDA,0.5,0.4666666666666667,0.0
20,1,between_state,24,Raw,0.7222222222222222,0.7213622291021672,0.4444444444444444
20,1,between_state,24,Trait_LDA,0.8888888888888888,0.8888888888888888,0.7777777777777778
20,1,between_state,24,State_LDA,0.7222222222222222,0.7213622291021672,0.4444444444444444
20,1,between_state,24,Joint_LDA,0.7777777777777777,0.775,0.5555555555555556
20,1,between_state,25,Raw,0.5833333333333334,0.4957983193277311,0.16666666666666663
20,1,between_state,25,Trait_LDA,0.5,0.3333333333333333,0.0
20,1,between_state,25,State_LDA,0.5833333333333334,0.4957983193277311,0.16666666666666663
20,1,between_state,25,Joint_LDA,0.5,0.3333333333333333,0.0
20,1,between_state,29,Raw,0.5357142857142857,0.5303225806451612,0.0714285714285714
20,1,between_state,29,Trait_LDA,0.5357142857142857,0.5204216073781291,0.0714285714285714
20,1,between_state,29,State_LDA,0.5357142857142857,0.5303225806451612,0.0714285714285714
20,1,between_state,29,Joint_LDA,0.6071428571428572,0.6025806451612903,0.2142857142857143
20,1,between_state,3,Raw,0.6538461538461539,0.6405529953917051,0.3076923076923077
20,1,between_state,3,Trait_LDA,0.6923076923076923,0.6848484848484848,0.3846153846153846
20,1,between_state,3,State_LDA,0.6538461538461539,0.6405529953917051,0.3076923076923077
20,1,between_state,3,Joint_LDA,0.6538461538461539,0.6491754122938531,0.3076923076923077
20,1,between_state,30,Raw,0.43181818181818177,0.3939393939393939,-0.13636363636363646
20,1,between_state,30,Trait_LDA,0.45454545454545453,0.4248366013071896,-0.09090909090909083
20,1,between_state,30,State_LDA,0.43181818181818177,0.3939393939393939,-0.13636363636363646
20,1,between_state,30,Joint_LDA,0.4545454545454546,0.4107142857142857,-0.09090909090909083
20,1,between_state,31,Raw,0.5,0.47276688453159044,0.0
20,1,between_state,31,Trait_LDA,0.3181818181818182,0.28104575163398693,-0.36363636363636354
20,1,between_state,31,State_LDA,0.5,0.47276688453159044,0.0
20,1,between_state,31,Joint_LDA,0.40909090909090906,0.3769063180827886,-0.18181818181818188
20,1,between_state,33,Raw,0.5,0.4375,0.0
20,1,between_state,33,Trait_LDA,0.5833333333333334,0.4957983193277311,0.16666666666666663
20,1,between_state,33,State_LDA,0.5,0.4375,0.0
20,1,between_state,33,Joint_LDA,0.6666666666666666,0.625,0.33333333333333337
20,1,between_state,34,Raw,0.5,0.4905263157894737,0.0
20,1,between_state,34,Trait_LDA,0.6363636363636364,0.6071428571428572,0.2727272727272727
20,1,between_state,34,State_LDA,0.5,0.4905263157894737,0.0
20,1,between_state,34,Joint_LDA,0.5454545454545454,0.5089285714285714,0.09090909090909094
20,1,between_state,36,Raw,0.6666666666666666,0.625,0.33333333333333337
20,1,between_state,36,Trait_LDA,0.7083333333333334,0.6812144212523719,0.41666666666666663
20,1,between_state,36,State_LDA,0.6666666666666666,0.625,0.33333333333333337
20,1,between_state,36,Joint_LDA,0.7083333333333334,0.6812144212523719,0.41666666666666663
20,1,between_state,39,Raw,0.5416666666666666,0.5111111111111111,0.08333333333333337
20,1,between_state,39,Trait_LDA,0.5416666666666666,0.5208711433756805,0.08333333333333337
20,1,between_state,39,State_LDA,0.5625,0.538250114521301,0.125
20,1,between_state,39,Joint_LDA,0.5625,0.5278688524590164,0.125
20,1,between_state,4,Raw,0.47619047619047616,0.44471153846153844,-0.04761904761904767
20,1,between_state,4,Trait_LDA,0.45238095238095233,0.39435736677115985,-0.09523809523809534
20,1,between_state,4,State_LDA,0.47619047619047616,0.44471153846153844,-0.04761904761904767
20,1,between_state,4,Joint_LDA,0.47619047619047616,0.44471153846153844,-0.04761904761904767
20,1,between_state,40,Raw,0.6666666666666666,0.6666666666666666,0.33333333333333337
20,1,between_state,40,Trait_LDA,0.6666666666666667,0.6571428571428571,0.33333333333333337
20,1,between_state,40,State_LDA,0.6666666666666666,0.6666666666666666,0.33333333333333337
20,1,between_state,40,Joint_LDA,0.75,0.7482517482517483,0.5
20,1,between_state,7,Raw,0.6,0.6,0.19999999999999996
20,1,between_state,7,Trait_LDA,0.7,0.696969696969697,0.4
20,1,between_state,7,State_LDA,0.6,0.6,0.19999999999999996
20,1,between_state,7,Joint_LDA,0.7,0.696969696969697,0.4
20,2,between_state,1,Raw,0.47058823529411764,0.42045454545454547,-0.05882352941176472
20,2,between_state,1,Trait_LDA,0.47058823529411764,0.42045454545454547,-0.05882352941176472
20,2,between_state,1,State_LDA,0.47058823529411764,0.42045454545454547,-0.05882352941176472
20,2,between_state,1,Joint_LDA,0.6176470588235294,0.6091954022988506,0.23529411764705888
20,2,between_state,11,Raw,0.55,0.5488721804511278,0.09999999999999998
20,2,between_state,11,Trait_LDA,0.5,0.5,0.0
20,2,between_state,11,State_LDA,0.55,0.5488721804511278,0.09999999999999998
20,2,between_state,11,Joint_LDA,0.5,0.5,0.0
20,2,between_state,12,Raw,0.6521739130434783,0.6495238095238096,0.30434782608695654
20,2,between_state,12,Trait_LDA,0.5652173913043479,0.5643939393939394,0.13043478260869568
20,2,between_state,12,State_LDA,0.6521739130434783,0.6495238095238096,0.30434782608695654
20,2,between_state,12,Joint_LDA,0.4782608695652174,0.4772727272727273,-0.04347826086956519
20,2,between_state,13,Raw,0.5909090909090908,0.5875,0.18181818181818177
20,2,between_state,13,Trait_LDA,0.6363636363636364,0.6356107660455487,0.2727272727272727
20,2,between_state,13,State_LDA,0.5909090909090908,0.5875,0.18181818181818177
20,2,between_state,13,Joint_LDA,0.5681818181818181,0.5679586563307493,0.13636363636363635
20,2,between_state,14,Raw,0.5,0.4666666666666667,0.0
20,2,between_state,14,Trait_LDA,0.625,0.6190476190476191,0.25
20,2,between_state,14,State_LDA,0.5,0.4666666666666667,0.0
20,2,between_state,14,Joint_LDA,0.625,0.6190476190476191,0.25
20,2,between_state,18,Raw,0.6052631578947368,0.6049896049896051,0.21052631578947367
20,2,between_state,18,Trait_LDA,0.631578947368421,0.6221590909090908,0.26315789473684215
20,2,between_state,18,State_LDA,0.6052631578947368,0.6049896049896051,0.21052631578947367
20,2,between_state,18,Joint_LDA,0.6578947368421053,0.6576576576576576,0.3157894736842105
20,2,between_state,2,Raw,0.6,0.6,0.19999999999999996
20,2,between_state,2,Trait_LDA,0.4,0.4,-0.19999999999999996
20,2,between_state,2,State_LDA,0.6,0.6,0.19999999999999996
20,2,between_state,2,Joint_LDA,0.5,0.4949494949494949,0.0
20,2,between_state,20,Raw,0.6666666666666666,0.625,0.33333333333333337
20,2,between_state,20,Trait_LDA,0.6666666666666666,0.6666666666666666,0.33333333333333337
20,2,between_state,20,State_LDA,0.6666666666666666,0.625,0.33333333333333337
20,2,between_state,20,Joint_LDA,0.5,0.4857142857142857,0.0
20,2,between_state,22,Raw,0.42500000000000004,0.3309090909090909,-0.1499999999999999
20,2,between_state,22,Trait_LDA,0.5,0.40476190476190477,0.0
20,2,between_state,22,State_LDA,0.42500000000000004,0.3309090909090909,-0.1499999999999999
20,2,between_state,22,Joint_LDA,0.55,0.48717948717948717,0.09999999999999998
20,2,between_state,23,Raw,0.6875,0.6536796536796536,0.375
20,2,between_state,23,Trait_LDA,0.6875,0.6862745098039216,0.375
20,2,between_state,23,State_LDA,0.6875,0.6536796536796536,0.375
20,2,between_state,23,Joint_LDA,0.8125,0.8117647058823529,0.625
20,2,between_state,25,Raw,0.3333333333333333,0.3142857142857143,-0.33333333333333326
20,2,between_state,25,Trait_LDA,0.6666666666666667,0.6571428571428571,0.33333333333333337
20,2,between_state,25,State_LDA,0.3333333333333333,0.3142857142857143,-0.33333333333333326
20,2,between_state,25,Joint_LDA,0.75,0.7333333333333334,0.5
20,2,between_state,30,Raw,0.6590909090909092,0.6574987026466009,0.31818181818181823
20,2,between_state,30,Trait_LDA,0.6818181818181819,0.681159420289855,0.36363636363636365
20,2,between_state,30,State_LDA,0.6590909090909092,0.6574987026466009,0.31818181818181823
20,2,between_state,30,Joint_LDA,0.5681818181818181,0.5625327053898482,0.13636363636363635
20,2,between_state,31,Raw,0.5,0.4989648033126294,0.0
20,2,between_state,31,Trait_LDA,0.5454545454545454,0.5416666666666667,0.09090909090909094
20,2,between_state,31,State_LDA,0.5,0.4989648033126294,0.0
20,2,between_state,31,Joint_LDA,0.5454545454545454,0.5299145299145299,0.09090909090909094
20,2,between_state,32,Raw,0.47058823529411764,0.4631578947368421,-0.05882352941176472
20,2,between_state,32,Trait_LDA,0.5882352941176471,0.5882352941176471,0.17647058823529416
20,2,between_state,32,State_LDA,0.47058823529411764,0.4631578947368421,-0.05882352941176472
20,2,between_state,32,Joint_LDA,0.5,0.49956709956709955,0.0
20,2,between_state,34,Raw,0.5909090909090909,0.5831578947368421,0.18181818181818177
20,2,between_state,34,Trait_LDA,0.5,0.4905263157894737,0.0
20,2,between_state,34,State_LDA,0.5909090909090909,0.5831578947368421,0.18181818181818177
20,2,between_state,34,Joint_LDA,0.5909090909090908,0.5900621118012422,0.18181818181818177
20,2,between_state,35,Raw,0.6666666666666667,0.6643356643356644,0.33333333333333337
20,2,between_state,35,Trait_LDA,0.5625,0.5278688524590164,0.125
20,2,between_state,35,State_LDA,0.6666666666666667,0.6643356643356644,0.33333333333333337
20,2,between_state,35,Joint_LDA,0.6041666666666666,0.5728337236533958,0.20833333333333337
20,2,between_state,36,Raw,0.625,0.6243478260869566,0.25
20,2,between_state,36,Trait_LDA,0.45833333333333337,0.4497354497354497,-0.08333333333333326
20,2,between_state,36,State_LDA,0.625,0.6243478260869566,0.25
20,2,between_state,36,Joint_LDA,0.41666666666666663,0.37777777777777777,-0.16666666666666674
20,2,between_state,38,Raw,0.34375,0.33793103448275863,-0.3125
20,2,between_state,38,Trait_LDA,0.40625,0.4056695992179863,-0.1875
20,2,between_state,38,State_LDA,0.34375,0.33793103448275863,-0.3125
20,2,between_state,38,Joint_LDA,0.5,0.4920634920634921,0.0
20,2,between_state,40,Raw,0.6666666666666666,0.6666666666666666,0.33333333333333337
20,2,between_state,40,Trait_LDA,0.41666666666666663,0.37777777777777777,-0.16666666666666674
20,2,between_state,40,State_LDA,0.6666666666666666,0.6666666666666666,0.33333333333333337
20,2,between_state,40,Joint_LDA,0.6666666666666666,0.625,0.33333333333333337
20,2,between_state,6,Raw,0.6309523809523809,0.6304810557684121,0.26190476190476186
20,2,between_state,6,Trait_LDA,0.44047619047619047,0.43071377072819034,-0.11904761904761907
20,2,between_state,6,State_LDA,0.6309523809523809,0.6304810557684121,0.26190476190476186
20,2,between_state,6,Joint_LDA,0.4285714285714286,0.36802507836990594,-0.1428571428571428
20,3,between_state,18,Raw,0.5263157894736842,0.5263157894736842,0.052631578947368474
20,3,between_state,18,Trait_LDA,0.47368421052631576,0.4722222222222222,-0.05263157894736836
20,3,between_state,18,State_LDA,0.5263157894736842,0.5263157894736842,0.052631578947368474
20,3,between_state,18,Joint_LDA,0.5263157894736842,0.5263157894736842,0.052631578947368474
20,3,between_state,2,Raw,0.6000000000000001,0.5833333333333333,0.19999999999999996
20,3,between_state,2,Trait_LDA,0.30000000000000004,0.29292929292929293,-0.3999999999999999
20,3,between_state,2,State_LDA,0.6000000000000001,0.5833333333333333,0.19999999999999996
20,3,between_state,2,Joint_LDA,0.5,0.45054945054945056,0.0
20,3,between_state,20,Raw,0.6666666666666666,0.625,0.33333333333333337
20,3,between_state,20,Trait_LDA,0.8333333333333333,0.8285714285714285,0.6666666666666667
20,3,between_state,20,State_LDA,0.6666666666666666,0.625,0.33333333333333337
20,3,between_state,20,Joint_LDA,0.6666666666666666,0.625,0.33333333333333337
20,3,between_state,22,Raw,0.55,0.48717948717948717,0.09999999999999998
20,3,between_state,22,Trait_LDA,0.625,0.5807127882599581,0.25
20,3,between_state,22,State_LDA,0.55,0.48717948717948717,0.09999999999999998
20,3,between_state,22,Joint_LDA,0.625,0.5807127882599581,0.25
20,3,between_state,23,Raw,0.5,0.4666666666666667,0.0
20,3,between_state,23,Trait_LDA,0.8125,0.8056680161943319,0.625
20,3,between_state,23,State_LDA,0.5,0.4666666666666667,0.0
20,3,between_state,23,Joint_LDA,0.625,0.5636363636363637,0.25
20,3,between_state,25,Raw,0.75,0.7333333333333334,0.5
20,3,between_state,25,Trait_LDA,0.5,0.3333333333333333,0.0
20,3,between_state,25,State_LDA,0.75,0.7333333333333334,0.5
20,3,between_state,25,Joint_LDA,0.5833333333333334,0.5555555555555556,0.16666666666666663
20,3,between_state,26,Raw,0.6111111111111112,0.6,0.2222222222222222
20,3,between_state,26,Trait_LDA,0.6666666666666667,0.6625,0.33333333333333337
20,3,between_state,26,State_LDA,0.6111111111111112,0.6,0.2222222222222222
20,3,between_state,26,Joint_LDA,0.6666666666666667,0.6625,0.33333333333333337
20,3,between_state,27,Raw,0.5576923076923077,0.5562152133580704,0.11538461538461542
20,3,between_state,27,Trait_LDA,0.5192307692307692,0.5176252319109462,0.038461538461538436
20,3,between_state,27,State_LDA,0.5576923076923077,0.5562152133580704,0.11538461538461542
20,3,between_state,27,Joint_LDA,0.5,0.5,0.0
20,3,between_state,28,Raw,0.5,0.49925925925925924,0.0
20,3,between_state,28,Trait_LDA,0.46153846153846156,0.45833333333333337,-0.07692307692307687
20,3,between_state,28,State_LDA,0.5,0.49925925925925924,0.0
20,3,between_state,28,Joint_LDA,0.6153846153846154,0.606060606060606,0.23076923076923073
20,3,between_state,29,Raw,0.5,0.5,0.0
20,3,between_state,29,Trait_LDA,0.5,0.48958333333333337,0.0
20,3,between_state,29,State_LDA,0.5357142857142857,0.5351213282247764,0.0714285714285714
20,3,between_state,29,Joint_LDA,0.6071428571428571,0.5942028985507246,0.2142857142857143
20,3,between_state,30,Raw,0.5681818181818182,0.5393939393939394,0.13636363636363635
20,3,between_state,30,Trait_LDA,0.5,0.4905263157894737,0.0
20,3,between_state,30,State_LDA,0.5681818181818182,0.5393939393939394,0.13636363636363635
20,3,between_state,30,Joint_LDA,0.5909090909090909,0.5909090909090909,0.18181818181818177
20,3,between_state,31,Raw,0.6363636363636364,0.6363636363636364,0.2727272727272727
20,3,between_state,31,Trait_LDA,0.5,0.47276688453159044,0.0
20,3,between_state,31,State_LDA,0.6363636363636364,0.6363636363636364,0.2727272727272727
20,3,between_state,31,Joint_LDA,0.5,0.4905263157894737,0.0
20,3,between_state,32,Raw,0.6470588235294118,0.6470588235294118,0.2941176470588235
20,3,between_state,32,Trait_LDA,0.6176470588235294,0.6091954022988506,0.23529411764705888
20,3,between_state,32,State_LDA,0.6470588235294118,0.6470588235294118,0.2941176470588235
20,3,between_state,32,Joint_LDA,0.5294117647058824,0.5294117647058824,0.05882352941176472
20,3,between_state,33,Raw,0.41666666666666663,0.37777777777777777,-0.16666666666666674
20,3,between_state,33,Trait_LDA,0.75,0.7333333333333334,0.5
20,3,between_state,33,State_LDA,0.41666666666666663,0.37777777777777777,-0.16666666666666674
20,3,between_state,33,Joint_LDA,0.5833333333333334,0.5555555555555556,0.16666666666666663
20,3,between_state,35,Raw,0.6666666666666667,0.6643356643356644,0.33333333333333337
20,3,between_state,35,Trait_LDA,0.5625,0.5577007459412022,0.125
20,3,between_state,35,State_LDA,0.6458333333333334,0.6444444444444444,0.29166666666666663
20,3,between_state,35,Joint_LDA,0.5833333333333334,0.5714285714285714,0.16666666666666663
20,3,between_state,37,Raw,0.6,0.5982142857142857,0.19999999999999996
20,3,between_state,37,Trait_LDA,0.5333333333333333,0.53125,0.06666666666666665
20,3,between_state,37,State_LDA,0.6,0.5982142857142857,0.19999999999999996
20,3,between_state,37,Joint_LDA,0.6333333333333333,0.6329254727474972,0.2666666666666667
20,3,between_state,38,Raw,0.3125,0.30158730158730157,-0.375
20,3,between_state,38,Trait_LDA,0.5,0.4980392156862745,0.0
20,3,between_state,38,State_LDA,0.3125,0.30158730158730157,-0.375
20,3,between_state,38,Joint_LDA,0.5,0.4920634920634921,0.0
20,3,between_state,39,Raw,0.625,0.6079854809437386,0.25
20,3,between_state,39,Trait_LDA,0.6875,0.6761133603238867,0.375
20,3,between_state,39,State_LDA,0.625,0.6079854809437386,0.25
20,3,between_state,39,Joint_LDA,0.6875,0.6761133603238867,0.375
20,3,between_state,6,Raw,0.47619047619047616,0.4652777777777778,-0.04761904761904767
20,3,between_state,6,Trait_LDA,0.4285714285714286,0.42035652673950546,-0.1428571428571428
20,3,between_state,6,State_LDA,0.47619047619047616,0.4652777777777778,-0.04761904761904767
20,3,between_state,6,Joint_LDA,0.44047619047619047,0.3760075865339023,-0.11904761904761907
20,3,between_state,8,Raw,0.65625,0.6389743589743591,0.3125
20,3,between_state,8,Trait_LDA,0.6875,0.6666666666666667,0.375
20,3,between_state,8,State_LDA,0.65625,0.6389743589743591,0.3125
20,3,between_state,8,Joint_LDA,0.59375,0.539313399778516,0.1875
20,4,between_state,10,Raw,0.5434782608695652,0.5432624113475177,0.08695652173913049
20,4,between_state,10,Trait_LDA,0.4782608695652174,0.4772727272727273,-0.04347826086956519
20,4,between_state,10,State_LDA,0.5434782608695652,0.5432624113475177,0.08695652173913049
20,4,between_state,10,Joint_LDA,0.5217391304347826,0.5217391304347826,0.04347826086956519
20,4,between_state,11,Raw,0.4,0.4,-0.19999999999999996
20,4,between_state,11,Trait_LDA,0.5,0.5,0.0
20,4,between_state,11,State_LDA,0.4,0.4,-0.19999999999999996
20,4,between_state,11,Joint_LDA,0.35,0.3483709273182957,-0.30000000000000004
20,4,between_state,12,Raw,0.391304347826087,0.38666666666666666,-0.21739130434782616
20,4,between_state,12,Trait_LDA,0.4347826086956522,0.4337121212121212,-0.13043478260869557
20,4,between_state,12,State_LDA,0.391304347826087,0.38666666666666666,-0.21739130434782616
20,4,between_state,12,Joint_LDA,0.43478260869565216,0.425,-0.13043478260869557
20,4,between_state,13,Raw,0.40909090909090906,0.39789473684210525,-0.18181818181818188
20,4,between_state,13,Trait_LDA,0.43181818181818177,0.4243851386708529,-0.13636363636363646
20,4,between_state,13,State_LDA,0.40909090909090906,0.39789473684210525,-0.18181818181818188
20,4,between_state,13,Joint_LDA,0.4318181818181818,0.42916450441100157,-0.13636363636363646
20,4,between_state,15,Raw,0.6,0.5982142857142857,0.19999999999999996
20,4,between_state,15,Trait_LDA,0.5333333333333333,0.53125,0.06666666666666665
20,4,between_state,15,State_LDA,0.6,0.5982142857142857,0.19999999999999996
20,4,between_state,15,Joint_LDA,0.6333333333333333,0.6296296296296295,0.2666666666666667
20,4,between_state,17,Raw,0.4166666666666667,0.29411764705882354,-0.16666666666666674
20,4,between_state,17,Trait_LDA,0.3333333333333333,0.3142857142857143,-0.33333333333333326
20,4,between_state,17,State_LDA,0.4166666666666667,0.29411764705882354,-0.16666666666666674
20,4,between_state,17,Joint_LDA,0.5,0.4375,0.0
20,4,between_state,18,Raw,0.5263157894736842,0.525,0.052631578947368474
20,4,between_state,18,Trait_LDA,0.5263157894736842,0.5142045454545454,0.052631578947368474
20,4,between_state,18,State_LDA,0.5263157894736842,0.525,0.052631578947368474
20,4,between_state,18,Joint_LDA,0.631578947368421,0.6274509803921569,0.26315789473684215
20,4,between_state,20,Raw,0.5,0.3333333333333333,0.0
20,4,between_state,20,Trait_LDA,0.6666666666666666,0.625,0.33333333333333337
20,4,between_state,20,State_LDA,0.5,0.3333333333333333,0.0
20,4,between_state,20,Joint_LDA,0.6666666666666666,0.625,0.33333333333333337
20,4,between_state,24,Raw,0.3333333333333333,0.325,-0.33333333333333326
20,4,between_state,24,Trait_LDA,0.4444444444444444,0.4444444444444444,-0.11111111111111116
20,4,between_state,24,State_LDA,0.3333333333333333,0.325,-0.33333333333333326
20,4,between_state,24,Joint_LDA,0.5,0.4984520123839009,0.0
20,4,between_state,26,Raw,0.6666666666666667,0.6625,0.33333333333333337
20,4,between_state,26,Trait_LDA,0.7222222222222222,0.7142857142857142,0.4444444444444444
20,4,between_state,26,State_LDA,0.6666666666666667,0.6625,0.33333333333333337
20,4,between_state,26,Joint_LDA,0.6666666666666667,0.6625,0.33333333333333337
20,4,between_state,28,Raw,0.6153846153846154,0.6130952380952381,0.23076923076923073
20,4,between_state,28,Trait_LDA,0.6923076923076923,0.675,0.3846153846153846
20,4,between_state,28,State_LDA,0.6153846153846154,0.6130952380952381,0.23076923076923073
20,4,between_state,28,Joint_LDA,0.7307692307692308,0.7303703703703703,0.46153846153846156
20,4,between_state,30,Raw,0.5909090909090909,0.5686274509803921,0.18181818181818177
20,4,between_state,30,Trait_LDA,0.5909090909090909,0.5686274509803921,0.18181818181818177
20,4,between_state,30,State_LDA,0.5909090909090909,0.5686274509803921,0.18181818181818177
20,4,between_state,30,Joint_LDA,0.5227272727272727,0.4389799635701275,0.045454545454545414
20,4,between_state,31,Raw,0.5454545454545454,0.47619047619047616,0.09090909090909094
20,4,between_state,31,Trait_LDA,0.6363636363636364,0.6071428571428572,0.2727272727272727
20,4,between_state,31,State_LDA,0.5454545454545454,0.47619047619047616,0.09090909090909094
20,4,between_state,31,Joint_LDA,0.5,0.44367816091954027,0.0
20,4,between_state,33,Raw,0.5,0.5,0.0
20,4,between_state,33,Trait_LDA,0.5,0.4857142857142857,0.0
20,4,between_state,33,State_LDA,0.5,0.5,0.0
20,4,between_state,33,Joint_LDA,0.5833333333333333,0.5804195804195804,0.16666666666666663
20,4,between_state,35,Raw,0.5,0.4773139745916515,0.0
20,4,between_state,35,Trait_LDA,0.5833333333333333,0.5644283121597096,0.16666666666666663
20,4,between_state,35,State_LDA,0.5,0.4773139745916515,0.0
20,4,between_state,35,Joint_LDA,0.5416666666666667,0.5285714285714286,0.08333333333333337
20,4,between_state,37,Raw,0.5333333333333333,0.53125,0.06666666666666665
20,4,between_state,37,Trait_LDA,0.5,0.4994438264738599,0.0
20,4,between_state,37,State_LDA,0.5333333333333333,0.53125,0.06666666666666665
20,4,between_state,37,Joint_LDA,0.4666666666666667,0.4642857142857143,-0.06666666666666665
20,4,between_state,39,Raw,0.6041666666666666,0.5728337236533958,0.20833333333333337
20,4,between_state,39,Trait_LDA,0.6666666666666666,0.6515426497277677,0.33333333333333337
20,4,between_state,39,State_LDA,0.6041666666666666,0.5728337236533958,0.20833333333333337
20,4,between_state,39,Joint_LDA,0.625,0.6,0.25
20,4,between_state,4,Raw,0.47619047619047616,0.47139588100686497,-0.04761904761904767
20,4,between_state,4,Trait_LDA,0.4523809523809524,0.43673469387755104,-0.09523809523809534
20,4,between_state,4,State_LDA,0.47619047619047616,0.47139588100686497,-0.04761904761904767
20,4,between_state,4,Joint_LDA,0.5,0.4857142857142857,0.0
20,4,between_state,6,Raw,0.40476190476190477,0.36899038461538464,-0.19047619047619047
20,4,between_state,6,Trait_LDA,0.5238095238095238,0.5213675213675214,0.04761904761904767
20,4,between_state,6,State_LDA,0.40476190476190477,0.36899038461538464,-0.19047619047619047
20,4,between_state,6,Joint_LDA,0.4166666666666667,0.38521284540702017,-0.16666666666666674
20,4,between_state,7,Raw,0.6000000000000001,0.5833333333333333,0.19999999999999996
20,4,between_state,7,Trait_LDA,0.7,0.696969696969697,0.4
20,4,between_state,7,State_LDA,0.6000000000000001,0.5833333333333333,0.19999999999999996
20,4,between_state,7,Joint_LDA,0.6,0.6,0.19999999999999996
20,5,between_state,10,Raw,0.43478260869565216,0.43478260869565216,-0.13043478260869557
20,5,between_state,10,Trait_LDA,0.43478260869565216,0.43047619047619046,-0.13043478260869557
20,5,between_state,10,State_LDA,0.43478260869565216,0.43478260869565216,-0.13043478260869557
20,5,between_state,10,Joint_LDA,0.41304347826086957,0.41053630754627435,-0.17391304347826098
20,5,between_state,11,Raw,0.4,0.3939393939393939,-0.19999999999999996
20,5,between_state,11,Trait_LDA,0.35,0.3483709273182957,-0.30000000000000004
20,5,between_state,11,State_LDA,0.4,0.3939393939393939,-0.19999999999999996
20,5,between_state,11,Joint_LDA,0.4,0.4,-0.19999999999999996
20,5,between_state,13,Raw,0.5909090909090909,0.5580357142857143,0.18181818181818177
20,5,between_state,13,Trait_LDA,0.5681818181818181,0.5268817204301075,0.13636363636363635
20,5,between_state,13,State_LDA,0.5909090909090909,0.5580357142857143,0.18181818181818177
20,5,between_state,13,Joint_LDA,0.5454545454545454,0.5089285714285714,0.09090909090909094
20,5,between_state,15,Raw,0.4666666666666667,0.4642857142857143,-0.06666666666666665
20,5,between_state,15,Trait_LDA,0.5333333333333333,0.513888888888889,0.06666666666666665
20,5,between_state,15,State_LDA,0.4666666666666667,0.4642857142857143,-0.06666666666666665
20,5,between_state,15,Joint_LDA,0.4,0.3891402714932127,-0.19999999999999996
20,5,between_state,18,Raw,0.5789473684210527,0.5742296918767507,0.1578947368421053
20,5,between_state,18,Trait_LDA,0.5526315789473684,0.5447498238195913,0.10526315789473684
20,5,between_state,18,State_LDA,0.5789473684210527,0.5742296918767507,0.1578947368421053
20,5,between_state,18,Joint_LDA,0.6052631578947368,0.6049896049896051,0.21052631578947367
20,5,between_state,19,Raw,0.6,0.5238095238095238,0.19999999999999996
20,5,between_state,19,Trait_LDA,0.6,0.5238095238095238,0.19999999999999996
20,5,between_state,19,State_LDA,0.6,0.5238095238095238,0.19999999999999996
20,5,between_state,19,Joint_LDA,0.6,0.5238095238095238,0.19999999999999996
20,5,between_state,2,Raw,0.5,0.3333333333333333,0.0
20,5,between_state,2,Trait_LDA,0.5,0.4949494949494949,0.0
20,5,between_state,2,State_LDA,0.5,0.3333333333333333,0.0
20,5,between_state,2,Joint_LDA,0.6000000000000001,0.5833333333333333,0.19999999999999996
20,5,between_state,22,Raw,0.425,0.3779580797836376,-0.1499999999999999
20,5,between_state,22,Trait_LDA,0.475,0.43204868154158216,-0.050000000000000044
20,5,between_state,22,State_LDA,0.425,0.3779580797836376,-0.1499999999999999
20,5,between_state,22,Joint_LDA,0.55,0.48717948717948717,0.09999999999999998
20,5,between_state,24,Raw,0.5555555555555556,0.55,0.11111111111111116
20,5,between_state,24,Trait_LDA,0.5,0.4984520123839009,0.0
20,5,between_state,24,State_LDA,0.5555555555555556,0.55,0.11111111111111116
20,5,between_state,24,Joint_LDA,0.4444444444444444,0.4444444444444444,-0.11111111111111116
20,5,between_state,26,Raw,0.8333333333333333,0.8328173374613003,0.6666666666666667
20,5,between_state,26,Trait_LDA,0.7222222222222222,0.7213622291021672,0.4444444444444444
20,5,between_state,26,State_LDA,0.8333333333333333,0.8328173374613003,0.6666666666666667
20,5,between_state,26,Joint_LDA,0.8333333333333333,0.8328173374613003,0.6666666666666667
20,5,between_state,30,Raw,0.5,0.49583333333333335,0.0
20,5,between_state,30,Trait_LDA,0.47727272727272724,0.4544474393530997,-0.045454545454545414
20,5,between_state,30,State_LDA,0.5,0.49583333333333335,0.0
20,5,between_state,30,Joint_LDA,0.47727272727272724,0.4544474393530997,-0.045454545454545414
20,5,between_state,32,Raw,0.5882352941176471,0.5882352941176471,0.17647058823529416
20,5,between_state,32,Trait_LDA,0.6764705882352942,0.6761904761904762,0.3529411764705882
20,5,between_state,32,State_LDA,0.5882352941176471,0.5882352941176471,0.17647058823529416
20,5,between_state,32,Joint_LDA,0.7058823529411764,0.7017543859649122,0.4117647058823529
20,5,between_state,33,Raw,0.5,0.4857142857142857,0.0
20,5,between_state,33,Trait_LDA,0.5833333333333334,0.5555555555555556,0.16666666666666663
20,5,between_state,33,State_LDA,0.5,0.4857142857142857,0.0
20,5,between_state,33,Joint_LDA,0.5833333333333333,0.5804195804195804,0.16666666666666663
20,5,between_state,34,Raw,0.6818181818181819,0.6757894736842105,0.36363636363636365
20,5,between_state,34,Trait_LDA,0.5,0.47276688453159044,0.0
20,5,between_state,34,State_LDA,0.6818181818181819,0.6757894736842105,0.36363636363636365
20,5,between_state,34,Joint_LDA,0.6363636363636364,0.6333333333333333,0.2727272727272727
20,5,between_state,36,Raw,0.7083333333333334,0.6812144212523719,0.41666666666666663
20,5,between_state,36,Trait_LDA,0.5833333333333334,0.5714285714285714,0.16666666666666663
20,5,between_state,36,State_LDA,0.7083333333333334,0.6812144212523719,0.41666666666666663
20,5,between_state,36,Joint_LDA,0.5833333333333333,0.53125,0.16666666666666663
20,5,between_state,37,Raw,0.5,0.4994438264738599,0.0
20,5,between_state,37,Trait_LDA,0.6,0.5982142857142857,0.19999999999999996
20,5,between_state,37,State_LDA,0.5,0.4994438264738599,0.0
20,5,between_state,37,Joint_LDA,0.6333333333333333,0.6329254727474972,0.2666666666666667
20,5,between_state,39,Raw,0.5416666666666667,0.4990512333965844,0.08333333333333337
20,5,between_state,39,Trait_LDA,0.47916666666666663,0.4601889338731444,-0.04166666666666674
20,5,between_state,39,State_LDA,0.5416666666666667,0.4990512333965844,0.08333333333333337
20,5,between_state,39,Joint_LDA,0.47916666666666663,0.4601889338731444,-0.04166666666666674
20,5,between_state,4,Raw,0.38095238095238093,0.3680555555555556,-0.23809523809523814
20,5,between_state,4,Trait_LDA,0.5,0.4928119608970673,0.0
20,5,between_state,4,State_LDA,0.38095238095238093,0.3680555555555556,-0.23809523809523814
20,5,between_state,4,Joint_LDA,0.47619047619047616,0.47139588100686497,-0.04761904761904767
20,5,between_state,7,Raw,0.7,0.696969696969697,0.4
20,5,between_state,7,Trait_LDA,0.9,0.898989898989899,0.8
20,5,between_state,7,State_LDA,0.7,0.696969696969697,0.4
20,5,between_state,7,Joint_LDA,0.9,0.898989898989899,0.8
20,5,between_state,8,Raw,0.59375,0.5901477832512315,0.1875
20,5,between_state,8,Trait_LDA,0.6875,0.6862745098039216,0.375
20,5,between_state,8,State_LDA,0.59375,0.5901477832512315,0.1875
20,5,between_state,8,Joint_LDA,0.625,0.625,0.25
20,6,between_state,10,Raw,0.5869565217391304,0.5820181731229077,0.17391304347826086
20,6,between_state,10,Trait_LDA,0.5869565217391304,0.5851922164214522,0.17391304347826086
20,6,between_state,10,State_LDA,0.5869565217391304,0.5820181731229077,0.17391304347826086
20,6,between_state,10,Joint_LDA,0.5434782608695652,0.5432624113475177,0.08695652173913049
20,6,between_state,11,Raw,0.4,0.3939393939393939,-0.19999999999999996
20,6,between_state,11,Trait_LDA,0.55,0.52,0.09999999999999998
20,6,between_state,11,State_LDA,0.4,0.3939393939393939,-0.19999999999999996
20,6,between_state,11,Joint_LDA,0.45,0.44862155388471175,-0.10000000000000009
20,6,between_state,13,Raw,0.34090909090909094,0.32379438261791205,-0.3181818181818181
20,6,between_state,13,Trait_LDA,0.4318181818181818,0.40700808625336926,-0.13636363636363646
20,6,between_state,13,State_LDA,0.34090909090909094,0.32379438261791205,-0.3181818181818181
20,6,between_state,13,Joint_LDA,0.5227272727272727,0.5018867924528302,0.045454545454545414
20,6,between_state,16,Raw,0.5357142857142857,0.5204216073781291,0.0714285714285714
20,6,between_state,16,Trait_LDA,0.6071428571428571,0.5942028985507246,0.2142857142857143
20,6,between_state,16,State_LDA,0.5357142857142857,0.5204216073781291,0.0714285714285714
20,6,between_state,16,Joint_LDA,0.6428571428571429,0.6111111111111112,0.2857142857142857
20,6,between_state,17,Raw,0.5,0.4375,0.0
20,6,between_state,17,Trait_LDA,0.5,0.3333333333333333,0.0
20,6,between_state,17,State_LDA,0.5,0.4375,0.0
20,6,between_state,17,Joint_LDA,0.4166666666666667,0.29411764705882354,-0.16666666666666674
20,6,between_state,19,Raw,0.6,0.6,0.19999999999999996
20,6,between_state,19,Trait_LDA,0.4,0.375,-0.19999999999999996
20,6,between_state,19,State_LDA,0.6,0.6,0.19999999999999996
20,6,between_state,19,Joint_LDA,0.30000000000000004,0.29292929292929293,-0.3999999999999999
20,6,between_state,20,Raw,0.8333333333333333,0.8285714285714285,0.6666666666666667
20,6,between_state,20,Trait_LDA,0.6666666666666666,0.6666666666666666,0.33333333333333337
20,6,between_state,20,State_LDA,0.8333333333333333,0.8285714285714285,0.6666666666666667
20,6,between_state,20,Joint_LDA,0.5,0.3333333333333333,0.0
20,6,between_state,21,Raw,0.53125,0.5195195195195195,0.0625
20,6,between_state,21,Trait_LDA,0.59375,0.5835835835835836,0.1875
20,6,between_state,21,State_LDA,0.53125,0.5195195195195195,0.0625
20,6,between_state,21,Joint_LDA,0.53125,0.4909862142099682,0.0625
20,6,between_state,23,Raw,0.5625,0.5465587044534412,0.125
20,6,between_state,23,Trait_LDA,0.5625,0.5465587044534412,0.125
20,6,between_state,23,State_LDA,0.5625,0.5465587044534412,0.125
20,6,between_state,23,Joint_LDA,0.8125,0.8056680161943319,0.625
20,6,between_state,25,Raw,0.5,0.4857142857142857,0.0
20,6,between_state,25,Trait_LDA,0.4166666666666667,0.29411764705882354,-0.16666666666666674
20,6,between_state,25,State_LDA,0.5,0.4857142857142857,0.0
20,6,between_state,25,Joint_LDA,0.5833333333333334,0.5555555555555556,0.16666666666666663
20,6,between_state,26,Raw,0.7222222222222222,0.6989966555183946,0.4444444444444444
20,6,between_state,26,Trait_LDA,0.5555555555555556,0.5324675324675324,0.11111111111111116
20,6,between_state,26,State_LDA,0.7222222222222222,0.6989966555183946,0.4444444444444444
20,6,between_state,26,Joint_LDA,0.6666666666666666,0.6666666666666666,0.33333333333333337
20,6,between_state,31,Raw,0.5,0.4989648033126294,0.0
20,6,between_state,31,Trait_LDA,0.45454545454545453,0.4358974358974359,-0.09090909090909083
20,6,between_state,31,State_LDA,0.5,0.4989648033126294,0.0
20,6,between_state,31,Joint_LDA,0.36363636363636365,0.3418803418803419,-0.2727272727272727
20,6,between_state,32,Raw,0.6470588235294118,0.6458333333333333,0.2941176470588235
20,6,between_state,32,Trait_LDA,0.5882352941176471,0.5882352941176471,0.17647058823529416
20,6,between_state,32,State_LDA,0.6470588235294118,0.6458333333333333,0.2941176470588235
20,6,between_state,32,Joint_LDA,0.5294117647058824,0.5294117647058824,0.05882352941176472
20,6,between_state,34,Raw,0.5,0.47276688453159044,0.0
20,6,between_state,34,Trait_LDA,0.5909090909090908,0.5448275862068965,0.18181818181818177
20,6,between_state,34,State_LDA,0.5,0.47276688453159044,0.0
20,6,between_state,34,Joint_LDA,0.5,0.4989648033126294,0.0
20,6,between_state,36,Raw,0.7083333333333333,0.7078260869565217,0.41666666666666663
20,6,between_state,36,Trait_LDA,0.625,0.6190476190476191,0.25
20,6,between_state,36,State_LDA,0.7083333333333333,0.7078260869565217,0.41666666666666663
20,6,between_state,36,Joint_LDA,0.625,0.5901328273244781,0.25
20,6,between_state,37,Raw,0.4666666666666667,0.4642857142857143,-0.06666666666666665
20,6,between_state,37,Trait_LDA,0.6666666666666666,0.6651785714285714,0.33333333333333337
20,6,between_state,37,State_LDA,0.4666666666666667,0.4642857142857143,-0.06666666666666665
20,6,between_state,37,Joint_LDA,0.5666666666666667,0.5622895622895623,0.1333333333333333
20,6,between_state,38,Raw,0.5,0.4980392156862745,0.0
20,6,between_state,38,Trait_LDA,0.46875,0.464039408866995,-0.0625
20,6,between_state,38,State_LDA,0.5,0.4980392156862745,0.0
20,6,between_state,38,Joint_LDA,0.375,0.36507936507936506,-0.25
20,6,between_state,40,Raw,0.5833333333333334,0.5555555555555556,0.16666666666666663
20,6,between_state,40,Trait_LDA,0.41666666666666663,0.37777777777777777,-0.16666666666666674
20,6,between_state,40,State_LDA,0.5833333333333334,0.5555555555555556,0.16666666666666663
20,6,between_state,40,Joint_LDA,0.8333333333333334,0.8333333333333334,0.6666666666666667
20,6,between_state,6,Raw,0.48809523809523814,0.4874414644529587,-0.023809523809523725
20,6,between_state,6,Trait_LDA,0.5238095238095237,0.5227272727272727,0.04761904761904767
20,6,between_state,6,State_LDA,0.48809523809523814,0.4874414644529587,-0.023809523809523725
20,6,between_state,6,Joint_LDA,0.4285714285714286,0.42334096109839814,-0.1428571428571428
20,6,between_state,7,Raw,0.6000000000000001,0.5833333333333333,0.19999999999999996
20,6,between_state,7,Trait_LDA,0.7,0.6703296703296704,0.4
20,6,between_state,7,State_LDA,0.6000000000000001,0.5833333333333333,0.19999999999999996
20,6,between_state,7,Joint_LDA,0.6000000000000001,0.5833333333333333,0.19999999999999996
20,7,between_state,1,Raw,0.5588235294117647,0.5584415584415584,0.11764705882352944
20,7,between_state,1,Trait_LDA,0.5588235294117647,0.5392953929539295,0.11764705882352944
20,7,between_state,1,State_LDA,0.5588235294117647,0.5584415584415584,0.11764705882352944
20,7,between_state,1,Joint_LDA,0.5588235294117647,0.5584415584415584,0.11764705882352944
20,7,between_state,10,Raw,0.5434782608695652,0.5415282392026578,0.08695652173913049
20,7,between_state,10,Trait_LDA,0.41304347826086957,0.41053630754627435,-0.17391304347826098
20,7,between_state,10,State_LDA,0.5434782608695652,0.5415282392026578,0.08695652173913049
20,7,between_state,10,Joint_LDA,0.391304347826087,0.391304347826087,-0.21739130434782616
20,7,between_state,13,Raw,0.40909090909090906,0.4078674948240165,-0.18181818181818188
20,7,between_state,13,Trait_LDA,0.5454545454545454,0.5416666666666667,0.09090909090909094
20,7,between_state,13,State_LDA,0.40909090909090906,0.4078674948240165,-0.18181818181818188
20,7,between_state,13,Joint_LDA,0.45454545454545453,0.45,-0.09090909090909083
20,7,between_state,14,Raw,0.625,0.6190476190476191,0.25
20,7,between_state,14,Trait_LDA,0.625,0.6190476190476191,0.25
20,7,between_state,14,State_LDA,0.625,0.6190476190476191,0.25
20,7,between_state,14,Joint_LDA,0.625,0.6190476190476191,0.25
20,7,between_state,16,Raw,0.5714285714285714,0.5714285714285714,0.1428571428571429
20,7,between_state,16,Trait_LDA,0.6785714285714286,0.6748387096774193,0.3571428571428571
20,7,between_state,16,State_LDA,0.5714285714285714,0.5714285714285714,0.1428571428571429
20,7,between_state,16,Joint_LDA,0.6071428571428572,0.6025806451612903,0.2142857142857143
20,7,between_state,18,Raw,0.5789473684210527,0.5594202898550724,0.1578947368421053
20,7,between_state,18,Trait_LDA,0.6052631578947368,0.6049896049896051,0.21052631578947367
20,7,between_state,18,State_LDA,0.5789473684210527,0.5594202898550724,0.1578947368421053
20,7,between_state,18,Joint_LDA,0.631578947368421,0.631578947368421,0.26315789473684215
20,7,between_state,19,Raw,0.9,0.898989898989899,0.8
20,7,between_state,19,Trait_LDA,0.7,0.696969696969697,0.4
20,7,between_state,19,State_LDA,0.9,0.898989898989899,0.8
20,7,between_state,19,Joint_LDA,0.6000000000000001,0.5833333333333333,0.19999999999999996
20,7,between_state,20,Raw,0.3333333333333333,0.25,-0.33333333333333326
20,7,between_state,20,Trait_LDA,0.6666666666666666,0.625,0.33333333333333337
20,7,between_state,20,State_LDA,0.3333333333333333,0.25,-0.33333333333333326
20,7,between_state,20,Joint_LDA,0.6666666666666666,0.625,0.33333333333333337
20,7,between_state,21,Raw,0.40625,0.4056695992179863,-0.1875
20,7,between_state,21,Trait_LDA,0.5625,0.5465587044534412,0.125
20,7,between_state,21,State_LDA,0.40625,0.4056695992179863,-0.1875
20,7,between_state,21,Joint_LDA,0.4375,0.4285714285714286,-0.125
20,7,between_state,22,Raw,0.6,0.5441595441595442,0.19999999999999996
20,7,between_state,22,Trait_LDA,0.6499999999999999,0.6153846153846154,0.30000000000000004
20,7,between_state,22,State_LDA,0.6,0.5441595441595442,0.19999999999999996
20,7,between_state,22,Joint_LDA,0.575,0.5402298850574713,0.15000000000000002
20,7,between_state,24,Raw,0.611111111111111,0.5785953177257526,0.2222222222222222
20,7,between_state,24,Trait_LDA,0.5555555555555556,0.5555555555555556,0.11111111111111116
20,7,between_state,24,State_LDA,0.611111111111111,0.5785953177257526,0.2222222222222222
20,7,between_state,24,Joint_LDA,0.5,0.4984520123839009,0.0
20,7,between_state,25,Raw,0.3333333333333333,0.3142857142857143,-0.33333333333333326
20,7,between_state,25,Trait_LDA,0.5,0.4375,0.0
20,7,between_state,25,State_LDA,0.3333333333333333,0.3142857142857143,-0.33333333333333326
20,7,between_state,25,Joint_LDA,0.5,0.4375,0.0
20,7,between_state,26,Raw,0.6666666666666667,0.6625,0.33333333333333337
20,7,between_state,26,Trait_LDA,0.7222222222222222,0.7142857142857142,0.4444444444444444
20,7,between_state,26,State_LDA,0.6666666666666667,0.6625,0.33333333333333337
20,7,between_state,26,Joint_LDA,0.6111111111111112,0.609907120743034,0.2222222222222222
20,7,between_state,31,Raw,0.36363636363636365,0.35833333333333334,-0.2727272727272727
20,7,between_state,31,Trait_LDA,0.2727272727272727,0.24786324786324787,-0.4545454545454546
20,7,between_state,31,State_LDA,0.36363636363636365,0.35833333333333334,-0.2727272727272727
20,7,between_state,31,Joint_LDA,0.5,0.4989648033126294,0.0
20,7,between_state,35,Raw,0.6041666666666666,0.5955654101995566,0.20833333333333337
20,7,between_state,35,Trait_LDA,0.4583333333333333,0.4545454545454546,-0.08333333333333326
20,7,between_state,35,State_LDA,0.6041666666666666,0.5955654101995566,0.20833333333333337
20,7,between_state,35,Joint_LDA,0.47916666666666663,0.4771241830065359,-0.04166666666666674
20,7,between_state,36,Raw,0.5833333333333334,0.5555555555555556,0.16666666666666663
20,7,between_state,36,Trait_LDA,0.625,0.5901328273244781,0.25
20,7,between_state,36,State_LDA,0.5833333333333334,0.5555555555555556,0.16666666666666663
20,7,between_state,36,Joint_LDA,0.625,0.5901328273244781,0.25
20,7,between_state,38,Raw,0.46875,0.4682306940371457,-0.0625
20,7,between_state,38,Trait_LDA,0.5,0.4980392156862745,0.0
20,7,between_state,38,State_LDA,0.46875,0.4682306940371457,-0.0625
20,7,between_state,38,Joint_LDA,0.4375,0.4375,-0.125
20,7,between_state,4,Raw,0.5238095238095237,0.5227272727272727,0.04761904761904767
20,7,between_state,4,Trait_LDA,0.5476190476190477,0.5143031040779062,0.09523809523809523
20,7,between_state,4,State_LDA,0.5238095238095237,0.5227272727272727,0.04761904761904767
20,7,between_state,4,Joint_LDA,0.47619047619047616,0.44471153846153844,-0.04761904761904767
20,7,between_state,40,Raw,0.5833333333333333,0.5804195804195804,0.16666666666666663
20,7,between_state,40,Trait_LDA,0.5,0.4857142857142857,0.0
20,7,between_state,40,State_LDA,0.5833333333333333,0.5804195804195804,0.16666666666666663
20,7,between_state,40,Joint_LDA,0.5,0.4857142857142857,0.0
20,7,between_state,6,Raw,0.47619047619047616,0.475,-0.04761904761904767
20,7,between_state,6,Trait_LDA,0.4285714285714286,0.42035652673950546,-0.1428571428571428
20,7,between_state,6,State_LDA,0.47619047619047616,0.475,-0.04761904761904767
20,7,between_state,6,Joint_LDA,0.4285714285714286,0.4256410256410257,-0.1428571428571428
20,8,between_state,1,Raw,0.5588235294117647,0.5392953929539295,0.11764705882352944
20,8,between_state,1,Trait_LDA,0.5294117647058824,0.4624505928853755,0.05882352941176472
20,8,between_state,1,State_LDA,0.5588235294117647,0.5392953929539295,0.11764705882352944
20,8,between_state,1,Joint_LDA,0.5294117647058824,0.43333333333333335,0.05882352941176472
20,8,between_state,11,Raw,0.55,0.5396419437340154,0.09999999999999998
20,8,between_state,11,Trait_LDA,0.3,0.27083333333333337,-0.3999999999999999
20,8,between_state,11,State_LDA,0.55,0.5396419437340154,0.09999999999999998
20,8,between_state,11,Joint_LDA,0.4,0.375,-0.19999999999999996
20,8,between_state,15,Raw,0.5,0.4994438264738599,0.0
20,8,between_state,15,Trait_LDA,0.5333333333333333,0.53125,0.06666666666666665
20,8,between_state,15,State_LDA,0.5,0.4994438264738599,0.0
20,8,between_state,15,Joint_LDA,0.6,0.6,0.19999999999999996
20,8,between_state,17,Raw,0.75,0.7333333333333334,0.5
20,8,between_state,17,Trait_LDA,0.3333333333333333,0.25,-0.33333333333333326
20,8,between_state,17,State_LDA,0.75,0.7333333333333334,0.5
20,8,between_state,17,Joint_LDA,0.41666666666666663,0.37777777777777777,-0.16666666666666674
20,8,between_state,19,Raw,0.6,0.5238095238095238,0.19999999999999996
20,8,between_state,19,Trait_LDA,0.9,0.898989898989899,0.8
20,8,between_state,19,State_LDA,0.6,0.5238095238095238,0.19999999999999996
20,8,between_state,19,Joint_LDA,0.8,0.8,0.6
20,8,between_state,21,Raw,0.625,0.5636363636363637,0.25
20,8,between_state,21,Trait_LDA,0.5625,0.5333333333333333,0.125
20,8,between_state,21,State_LDA,0.625,0.5636363636363637,0.25
20,8,between_state,21,Joint_LDA,0.5,0.4458874458874459,0.0
20,8,between_state,22,Raw,0.575,0.5402298850574713,0.15000000000000002
20,8,between_state,22,Trait_LDA,0.725,0.7103357472021066,0.44999999999999996
20,8,between_state,22,State_LDA,0.575,0.5402298850574713,0.15000000000000002
20,8,between_state,22,Joint_LDA,0.675,0.6484110885733604,0.35
20,8,between_state,23,Raw,0.875,0.873015873015873,0.75
20,8,between_state,23,Trait_LDA,0.8125,0.8117647058823529,0.625
20,8,between_state,23,State_LDA,0.875,0.873015873015873,0.75
20,8,between_state,23,Joint_LDA,0.6875,0.6761133603238867,0.375
20,8,between_state,26,Raw,0.6111111111111112,0.6,0.2222222222222222
20,8,between_state,26,Trait_LDA,0.5555555555555556,0.5,0.11111111111111116
20,8,between_state,26,State_LDA,0.6111111111111112,0.6,0.2222222222222222
20,8,between_state,26,Joint_LDA,0.3888888888888889,0.28,-0.22222222222222232
20,8,between_state,27,Raw,0.5384615384615385,0.5357142857142857,0.07692307692307687
20,8,between_state,27,Trait_LDA,0.4615384615384615,0.45427286356821595,-0.07692307692307687
20,8,between_state,27,State_LDA,0.5384615384615385,0.5357142857142857,0.07692307692307687
20,8,between_state,27,Joint_LDA,0.3269230769230769,0.3246753246753247,-0.34615384615384626
20,8,between_state,28,Raw,0.5769230769230769,0.5712143928035982,0.15384615384615385
20,8,between_state,28,Trait_LDA,0.5384615384615384,0.5384615384615384,0.07692307692307687
20,8,between_state,28,State_LDA,0.5769230769230769,0.5712143928035982,0.15384615384615385
20,8,between_state,28,Joint_LDA,0.5,0.49925925925925924,0.0
20,8,between_state,3,Raw,0.5384615384615385,0.5357142857142857,0.07692307692307687
20,8,between_state,3,Trait_LDA,0.6538461538461539,0.6533333333333333,0.3076923076923077
20,8,between_state,3,State_LDA,0.5384615384615385,0.5357142857142857,0.07692307692307687
20,8,between_state,3,Joint_LDA,0.6153846153846154,0.6130952380952381,0.23076923076923073
20,8,between_state,31,Raw,0.5909090909090908,0.5900621118012422,0.18181818181818177
20,8,between_state,31,Trait_LDA,0.5909090909090909,0.5686274509803921,0.18181818181818177
20,8,between_state,31,State_LDA,0.5909090909090908,0.5900621118012422,0.18181818181818177
20,8,between_state,31,Joint_LDA,0.45454545454545453,0.4358974358974359,-0.09090909090909083
20,8,between_state,32,Raw,0.5,0.49956709956709955,0.0
20,8,between_state,32,Trait_LDA,0.5588235294117647,0.5584415584415584,0.11764705882352944
20,8,between_state,32,State_LDA,0.5,0.49956709956709955,0.0
20,8,between_state,32,Joint_LDA,0.5294117647058824,0.5277777777777778,0.05882352941176472
20,8,between_state,33,Raw,0.5833333333333334,0.5555555555555556,0.16666666666666663
20,8,between_state,33,Trait_LDA,0.5833333333333334,0.5555555555555556,0.16666666666666663
20,8,between_state,33,State_LDA,0.5833333333333334,0.5555555555555556,0.16666666666666663
20,8,between_state,33,Joint_LDA,0.5,0.4857142857142857,0.0
20,8,between_state,34,Raw,0.5,0.4905263157894737,0.0
20,8,between_state,34,Trait_LDA,0.5,0.4989648033126294,0.0
20,8,between_state,34,State_LDA,0.5,0.4905263157894737,0.0
20,8,between_state,34,Joint_LDA,0.5909090909090908,0.5900621118012422,0.18181818181818177
20,8,between_state,37,Raw,0.4666666666666667,0.4570135746606335,-0.06666666666666665
20,8,between_state,37,Trait_LDA,0.5666666666666667,0.5661846496106786,0.1333333333333333
20,8,between_state,37,State_LDA,0.4666666666666667,0.4570135746606335,-0.06666666666666665
20,8,between_state,37,Joint_LDA,0.6666666666666666,0.6651785714285714,0.33333333333333337
20,8,between_state,38,Raw,0.3125,0.30980392156862746,-0.375
20,8,between_state,38,Trait_LDA,0.34375,0.33793103448275863,-0.3125
20,8,between_state,38,State_LDA,0.3125,0.30980392156862746,-0.375
20,8,between_state,38,Joint_LDA,0.34375,0.3107692307692308,-0.3125
20,8,between_state,4,Raw,0.5476190476190477,0.5346938775510204,0.09523809523809523
20,8,between_state,4,Trait_LDA,0.5238095238095237,0.4951923076923077,0.04761904761904767
20,8,between_state,4,State_LDA,0.5476190476190477,0.5346938775510204,0.09523809523809523
20,8,between_state,4,Joint_LDA,0.5238095238095237,0.4951923076923077,0.04761904761904767
20,8,between_state,6,Raw,0.5119047619047619,0.5062365591397849,0.023809523809523836
20,8,between_state,6,Trait_LDA,0.5476190476190476,0.5258467023172906,0.09523809523809523
20,8,between_state,6,State_LDA,0.5119047619047619,0.5062365591397849,0.023809523809523836
20,8,between_state,6,Joint_LDA,0.5119047619047619,0.4793650793650794,0.023809523809523836
20,9,between_state,10,Raw,0.4565217391304348,0.4562647754137116,-0.08695652173913038
20,9,between_state,10,Trait_LDA,0.4347826086956522,0.4337121212121212,-0.13043478260869557
20,9,between_state,10,State_LDA,0.4565217391304348,0.4562647754137116,-0.08695652173913038
20,9,between_state,10,Joint_LDA,0.4782608695652174,0.4772727272727273,-0.04347826086956519
20,9,between_state,14,Raw,0.25,0.2,-0.5
20,9,between_state,14,Trait_LDA,0.375,0.36507936507936506,-0.25
20,9,between_state,14,State_LDA,0.25,0.2,-0.5
20,9,between_state,14,Joint_LDA,0.625,0.5636363636363637,0.25
20,9,between_state,15,Raw,0.5333333333333333,0.513888888888889,0.06666666666666665
20,9,between_state,15,Trait_LDA,0.6666666666666666,0.6651785714285714,0.33333333333333337
20,9,between_state,15,State_LDA,0.5333333333333333,0.513888888888889,0.06666666666666665
20,9,between_state,15,Joint_LDA,0.7,0.699666295884316,0.4
20,9,between_state,16,Raw,0.5714285714285714,0.5508021390374331,0.1428571428571429
20,9,between_state,16,Trait_LDA,0.5714285714285714,0.5692307692307692,0.1428571428571429
20,9,between_state,16,State_LDA,0.5714285714285714,0.5508021390374331,0.1428571428571429
20,9,between_state,16,Joint_LDA,0.5714285714285714,0.5625,0.1428571428571429
20,9,between_state,20,Raw,0.6666666666666666,0.625,0.33333333333333337
20,9,between_state,20,Trait_LDA,0.8333333333333333,0.8285714285714285,0.6666666666666667
20,9,between_state,20,State_LDA,0.6666666666666666,0.625,0.33333333333333337
20,9,between_state,20,Joint_LDA,0.3333333333333333,0.25,-0.33333333333333326
20,9,between_state,23,Raw,0.625,0.6,0.25
20,9,between_state,23,Trait_LDA,0.625,0.6,0.25
20,9,between_state,23,State_LDA,0.625,0.6,0.25
20,9,between_state,23,Joint_LDA,0.6875,0.6761133603238867,0.375
20,9,between_state,26,Raw,0.6666666666666666,0.6493506493506493,0.33333333333333337
20,9,between_state,26,Trait_LDA,0.6666666666666667,0.6625,0.33333333333333337
20,9,between_state,26,State_LDA,0.6666666666666666,0.6493506493506493,0.33333333333333337
20,9,between_state,26,Joint_LDA,0.7222222222222222,0.7142857142857142,0.4444444444444444
20,9,between_state,27,Raw,0.5384615384615384,0.5377777777777778,0.07692307692307687
20,9,between_state,27,Trait_LDA,0.5576923076923077,0.5282051282051282,0.11538461538461542
20,9,between_state,27,State_LDA,0.5384615384615384,0.5377777777777778,0.07692307692307687
20,9,between_state,27,Joint_LDA,0.5384615384615384,0.4901960784313726,0.07692307692307687
20,9,between_state,3,Raw,0.7692307692307692,0.7678571428571428,0.5384615384615384
20,9,between_state,3,Trait_LDA,0.6923076923076923,0.6904761904761905,0.3846153846153846
20,9,between_state,3,State_LDA,0.7692307692307692,0.7678571428571428,0.5384615384615384
20,9,between_state,3,Joint_LDA,0.6923076923076923,0.6904761904761905,0.3846153846153846
20,9,between_state,30,Raw,0.5227272727272727,0.5018867924528302,0.045454545454545414
20,9,between_state,30,Trait_LDA,0.5909090909090909,0.5831578947368421,0.18181818181818177
20,9,between_state,30,State_LDA,0.5227272727272727,0.5018867924528302,0.045454545454545414
20,9,between_state,30,Joint_LDA,0.6363636363636364,0.616557734204793,0.2727272727272727
20,9,between_state,31,Raw,0.5454545454545454,0.5416666666666667,0.09090909090909094
20,9,between_state,31,Trait_LDA,0.5,0.44367816091954027,0.0
20,9,between_state,31,State_LDA,0.5454545454545454,0.5416666666666667,0.09090909090909094
20,9,between_state,31,Joint_LDA,0.6363636363636364,0.6071428571428572,0.2727272727272727
20,9,between_state,32,Raw,0.47058823529411764,0.46875,-0.05882352941176472
20,9,between_state,32,Trait_LDA,0.4411764705882353,0.4288240495137047,-0.11764705882352944
20,9,between_state,32,State_LDA,0.47058823529411764,0.46875,-0.05882352941176472
20,9,between_state,32,Joint_LDA,0.5294117647058824,0.5142857142857142,0.05882352941176472
20,9,between_state,33,Raw,0.41666666666666663,0.37777777777777777,-0.16666666666666674
20,9,between_state,33,Trait_LDA,0.41666666666666663,0.37777777777777777,-0.16666666666666674
20,9,between_state,33,State_LDA,0.41666666666666663,0.37777777777777777,-0.16666666666666674
20,9,between_state,33,Joint_LDA,0.3333333333333333,0.25,-0.33333333333333326
20,9,between_state,34,Raw,0.40909090909090906,0.3769063180827886,-0.18181818181818188
20,9,between_state,34,Trait_LDA,0.5,0.4905263157894737,0.0
20,9,between_state,34,State_LDA,0.40909090909090906,0.3769063180827886,-0.18181818181818188
20,9,between_state,34,Joint_LDA,0.36363636363636365,0.3418803418803419,-0.2727272727272727
20,9,between_state,36,Raw,0.625,0.6079854809437386,0.25
20,9,between_state,36,Trait_LDA,0.5416666666666666,0.5343915343915344,0.08333333333333337
20,9,between_state,36,State_LDA,0.625,0.6079854809437386,0.25
20,9,between_state,36,Joint_LDA,0.5833333333333333,0.53125,0.16666666666666663
20,9,between_state,38,Raw,0.46875,0.45545545545545546,-0.0625
20,9,between_state,38,Trait_LDA,0.40625,0.4009852216748768,-0.1875
20,9,between_state,38,State_LDA,0.46875,0.45545545545545546,-0.0625
20,9,between_state,38,Joint_LDA,0.375,0.37254901960784315,-0.25
20,9,between_state,39,Raw,0.6458333333333334,0.6329284750337382,0.29166666666666663
20,9,between_state,39,Trait_LDA,0.625,0.6142857142857143,0.25
20,9,between_state,39,State_LDA,0.6458333333333334,0.6329284750337382,0.29166666666666663
20,9,between_state,39,Joint_LDA,0.6666666666666667,0.6356736242884251,0.33333333333333337
20,9,between_state,4,Raw,0.6428571428571428,0.6426545660805445,0.2857142857142857
20,9,between_state,4,Trait_LDA,0.5952380952380952,0.5894192064404831,0.19047619047619047
20,9,between_state,4,State_LDA,0.6428571428571428,0.6426545660805445,0.2857142857142857
20,9,between_state,4,Joint_LDA,0.6190476190476191,0.6047058823529412,0.23809523809523814
20,9,between_state,7,Raw,0.7,0.696969696969697,0.4
20,9,between_state,7,Trait_LDA,0.5,0.4949494949494949,0.0
20,9,between_state,7,State_LDA,0.7,0.696969696969697,0.4
20,9,between_state,7,Joint_LDA,0.8,0.7916666666666667,0.6
20,9,between_state,8,Raw,0.59375,0.5901477832512315,0.1875
20,9,between_state,8,Trait_LDA,0.6875,0.6862745098039216,0.375
20,9,between_state,8,State_LDA,0.59375,0.5901477832512315,0.1875
20,9,between_state,8,Joint_LDA,0.6875,0.6862745098039216,0.375
4,0,between_state,12,Raw,0.6086956521739131,0.6079545454545454,0.21739130434782605
4,0,between_state,12,Trait_LDA,0.5652173913043478,0.5576923076923077,0.13043478260869568
4,0,between_state,12,State_LDA,0.6086956521739131,0.6079545454545454,0.21739130434782605
4,0,between_state,12,Joint_LDA,0.5652173913043478,0.5652173913043478,0.13043478260869568
4,0,between_state,24,Raw,0.5,0.4857142857142857,0.0
4,0,between_state,24,Trait_LDA,0.6666666666666667,0.6625,0.33333333333333337
4,0,between_state,24,State_LDA,0.4444444444444444,0.4375,-0.11111111111111116
4,0,between_state,24,Joint_LDA,0.5,0.4857142857142857,0.0
4,0,between_state,31,Raw,0.5,0.4905263157894737,0.0
4,0,between_state,31,Trait_LDA,0.5454545454545454,0.5299145299145299,0.09090909090909094
4,0,between_state,31,State_LDA,0.5,0.4905263157894737,0.0
4,0,between_state,31,Joint_LDA,0.5454545454545454,0.5416666666666667,0.09090909090909094
4,0,between_state,34,Raw,0.5,0.4905263157894737,0.0
4,0,between_state,34,Trait_LDA,0.5909090909090909,0.5831578947368421,0.18181818181818177
4,0,between_state,34,State_LDA,0.5,0.4905263157894737,0.0
4,0,between_state,34,Joint_LDA,0.45454545454545453,0.45454545454545453,-0.09090909090909083
4,1,between_state,10,Raw,0.41304347826086957,0.41053630754627435,-0.17391304347826098
4,1,between_state,10,Trait_LDA,0.41304347826086957,0.38968058968058966,-0.17391304347826098
4,1,between_state,10,State_LDA,0.43478260869565216,0.43047619047619046,-0.13043478260869557
4,1,between_state,10,Joint_LDA,0.4565217391304348,0.4542002847650688,-0.08695652173913038
4,1,between_state,22,Raw,0.5249999999999999,0.5099935525467441,0.050000000000000044
4,1,between_state,22,Trait_LDA,0.525,0.5174603174603174,0.050000000000000044
4,1,between_state,22,State_LDA,0.5,0.48849104859335035,0.0
4,1,between_state,22,Joint_LDA,0.575,0.5402298850574713,0.15000000000000002
4,1,between_state,25,Raw,0.75,0.7333333333333334,0.5
4,1,between_state,25,Trait_LDA,0.6666666666666666,0.625,0.33333333333333337
4,1,between_state,25,State_LDA,0.75,0.7333333333333334,0.5
4,1,between_state,25,Joint_LDA,0.75,0.7482517482517483,0.5
4,1,between_state,30,Raw,0.4772727272727273,0.40853302162478083,-0.045454545454545414
4,1,between_state,30,Trait_LDA,0.4772727272727273,0.42727787209960383,-0.045454545454545414
4,1,between_state,30,State_LDA,0.45454545454545453,0.3931034482758621,-0.09090909090909083
4,1,between_state,30,Joint_LDA,0.4772727272727273,0.42727787209960383,-0.045454545454545414
4,2,between_state,13,Raw,0.7045454545454546,0.7006802721088435,0.40909090909090906
4,2,between_state,13,Trait_LDA,0.5227272727272727,0.45996493278784334,0.045454545454545414
4,2,between_state,13,State_LDA,0.7045454545454546,0.7006802721088435,0.40909090909090906
4,2,between_state,13,Joint_LDA,0.5,0.5,0.0
4,2,between_state,18,Raw,0.47368421052631576,0.4602272727272727,-0.05263157894736836
4,2,between_state,18,Trait_LDA,0.5,0.49965349965349964,0.0
4,2,between_state,18,State_LDA,0.47368421052631576,0.4602272727272727,-0.05263157894736836
4,2,between_state,18,Joint_LDA,0.5526315789473684,0.5369175627240144,0.10526315789473684
4,2,between_state,30,Raw,0.6363636363636364,0.6294736842105264,0.2727272727272727
4,2,between_state,30,Trait_LDA,0.5,0.4238095238095238,0.0
4,2,between_state,30,State_LDA,0.6363636363636364,0.6294736842105264,0.2727272727272727
4,2,between_state,30,Joint_LDA,0.6818181818181819,0.6757894736842105,0.36363636363636365
4,2,between_state,37,Raw,0.5666666666666667,0.5661846496106786,0.1333333333333333
4,2,between_state,37,Trait_LDA,0.4666666666666667,0.4642857142857143,-0.06666666666666665
4,2,between_state,37,State_LDA,0.5333333333333333,0.53125,0.06666666666666665
4,2,between_state,37,Joint_LDA,0.5666666666666667,0.5622895622895623,0.1333333333333333
4,3,between_state,28,Raw,0.6923076923076923,0.6904761904761905,0.3846153846153846
4,3,between_state,28,Trait_LDA,0.5384615384615385,0.5125,0.07692307692307687
4,3,between_state,28,State_LDA,0.6923076923076923,0.6904761904761905,0.3846153846153846
4,3,between_state,28,Joint_LDA,0.6153846153846154,0.606060606060606,0.23076923076923073
4,3,between_state,34,Raw,0.5,0.47276688453159044,0.0
4,3,between_state,34,Trait_LDA,0.6818181818181818,0.6644880174291938,0.36363636363636365
4,3,between_state,34,State_LDA,0.5,0.47276688453159044,0.0
4,3,between_state,34,Joint_LDA,0.5909090909090909,0.5831578947368421,0.18181818181818177
4,3,between_state,39,Raw,0.39583333333333337,0.38920579201404126,-0.20833333333333326
4,3,between_state,39,Trait_LDA,0.5208333333333333,0.5206252713851498,0.04166666666666663
4,3,between_state,39,State_LDA,0.39583333333333337,0.38920579201404126,-0.20833333333333326
4,3,between_state,39,Joint_LDA,0.5,0.49650349650349646,0.0
4,3,between_state,8,Raw,0.53125,0.530791788856305,0.0625
4,3,between_state,8,Trait_LDA,0.53125,0.530791788856305,0.0625
4,3,between_state,8,State_LDA,0.53125,0.530791788856305,0.0625
4,3,between_state,8,Joint_LDA,0.5,0.5,0.0
4,4,between_state,11,Raw,0.5,0.4949494949494949,0.0
4,4,between_state,11,Trait_LDA,0.5,0.4791666666666667,0.0
4,4,between_state,11,State_LDA,0.5,0.4949494949494949,0.0
4,4,between_state,11,Joint_LDA,0.35,0.3350383631713555,-0.30000000000000004
4,4,between_state,17,Raw,0.3333333333333333,0.25,-0.33333333333333326
4,4,between_state,17,Trait_LDA,0.3333333333333333,0.3333333333333333,-0.33333333333333326
4,4,between_state,17,State_LDA,0.25,0.2,-0.5
4,4,between_state,17,Joint_LDA,0.3333333333333333,0.3142857142857143,-0.33333333333333326
4,4,between_state,25,Raw,0.5833333333333334,0.4957983193277311,0.16666666666666663
4,4,between_state,25,Trait_LDA,0.4166666666666667,0.29411764705882354,-0.16666666666666674
4,4,between_state,25,State_LDA,0.5833333333333334,0.4957983193277311,0.16666666666666663
4,4,between_state,25,Joint_LDA,0.5833333333333334,0.4957983193277311,0.16666666666666663
4,4,between_state,39,Raw,0.4791666666666667,0.47345326897762174,-0.04166666666666674
4,4,between_state,39,Trait_LDA,0.5625,0.5465587044534412,0.125
4,4,between_state,39,State_LDA,0.45833333333333337,0.45739130434782604,-0.08333333333333326
4,4,between_state,39,Joint_LDA,0.47916666666666663,0.47894051237516283,-0.04166666666666674
4,5,between_state,12,Raw,0.4782608695652174,0.4619883040935673,-0.04347826086956519
4,5,between_state,12,Trait_LDA,0.5434782608695652,0.5157894736842106,0.08695652173913049
4,5,between_state,12,State_LDA,0.4782608695652174,0.4619883040935673,-0.04347826086956519
4,5,between_state,12,Joint_LDA,0.41304347826086957,0.406025824964132,-0.17391304347826098
4,5,between_state,28,Raw,0.5,0.4807987711213518,0.0
4,5,between_state,28,Trait_LDA,0.4230769230769231,0.37799043062200954,-0.15384615384615374
4,5,between_state,28,State_LDA,0.5,0.4807987711213518,0.0
4,5,between_state,28,Joint_LDA,0.5,0.4932533733133433,0.0
4,5,between_state,33,Raw,0.5833333333333333,0.5804195804195804,0.16666666666666663
4,5,between_state,33,Trait_LDA,0.6666666666666666,0.625,0.33333333333333337
4,5,between_state,33,State_LDA,0.5833333333333333,0.5804195804195804,0.16666666666666663
4,5,between_state,33,Joint_LDA,0.5833333333333333,0.5804195804195804,0.16666666666666663
4,5,between_state,35,Raw,0.5,0.4857142857142857,0.0
4,5,between_state,35,Trait_LDA,0.41666666666666663,0.37777777777777777,-0.16666666666666674
4,5,between_state,35,State_LDA,0.5,0.4857142857142857,0.0
4,5,between_state,35,Joint_LDA,0.5,0.49650349650349646,0.0
4,6,between_state,13,Raw,0.4772727272727273,0.47043432757718473,-0.045454545454545414
4,6,between_state,13,Trait_LDA,0.5,0.4905263157894737,0.0
4,6,between_state,13,State_LDA,0.4772727272727273,0.47043432757718473,-0.045454545454545414
4,6,between_state,13,Joint_LDA,0.5,0.4989648033126294,0.0
4,6,between_state,21,Raw,0.375,0.3522267206477733,-0.25
4,6,between_state,21,Trait_LDA,0.4375,0.4285714285714286,-0.125
4,6,between_state,21,State_LDA,0.40625,0.3913913913913914,-0.1875
4,6,between_state,21,Joint_LDA,0.40625,0.3552492046659597,-0.1875
4,6,between_state,26,Raw,0.5,0.4984520123839009,0.0
4,6,between_state,26,Trait_LDA,0.5555555555555556,0.5324675324675324,0.11111111111111116
4,6,between_state,26,State_LDA,0.5,0.4984520123839009,0.0
4,6,between_state,26,Joint_LDA,0.8333333333333333,0.8328173374613003,0.6666666666666667
4,6,between_state,3,Raw,0.576923076923077,0.5606758832565284,0.15384615384615385
4,6,between_state,3,Trait_LDA,0.5384615384615385,0.5357142857142857,0.07692307692307687
4,6,between_state,3,State_LDA,0.576923076923077,0.5606758832565284,0.15384615384615385
4,6,between_state,3,Joint_LDA,0.576923076923077,0.5606758832565284,0.15384615384615385
4,7,between_state,10,Raw,0.391304347826087,0.38666666666666666,-0.21739130434782616
4,7,between_state,10,Trait_LDA,0.5,0.49402199904351984,0.0
4,7,between_state,10,State_LDA,0.391304347826087,0.38666666666666666,-0.21739130434782616
4,7,between_state,10,Joint_LDA,0.6304347826086956,0.6260162601626016,0.26086956521739135
4,7,between_state,21,Raw,0.59375,0.5835835835835836,0.1875
4,7,between_state,21,Trait_LDA,0.5625,0.5465587044534412,0.125
4,7,between_state,21,State_LDA,0.59375,0.5835835835835836,0.1875
4,7,between_state,21,Joint_LDA,0.59375,0.5134502923976608,0.1875
4,7,between_state,3,Raw,0.5,0.49925925925925924,0.0
4,7,between_state,3,Trait_LDA,0.5769230769230769,0.5762962962962963,0.15384615384615385
4,7,between_state,3,State_LDA,0.5,0.49925925925925924,0.0
4,7,between_state,3,Joint_LDA,0.38461538461538464,0.38461538461538464,-0.23076923076923084
4,7,between_state,38,Raw,0.46875,0.45545545545545546,-0.0625
4,7,between_state,38,Trait_LDA,0.5625,0.5625,0.125
4,7,between_state,38,State_LDA,0.46875,0.45545545545545546,-0.0625
4,7,between_state,38,Joint_LDA,0.625,0.6235294117647059,0.25
4,8,between_state,33,Raw,0.5,0.4857142857142857,0.0
4,8,between_state,33,Trait_LDA,0.5,0.4857142857142857,0.0
4,8,between_state,33,State_LDA,0.5,0.4857142857142857,0.0
4,8,between_state,33,Joint_LDA,0.5833333333333334,0.5555555555555556,0.16666666666666663
4,8,between_state,34,Raw,0.36363636363636365,0.35833333333333334,-0.2727272727272727
4,8,between_state,34,Trait_LDA,0.40909090909090906,0.39789473684210525,-0.18181818181818188
4,8,between_state,34,State_LDA,0.36363636363636365,0.35833333333333334,-0.2727272727272727
4,8,between_state,34,Joint_LDA,0.36363636363636365,0.36363636363636365,-0.2727272727272727
4,8,between_state,35,Raw,0.4583333333333333,0.4545454545454546,-0.08333333333333326
4,8,between_state,35,Trait_LDA,0.5833333333333333,0.5804195804195804,0.16666666666666663
4,8,between_state,35,State_LDA,0.47916666666666663,0.4771241830065359,-0.04166666666666674
4,8,between_state,35,Joint_LDA,0.39583333333333337,0.3955709943551889,-0.20833333333333326
4,8,between_state,38,Raw,0.5,0.4980392156862745,0.0
4,8,between_state,38,Trait_LDA,0.5,0.4980392156862745,0.0
4,8,between_state,38,State_LDA,0.5,0.4980392156862745,0.0
4,8,between_state,38,Joint_LDA,0.5,0.5,0.0
4,9,between_state,2,Raw,0.6,0.6,0.19999999999999996
4,9,between_state,2,Trait_LDA,0.7,0.696969696969697,0.4
4,9,between_state,2,State_LDA,0.6,0.6,0.19999999999999996
4,9,between_state,2,Joint_LDA,0.5,0.4949494949494949,0.0
4,9,between_state,21,Raw,0.46875,0.45545545545545546,-0.0625
4,9,between_state,21,Trait_LDA,0.5,0.4980392156862745,0.0
4,9,between_state,21,State_LDA,0.5,0.4980392156862745,0.0
4,9,between_state,21,Joint_LDA,0.5,0.4666666666666667,0.0
4,9,between_state,4,Raw,0.3571428571428571,0.35384615384615387,-0.2857142857142858
4,9,between_state,4,Trait_LDA,0.47619047619047616,0.475,-0.04761904761904767
4,9,between_state,4,State_LDA,0.3571428571428571,0.35384615384615387,-0.2857142857142858
4,9,between_state,4,Joint_LDA,0.42857142857142855,0.41666666666666663,-0.1428571428571428
4,9,between_state,40,Raw,0.41666666666666663,0.4125874125874126,-0.16666666666666674
4,9,between_state,40,Trait_LDA,0.6666666666666666,0.625,0.33333333333333337
4,9,between_state,40,State_LDA,0.41666666666666663,0.4125874125874126,-0.16666666666666674
4,9,between_state,40,Joint_LDA,0.41666666666666663,0.4125874125874126,-0.16666666666666674
all,0,between_state,1,Raw,0.5588235294117647,0.5584415584415584,0.11764705882352944
all,0,between_state,1,Trait_LDA,0.5882352941176471,0.5824561403508772,0.17647058823529416
all,0,between_state,1,State_LDA,0.5588235294117647,0.5584415584415584,0.11764705882352944
all,0,between_state,1,Joint_LDA,0.5,0.49607672188317353,0.0
all,0,between_state,10,Raw,0.391304347826087,0.38666666666666666,-0.21739130434782616
all,0,between_state,10,Trait_LDA,0.4782608695652174,0.46923076923076923,-0.04347826086956519
all,0,between_state,10,State_LDA,0.391304347826087,0.38666666666666666,-0.21739130434782616
all,0,between_state,10,Joint_LDA,0.3913043478260869,0.39015151515151514,-0.21739130434782616
all,0,between_state,11,Raw,0.5,0.4949494949494949,0.0
all,0,between_state,11,Trait_LDA,0.6,0.595959595959596,0.19999999999999996
all,0,between_state,11,State_LDA,0.5,0.4949494949494949,0.0
all,0,between_state,11,Joint_LDA,0.5,0.4949494949494949,0.0
all,0,between_state,12,Raw,0.5,0.46967418546365913,0.0
all,0,between_state,12,Trait_LDA,0.4782608695652174,0.46923076923076923,-0.04347826086956519
all,0,between_state,12,State_LDA,0.5,0.46967418546365913,0.0
all,0,between_state,12,Joint_LDA,0.43478260869565216,0.43047619047619046,-0.13043478260869557
all,0,between_state,13,Raw,0.38636363636363635,0.37042925278219396,-0.2272727272727273
all,0,between_state,13,Trait_LDA,0.4318181818181818,0.4170641229464759,-0.13636363636363646
all,0,between_state,13,State_LDA,0.38636363636363635,0.37042925278219396,-0.2272727272727273
all,0,between_state,13,Joint_LDA,0.4545454545454546,0.4442105263157895,-0.09090909090909083
all,0,between_state,14,Raw,0.375,0.2727272727272727,-0.25
all,0,between_state,14,Trait_LDA,0.5,0.3333333333333333,0.0
all,0,between_state,14,State_LDA,0.375,0.2727272727272727,-0.25
all,0,between_state,14,Joint_LDA,0.5,0.3333333333333333,0.0
all,0,between_state,15,Raw,0.5,0.4857142857142857,0.0
all,0,between_state,15,Trait_LDA,0.7,0.699666295884316,0.4
all,0,between_state,15,State_LDA,0.5,0.4857142857142857,0.0
all,0,between_state,15,Joint_LDA,0.6,0.5927601809954751,0.19999999999999996
all,0,between_state,16,Raw,0.5,0.47593582887700536,0.0
all,0,between_state,16,Trait_LDA,0.5357142857142857,0.5303225806451612,0.0714285714285714
all,0,between_state,16,State_LDA,0.5,0.47593582887700536,0.0
all,0,between_state,16,Joint_LDA,0.5357142857142857,0.5204216073781291,0.0714285714285714
all,0,between_state,17,Raw,0.5,0.5,0.0
all,0,between_state,17,Trait_LDA,0.5,0.4857142857142857,0.0
all,0,between_state,17,State_LDA,0.5,0.5,0.0
all,0,between_state,17,Joint_LDA,0.3333333333333333,0.3333333333333333,-0.33333333333333326
all,0,between_state,18,Raw,0.5526315789473684,0.5498257839721254,0.10526315789473684
all,0,between_state,18,Trait_LDA,0.6052631578947368,0.602787456445993,0.21052631578947367
all,0,between_state,18,State_LDA,0.5526315789473684,0.5498257839721254,0.10526315789473684
all,0,between_state,18,Joint_LDA,0.6052631578947368,0.602787456445993,0.21052631578947367
all,0,between_state,19,Raw,0.4,0.375,-0.19999999999999996
all,0,between_state,19,Trait_LDA,0.2,0.2,-0.6000000000000001
all,0,between_state,19,State_LDA,0.4,0.375,-0.19999999999999996
all,0,between_state,19,Joint_LDA,0.30000000000000004,0.29292929292929293,-0.3999999999999999
all,0,between_state,2,Raw,0.5,0.4949494949494949,0.0
all,0,between_state,2,Trait_LDA,0.4,0.375,-0.19999999999999996
all,0,between_state,2,State_LDA,0.5,0.4949494949494949,0.0
all,0,between_state,2,Joint_LDA,0.5,0.4949494949494949,0.0
all,0,between_state,20,Raw,0.5,0.3333333333333333,0.0
all,0,between_state,20,Trait_LDA,0.8333333333333333,0.8285714285714285,0.6666666666666667
all,0,between_state,20,State_LDA,0.5,0.3333333333333333,0.0
all,0,between_state,20,Joint_LDA,0.5,0.3333333333333333,0.0
all,0,between_state,21,Raw,0.5625,0.5333333333333333,0.125
all,0,between_state,21,Trait_LDA,0.65625,0.6267232237539766,0.3125
all,0,between_state,21,State_LDA,0.5625,0.5333333333333333,0.125
all,0,between_state,21,Joint_LDA,0.625,0.5636363636363637,0.25
all,0,between_state,22,Raw,0.55,0.48717948717948717,0.09999999999999998
all,0,between_state,22,Trait_LDA,0.55,0.5396419437340154,0.09999999999999998
all,0,between_state,22,State_LDA,0.55,0.48717948717948717,0.09999999999999998
all,0,between_state,22,Joint_LDA,0.475,0.4470046082949308,-0.050000000000000044
all,0,between_state,23,Raw,0.8125,0.8056680161943319,0.625
all,0,between_state,23,Trait_LDA,0.8125,0.8117647058823529,0.625
all,0,between_state,23,State_LDA,0.8125,0.8056680161943319,0.625
all,0,between_state,23,Joint_LDA,0.875,0.873015873015873,0.75
all,0,between_state,24,Raw,0.7222222222222222,0.7142857142857142,0.4444444444444444
all,0,between_state,24,Trait_LDA,0.7777777777777778,0.7777777777777778,0.5555555555555556
all,0,between_state,24,State_LDA,0.7222222222222222,0.7142857142857142,0.4444444444444444
all,0,between_state,24,Joint_LDA,0.7222222222222222,0.7213622291021672,0.4444444444444444
all,0,between_state,25,Raw,0.5,0.4375,0.0
all,0,between_state,25,Trait_LDA,0.5833333333333334,0.4957983193277311,0.16666666666666663
all,0,between_state,25,State_LDA,0.5,0.4375,0.0
all,0,between_state,25,Joint_LDA,0.5833333333333334,0.4957983193277311,0.16666666666666663
all,0,between_state,26,Raw,0.5555555555555556,0.55,0.11111111111111116
all,0,between_state,26,Trait_LDA,0.7222222222222222,0.7142857142857142,0.4444444444444444
all,0,between_state,26,State_LDA,0.5555555555555556,0.55,0.11111111111111116
all,0,between_state,26,Joint_LDA,0.6666666666666666,0.6493506493506493,0.33333333333333337
all,0,between_state,27,Raw,0.38461538461538464,0.38095238095238093,-0.23076923076923084
all,0,between_state,27,Trait_LDA,0.34615384615384615,0.34615384615384615,-0.3076923076923077
all,0,between_state,27,State_LDA,0.38461538461538464,0.38095238095238093,-0.23076923076923084
all,0,between_state,27,Joint_LDA,0.4230769230769231,0.41964285714285715,-0.15384615384615374
all,0,between_state,28,Raw,0.5769230769230769,0.5712143928035982,0.15384615384615385
all,0,between_state,28,Trait_LDA,0.5,0.4609250398724083,0.0
all,0,between_state,28,State_LDA,0.5769230769230769,0.5712143928035982,0.15384615384615385
all,0,between_state,28,Joint_LDA,0.5769230769230769,0.5712143928035982,0.15384615384615385
all,0,between_state,29,Raw,0.39285714285714285,0.39208173690932313,-0.2142857142857142
all,0,between_state,29,Trait_LDA,0.39285714285714285,0.3728590250329381,-0.2142857142857142
all,0,between_state,29,State_LDA,0.39285714285714285,0.39208173690932313,-0.2142857142857142
all,0,between_state,29,Joint_LDA,0.4285714285714286,0.40106951871657753,-0.1428571428571428
all,0,between_state,3,Raw,0.6153846153846154,0.6130952380952381,0.23076923076923073
all,0,between_state,3,Trait_LDA,0.6153846153846154,0.6130952380952381,0.23076923076923073
all,0,between_state,3,State_LDA,0.6153846153846154,0.6130952380952381,0.23076923076923073
all,0,between_state,3,Joint_LDA,0.6538461538461539,0.6533333333333333,0.3076923076923077
all,0,between_state,30,Raw,0.5681818181818182,0.5393939393939394,0.13636363636363635
all,0,between_state,30,Trait_LDA,0.6363636363636364,0.6294736842105264,0.2727272727272727
all,0,between_state,30,State_LDA,0.5681818181818182,0.5393939393939394,0.13636363636363635
all,0,between_state,30,Joint_LDA,0.6363636363636364,0.6071428571428572,0.2727272727272727
all,0,between_state,31,Raw,0.6363636363636364,0.6239316239316239,0.2727272727272727
all,0,between_state,31,Trait_LDA,0.6818181818181819,0.6757894736842105,0.36363636363636365
all,0,between_state,31,State_LDA,0.6363636363636364,0.6239316239316239,0.2727272727272727
all,0,between_state,31,Joint_LDA,0.5454545454545454,0.5299145299145299,0.09090909090909094
all,0,between_state,32,Raw,0.5882352941176471,0.5641025641025641,0.17647058823529416
all,0,between_state,32,Trait_LDA,0.3823529411764706,0.3101449275362319,-0.23529411764705888
all,0,between_state,32,State_LDA,0.5882352941176471,0.5641025641025641,0.17647058823529416
all,0,between_state,32,Joint_LDA,0.4411764705882353,0.3454913880445795,-0.11764705882352944
all,0,between_state,33,Raw,0.5,0.4857142857142857,0.0
all,0,between_state,33,Trait_LDA,0.5833333333333334,0.4957983193277311,0.16666666666666663
all,0,between_state,33,State_LDA,0.5,0.4857142857142857,0.0
all,0,between_state,33,Joint_LDA,0.5833333333333334,0.5555555555555556,0.16666666666666663
all,0,between_state,34,Raw,0.45454545454545453,0.45,-0.09090909090909083
all,0,between_state,34,Trait_LDA,0.5909090909090908,0.5900621118012422,0.18181818181818177
all,0,between_state,34,State_LDA,0.45454545454545453,0.45,-0.09090909090909083
all,0,between_state,34,Joint_LDA,0.5,0.4989648033126294,0.0
all,0,between_state,35,Raw,0.5833333333333334,0.5833333333333334,0.16666666666666663
all,0,between_state,35,Trait_LDA,0.5833333333333333,0.5644283121597096,0.16666666666666663
all,0,between_state,35,State_LDA,0.5833333333333334,0.5833333333333334,0.16666666666666663
all,0,between_state,35,Joint_LDA,0.5833333333333334,0.5767195767195767,0.16666666666666663
all,0,between_state,36,Raw,0.75,0.7428571428571429,0.5
all,0,between_state,36,Trait_LDA,0.75,0.7333333333333334,0.5
all,0,between_state,36,State_LDA,0.75,0.7428571428571429,0.5
all,0,between_state,36,Joint_LDA,0.75,0.7333333333333334,0.5
all,0,between_state,37,Raw,0.6333333333333333,0.6296296296296295,0.2666666666666667
all,0,between_state,37,Trait_LDA,0.6,0.5982142857142857,0.19999999999999996
all,0,between_state,37,State_LDA,0.6333333333333333,0.6296296296296295,0.2666666666666667
all,0,between_state,37,Joint_LDA,0.5666666666666667,0.5622895622895623,0.1333333333333333
all,0,between_state,38,Raw,0.3125,0.30980392156862746,-0.375
all,0,between_state,38,Trait_LDA,0.40625,0.4056695992179863,-0.1875
all,0,between_state,38,State_LDA,0.3125,0.30980392156862746,-0.375
all,0,between_state,38,Joint_LDA,0.34375,0.33793103448275863,-0.3125
all,0,between_state,39,Raw,0.6875,0.6627634660421545,0.375
all,0,between_state,39,Trait_LDA,0.625,0.6079854809437386,0.25
all,0,between_state,39,State_LDA,0.6666666666666666,0.6444444444444444,0.33333333333333337
all,0,between_state,39,Joint_LDA,0.6875,0.6536796536796536,0.375
all,0,between_state,4,Raw,0.4523809523809524,0.44957264957264953,-0.09523809523809534
all,0,between_state,4,Trait_LDA,0.47619047619047616,0.4564705882352942,-0.04761904761904767
all,0,between_state,4,State_LDA,0.4523809523809524,0.44957264957264953,-0.09523809523809534
all,0,between_state,4,Joint_LDA,0.5238095238095237,0.5138888888888888,0.04761904761904767
all,0,between_state,40,Raw,0.3333333333333333,0.3333333333333333,-0.33333333333333326
all,0,between_state,40,Trait_LDA,0.5,0.4857142857142857,0.0
all,0,between_state,40,State_LDA,0.3333333333333333,0.3333333333333333,-0.33333333333333326
all,0,between_state,40,Joint_LDA,0.5,0.4857142857142857,0.0
all,0,between_state,6,Raw,0.5595238095238095,0.5518385003604902,0.11904761904761907
all,0,between_state,6,Trait_LDA,0.5119047619047619,0.5033886085075703,0.023809523809523836
all,0,between_state,6,State_LDA,0.5595238095238095,0.5518385003604902,0.11904761904761907
all,0,between_state,6,Joint_LDA,0.5238095238095238,0.5058823529411764,0.04761904761904767
all,0,between_state,7,Raw,0.6000000000000001,0.5833333333333333,0.19999999999999996
all,0,between_state,7,Trait_LDA,0.9,0.898989898989899,0.8
all,0,between_state,7,State_LDA,0.6000000000000001,0.5833333333333333,0.19999999999999996
all,0,between_state,7,Joint_LDA,0.7,0.696969696969697,0.4
all,0,between_state,8,Raw,0.625,0.6235294117647059,0.25
all,0,between_state,8,Trait_LDA,0.65625,0.6476476476476476,0.3125
all,0,between_state,8,State_LDA,0.625,0.6235294117647059,0.25
all,0,between_state,8,Joint_LDA,0.59375,0.5901477832512315,0.1875
