num_subjects,seed,split_type,subject,space,Bal_Acc,F1,Kappa
10,0,trait,,Raw,0.9294920153376036,0.9333077648368423,0.9311382986883485
10,0,trait,,Trait_LDA,0.9298708032163914,0.9354658021731783,0.9343897479185052
10,0,trait,,State_LDA,0.11460784313725489,0.049879732971892674,0.02212240536636534
10,0,trait,,Joint_LDA,0.8885727300193412,0.8933874994899359,0.8917036098796707
10,1,trait,,Raw,0.8647798086846074,0.8825650115250513,0.9041214571558233
10,1,trait,,Trait_LDA,0.8831187161539497,0.901101821138907,0.911002969317057
10,1,trait,,State_LDA,0.12065217391304348,0.05508323904962017,0.035728777362520114
10,1,trait,,Joint_LDA,0.8820534823681276,0.8988123377177759,0.9076066790352505
10,2,trait,,Raw,0.9277332471450119,0.9343698815272141,0.9384664883669489
10,2,trait,,Trait_LDA,0.9287405731523378,0.9374270164417279,0.9486828600752651
10,2,trait,,State_LDA,0.10393374741200827,0.051813865147198476,0.00822679519609859
10,2,trait,,Joint_LDA,0.9459965524671408,0.951070395068386,0.9589900289482148
10,3,trait,,Raw,0.899087024087024,0.9108128203528446,0.9039592794660002
10,3,trait,,Trait_LDA,0.8900592463092462,0.9003307377549563,0.89987209939704
10,3,trait,,State_LDA,0.09615384615384616,0.030959752321981428,-0.008809993425378027
10,3,trait,,Joint_LDA,0.8639423076923076,0.8712454819344325,0.8665692719746774
10,4,trait,,Raw,0.9468726741095163,0.9424069015861585,0.9488661862147251
10,4,trait,,Trait_LDA,0.9394917217285638,0.9283610144636667,0.9332911959126702
10,4,trait,,State_LDA,0.1,0.04397905759162304,0.0
10,4,trait,,Joint_LDA,0.9413387635756056,0.9359678269212772,0.9410010031149358
10,5,trait,,Raw,0.9377622377622379,0.9457887005571871,0.9626612561322755
10,5,trait,,Trait_LDA,0.9282294094794095,0.938617955924167,0.9584861064816218
10,5,trait,,State_LDA,0.10622529644268774,0.052651722252597045,0.013068978707127532
10,5,trait,,Joint_LDA,0.900166083916084,0.9053938828808423,0.9377272727272727
10,6,trait,,Raw,0.9659804815815045,0.9709750017423607,0.9708104188070346
10,6,trait,,Trait_LDA,0.9827054233064463,0.9779014503414244,0.983355947535052
10,6,trait,,State_LDA,0.1040133779264214,0.05359632301464098,0.009135493797480687
10,6,trait,,Joint_LDA,0.9547059717775831,0.9554727443610662,0.9624966029531661
10,7,trait,,Raw,0.9196150166258862,0.9330988199000799,0.9314205290599111
10,7,trait,,Trait_LDA,0.8958072965681663,0.9128274439654692,0.9142399999999999
10,7,trait,,State_LDA,0.10371376811594205,0.05376552795031055,0.007642364398755652
10,7,trait,,Joint_LDA,0.8621857550661899,0.8853811336984588,0.9011450748949545
10,8,trait,,Raw,0.9654179154179154,0.9679983886581198,0.9715295503632436
10,8,trait,,Trait_LDA,0.9537512487512488,0.9536298079590793,0.9633992427429533
10,8,trait,,State_LDA,0.10227272727272727,0.0495383380168607,0.006849315068493178
10,8,trait,,Joint_LDA,0.9175391275391276,0.9293341826110705,0.9469984535357796
10,9,trait,,Raw,0.9388690476190475,0.9495165921410793,0.9589804106679254
10,9,trait,,Trait_LDA,0.9363095238095239,0.9437575792767892,0.9626971385399943
10,9,trait,,State_LDA,0.1,0.041999999999999996,0.0
10,9,trait,,Joint_LDA,0.8724279448621554,0.8937367060719044,0.9215120404977054
20,0,trait,,Raw,0.9270809202080654,0.9276477503802516,0.9345223143263837
20,0,trait,,Trait_LDA,0.8291200405080554,0.8366098165089972,0.8650470449354224
20,0,trait,,State_LDA,0.05608660980514527,0.025194989739997113,0.010738561718169892
20,0,trait,,Joint_LDA,0.7865981034602316,0.7801946127594024,0.8283630062327063
20,1,trait,,Raw,0.8681764365665293,0.8713301738753524,0.8971940833706857
20,1,trait,,Trait_LDA,0.792231641982029,0.8051858789229016,0.8640973813053048
20,1,trait,,State_LDA,0.06764705882352942,0.01992337164750958,0.03363654029444685
20,1,trait,,Joint_LDA,0.7142100338172319,0.7187215385262531,0.811164205430019
20,2,trait,,Raw,0.9227792891392047,0.9283511669151728,0.9405153641422695
20,2,trait,,Trait_LDA,0.8375519262729014,0.8404389507686846,0.8791938187120704
20,2,trait,,State_LDA,0.06726190476190477,0.025977272727272727,0.03515085845491028
20,2,trait,,Joint_LDA,0.7962557546942222,0.8054895475865844,0.8575111971916233
20,3,trait,,Raw,0.8746033955080008,0.8843552949702213,0.9050256542367059
20,3,trait,,Trait_LDA,0.7099471387745382,0.7149152736128872,0.7942287614762832
20,3,trait,,State_LDA,0.05223214285714286,0.01658085013146363,0.006608536025699774
20,3,trait,,Joint_LDA,0.6959789450530549,0.7004414243013313,0.7907645266523832
20,4,trait,,Raw,0.9016186402270497,0.9055922261655048,0.9368007850834151
20,4,trait,,Trait_LDA,0.7380028944802972,0.7409881726063504,0.8548557572743098
20,4,trait,,State_LDA,0.06277056277056277,0.02212624584717608,0.02434915773353752
20,4,trait,,Joint_LDA,0.6707382086830028,0.6633065757708363,0.8080093739954581
20,5,trait,,Raw,0.9151507726122834,0.9185257869161048,0.9255620262224681
20,5,trait,,Trait_LDA,0.8026608791096358,0.8042860409789501,0.8621013194331324
20,5,trait,,State_LDA,0.0669288710907704,0.030764767990884522,0.02637975454840491
20,5,trait,,Joint_LDA,0.7213898810859203,0.7270449138479655,0.8114589316484778
20,6,trait,,Raw,0.8827521711912695,0.8882787309450233,0.913982269098271
20,6,trait,,Trait_LDA,0.7827199366241885,0.7997142053933498,0.8591435232524848
20,6,trait,,State_LDA,0.04940476190476191,0.0141396933560477,0.0004602140446497982
20,6,trait,,Joint_LDA,0.7392622620523837,0.7544396706361468,0.8274984242880647
20,7,trait,,Raw,0.886331164217993,0.8888517963624961,0.9138137074157924
20,7,trait,,Trait_LDA,0.7597391250810704,0.7747860164444177,0.8417675464708606
20,7,trait,,State_LDA,0.052922077922077926,0.020429992070833885,0.0032557656886399444
20,7,trait,,Joint_LDA,0.7103058643105672,0.7143994652013139,0.8021689834168406
20,8,trait,,Raw,0.9136994337361986,0.9132086868681129,0.9153266164008808
20,8,trait,,Trait_LDA,0.8109831957258429,0.818228264481214,0.8376733791629217
20,8,trait,,State_LDA,0.05285714285714286,0.018618081109131573,0.00558471800134186
20,8,trait,,Joint_LDA,0.7659325029545618,0.7735509375815761,0.7996609057099102
20,9,trait,,Raw,0.8706785835470299,0.8759322009053541,0.9014202874191108
20,9,trait,,Trait_LDA,0.7923034641544873,0.8058957304154873,0.8469926948906339
20,9,trait,,State_LDA,0.05951340326340328,0.02653557731592219,0.017503404840999326
20,9,trait,,Joint_LDA,0.7080232466453693,0.7074703373716885,0.7866599207353066
4,0,trait,,Raw,1.0,1.0,1.0
4,0,trait,,Trait_LDA,0.983201581027668,0.983201581027668,0.9738372093023255
4,0,trait,,State_LDA,0.25,0.14935064935064934,0.0
4,0,trait,,Joint_LDA,0.983201581027668,0.983201581027668,0.9738372093023255
4,1,trait,,Raw,0.9891304347826086,0.988549035927313,0.9802448525319978
4,1,trait,,Trait_LDA,0.9891304347826086,0.988549035927313,0.9802448525319978
4,1,trait,,State_LDA,0.22900197628458496,0.1383847549909256,-0.03922716627634659
4,1,trait,,Joint_LDA,0.9891304347826086,0.988549035927313,0.9802448525319978
4,2,trait,,Raw,0.9877392344497608,0.9877385006491433,0.9827814569536424
4,2,trait,,Trait_LDA,1.0,1.0,1.0
4,2,trait,,State_LDA,0.28349282296650713,0.24992001279795228,0.04813559322033911
4,2,trait,,Joint_LDA,0.9943181818181819,0.993879683534856,0.991393578285336
4,3,trait,,Raw,0.9747596153846154,0.9714505340381918,0.9677744209466264
4,3,trait,,Trait_LDA,0.9633413461538461,0.9600742992232354,0.9570253483296962
4,3,trait,,State_LDA,0.25,0.13636363636363635,0.0
4,3,trait,,Joint_LDA,0.9633413461538461,0.9625848612267259,0.9569313593539703
4,4,trait,,Raw,0.9375,0.9552035602633997,0.9488130563798219
4,4,trait,,Trait_LDA,0.9791666666666666,0.9865531151949798,0.9830757910228108
4,4,trait,,State_LDA,0.25,0.17142857142857143,0.0
4,4,trait,,Joint_LDA,0.9583333333333333,0.9731588287488908,0.965925925925926
4,5,trait,,Raw,0.96875,0.9718638545441683,0.9675250123011317
4,5,trait,,Trait_LDA,0.9739583333333333,0.979093702660154,0.9783108774235951
4,5,trait,,State_LDA,0.25,0.13333333333333333,0.0
4,5,trait,,Joint_LDA,0.96875,0.9718638545441683,0.9675250123011317
4,6,trait,,Raw,0.9534406565656566,0.9497369136377757,0.9312058092872157
4,6,trait,,Trait_LDA,0.9612531565656566,0.956563361214524,0.942737163580836
4,6,trait,,State_LDA,0.25,0.13414634146341464,0.0
4,6,trait,,Joint_LDA,0.9473642676767676,0.9461458007969635,0.9311795067864653
4,7,trait,,Raw,0.9789402173913043,0.9773694501955371,0.9701492537313433
4,7,trait,,Trait_LDA,0.9921875,0.9933435739887353,0.9900307872745931
4,7,trait,,State_LDA,0.2680027173913043,0.1673145933014354,0.028886725089256826
4,7,trait,,Joint_LDA,0.9813179347826086,0.9768398268398268,0.9702233250620348
4,8,trait,,Raw,0.9765625,0.9726028772164603,0.9621178555604785
4,8,trait,,Trait_LDA,0.9791666666666666,0.9852842809364548,0.9873614190687361
4,8,trait,,State_LDA,0.25,0.14814814814814814,0.0
4,8,trait,,Joint_LDA,0.9599905303030303,0.9629628935906657,0.962059019303306
4,9,trait,,Raw,0.9862351190476191,0.9781746031746031,0.969062197873026
4,9,trait,,Trait_LDA,0.9940476190476191,0.985083189902467,0.9845559845559846
4,9,trait,,State_LDA,0.25186011904761907,0.16764885185937817,0.00955292319449752
4,9,trait,,Joint_LDA,0.9706101190476191,0.9641722491512807,0.9379243452958292
all,0,trait,,Raw,0.8421825505735866,0.849160058119791,0.8771103333235583
all,0,trait,,Trait_LDA,0.639216077981611,0.6371387301586917,0.7367588003953525
all,0,trait,,State_LDA,0.033777698722509596,0.008686476884932593,0.014369124867605776
all,0,trait,,Joint_LDA,0.7363764488086579,0.745542556949982,0.8088151986183074
10,0,within_state,11,Raw,0.6,0.595959595959596,0.19999999999999996
10,0,within_state,11,Trait_LDA,0.6,0.595959595959596,0.19999999999999996
10,0,within_state,11,State_LDA,0.4,0.3939393939393939,-0.19999999999999996
10,0,within_state,11,Joint_LDA,0.7,0.696969696969697,0.4
10,0,within_state,12,Raw,0.6086956521739131,0.6086956521739131,0.21739130434782605
10,0,within_state,12,Trait_LDA,0.6086956521739131,0.6086956521739131,0.21739130434782605
10,0,within_state,12,State_LDA,0.5869565217391304,0.5867612293144208,0.17391304347826086
10,0,within_state,12,Joint_LDA,0.5217391304347826,0.5208333333333333,0.04347826086956519
10,0,within_state,16,Raw,0.6428571428571428,0.625668449197861,0.2857142857142857
10,0,within_state,16,Trait_LDA,0.6428571428571428,0.625668449197861,0.2857142857142857
10,0,within_state,16,State_LDA,0.7142857142857142,0.7083333333333333,0.4285714285714286
10,0,within_state,16,Joint_LDA,0.6785714285714286,0.6748387096774193,0.3571428571428571
10,0,within_state,22,Raw,0.675,0.6747967479674797,0.35
10,0,within_state,22,Trait_LDA,0.675,0.6747967479674797,0.35
10,0,within_state,22,State_LDA,0.675,0.6747967479674797,0.35
10,0,within_state,22,Joint_LDA,0.625,0.6247654784240151,0.25
10,0,within_state,28,Raw,0.46153846153846156,0.45833333333333337,-0.07692307692307687
10,0,within_state,28,Trait_LDA,0.46153846153846156,0.45833333333333337,-0.07692307692307687
10,0,within_state,28,State_LDA,0.5384615384615385,0.5357142857142857,0.07692307692307687
10,0,within_state,28,Joint_LDA,0.6153846153846154,0.6130952380952381,0.23076923076923073
10,0,within_state,30,Raw,0.5454545454545454,0.5368421052631579,0.09090909090909094
10,0,within_state,30,Trait_LDA,0.5454545454545454,0.5368421052631579,0.09090909090909094
10,0,within_state,30,State_LDA,0.5681818181818181,0.5679586563307493,0.13636363636363635
10,0,within_state,30,Joint_LDA,0.6136363636363636,0.6134366925064599,0.2272727272727273
10,0,within_state,32,Raw,0.6764705882352942,0.6761904761904762,0.3529411764705882
10,0,within_state,32,Trait_LDA,0.6764705882352942,0.6761904761904762,0.3529411764705882
10,0,within_state,32,State_LDA,0.6764705882352942,0.6761904761904762,0.3529411764705882
10,0,within_state,32,Joint_LDA,0.7352941176470589,0.7332170880557978,0.47058823529411764
10,0,within_state,36,Raw,0.6666666666666667,0.6571428571428571,0.33333333333333337
10,0,within_state,36,Trait_LDA,0.6666666666666667,0.6571428571428571,0.33333333333333337
10,0,within_state,36,State_LDA,0.6666666666666667,0.6571428571428571,0.33333333333333337
10,0,within_state,36,Joint_LDA,0.6666666666666667,0.6571428571428571,0.33333333333333337
10,0,within_state,39,Raw,0.625,0.625,0.25
10,0,within_state,39,Trait_LDA,0.625,0.625,0.25
10,0,within_state,39,State_LDA,0.6458333333333334,0.6444444444444444,0.29166666666666663
10,0,within_state,39,Joint_LDA,0.6041666666666667,0.5998244844229925,0.20833333333333337
10,0,within_state,8,Raw,0.6875,0.6862745098039216,0.375
10,0,within_state,8,Trait_LDA,0.6875,0.6862745098039216,0.375
10,0,within_state,8,State_LDA,0.71875,0.718475073313783,0.4375
10,0,within_state,8,Joint_LDA,0.6875,0.6862745098039216,0.375
10,1,within_state,1,Raw,0.5294117647058824,0.5277777777777778,0.05882352941176472
10,1,within_state,1,Trait_LDA,0.5294117647058824,0.5277777777777778,0.05882352941176472
10,1,within_state,1,State_LDA,0.47058823529411764,0.46875,-0.05882352941176472
10,1,within_state,1,Joint_LDA,0.5588235294117647,0.5584415584415584,0.11764705882352944
10,1,within_state,10,Raw,0.6086956521739131,0.6086956521739131,0.21739130434782605
10,1,within_state,10,Trait_LDA,0.6086956521739131,0.6086956521739131,0.21739130434782605
10,1,within_state,10,State_LDA,0.6086956521739131,0.6057142857142856,0.21739130434782605
10,1,within_state,10,Joint_LDA,0.6956521739130435,0.6956521739130435,0.3913043478260869
10,1,within_state,18,Raw,0.631578947368421,0.631578947368421,0.26315789473684215
10,1,within_state,18,Trait_LDA,0.631578947368421,0.631578947368421,0.26315789473684215
10,1,within_state,18,State_LDA,0.6052631578947368,0.6049896049896051,0.21052631578947367
10,1,within_state,18,Joint_LDA,0.6578947368421053,0.6557491289198607,0.3157894736842105
10,1,within_state,20,Raw,0.5,0.4857142857142857,0.0
10,1,within_state,20,Trait_LDA,0.5,0.4857142857142857,0.0
10,1,within_state,20,State_LDA,0.5,0.4857142857142857,0.0
10,1,within_state,20,Joint_LDA,0.5,0.4857142857142857,0.0
10,1,within_state,22,Raw,0.675,0.6731615336266499,0.35
10,1,within_state,22,Trait_LDA,0.675,0.6731615336266499,0.35
10,1,within_state,22,State_LDA,0.675,0.6747967479674797,0.35
10,1,within_state,22,Joint_LDA,0.625,0.6247654784240151,0.25
10,1,within_state,25,Raw,0.5833333333333333,0.5804195804195804,0.16666666666666663
10,1,within_state,25,Trait_LDA,0.5833333333333333,0.5804195804195804,0.16666666666666663
10,1,within_state,25,State_LDA,0.8333333333333334,0.8333333333333334,0.6666666666666667
10,1,within_state,25,Joint_LDA,0.41666666666666663,0.37777777777777777,-0.16666666666666674
10,1,within_state,27,Raw,0.5384615384615384,0.5384615384615384,0.07692307692307687
10,1,within_state,27,Trait_LDA,0.5384615384615384,0.5384615384615384,0.07692307692307687
10,1,within_state,27,State_LDA,0.5,0.5,0.0
10,1,within_state,27,Joint_LDA,0.5576923076923077,0.5535647629712579,0.11538461538461542
10,1,within_state,3,Raw,0.6538461538461539,0.6491754122938531,0.3076923076923077
10,1,within_state,3,Trait_LDA,0.6538461538461539,0.6491754122938531,0.3076923076923077
10,1,within_state,3,State_LDA,0.7692307692307693,0.7636363636363637,0.5384615384615384
10,1,within_state,3,Joint_LDA,0.6153846153846154,0.6130952380952381,0.23076923076923073
10,1,within_state,37,Raw,0.7333333333333334,0.7321428571428572,0.4666666666666667
10,1,within_state,37,Trait_LDA,0.7333333333333334,0.7321428571428572,0.4666666666666667
10,1,within_state,37,State_LDA,0.6,0.5927601809954751,0.19999999999999996
10,1,within_state,37,Joint_LDA,0.7666666666666666,0.7643097643097643,0.5333333333333333
10,1,within_state,39,Raw,0.4583333333333333,0.4545454545454546,-0.08333333333333326
10,1,within_state,39,Trait_LDA,0.4583333333333333,0.4545454545454546,-0.08333333333333326
10,1,within_state,39,State_LDA,0.5,0.4991304347826087,0.0
10,1,within_state,39,Joint_LDA,0.47916666666666663,0.47894051237516283,-0.04166666666666674
10,2,within_state,12,Raw,0.5652173913043479,0.5619047619047619,0.13043478260869568
10,2,within_state,12,Trait_LDA,0.5652173913043479,0.5619047619047619,0.13043478260869568
10,2,within_state,12,State_LDA,0.6304347826086956,0.6288561936402468,0.26086956521739135
10,2,within_state,12,Joint_LDA,0.5869565217391304,0.5851922164214522,0.17391304347826086
10,2,within_state,15,Raw,0.6,0.569377990430622,0.19999999999999996
10,2,within_state,15,Trait_LDA,0.6,0.569377990430622,0.19999999999999996
10,2,within_state,15,State_LDA,0.5333333333333333,0.513888888888889,0.06666666666666665
10,2,within_state,15,Joint_LDA,0.5666666666666667,0.5417156286721504,0.1333333333333333
10,2,within_state,17,Raw,1.0,1.0,1.0
10,2,within_state,17,Trait_LDA,1.0,1.0,1.0
10,2,within_state,17,State_LDA,0.5,0.5,0.0
10,2,within_state,17,Joint_LDA,0.5,0.5,0.0
10,2,within_state,21,Raw,0.6875,0.6862745098039216,0.375
10,2,within_state,21,Trait_LDA,0.6875,0.6862745098039216,0.375
10,2,within_state,21,State_LDA,0.65625,0.6532019704433498,0.3125
10,2,within_state,21,Joint_LDA,0.65625,0.6532019704433498,0.3125
10,2,within_state,27,Raw,0.5,0.49925925925925924,0.0
10,2,within_state,27,Trait_LDA,0.5,0.49925925925925924,0.0
10,2,within_state,27,State_LDA,0.5,0.49702380952380953,0.0
10,2,within_state,27,Joint_LDA,0.46153846153846156,0.46074074074074073,-0.07692307692307687
10,2,within_state,29,Raw,0.6071428571428572,0.6066411238825031,0.2142857142857143
10,2,within_state,29,Trait_LDA,0.6071428571428572,0.6066411238825031,0.2142857142857143
10,2,within_state,29,State_LDA,0.6071428571428572,0.6025806451612903,0.2142857142857143
10,2,within_state,29,Joint_LDA,0.6428571428571428,0.6354166666666667,0.2857142857142857
10,2,within_state,32,Raw,0.7352941176470589,0.7332170880557978,0.47058823529411764
10,2,within_state,32,Trait_LDA,0.7352941176470589,0.7332170880557978,0.47058823529411764
10,2,within_state,32,State_LDA,0.6764705882352942,0.6693191865605659,0.3529411764705882
10,2,within_state,32,Joint_LDA,0.7647058823529411,0.7638888888888888,0.5294117647058824
10,2,within_state,40,Raw,0.25,0.24475524475524477,-0.5
10,2,within_state,40,Trait_LDA,0.25,0.24475524475524477,-0.5
10,2,within_state,40,State_LDA,0.25,0.2,-0.5
10,2,within_state,40,Joint_LDA,0.25,0.2,-0.5
10,2,within_state,6,Raw,0.6309523809523809,0.6304810557684121,0.26190476190476186
10,2,within_state,6,Trait_LDA,0.6309523809523809,0.6304810557684121,0.26190476190476186
10,2,within_state,6,State_LDA,0.6547619047619048,0.6547129695251594,0.30952380952380953
10,2,within_state,6,Joint_LDA,0.6190476190476191,0.6188315371525808,0.23809523809523814
10,2,within_state,7,Raw,0.5,0.45054945054945056,0.0
10,2,within_state,7,Trait_LDA,0.5,0.45054945054945056,0.0
10,2,within_state,7,State_LDA,0.30000000000000004,0.29292929292929293,-0.3999999999999999
10,2,within_state,7,Joint_LDA,0.30000000000000004,0.29292929292929293,-0.3999999999999999
10,3,within_state,24,Raw,0.6111111111111112,0.609907120743034,0.2222222222222222
10,3,within_state,24,Trait_LDA,0.6111111111111112,0.609907120743034,0.2222222222222222
10,3,within_state,24,State_LDA,0.6666666666666667,0.6625,0.33333333333333337
10,3,within_state,24,Joint_LDA,0.6111111111111112,0.609907120743034,0.2222222222222222
10,3,within_state,25,Raw,0.75,0.7482517482517483,0.5
10,3,within_state,25,Trait_LDA,0.75,0.7482517482517483,0.5
10,3,within_state,25,State_LDA,0.5833333333333333,0.5804195804195804,0.16666666666666663
10,3,within_state,25,Joint_LDA,0.41666666666666663,0.37777777777777777,-0.16666666666666674
10,3,within_state,27,Raw,0.5384615384615385,0.5357142857142857,0.07692307692307687
10,3,within_state,27,Trait_LDA,0.5384615384615385,0.5357142857142857,0.07692307692307687
10,3,within_state,27,State_LDA,0.5,0.49925925925925924,0.0
10,3,within_state,27,Joint_LDA,0.6153846153846154,0.6130952380952381,0.23076923076923073
10,3,within_state,28,Raw,0.6153846153846154,0.6130952380952381,0.23076923076923073
10,3,within_state,28,Trait_LDA,0.6153846153846154,0.6130952380952381,0.23076923076923073
10,3,within_state,28,State_LDA,0.6538461538461539,0.6533333333333333,0.3076923076923077
10,3,within_state,28,Joint_LDA,0.6153846153846154,0.6130952380952381,0.23076923076923073
10,3,within_state,3,Raw,0.46153846153846156,0.46153846153846156,-0.07692307692307687
10,3,within_state,3,Trait_LDA,0.46153846153846156,0.46153846153846156,-0.07692307692307687
10,3,within_state,3,State_LDA,0.5384615384615385,0.5357142857142857,0.07692307692307687
10,3,within_state,3,Joint_LDA,0.5,0.49925925925925924,0.0
10,3,within_state,31,Raw,0.5454545454545454,0.5416666666666667,0.09090909090909094
10,3,within_state,31,Trait_LDA,0.5454545454545454,0.5416666666666667,0.09090909090909094
10,3,within_state,31,State_LDA,0.5454545454545454,0.5416666666666667,0.09090909090909094
10,3,within_state,31,Joint_LDA,0.5454545454545454,0.5454545454545454,0.09090909090909094
10,3,within_state,32,Raw,0.6470588235294118,0.6470588235294118,0.2941176470588235
10,3,within_state,32,Trait_LDA,0.6470588235294118,0.6470588235294118,0.2941176470588235
10,3,within_state,32,State_LDA,0.7058823529411764,0.7017543859649122,0.4117647058823529
10,3,within_state,32,Joint_LDA,0.7352941176470589,0.7350649350649351,0.47058823529411764
10,3,within_state,33,Raw,0.75,0.7482517482517483,0.5
10,3,within_state,33,Trait_LDA,0.75,0.7482517482517483,0.5
10,3,within_state,33,State_LDA,0.5,0.5,0.0
10,3,within_state,33,Joint_LDA,0.5,0.5,0.0
10,3,within_state,36,Raw,0.625,0.6243478260869566,0.25
10,3,within_state,36,Trait_LDA,0.625,0.6243478260869566,0.25
10,3,within_state,36,State_LDA,0.5833333333333334,0.5833333333333334,0.16666666666666663
10,3,within_state,36,Joint_LDA,0.5,0.49650349650349646,0.0
10,3,within_state,39,Raw,0.5833333333333333,0.5804195804195804,0.16666666666666663
10,3,within_state,39,Trait_LDA,0.5833333333333333,0.5804195804195804,0.16666666666666663
10,3,within_state,39,State_LDA,0.625,0.625,0.25
10,3,within_state,39,Joint_LDA,0.5416666666666667,0.5408695652173914,0.08333333333333337
10,4,within_state,11,Raw,0.75,0.7493734335839599,0.5
10,4,within_state,11,Trait_LDA,0.75,0.7493734335839599,0.5
10,4,within_state,11,State_LDA,0.7,0.696969696969697,0.4
10,4,within_state,11,Joint_LDA,0.8,0.8,0.6
10,4,within_state,14,Raw,0.625,0.5636363636363637,0.25
10,4,within_state,14,Trait_LDA,0.625,0.5636363636363637,0.25
10,4,within_state,14,State_LDA,0.375,0.2727272727272727,-0.25
10,4,within_state,14,Joint_LDA,0.375,0.2727272727272727,-0.25
10,4,within_state,15,Raw,0.7,0.699666295884316,0.4
10,4,within_state,15,Trait_LDA,0.7,0.699666295884316,0.4
10,4,within_state,15,State_LDA,0.7333333333333333,0.7333333333333333,0.4666666666666667
10,4,within_state,15,Joint_LDA,0.8,0.7991071428571428,0.6
10,4,within_state,17,Raw,0.9166666666666667,0.916083916083916,0.8333333333333334
10,4,within_state,17,Trait_LDA,0.9166666666666667,0.916083916083916,0.8333333333333334
10,4,within_state,17,State_LDA,0.5,0.4857142857142857,0.0
10,4,within_state,17,Joint_LDA,0.5,0.4857142857142857,0.0
10,4,within_state,18,Raw,0.6578947368421053,0.6557491289198607,0.3157894736842105
10,4,within_state,18,Trait_LDA,0.6578947368421053,0.6557491289198607,0.3157894736842105
10,4,within_state,18,State_LDA,0.6578947368421053,0.6576576576576576,0.3157894736842105
10,4,within_state,18,Joint_LDA,0.631578947368421,0.6274509803921569,0.26315789473684215
10,4,within_state,22,Raw,0.7,0.696969696969697,0.4
10,4,within_state,22,Trait_LDA,0.7,0.696969696969697,0.4
10,4,within_state,22,State_LDA,0.625,0.6228786926461345,0.25
10,4,within_state,22,Joint_LDA,0.775,0.7748592870544091,0.55
10,4,within_state,26,Raw,0.8333333333333333,0.8328173374613003,0.6666666666666667
10,4,within_state,26,Trait_LDA,0.8333333333333333,0.8328173374613003,0.6666666666666667
10,4,within_state,26,State_LDA,0.6666666666666667,0.6625,0.33333333333333337
10,4,within_state,26,Joint_LDA,0.7777777777777778,0.7777777777777778,0.5555555555555556
10,4,within_state,3,Raw,0.6538461538461539,0.6533333333333333,0.3076923076923077
10,4,within_state,3,Trait_LDA,0.6538461538461539,0.6533333333333333,0.3076923076923077
10,4,within_state,3,State_LDA,0.6923076923076923,0.6904761904761905,0.3846153846153846
10,4,within_state,3,Joint_LDA,0.5769230769230769,0.5762962962962963,0.15384615384615385
10,4,within_state,34,Raw,0.7272727272727273,0.725,0.4545454545454546
10,4,within_state,34,Trait_LDA,0.7272727272727273,0.725,0.4545454545454546
10,4,within_state,34,State_LDA,0.7727272727272727,0.7722567287784678,0.5454545454545454
10,4,within_state,34,Joint_LDA,0.6818181818181819,0.681159420289855,0.36363636363636365
10,4,within_state,6,Raw,0.5833333333333333,0.5832742735648476,0.16666666666666663
10,4,within_state,6,Trait_LDA,0.5833333333333333,0.5832742735648476,0.16666666666666663
10,4,within_state,6,State_LDA,0.6071428571428572,0.6057459820793628,0.2142857142857143
10,4,within_state,6,Joint_LDA,0.5714285714285714,0.5692307692307692,0.1428571428571429
10,5,within_state,11,Raw,0.7,0.6875,0.4
10,5,within_state,11,Trait_LDA,0.7,0.6875,0.4
10,5,within_state,11,State_LDA,0.8,0.797979797979798,0.6
10,5,within_state,11,Joint_LDA,0.7,0.7,0.4
10,5,within_state,12,Raw,0.5869565217391304,0.5851922164214522,0.17391304347826086
10,5,within_state,12,Trait_LDA,0.5869565217391304,0.5851922164214522,0.17391304347826086
10,5,within_state,12,State_LDA,0.5652173913043479,0.5643939393939394,0.13043478260869568
10,5,within_state,12,Joint_LDA,0.7173913043478262,0.7161841480778358,0.4347826086956522
10,5,within_state,13,Raw,0.5909090909090909,0.5831578947368421,0.18181818181818177
10,5,within_state,13,Trait_LDA,0.5909090909090909,0.5831578947368421,0.18181818181818177
10,5,within_state,13,State_LDA,0.5681818181818182,0.5569687334393216,0.13636363636363635
10,5,within_state,13,Joint_LDA,0.5909090909090908,0.5875,0.18181818181818177
10,5,within_state,22,Raw,0.65,0.65,0.30000000000000004
10,5,within_state,22,Trait_LDA,0.65,0.65,0.30000000000000004
10,5,within_state,22,State_LDA,0.6499999999999999,0.6491228070175439,0.30000000000000004
10,5,within_state,22,Joint_LDA,0.625,0.6247654784240151,0.25
10,5,within_state,23,Raw,0.6875,0.6862745098039216,0.375
10,5,within_state,23,Trait_LDA,0.6875,0.6862745098039216,0.375
10,5,within_state,23,State_LDA,0.8125,0.8056680161943319,0.625
10,5,within_state,23,Joint_LDA,0.625,0.6,0.25
10,5,within_state,24,Raw,0.38888888888888884,0.38699690402476783,-0.22222222222222232
10,5,within_state,24,Trait_LDA,0.38888888888888884,0.38699690402476783,-0.22222222222222232
10,5,within_state,24,State_LDA,0.38888888888888884,0.38699690402476783,-0.22222222222222232
10,5,within_state,24,Joint_LDA,0.3888888888888889,0.37142857142857144,-0.22222222222222232
10,5,within_state,3,Raw,0.5384615384615385,0.5357142857142857,0.07692307692307687
10,5,within_state,3,Trait_LDA,0.5384615384615385,0.5357142857142857,0.07692307692307687
10,5,within_state,3,State_LDA,0.5384615384615384,0.5384615384615384,0.07692307692307687
10,5,within_state,3,Joint_LDA,0.46153846153846156,0.45833333333333337,-0.07692307692307687
10,5,within_state,31,Raw,0.5,0.4905263157894737,0.0
10,5,within_state,31,Trait_LDA,0.5,0.4905263157894737,0.0
10,5,within_state,31,State_LDA,0.5,0.4905263157894737,0.0
10,5,within_state,31,Joint_LDA,0.5454545454545454,0.5416666666666667,0.09090909090909094
10,5,within_state,7,Raw,0.8,0.8,0.6
10,5,within_state,7,Trait_LDA,0.8,0.8,0.6
10,5,within_state,7,State_LDA,0.5,0.45054945054945056,0.0
10,5,within_state,7,Joint_LDA,0.5,0.45054945054945056,0.0
10,5,within_state,8,Raw,0.625,0.625,0.25
10,5,within_state,8,Trait_LDA,0.625,0.625,0.25
10,5,within_state,8,State_LDA,0.6875,0.6862745098039216,0.375
10,5,within_state,8,Joint_LDA,0.6875,0.6875,0.375
10,6,within_state,10,Raw,0.6086956521739131,0.6079545454545454,0.21739130434782605
10,6,within_state,10,Trait_LDA,0.6086956521739131,0.6079545454545454,0.21739130434782605
10,6,within_state,10,State_LDA,0.6304347826086957,0.6302600472813239,0.26086956521739135
10,6,within_state,10,Joint_LDA,0.5,0.4997635933806146,0.0
10,6,within_state,12,Raw,0.6521739130434783,0.6521739130434783,0.30434782608695654
10,6,within_state,12,Trait_LDA,0.6521739130434783,0.6521739130434783,0.30434782608695654
10,6,within_state,12,State_LDA,0.717391304347826,0.7172576832151301,0.4347826086956522
10,6,within_state,12,Joint_LDA,0.6086956521739131,0.6086956521739131,0.21739130434782605
10,6,within_state,2,Raw,0.8,0.8,0.6
10,6,within_state,2,Trait_LDA,0.8,0.8,0.6
10,6,within_state,2,State_LDA,0.6000000000000001,0.5833333333333333,0.19999999999999996
10,6,within_state,2,Joint_LDA,0.6000000000000001,0.5833333333333333,0.19999999999999996
10,6,within_state,23,Raw,0.5625,0.5151515151515151,0.125
10,6,within_state,23,Trait_LDA,0.5625,0.5151515151515151,0.125
10,6,within_state,23,State_LDA,0.625,0.625,0.25
10,6,within_state,23,Joint_LDA,0.5625,0.5465587044534412,0.125
10,6,within_state,25,Raw,0.6666666666666667,0.6571428571428571,0.33333333333333337
10,6,within_state,25,Trait_LDA,0.6666666666666667,0.6571428571428571,0.33333333333333337
10,6,within_state,25,State_LDA,0.5833333333333333,0.5804195804195804,0.16666666666666663
10,6,within_state,25,Joint_LDA,0.5833333333333333,0.5804195804195804,0.16666666666666663
10,6,within_state,27,Raw,0.5192307692307692,0.5043842927945101,0.038461538461538436
10,6,within_state,27,Trait_LDA,0.5192307692307692,0.5043842927945101,0.038461538461538436
10,6,within_state,27,State_LDA,0.5,0.4878787878787879,0.0
10,6,within_state,27,Joint_LDA,0.4807692307692308,0.4711864406779661,-0.03846153846153855
10,6,within_state,3,Raw,0.6923076923076923,0.6923076923076923,0.3846153846153846
10,6,within_state,3,Trait_LDA,0.6923076923076923,0.6923076923076923,0.3846153846153846
10,6,within_state,3,State_LDA,0.6923076923076923,0.6923076923076923,0.3846153846153846
10,6,within_state,3,Joint_LDA,0.6923076923076923,0.6923076923076923,0.3846153846153846
10,6,within_state,31,Raw,0.6363636363636364,0.5809523809523809,0.2727272727272727
10,6,within_state,31,Trait_LDA,0.6363636363636364,0.5809523809523809,0.2727272727272727
10,6,within_state,31,State_LDA,0.6818181818181818,0.6644880174291938,0.36363636363636365
10,6,within_state,31,Joint_LDA,0.7727272727272727,0.7603485838779956,0.5454545454545454
10,6,within_state,32,Raw,0.7058823529411764,0.7048611111111112,0.4117647058823529
10,6,within_state,32,Trait_LDA,0.7058823529411764,0.7048611111111112,0.4117647058823529
10,6,within_state,32,State_LDA,0.6176470588235294,0.6091954022988506,0.23529411764705888
10,6,within_state,32,Joint_LDA,0.6470588235294117,0.6421052631578947,0.2941176470588235
10,6,within_state,40,Raw,0.41666666666666663,0.4125874125874126,-0.16666666666666674
10,6,within_state,40,Trait_LDA,0.41666666666666663,0.4125874125874126,-0.16666666666666674
10,6,within_state,40,State_LDA,0.5,0.4857142857142857,0.0
10,6,within_state,40,Joint_LDA,0.5,0.4857142857142857,0.0
10,7,within_state,10,Raw,0.5434782608695652,0.5415282392026578,0.08695652173913049
10,7,within_state,10,Trait_LDA,0.5434782608695652,0.5415282392026578,0.08695652173913049
10,7,within_state,10,State_LDA,0.5869565217391304,0.5867612293144208,0.17391304347826086
10,7,within_state,10,Joint_LDA,0.4782608695652174,0.46923076923076923,-0.04347826086956519
10,7,within_state,19,Raw,0.6,0.6,0.19999999999999996
10,7,within_state,19,Trait_LDA,0.6,0.6,0.19999999999999996
10,7,within_state,19,State_LDA,0.5,0.4949494949494949,0.0
10,7,within_state,19,Joint_LDA,0.5,0.4949494949494949,0.0
10,7,within_state,21,Raw,0.78125,0.7810361681329423,0.5625
10,7,within_state,21,Trait_LDA,0.78125,0.7810361681329423,0.5625
10,7,within_state,21,State_LDA,0.75,0.7490196078431373,0.5
10,7,within_state,21,Joint_LDA,0.8125,0.8125,0.625
10,7,within_state,26,Raw,0.8888888888888888,0.8888888888888888,0.7777777777777778
10,7,within_state,26,Trait_LDA,0.8888888888888888,0.8888888888888888,0.7777777777777778
10,7,within_state,26,State_LDA,0.6666666666666667,0.6625,0.33333333333333337
10,7,within_state,26,Joint_LDA,0.7222222222222222,0.7213622291021672,0.4444444444444444
10,7,within_state,3,Raw,0.5769230769230769,0.5762962962962963,0.15384615384615385
10,7,within_state,3,Trait_LDA,0.5769230769230769,0.5762962962962963,0.15384615384615385
10,7,within_state,3,State_LDA,0.6923076923076923,0.6923076923076923,0.3846153846153846
10,7,within_state,3,Joint_LDA,0.5,0.4932533733133433,0.0
10,7,within_state,31,Raw,0.5909090909090909,0.5831578947368421,0.18181818181818177
10,7,within_state,31,Trait_LDA,0.5909090909090909,0.5831578947368421,0.18181818181818177
10,7,within_state,31,State_LDA,0.5909090909090909,0.5831578947368421,0.18181818181818177
10,7,within_state,31,Joint_LDA,0.5909090909090909,0.5686274509803921,0.18181818181818177
10,7,within_state,33,Raw,0.5833333333333333,0.5804195804195804,0.16666666666666663
10,7,within_state,33,Trait_LDA,0.5833333333333333,0.5804195804195804,0.16666666666666663
10,7,within_state,33,State_LDA,0.6666666666666667,0.6571428571428571,0.33333333333333337
10,7,within_state,33,Joint_LDA,0.6666666666666667,0.6571428571428571,0.33333333333333337
10,7,within_state,39,Raw,0.5,0.5,0.0
10,7,within_state,39,Trait_LDA,0.5,0.5,0.0
10,7,within_state,39,State_LDA,0.4583333333333333,0.4583333333333333,-0.08333333333333326
10,7,within_state,39,Joint_LDA,0.5625,0.5623100303951367,0.125
10,7,within_state,4,Raw,0.6666666666666666,0.6636155606407322,0.33333333333333337
10,7,within_state,4,Trait_LDA,0.6666666666666666,0.6636155606407322,0.33333333333333337
10,7,within_state,4,State_LDA,0.6190476190476191,0.6181818181818182,0.23809523809523814
10,7,within_state,4,Joint_LDA,0.6190476190476191,0.6181818181818182,0.23809523809523814
10,7,within_state,40,Raw,0.41666666666666663,0.4125874125874126,-0.16666666666666674
10,7,within_state,40,Trait_LDA,0.41666666666666663,0.4125874125874126,-0.16666666666666674
10,7,within_state,40,State_LDA,0.3333333333333333,0.3142857142857143,-0.33333333333333326
10,7,within_state,40,Joint_LDA,0.3333333333333333,0.3142857142857143,-0.33333333333333326
10,8,within_state,17,Raw,0.75,0.7482517482517483,0.5
10,8,within_state,17,Trait_LDA,0.75,0.7482517482517483,0.5
10,8,within_state,17,State_LDA,0.5,0.4857142857142857,0.0
10,8,within_state,17,Joint_LDA,0.5,0.4857142857142857,0.0
10,8,within_state,26,Raw,0.8888888888888888,0.8888888888888888,0.7777777777777778
10,8,within_state,26,Trait_LDA,0.8888888888888888,0.8888888888888888,0.7777777777777778
10,8,within_state,26,State_LDA,0.8888888888888888,0.8888888888888888,0.7777777777777778
10,8,within_state,26,Joint_LDA,0.8888888888888888,0.8888888888888888,0.7777777777777778
10,8,within_state,3,Raw,0.5384615384615384,0.5272727272727272,0.07692307692307687
10,8,within_state,3,Trait_LDA,0.5384615384615384,0.5272727272727272,0.07692307692307687
10,8,within_state,3,State_LDA,0.34615384615384615,0.34518518518518515,-0.3076923076923077
10,8,within_state,3,Joint_LDA,0.5384615384615385,0.5357142857142857,0.07692307692307687
10,8,within_state,30,Raw,0.5909090909090908,0.5875,0.18181818181818177
10,8,within_state,30,Trait_LDA,0.5909090909090908,0.5875,0.18181818181818177
10,8,within_state,30,State_LDA,0.5909090909090908,0.5900621118012422,0.18181818181818177
10,8,within_state,30,Joint_LDA,0.6363636363636364,0.6356107660455487,0.2727272727272727
10,8,within_state,33,Raw,0.75,0.7482517482517483,0.5
10,8,within_state,33,Trait_LDA,0.75,0.7482517482517483,0.5
10,8,within_state,33,State_LDA,0.5833333333333333,0.5804195804195804,0.16666666666666663
10,8,within_state,33,Joint_LDA,0.5833333333333333,0.5804195804195804,0.16666666666666663
10,8,within_state,34,Raw,0.5,0.4989648033126294,0.0
10,8,within_state,34,Trait_LDA,0.5,0.4989648033126294,0.0
10,8,within_state,34,State_LDA,0.5909090909090908,0.5900621118012422,0.18181818181818177
10,8,within_state,34,Joint_LDA,0.5909090909090908,0.5900621118012422,0.18181818181818177
10,8,within_state,37,Raw,0.7666666666666666,0.7664071190211346,0.5333333333333333
10,8,within_state,37,Trait_LDA,0.7666666666666666,0.7664071190211346,0.5333333333333333
10,8,within_state,37,State_LDA,0.7,0.699666295884316,0.4
10,8,within_state,37,Joint_LDA,0.7666666666666666,0.7664071190211346,0.5333333333333333
10,8,within_state,6,Raw,0.6785714285714286,0.6785258681785967,0.3571428571428571
10,8,within_state,6,Trait_LDA,0.6785714285714286,0.6785258681785967,0.3571428571428571
10,8,within_state,6,State_LDA,0.7023809523809523,0.7020008514261388,0.40476190476190477
10,8,within_state,6,Joint_LDA,0.7023809523809523,0.7020008514261388,0.40476190476190477
10,8,within_state,7,Raw,0.7,0.696969696969697,0.4
10,8,within_state,7,Trait_LDA,0.7,0.696969696969697,0.4
10,8,within_state,7,State_LDA,0.4,0.4,-0.19999999999999996
10,8,within_state,7,Joint_LDA,0.4,0.4,-0.19999999999999996
10,8,within_state,8,Raw,0.84375,0.8435972629521017,0.6875
10,8,within_state,8,Trait_LDA,0.84375,0.8435972629521017,0.6875
10,8,within_state,8,State_LDA,0.84375,0.8435972629521017,0.6875
10,8,within_state,8,Joint_LDA,0.8125,0.8117647058823529,0.625
10,9,within_state,17,Raw,0.9166666666666667,0.916083916083916,0.8333333333333334
10,9,within_state,17,Trait_LDA,0.9166666666666667,0.916083916083916,0.8333333333333334
10,9,within_state,17,State_LDA,0.75,0.7333333333333334,0.5
10,9,within_state,17,Joint_LDA,0.75,0.7333333333333334,0.5
10,9,within_state,18,Raw,0.7105263157894737,0.7087108013937282,0.42105263157894735
10,9,within_state,18,Trait_LDA,0.7105263157894737,0.7087108013937282,0.42105263157894735
10,9,within_state,18,State_LDA,0.736842105263158,0.7361111111111112,0.4736842105263158
10,9,within_state,18,Joint_LDA,0.6578947368421053,0.6576576576576576,0.3157894736842105
10,9,within_state,2,Raw,0.5,0.45054945054945056,0.0
10,9,within_state,2,Trait_LDA,0.5,0.45054945054945056,0.0
10,9,within_state,2,State_LDA,0.5,0.45054945054945056,0.0
10,9,within_state,2,Joint_LDA,0.5,0.45054945054945056,0.0
10,9,within_state,35,Raw,0.625,0.6223776223776224,0.25
10,9,within_state,35,Trait_LDA,0.625,0.6223776223776224,0.25
10,9,within_state,35,State_LDA,0.625,0.6223776223776224,0.25
10,9,within_state,35,Joint_LDA,0.6666666666666666,0.6666666666666666,0.33333333333333337
10,9,within_state,36,Raw,0.4166666666666667,0.4,-0.16666666666666674
10,9,within_state,36,Trait_LDA,0.4166666666666667,0.4,-0.16666666666666674
10,9,within_state,36,State_LDA,0.5,0.4857142857142857,0.0
10,9,within_state,36,Joint_LDA,0.5,0.4857142857142857,0.0
10,9,within_state,37,Raw,0.8,0.7963800904977376,0.6
10,9,within_state,37,Trait_LDA,0.8,0.7963800904977376,0.6
10,9,within_state,37,State_LDA,0.7666666666666666,0.7643097643097643,0.5333333333333333
10,9,within_state,37,Joint_LDA,0.7,0.696969696969697,0.4
10,9,within_state,39,Raw,0.5625,0.5607843137254902,0.125
10,9,within_state,39,Trait_LDA,0.5625,0.5607843137254902,0.125
10,9,within_state,39,State_LDA,0.5625,0.5577007459412022,0.125
10,9,within_state,39,Joint_LDA,0.5416666666666666,0.5416666666666666,0.08333333333333337
10,9,within_state,40,Raw,0.3333333333333333,0.3333333333333333,-0.33333333333333326
10,9,within_state,40,Trait_LDA,0.3333333333333333,0.3333333333333333,-0.33333333333333326
10,9,within_state,40,State_LDA,0.41666666666666663,0.4125874125874126,-0.16666666666666674
10,9,within_state,40,Joint_LDA,0.41666666666666663,0.4125874125874126,-0.16666666666666674
10,9,within_state,6,Raw,0.6071428571428572,0.6070871722182849,0.2142857142857143
10,9,within_state,6,Trait_LDA,0.6071428571428572,0.6070871722182849,0.2142857142857143
10,9,within_state,6,State_LDA,0.5833333333333333,0.5832742735648476,0.16666666666666663
10,9,within_state,6,Joint_LDA,0.6071428571428572,0.6057459820793628,0.2142857142857143
10,9,within_state,7,Raw,0.7,0.696969696969697,0.4
10,9,within_state,7,Trait_LDA,0.7,0.696969696969697,0.4
10,9,within_state,7,State_LDA,0.9,0.898989898989899,0.8
10,9,within_state,7,Joint_LDA,0.9,0.898989898989899,0.8
20,0,within_state,10,Raw,0.5217391304347826,0.5180952380952382,0.04347826086956519
20,0,within_state,10,Trait_LDA,0.5217391304347826,0.5180952380952382,0.04347826086956519
20,0,within_state,10,State_LDA,0.5,0.49786426198386335,0.0
20,0,within_state,10,Joint_LDA,0.5652173913043479,0.5619047619047619,0.13043478260869568
20,0,within_state,11,Raw,0.65,0.6419437340153453,0.30000000000000004
20,0,within_state,11,Trait_LDA,0.65,0.6419437340153453,0.30000000000000004
20,0,within_state,11,State_LDA,0.5,0.5,0.0
20,0,within_state,11,Joint_LDA,0.6,0.595959595959596,0.19999999999999996
20,0,within_state,13,Raw,0.6590909090909092,0.6502384737678856,0.31818181818181823
20,0,within_state,13,Trait_LDA,0.6590909090909092,0.6502384737678856,0.31818181818181823
20,0,within_state,13,State_LDA,0.7045454545454546,0.6968733439321675,0.40909090909090906
20,0,within_state,13,Joint_LDA,0.7045454545454546,0.7006802721088435,0.40909090909090906
20,0,within_state,14,Raw,0.75,0.7333333333333334,0.5
20,0,within_state,14,Trait_LDA,0.75,0.7333333333333334,0.5
20,0,within_state,14,State_LDA,0.5,0.4666666666666667,0.0
20,0,within_state,14,Joint_LDA,0.5,0.4666666666666667,0.0
20,0,within_state,18,Raw,0.6052631578947368,0.602787456445993,0.21052631578947367
20,0,within_state,18,Trait_LDA,0.6052631578947368,0.602787456445993,0.21052631578947367
20,0,within_state,18,State_LDA,0.5789473684210527,0.5742296918767507,0.1578947368421053
20,0,within_state,18,Joint_LDA,0.5789473684210527,0.5742296918767507,0.1578947368421053
20,0,within_state,21,Raw,0.6875,0.6862745098039216,0.375
20,0,within_state,21,Trait_LDA,0.6875,0.6862745098039216,0.375
20,0,within_state,21,State_LDA,0.6875,0.6862745098039216,0.375
20,0,within_state,21,Joint_LDA,0.65625,0.6532019704433498,0.3125
20,0,within_state,23,Raw,0.5625,0.5607843137254902,0.125
20,0,within_state,23,Trait_LDA,0.5625,0.5607843137254902,0.125
20,0,within_state,23,State_LDA,0.5,0.4920634920634921,0.0
20,0,within_state,23,Joint_LDA,0.625,0.6190476190476191,0.25
20,0,within_state,25,Raw,0.8333333333333333,0.8285714285714285,0.6666666666666667
20,0,within_state,25,Trait_LDA,0.8333333333333333,0.8285714285714285,0.6666666666666667
20,0,within_state,25,State_LDA,0.41666666666666663,0.4125874125874126,-0.16666666666666674
20,0,within_state,25,Joint_LDA,0.8333333333333333,0.8285714285714285,0.6666666666666667
20,0,within_state,26,Raw,0.8888888888888888,0.8888888888888888,0.7777777777777778
20,0,within_state,26,Trait_LDA,0.8888888888888888,0.8888888888888888,0.7777777777777778
20,0,within_state,26,State_LDA,0.8333333333333333,0.8328173374613003,0.6666666666666667
20,0,within_state,26,Joint_LDA,0.8333333333333333,0.8328173374613003,0.6666666666666667
20,0,within_state,28,Raw,0.5769230769230769,0.5712143928035982,0.15384615384615385
20,0,within_state,28,Trait_LDA,0.5769230769230769,0.5712143928035982,0.15384615384615385
20,0,within_state,28,State_LDA,0.5,0.4932533733133433,0.0
20,0,within_state,28,Joint_LDA,0.6538461538461539,0.6405529953917051,0.3076923076923077
20,0,within_state,3,Raw,0.4230769230769231,0.4152923538230885,-0.15384615384615374
20,0,within_state,3,Trait_LDA,0.4230769230769231,0.4152923538230885,-0.15384615384615374
20,0,within_state,3,State_LDA,0.5384615384615385,0.5357142857142857,0.07692307692307687
20,0,within_state,3,Joint_LDA,0.5384615384615385,0.5357142857142857,0.07692307692307687
20,0,within_state,30,Raw,0.6590909090909091,0.6546310832025117,0.31818181818181823
20,0,within_state,30,Trait_LDA,0.6590909090909091,0.6546310832025117,0.31818181818181823
20,0,within_state,30,State_LDA,0.6818181818181819,0.6791666666666667,0.36363636363636365
20,0,within_state,30,Joint_LDA,0.6818181818181819,0.6791666666666667,0.36363636363636365
20,0,within_state,31,Raw,0.5454545454545454,0.5416666666666667,0.09090909090909094
20,0,within_state,31,Trait_LDA,0.5454545454545454,0.5416666666666667,0.09090909090909094
20,0,within_state,31,State_LDA,0.5909090909090908,0.5900621118012422,0.18181818181818177
20,0,within_state,31,Joint_LDA,0.5909090909090908,0.5900621118012422,0.18181818181818177
20,0,within_state,33,Raw,0.75,0.7482517482517483,0.5
20,0,within_state,33,Trait_LDA,0.75,0.7482517482517483,0.5
20,0,within_state,33,State_LDA,0.41666666666666663,0.37777777777777777,-0.16666666666666674
20,0,within_state,33,Joint_LDA,0.41666666666666663,0.37777777777777777,-0.16666666666666674
20,0,within_state,34,Raw,0.5909090909090908,0.5900621118012422,0.18181818181818177
20,0,within_state,34,Trait_LDA,0.5909090909090908,0.5900621118012422,0.18181818181818177
20,0,within_state,34,State_LDA,0.5454545454545454,0.5454545454545454,0.09090909090909094
20,0,within_state,34,Joint_LDA,0.7727272727272727,0.7722567287784678,0.5454545454545454
20,0,within_state,35,Raw,0.625,0.6223776223776224,0.25
20,0,within_state,35,Trait_LDA,0.625,0.6223776223776224,0.25
20,0,within_state,35,State_LDA,0.6041666666666667,0.5998244844229925,0.20833333333333337
20,0,within_state,35,Joint_LDA,0.6666666666666667,0.6660869565217391,0.33333333333333337
20,0,within_state,36,Raw,0.5833333333333334,0.5833333333333334,0.16666666666666663
20,0,within_state,36,Trait_LDA,0.5833333333333334,0.5833333333333334,0.16666666666666663
20,0,within_state,36,State_LDA,0.625,0.6190476190476191,0.25
20,0,within_state,36,Joint_LDA,0.5416666666666667,0.5408695652173914,0.08333333333333337
20,0,within_state,37,Raw,0.7333333333333334,0.7321428571428572,0.4666666666666667
20,0,within_state,37,Trait_LDA,0.7333333333333334,0.7321428571428572,0.4666666666666667
20,0,within_state,37,State_LDA,0.7,0.696969696969697,0.4
20,0,within_state,37,Joint_LDA,0.7666666666666666,0.76,0.5333333333333333
20,0,within_state,38,Raw,0.46875,0.464039408866995,-0.0625
20,0,within_state,38,Trait_LDA,0.46875,0.464039408866995,-0.0625
20,0,within_state,38,State_LDA,0.5,0.4920634920634921,0.0
20,0,within_state,38,Joint_LDA,0.5,0.5,0.0
20,0,within_state,8,Raw,0.78125,0.7810361681329423,0.5625
20,0,within_state,8,Trait_LDA,0.78125,0.7810361681329423,0.5625
20,0,within_state,8,State_LDA,0.78125,0.7793103448275862,0.5625
20,0,within_state,8,Joint_LDA,0.75,0.7490196078431373,0.5
20,1,within_state,1,Raw,0.411764705882353,0.3772893772893773,-0.17647058823529416
20,1,within_state,1,Trait_LDA,0.411764705882353,0.3772893772893773,-0.17647058823529416
20,1,within_state,1,State_LDA,0.4411764705882353,0.4164408310749774,-0.11764705882352944
20,1,within_state,1,Joint_LDA,0.3823529411764706,0.35501355013550134,-0.23529411764705888
20,1,within_state,15,Raw,0.6666666666666666,0.6666666666666666,0.33333333333333337
20,1,within_state,15,Trait_LDA,0.6666666666666666,0.6666666666666666,0.33333333333333337
20,1,within_state,15,State_LDA,0.6333333333333333,0.6329254727474972,0.2666666666666667
20,1,within_state,15,Joint_LDA,0.7,0.699666295884316,0.4
20,1,within_state,17,Raw,0.9166666666666667,0.916083916083916,0.8333333333333334
20,1,within_state,17,Trait_LDA,0.9166666666666667,0.916083916083916,0.8333333333333334
20,1,within_state,17,State_LDA,0.5833333333333334,0.5555555555555556,0.16666666666666663
20,1,within_state,17,Joint_LDA,0.5833333333333334,0.5555555555555556,0.16666666666666663
20,1,within_state,18,Raw,0.7105263157894737,0.7087108013937282,0.42105263157894735
20,1,within_state,18,Trait_LDA,0.7105263157894737,0.7087108013937282,0.42105263157894735
20,1,within_state,18,State_LDA,0.6842105263157894,0.6833333333333333,0.368421052631579
20,1,within_state,18,Joint_LDA,0.6842105263157894,0.6833333333333333,0.368421052631579
20,1,within_state,20,Raw,0.5,0.4857142857142857,0.0
20,1,within_state,20,Trait_LDA,0.5,0.4857142857142857,0.0
20,1,within_state,20,State_LDA,0.6666666666666666,0.625,0.33333333333333337
20,1,within_state,20,Joint_LDA,0.6666666666666666,0.625,0.33333333333333337
20,1,within_state,21,Raw,0.71875,0.716256157635468,0.4375
20,1,within_state,21,Trait_LDA,0.71875,0.716256157635468,0.4375
20,1,within_state,21,State_LDA,0.71875,0.716256157635468,0.4375
20,1,within_state,21,Joint_LDA,0.6875,0.6862745098039216,0.375
20,1,within_state,23,Raw,0.75,0.75,0.5
20,1,within_state,23,Trait_LDA,0.75,0.75,0.5
20,1,within_state,23,State_LDA,0.5625,0.5465587044534412,0.125
20,1,within_state,23,Joint_LDA,0.625,0.6,0.25
20,1,within_state,24,Raw,0.6111111111111112,0.609907120743034,0.2222222222222222
20,1,within_state,24,Trait_LDA,0.6111111111111112,0.609907120743034,0.2222222222222222
20,1,within_state,24,State_LDA,0.5555555555555556,0.5555555555555556,0.11111111111111116
20,1,within_state,24,Joint_LDA,0.7222222222222222,0.7213622291021672,0.4444444444444444
20,1,within_state,25,Raw,0.41666666666666663,0.37777777777777777,-0.16666666666666674
20,1,within_state,25,Trait_LDA,0.41666666666666663,0.37777777777777777,-0.16666666666666674
20,1,within_state,25,State_LDA,0.25,0.24475524475524477,-0.5
20,1,within_state,25,Joint_LDA,0.5,0.4857142857142857,0.0
20,1,within_state,29,Raw,0.6071428571428571,0.5942028985507246,0.2142857142857143
20,1,within_state,29,Trait_LDA,0.6071428571428571,0.5942028985507246,0.2142857142857143
20,1,within_state,29,State_LDA,0.6071428571428571,0.5809523809523809,0.2142857142857143
20,1,within_state,29,Joint_LDA,0.75,0.7417654808959157,0.5
20,1,within_state,3,Raw,0.6153846153846154,0.6130952380952381,0.23076923076923073
20,1,within_state,3,Trait_LDA,0.6153846153846154,0.6130952380952381,0.23076923076923073
20,1,within_state,3,State_LDA,0.5384615384615384,0.5384615384615384,0.07692307692307687
20,1,within_state,3,Joint_LDA,0.6153846153846154,0.606060606060606,0.23076923076923073
20,1,within_state,30,Raw,0.6136363636363636,0.596765498652291,0.2272727272727273
20,1,within_state,30,Trait_LDA,0.6136363636363636,0.596765498652291,0.2272727272727273
20,1,within_state,30,State_LDA,0.5909090909090909,0.5769230769230769,0.18181818181818177
20,1,within_state,30,Joint_LDA,0.5454545454545454,0.5416666666666667,0.09090909090909094
20,1,within_state,31,Raw,0.7272727272727273,0.725,0.4545454545454546
20,1,within_state,31,Trait_LDA,0.7272727272727273,0.725,0.4545454545454546
20,1,within_state,31,State_LDA,0.7272727272727273,0.7272727272727273,0.4545454545454546
20,1,within_state,31,Joint_LDA,0.7727272727272727,0.7722567287784678,0.5454545454545454
20,1,within_state,33,Raw,0.5833333333333333,0.5804195804195804,0.16666666666666663
20,1,within_state,33,Trait_LDA,0.5833333333333333,0.5804195804195804,0.16666666666666663
20,1,within_state,33,State_LDA,0.6666666666666667,0.6571428571428571,0.33333333333333337
20,1,within_state,33,Joint_LDA,0.6666666666666667,0.6571428571428571,0.33333333333333337
20,1,within_state,34,Raw,0.5909090909090909,0.5831578947368421,0.18181818181818177
20,1,within_state,34,Trait_LDA,0.5909090909090909,0.5831578947368421,0.18181818181818177
20,1,within_state,34,State_LDA,0.6363636363636364,0.6333333333333333,0.2727272727272727
20,1,within_state,34,Joint_LDA,0.6363636363636364,0.6239316239316239,0.2727272727272727
20,1,within_state,36,Raw,0.625,0.6243478260869566,0.25
20,1,within_state,36,Trait_LDA,0.625,0.6243478260869566,0.25
20,1,within_state,36,State_LDA,0.625,0.6243478260869566,0.25
20,1,within_state,36,Joint_LDA,0.5833333333333333,0.5804195804195804,0.16666666666666663
20,1,within_state,39,Raw,0.6041666666666666,0.5955654101995566,0.20833333333333337
20,1,within_state,39,Trait_LDA,0.6041666666666666,0.5955654101995566,0.20833333333333337
20,1,within_state,39,State_LDA,0.6458333333333334,0.6444444444444444,0.29166666666666663
20,1,within_state,39,Joint_LDA,0.5416666666666667,0.5408695652173914,0.08333333333333337
20,1,within_state,4,Raw,0.6428571428571428,0.6426545660805445,0.2857142857142857
20,1,within_state,4,Trait_LDA,0.6428571428571428,0.6426545660805445,0.2857142857142857
20,1,within_state,4,State_LDA,0.6428571428571428,0.641025641025641,0.2857142857142857
20,1,within_state,4,Joint_LDA,0.6428571428571428,0.6426545660805445,0.2857142857142857
20,1,within_state,40,Raw,0.3333333333333333,0.3333333333333333,-0.33333333333333326
20,1,within_state,40,Trait_LDA,0.3333333333333333,0.3333333333333333,-0.33333333333333326
20,1,within_state,40,State_LDA,0.5833333333333333,0.5804195804195804,0.16666666666666663
20,1,within_state,40,Joint_LDA,0.5833333333333333,0.5804195804195804,0.16666666666666663
20,1,within_state,7,Raw,0.6,0.6,0.19999999999999996
20,1,within_state,7,Trait_LDA,0.6,0.6,0.19999999999999996
20,1,within_state,7,State_LDA,0.5,0.4949494949494949,0.0
20,1,within_state,7,Joint_LDA,0.5,0.4949494949494949,0.0
20,2,within_state,1,Raw,0.6176470588235294,0.6146469049694856,0.23529411764705888
20,2,within_state,1,Trait_LDA,0.6176470588235294,0.6146469049694856,0.23529411764705888
20,2,within_state,1,State_LDA,0.5882352941176471,0.5868055555555556,0.17647058823529416
20,2,within_state,1,Joint_LDA,0.5588235294117647,0.5553618134263296,0.11764705882352944
20,2,within_state,11,Raw,0.75,0.7442455242966752,0.5
20,2,within_state,11,Trait_LDA,0.75,0.7442455242966752,0.5
20,2,within_state,11,State_LDA,0.7,0.696969696969697,0.4
20,2,within_state,11,Joint_LDA,0.65,0.6419437340153453,0.30000000000000004
20,2,within_state,12,Raw,0.717391304347826,0.7172576832151301,0.4347826086956522
20,2,within_state,12,Trait_LDA,0.717391304347826,0.7172576832151301,0.4347826086956522
20,2,within_state,12,State_LDA,0.717391304347826,0.7172576832151301,0.4347826086956522
20,2,within_state,12,Joint_LDA,0.717391304347826,0.7172576832151301,0.4347826086956522
20,2,within_state,13,Raw,0.6136363636363636,0.60858189429618,0.2272727272727273
20,2,within_state,13,Trait_LDA,0.6136363636363636,0.60858189429618,0.2272727272727273
20,2,within_state,13,State_LDA,0.5909090909090909,0.5831578947368421,0.18181818181818177
20,2,within_state,13,Joint_LDA,0.5681818181818182,0.5569687334393216,0.13636363636363635
20,2,within_state,14,Raw,0.125,0.1111111111111111,-0.75
20,2,within_state,14,Trait_LDA,0.125,0.1111111111111111,-0.75
20,2,within_state,14,State_LDA,0.5,0.4666666666666667,0.0
20,2,within_state,14,Joint_LDA,0.5,0.4666666666666667,0.0
20,2,within_state,18,Raw,0.6052631578947368,0.602787456445993,0.21052631578947367
20,2,within_state,18,Trait_LDA,0.6052631578947368,0.602787456445993,0.21052631578947367
20,2,within_state,18,State_LDA,0.6052631578947368,0.602787456445993,0.21052631578947367
20,2,within_state,18,Joint_LDA,0.5526315789473684,0.5498257839721254,0.10526315789473684
20,2,within_state,2,Raw,0.6000000000000001,0.5833333333333333,0.19999999999999996
20,2,within_state,2,Trait_LDA,0.6000000000000001,0.5833333333333333,0.19999999999999996
20,2,within_state,2,State_LDA,0.5,0.4949494949494949,0.0
20,2,within_state,2,Joint_LDA,0.5,0.4949494949494949,0.0
20,2,within_state,20,Raw,0.8333333333333333,0.8285714285714285,0.6666666666666667
20,2,within_state,20,Trait_LDA,0.8333333333333333,0.8285714285714285,0.6666666666666667
20,2,within_state,20,State_LDA,0.6666666666666666,0.625,0.33333333333333337
20,2,within_state,20,Joint_LDA,0.6666666666666666,0.625,0.33333333333333337
20,2,within_state,22,Raw,0.675,0.6747967479674797,0.35
20,2,within_state,22,Trait_LDA,0.675,0.6747967479674797,0.35
20,2,within_state,22,State_LDA,0.625,0.6228786926461345,0.25
20,2,within_state,22,Joint_LDA,0.675,0.6731615336266499,0.35
20,2,within_state,23,Raw,0.5,0.5,0.0
20,2,within_state,23,Trait_LDA,0.5,0.5,0.0
20,2,within_state,23,State_LDA,0.375,0.36507936507936506,-0.25
20,2,within_state,23,Joint_LDA,0.375,0.36507936507936506,-0.25
20,2,within_state,25,Raw,0.8333333333333334,0.8333333333333334,0.6666666666666667
20,2,within_state,25,Trait_LDA,0.8333333333333334,0.8333333333333334,0.6666666666666667
20,2,within_state,25,State_LDA,0.8333333333333334,0.8333333333333334,0.6666666666666667
20,2,within_state,25,Joint_LDA,0.8333333333333333,0.8285714285714285,0.6666666666666667
20,2,within_state,30,Raw,0.7045454545454546,0.7043927648578812,0.40909090909090906
20,2,within_state,30,Trait_LDA,0.7045454545454546,0.7043927648578812,0.40909090909090906
20,2,within_state,30,State_LDA,0.7045454545454546,0.7043927648578812,0.40909090909090906
20,2,within_state,30,Joint_LDA,0.7727272727272727,0.7722567287784678,0.5454545454545454
20,2,within_state,31,Raw,0.5454545454545454,0.5454545454545454,0.09090909090909094
20,2,within_state,31,Trait_LDA,0.5454545454545454,0.5454545454545454,0.09090909090909094
20,2,within_state,31,State_LDA,0.5,0.4905263157894737,0.0
20,2,within_state,31,Joint_LDA,0.5454545454545454,0.5454545454545454,0.09090909090909094
20,2,within_state,32,Raw,0.7058823529411764,0.6964285714285714,0.4117647058823529
20,2,within_state,32,Trait_LDA,0.7058823529411764,0.6964285714285714,0.4117647058823529
20,2,within_state,32,State_LDA,0.7058823529411764,0.6964285714285714,0.4117647058823529
20,2,within_state,32,Joint_LDA,0.7058823529411764,0.6964285714285714,0.4117647058823529
20,2,within_state,34,Raw,0.8636363636363636,0.8633540372670807,0.7272727272727273
20,2,within_state,34,Trait_LDA,0.8636363636363636,0.8633540372670807,0.7272727272727273
20,2,within_state,34,State_LDA,0.5454545454545454,0.5454545454545454,0.09090909090909094
20,2,within_state,34,Joint_LDA,0.6363636363636364,0.6333333333333333,0.2727272727272727
20,2,within_state,35,Raw,0.5416666666666666,0.5208711433756805,0.08333333333333337
20,2,within_state,35,Trait_LDA,0.5416666666666666,0.5208711433756805,0.08333333333333337
20,2,within_state,35,State_LDA,0.5208333333333334,0.5033738191632928,0.04166666666666663
20,2,within_state,35,Joint_LDA,0.5625,0.538250114521301,0.125
20,2,within_state,36,Raw,0.6666666666666666,0.6666666666666666,0.33333333333333337
20,2,within_state,36,Trait_LDA,0.6666666666666666,0.6666666666666666,0.33333333333333337
20,2,within_state,36,State_LDA,0.625,0.6190476190476191,0.25
20,2,within_state,36,Joint_LDA,0.6666666666666666,0.6666666666666666,0.33333333333333337
20,2,within_state,38,Raw,0.5625,0.5555555555555556,0.125
20,2,within_state,38,Trait_LDA,0.5625,0.5555555555555556,0.125
20,2,within_state,38,State_LDA,0.5,0.5,0.0
20,2,within_state,38,Joint_LDA,0.5,0.4817813765182186,0.0
20,2,within_state,40,Raw,0.41666666666666663,0.4125874125874126,-0.16666666666666674
20,2,within_state,40,Trait_LDA,0.41666666666666663,0.4125874125874126,-0.16666666666666674
20,2,within_state,40,State_LDA,0.3333333333333333,0.25,-0.33333333333333326
20,2,within_state,40,Joint_LDA,0.3333333333333333,0.25,-0.33333333333333326
20,2,within_state,6,Raw,0.6071428571428572,0.6070871722182849,0.2142857142857143
20,2,within_state,6,Trait_LDA,0.6071428571428572,0.6070871722182849,0.2142857142857143
20,2,within_state,6,State_LDA,0.5833333333333333,0.5832742735648476,0.16666666666666663
20,2,within_state,6,Joint_LDA,0.6666666666666667,0.6659090909090909,0.33333333333333337
20,3,within_state,18,Raw,0.631578947368421,0.6305555555555555,0.26315789473684215
20,3,within_state,18,Trait_LDA,0.631578947368421,0.6305555555555555,0.26315789473684215
20,3,within_state,18,State_LDA,0.631578947368421,0.6305555555555555,0.26315789473684215
20,3,within_state,18,Joint_LDA,0.6578947368421053,0.6518675123326286,0.3157894736842105
20,3,within_state,2,Raw,0.5,0.4949494949494949,0.0
20,3,within_state,2,Trait_LDA,0.5,0.4949494949494949,0.0
20,3,within_state,2,State_LDA,0.5,0.4949494949494949,0.0
20,3,within_state,2,Joint_LDA,0.5,0.4949494949494949,0.0
20,3,within_state,20,Raw,0.5,0.4857142857142857,0.0
20,3,within_state,20,Trait_LDA,0.5,0.4857142857142857,0.0
20,3,within_state,20,State_LDA,0.8333333333333333,0.8285714285714285,0.6666666666666667
20,3,within_state,20,Joint_LDA,0.8333333333333333,0.8285714285714285,0.6666666666666667
20,3,within_state,22,Raw,0.65,0.6464646464646464,0.30000000000000004
20,3,within_state,22,Trait_LDA,0.65,0.6464646464646464,0.30000000000000004
20,3,within_state,22,State_LDA,0.7,0.6930946291560103,0.4
20,3,within_state,22,Joint_LDA,0.625,0.6228786926461345,0.25
20,3,within_state,23,Raw,0.5625,0.5465587044534412,0.125
20,3,within_state,23,Trait_LDA,0.5625,0.5465587044534412,0.125
20,3,within_state,23,State_LDA,0.625,0.6,0.25
20,3,within_state,23,Joint_LDA,0.75,0.75,0.5
20,3,within_state,25,Raw,0.5833333333333333,0.5804195804195804,0.16666666666666663
20,3,within_state,25,Trait_LDA,0.5833333333333333,0.5804195804195804,0.16666666666666663
20,3,within_state,25,State_LDA,0.5,0.5,0.0
20,3,within_state,25,Joint_LDA,0.5833333333333333,0.5804195804195804,0.16666666666666663
20,3,within_state,26,Raw,0.7777777777777777,0.775,0.5555555555555556
20,3,within_state,26,Trait_LDA,0.7777777777777777,0.775,0.5555555555555556
20,3,within_state,26,State_LDA,0.7222222222222222,0.7213622291021672,0.4444444444444444
20,3,within_state,26,Joint_LDA,0.7222222222222222,0.7213622291021672,0.4444444444444444
20,3,within_state,27,Raw,0.4230769230769231,0.4230769230769231,-0.15384615384615374
20,3,within_state,27,Trait_LDA,0.4230769230769231,0.4230769230769231,-0.15384615384615374
20,3,within_state,27,State_LDA,0.4423076923076923,0.4421013688494266,-0.11538461538461542
20,3,within_state,27,Joint_LDA,0.42307692307692313,0.4222222222222222,-0.15384615384615374
20,3,within_state,28,Raw,0.34615384615384615,0.34518518518518515,-0.3076923076923077
20,3,within_state,28,Trait_LDA,0.34615384615384615,0.34518518518518515,-0.3076923076923077
20,3,within_state,28,State_LDA,0.34615384615384615,0.34518518518518515,-0.3076923076923077
20,3,within_state,28,Joint_LDA,0.38461538461538464,0.38095238095238093,-0.23076923076923084
20,3,within_state,29,Raw,0.6785714285714286,0.6679841897233202,0.3571428571428571
20,3,within_state,29,Trait_LDA,0.6785714285714286,0.6679841897233202,0.3571428571428571
20,3,within_state,29,State_LDA,0.7142857142857142,0.7083333333333333,0.4285714285714286
20,3,within_state,29,Joint_LDA,0.6071428571428571,0.5942028985507246,0.2142857142857143
20,3,within_state,30,Raw,0.6818181818181818,0.6818181818181818,0.36363636363636365
20,3,within_state,30,Trait_LDA,0.6818181818181818,0.6818181818181818,0.36363636363636365
20,3,within_state,30,State_LDA,0.6590909090909091,0.6589147286821706,0.31818181818181823
20,3,within_state,30,Joint_LDA,0.6818181818181819,0.681159420289855,0.36363636363636365
20,3,within_state,31,Raw,0.6818181818181819,0.681159420289855,0.36363636363636365
20,3,within_state,31,Trait_LDA,0.6818181818181819,0.681159420289855,0.36363636363636365
20,3,within_state,31,State_LDA,0.5909090909090908,0.5900621118012422,0.18181818181818177
20,3,within_state,31,Joint_LDA,0.6363636363636364,0.6363636363636364,0.2727272727272727
20,3,within_state,32,Raw,0.7352941176470589,0.7332170880557978,0.47058823529411764
20,3,within_state,32,Trait_LDA,0.7352941176470589,0.7332170880557978,0.47058823529411764
20,3,within_state,32,State_LDA,0.7352941176470589,0.7332170880557978,0.47058823529411764
20,3,within_state,32,Joint_LDA,0.7058823529411765,0.7058823529411765,0.4117647058823529
20,3,within_state,33,Raw,0.6666666666666667,0.6571428571428571,0.33333333333333337
20,3,within_state,33,Trait_LDA,0.6666666666666667,0.6571428571428571,0.33333333333333337
20,3,within_state,33,State_LDA,0.5,0.5,0.0
20,3,within_state,33,Joint_LDA,0.5,0.5,0.0
20,3,within_state,35,Raw,0.6666666666666667,0.6660869565217391,0.33333333333333337
20,3,within_state,35,Trait_LDA,0.6666666666666667,0.6660869565217391,0.33333333333333337
20,3,within_state,35,State_LDA,0.6458333333333333,0.6456795484151108,0.29166666666666663
20,3,within_state,35,Joint_LDA,0.6875,0.6862745098039216,0.375
20,3,within_state,37,Raw,0.6333333333333333,0.6228571428571429,0.2666666666666667
20,3,within_state,37,Trait_LDA,0.6333333333333333,0.6228571428571429,0.2666666666666667
20,3,within_state,37,State_LDA,0.6333333333333333,0.6329254727474972,0.2666666666666667
20,3,within_state,37,Joint_LDA,0.6,0.5927601809954751,0.19999999999999996
20,3,within_state,38,Raw,0.5625,0.5465587044534412,0.125
20,3,within_state,38,Trait_LDA,0.5625,0.5465587044534412,0.125
20,3,within_state,38,State_LDA,0.53125,0.5195195195195195,0.0625
20,3,within_state,38,Joint_LDA,0.65625,0.6559139784946236,0.3125
20,3,within_state,39,Raw,0.6041666666666666,0.6026143790849673,0.20833333333333337
20,3,within_state,39,Trait_LDA,0.6041666666666666,0.6026143790849673,0.20833333333333337
20,3,within_state,39,State_LDA,0.5625,0.5623100303951367,0.125
20,3,within_state,39,Joint_LDA,0.625,0.625,0.25
20,3,within_state,6,Raw,0.5476190476190477,0.5473624503686898,0.09523809523809523
20,3,within_state,6,Trait_LDA,0.5476190476190477,0.5473624503686898,0.09523809523809523
20,3,within_state,6,State_LDA,0.5476190476190477,0.5473624503686898,0.09523809523809523
20,3,within_state,6,Joint_LDA,0.6190476190476191,0.6188315371525808,0.23809523809523814
20,3,within_state,8,Raw,0.78125,0.7793103448275862,0.5625
20,3,within_state,8,Trait_LDA,0.78125,0.7793103448275862,0.5625
20,3,within_state,8,State_LDA,0.65625,0.6559139784946236,0.3125
20,3,within_state,8,Joint_LDA,0.6875,0.6862745098039216,0.375
20,4,within_state,10,Raw,0.6086956521739131,0.6057142857142856,0.21739130434782605
20,4,within_state,10,Trait_LDA,0.6086956521739131,0.6057142857142856,0.21739130434782605
20,4,within_state,10,State_LDA,0.6086956521739131,0.6079545454545454,0.21739130434782605
20,4,within_state,10,Joint_LDA,0.5434782608695652,0.532656023222061,0.08695652173913049
20,4,within_state,11,Raw,0.6499999999999999,0.6491228070175439,0.30000000000000004
20,4,within_state,11,Trait_LDA,0.6499999999999999,0.6491228070175439,0.30000000000000004
20,4,within_state,11,State_LDA,0.6,0.6,0.19999999999999996
20,4,within_state,11,Joint_LDA,0.6,0.6,0.19999999999999996
20,4,within_state,12,Raw,0.6304347826086957,0.6302600472813239,0.26086956521739135
20,4,within_state,12,Trait_LDA,0.6304347826086957,0.6302600472813239,0.26086956521739135
20,4,within_state,12,State_LDA,0.6739130434782609,0.6737588652482269,0.34782608695652173
20,4,within_state,12,Joint_LDA,0.5869565217391304,0.5867612293144208,0.17391304347826086
20,4,within_state,13,Raw,0.5909090909090909,0.5909090909090909,0.18181818181818177
20,4,within_state,13,Trait_LDA,0.5909090909090909,0.5909090909090909,0.18181818181818177
20,4,within_state,13,State_LDA,0.5681818181818181,0.5679586563307493,0.13636363636363635
20,4,within_state,13,Joint_LDA,0.5,0.4905263157894737,0.0
20,4,within_state,15,Raw,0.6,0.6,0.19999999999999996
20,4,within_state,15,Trait_LDA,0.6,0.6,0.19999999999999996
20,4,within_state,15,State_LDA,0.5,0.4994438264738599,0.0
20,4,within_state,15,Joint_LDA,0.6666666666666666,0.6651785714285714,0.33333333333333337
20,4,within_state,17,Raw,0.8333333333333334,0.8333333333333334,0.6666666666666667
20,4,within_state,17,Trait_LDA,0.8333333333333334,0.8333333333333334,0.6666666666666667
20,4,within_state,17,State_LDA,0.75,0.7482517482517483,0.5
20,4,within_state,17,Joint_LDA,0.75,0.7482517482517483,0.5
20,4,within_state,18,Raw,0.631578947368421,0.6274509803921569,0.26315789473684215
20,4,within_state,18,Trait_LDA,0.631578947368421,0.6274509803921569,0.26315789473684215
20,4,within_state,18,State_LDA,0.6842105263157895,0.680672268907563,0.368421052631579
20,4,within_state,18,Joint_LDA,0.5789473684210527,0.5777777777777777,0.1578947368421053
20,4,within_state,20,Raw,0.3333333333333333,0.25,-0.33333333333333326
20,4,within_state,20,Trait_LDA,0.3333333333333333,0.25,-0.33333333333333326
20,4,within_state,20,State_LDA,0.8333333333333333,0.8285714285714285,0.6666666666666667
20,4,within_state,20,Joint_LDA,0.8333333333333333,0.8285714285714285,0.6666666666666667
20,4,within_state,24,Raw,0.6111111111111112,0.6,0.2222222222222222
20,4,within_state,24,Trait_LDA,0.6111111111111112,0.6,0.2222222222222222
20,4,within_state,24,State_LDA,0.7222222222222222,0.7213622291021672,0.4444444444444444
20,4,within_state,24,Joint_LDA,0.7222222222222222,0.7213622291021672,0.4444444444444444
20,4,within_state,26,Raw,0.8888888888888888,0.8875,0.7777777777777778
20,4,within_state,26,Trait_LDA,0.8888888888888888,0.8875,0.7777777777777778
20,4,within_state,26,State_LDA,0.7222222222222222,0.7213622291021672,0.4444444444444444
20,4,within_state,26,Joint_LDA,0.6666666666666667,0.6625,0.33333333333333337
20,4,within_state,28,Raw,0.42307692307692313,0.4222222222222222,-0.15384615384615374
20,4,within_state,28,Trait_LDA,0.42307692307692313,0.4222222222222222,-0.15384615384615374
20,4,within_state,28,State_LDA,0.38461538461538464,0.38095238095238093,-0.23076923076923084
20,4,within_state,28,Joint_LDA,0.5,0.49925925925925924,0.0
20,4,within_state,30,Raw,0.6136363636363636,0.6134366925064599,0.2272727272727273
20,4,within_state,30,Trait_LDA,0.6136363636363636,0.6134366925064599,0.2272727272727273
20,4,within_state,30,State_LDA,0.6363636363636364,0.6356107660455487,0.2727272727272727
20,4,within_state,30,Joint_LDA,0.5454545454545454,0.5454545454545454,0.09090909090909094
20,4,within_state,31,Raw,0.6818181818181819,0.6757894736842105,0.36363636363636365
20,4,within_state,31,Trait_LDA,0.6818181818181819,0.6757894736842105,0.36363636363636365
20,4,within_state,31,State_LDA,0.6363636363636364,0.6239316239316239,0.2727272727272727
20,4,within_state,31,Joint_LDA,0.7727272727272727,0.7603485838779956,0.5454545454545454
20,4,within_state,33,Raw,0.6666666666666666,0.625,0.33333333333333337
20,4,within_state,33,Trait_LDA,0.6666666666666666,0.625,0.33333333333333337
20,4,within_state,33,State_LDA,0.5833333333333334,0.5555555555555556,0.16666666666666663
20,4,within_state,33,Joint_LDA,0.5833333333333334,0.5555555555555556,0.16666666666666663
20,4,within_state,35,Raw,0.6875,0.6873643074250977,0.375
20,4,within_state,35,Trait_LDA,0.6875,0.6873643074250977,0.375
20,4,within_state,35,State_LDA,0.6458333333333334,0.6444444444444444,0.29166666666666663
20,4,within_state,35,Joint_LDA,0.6666666666666667,0.6660869565217391,0.33333333333333337
20,4,within_state,37,Raw,0.8,0.7991071428571428,0.6
20,4,within_state,37,Trait_LDA,0.8,0.7991071428571428,0.6
20,4,within_state,37,State_LDA,0.7666666666666666,0.7664071190211346,0.5333333333333333
20,4,within_state,37,Joint_LDA,0.8,0.7963800904977376,0.6
20,4,within_state,39,Raw,0.4375,0.4313295304958315,-0.125
20,4,within_state,39,Trait_LDA,0.4375,0.4313295304958315,-0.125
20,4,within_state,39,State_LDA,0.4583333333333333,0.4545454545454546,-0.08333333333333326
20,4,within_state,39,Joint_LDA,0.45833333333333337,0.45739130434782604,-0.08333333333333326
20,4,within_state,4,Raw,0.7380952380952381,0.7367521367521368,0.47619047619047616
20,4,within_state,4,Trait_LDA,0.7380952380952381,0.7367521367521368,0.47619047619047616
20,4,within_state,4,State_LDA,0.7380952380952381,0.7367521367521368,0.47619047619047616
20,4,within_state,4,Joint_LDA,0.7857142857142857,0.7826336975273145,0.5714285714285714
20,4,within_state,6,Raw,0.6428571428571428,0.6426545660805445,0.2857142857142857
20,4,within_state,6,Trait_LDA,0.6428571428571428,0.6426545660805445,0.2857142857142857
20,4,within_state,6,State_LDA,0.6428571428571428,0.6426545660805445,0.2857142857142857
20,4,within_state,6,Joint_LDA,0.6428571428571428,0.6420454545454546,0.2857142857142857
20,4,within_state,7,Raw,0.7,0.696969696969697,0.4
20,4,within_state,7,Trait_LDA,0.7,0.696969696969697,0.4
20,4,within_state,7,State_LDA,0.30000000000000004,0.29292929292929293,-0.3999999999999999
20,4,within_state,7,Joint_LDA,0.30000000000000004,0.29292929292929293,-0.3999999999999999
20,5,within_state,10,Raw,0.5652173913043479,0.5643939393939394,0.13043478260869568
20,5,within_state,10,Trait_LDA,0.5652173913043479,0.5643939393939394,0.13043478260869568
20,5,within_state,10,State_LDA,0.5652173913043479,0.5619047619047619,0.13043478260869568
20,5,within_state,10,Joint_LDA,0.5434782608695652,0.5380200860832138,0.08695652173913049
20,5,within_state,11,Raw,0.8,0.7916666666666667,0.6
20,5,within_state,11,Trait_LDA,0.8,0.7916666666666667,0.6
20,5,within_state,11,State_LDA,0.65,0.6419437340153453,0.30000000000000004
20,5,within_state,11,Joint_LDA,0.7,0.6875,0.4
20,5,within_state,13,Raw,0.5909090909090908,0.5875,0.18181818181818177
20,5,within_state,13,Trait_LDA,0.5909090909090908,0.5875,0.18181818181818177
20,5,within_state,13,State_LDA,0.5454545454545454,0.5416666666666667,0.09090909090909094
20,5,within_state,13,Joint_LDA,0.5227272727272727,0.5204981837052414,0.045454545454545414
20,5,within_state,15,Raw,0.7666666666666666,0.7664071190211346,0.5333333333333333
20,5,within_state,15,Trait_LDA,0.7666666666666666,0.7664071190211346,0.5333333333333333
20,5,within_state,15,State_LDA,0.6666666666666666,0.6666666666666666,0.33333333333333337
20,5,within_state,15,Joint_LDA,0.7333333333333334,0.7321428571428572,0.4666666666666667
20,5,within_state,18,Raw,0.5526315789473684,0.5523215523215523,0.10526315789473684
20,5,within_state,18,Trait_LDA,0.5526315789473684,0.5523215523215523,0.10526315789473684
20,5,within_state,18,State_LDA,0.6052631578947368,0.602787456445993,0.21052631578947367
20,5,within_state,18,Joint_LDA,0.5,0.4968641114982578,0.0
20,5,within_state,19,Raw,0.8,0.7916666666666667,0.6
20,5,within_state,19,Trait_LDA,0.8,0.7916666666666667,0.6
20,5,within_state,19,State_LDA,0.4,0.4,-0.19999999999999996
20,5,within_state,19,Joint_LDA,0.4,0.4,-0.19999999999999996
20,5,within_state,2,Raw,0.6,0.6,0.19999999999999996
20,5,within_state,2,Trait_LDA,0.6,0.6,0.19999999999999996
20,5,within_state,2,State_LDA,0.8,0.8,0.6
20,5,within_state,2,Joint_LDA,0.8,0.8,0.6
20,5,within_state,22,Raw,0.675,0.6747967479674797,0.35
20,5,within_state,22,Trait_LDA,0.675,0.6747967479674797,0.35
20,5,within_state,22,State_LDA,0.6499999999999999,0.6491228070175439,0.30000000000000004
20,5,within_state,22,Joint_LDA,0.7250000000000001,0.7234443746071653,0.44999999999999996
20,5,within_state,24,Raw,0.6111111111111112,0.6,0.2222222222222222
20,5,within_state,24,Trait_LDA,0.6111111111111112,0.6,0.2222222222222222
20,5,within_state,24,State_LDA,0.4444444444444444,0.4375,-0.11111111111111116
20,5,within_state,24,Joint_LDA,0.5555555555555556,0.55,0.11111111111111116
20,5,within_state,26,Raw,0.9444444444444444,0.9442724458204335,0.8888888888888888
20,5,within_state,26,Trait_LDA,0.9444444444444444,0.9442724458204335,0.8888888888888888
20,5,within_state,26,State_LDA,0.7777777777777777,0.775,0.5555555555555556
20,5,within_state,26,Joint_LDA,0.7777777777777777,0.775,0.5555555555555556
20,5,within_state,30,Raw,0.6363636363636364,0.6356107660455487,0.2727272727272727
20,5,within_state,30,Trait_LDA,0.6363636363636364,0.6356107660455487,0.2727272727272727
20,5,within_state,30,State_LDA,0.5909090909090908,0.5900621118012422,0.18181818181818177
20,5,within_state,30,Joint_LDA,0.6136363636363636,0.60858189429618,0.2272727272727273
20,5,within_state,32,Raw,0.7058823529411764,0.7048611111111112,0.4117647058823529
20,5,within_state,32,Trait_LDA,0.7058823529411764,0.7048611111111112,0.4117647058823529
20,5,within_state,32,State_LDA,0.6764705882352942,0.6761904761904762,0.3529411764705882
20,5,within_state,32,Joint_LDA,0.6470588235294117,0.6421052631578947,0.2941176470588235
20,5,within_state,33,Raw,0.75,0.7482517482517483,0.5
20,5,within_state,33,Trait_LDA,0.75,0.7482517482517483,0.5
20,5,within_state,33,State_LDA,0.75,0.7482517482517483,0.5
20,5,within_state,33,Joint_LDA,0.75,0.7482517482517483,0.5
20,5,within_state,34,Raw,0.5909090909090908,0.5900621118012422,0.18181818181818177
20,5,within_state,34,Trait_LDA,0.5909090909090908,0.5900621118012422,0.18181818181818177
20,5,within_state,34,State_LDA,0.6818181818181819,0.6757894736842105,0.36363636363636365
20,5,within_state,34,Joint_LDA,0.5909090909090909,0.5831578947368421,0.18181818181818177
20,5,within_state,36,Raw,0.6666666666666667,0.6643356643356644,0.33333333333333337
20,5,within_state,36,Trait_LDA,0.6666666666666667,0.6643356643356644,0.33333333333333337
20,5,within_state,36,State_LDA,0.7083333333333334,0.7037037037037037,0.41666666666666663
20,5,within_state,36,Joint_LDA,0.7916666666666667,0.791304347826087,0.5833333333333333
20,5,within_state,37,Raw,0.6666666666666666,0.6651785714285714,0.33333333333333337
20,5,within_state,37,Trait_LDA,0.6666666666666666,0.6651785714285714,0.33333333333333337
20,5,within_state,37,State_LDA,0.6333333333333333,0.6296296296296295,0.2666666666666667
20,5,within_state,37,Joint_LDA,0.6,0.5982142857142857,0.19999999999999996
20,5,within_state,39,Raw,0.5833333333333334,0.5833333333333334,0.16666666666666663
20,5,within_state,39,Trait_LDA,0.5833333333333334,0.5833333333333334,0.16666666666666663
20,5,within_state,39,State_LDA,0.5625,0.5607843137254902,0.125
20,5,within_state,39,Joint_LDA,0.5416666666666667,0.5408695652173914,0.08333333333333337
20,5,within_state,4,Raw,0.5952380952380952,0.5757575757575757,0.19047619047619047
20,5,within_state,4,Trait_LDA,0.5952380952380952,0.5757575757575757,0.19047619047619047
20,5,within_state,4,State_LDA,0.5714285714285714,0.5625,0.1428571428571429
20,5,within_state,4,Joint_LDA,0.6190476190476191,0.6111111111111112,0.23809523809523814
20,5,within_state,7,Raw,0.6,0.5238095238095238,0.19999999999999996
20,5,within_state,7,Trait_LDA,0.6,0.5238095238095238,0.19999999999999996
20,5,within_state,7,State_LDA,0.4,0.2857142857142857,-0.19999999999999996
20,5,within_state,7,Joint_LDA,0.4,0.2857142857142857,-0.19999999999999996
20,5,within_state,8,Raw,0.78125,0.7810361681329423,0.5625
20,5,within_state,8,Trait_LDA,0.78125,0.7810361681329423,0.5625
20,5,within_state,8,State_LDA,0.78125,0.7810361681329423,0.5625
20,5,within_state,8,Joint_LDA,0.75,0.75,0.5
20,6,within_state,10,Raw,0.5652173913043479,0.5619047619047619,0.13043478260869568
20,6,within_state,10,Trait_LDA,0.5652173913043479,0.5619047619047619,0.13043478260869568
20,6,within_state,10,State_LDA,0.5869565217391304,0.5867612293144208,0.17391304347826086
20,6,within_state,10,Joint_LDA,0.5434782608695652,0.5415282392026578,0.08695652173913049
20,6,within_state,11,Raw,0.6499999999999999,0.6491228070175439,0.30000000000000004
20,6,within_state,11,Trait_LDA,0.6499999999999999,0.6491228070175439,0.30000000000000004
20,6,within_state,11,State_LDA,0.7,0.6875,0.4
20,6,within_state,11,Joint_LDA,0.8,0.8,0.6
20,6,within_state,13,Raw,0.6136363636363636,0.6134366925064599,0.2272727272727273
20,6,within_state,13,Trait_LDA,0.6136363636363636,0.6134366925064599,0.2272727272727273
20,6,within_state,13,State_LDA,0.6136363636363636,0.6134366925064599,0.2272727272727273
20,6,within_state,13,Joint_LDA,0.5454545454545454,0.5445134575569358,0.09090909090909094
20,6,within_state,16,Raw,0.6785714285714286,0.6781609195402298,0.3571428571428571
20,6,within_state,16,Trait_LDA,0.6785714285714286,0.6781609195402298,0.3571428571428571
20,6,within_state,16,State_LDA,0.75,0.7496807151979565,0.5
20,6,within_state,16,Joint_LDA,0.75,0.7496807151979565,0.5
20,6,within_state,17,Raw,0.8333333333333333,0.8285714285714285,0.6666666666666667
20,6,within_state,17,Trait_LDA,0.8333333333333333,0.8285714285714285,0.6666666666666667
20,6,within_state,17,State_LDA,0.25,0.2,-0.5
20,6,within_state,17,Joint_LDA,0.25,0.2,-0.5
20,6,within_state,19,Raw,0.5,0.4949494949494949,0.0
20,6,within_state,19,Trait_LDA,0.5,0.4949494949494949,0.0
20,6,within_state,19,State_LDA,0.5,0.4949494949494949,0.0
20,6,within_state,19,Joint_LDA,0.5,0.4949494949494949,0.0
20,6,within_state,20,Raw,0.8333333333333333,0.8285714285714285,0.6666666666666667
20,6,within_state,20,Trait_LDA,0.8333333333333333,0.8285714285714285,0.6666666666666667
20,6,within_state,20,State_LDA,0.8333333333333333,0.8285714285714285,0.6666666666666667
20,6,within_state,20,Joint_LDA,0.8333333333333333,0.8285714285714285,0.6666666666666667
20,6,within_state,21,Raw,0.71875,0.718475073313783,0.4375
20,6,within_state,21,Trait_LDA,0.71875,0.718475073313783,0.4375
20,6,within_state,21,State_LDA,0.65625,0.6532019704433498,0.3125
20,6,within_state,21,Joint_LDA,0.6875,0.6862745098039216,0.375
20,6,within_state,23,Raw,0.625,0.6,0.25
20,6,within_state,23,Trait_LDA,0.625,0.6,0.25
20,6,within_state,23,State_LDA,0.5,0.5,0.0
20,6,within_state,23,Joint_LDA,0.5,0.4920634920634921,0.0
20,6,within_state,25,Raw,0.5833333333333334,0.5555555555555556,0.16666666666666663
20,6,within_state,25,Trait_LDA,0.5833333333333334,0.5555555555555556,0.16666666666666663
20,6,within_state,25,State_LDA,0.5833333333333333,0.5804195804195804,0.16666666666666663
20,6,within_state,25,Joint_LDA,0.5,0.3333333333333333,0.0
20,6,within_state,26,Raw,0.9444444444444444,0.9442724458204335,0.8888888888888888
20,6,within_state,26,Trait_LDA,0.9444444444444444,0.9442724458204335,0.8888888888888888
20,6,within_state,26,State_LDA,0.8333333333333333,0.8328173374613003,0.6666666666666667
20,6,within_state,26,Joint_LDA,0.8888888888888888,0.8875,0.7777777777777778
20,6,within_state,31,Raw,0.5909090909090908,0.5900621118012422,0.18181818181818177
20,6,within_state,31,Trait_LDA,0.5909090909090908,0.5900621118012422,0.18181818181818177
20,6,within_state,31,State_LDA,0.5909090909090909,0.5831578947368421,0.18181818181818177
20,6,within_state,31,Joint_LDA,0.5454545454545454,0.5454545454545454,0.09090909090909094
20,6,within_state,32,Raw,0.6470588235294117,0.6421052631578947,0.2941176470588235
20,6,within_state,32,Trait_LDA,0.6470588235294117,0.6421052631578947,0.2941176470588235
20,6,within_state,32,State_LDA,0.6176470588235294,0.6146469049694856,0.23529411764705888
20,6,within_state,32,Joint_LDA,0.6764705882352942,0.6693191865605659,0.3529411764705882
20,6,within_state,34,Raw,0.7272727272727273,0.725,0.4545454545454546
20,6,within_state,34,Trait_LDA,0.7272727272727273,0.725,0.4545454545454546
20,6,within_state,34,State_LDA,0.5909090909090909,0.5831578947368421,0.18181818181818177
20,6,within_state,34,Joint_LDA,0.6818181818181819,0.681159420289855,0.36363636363636365
20,6,within_state,36,Raw,0.75,0.75,0.5
20,6,within_state,36,Trait_LDA,0.75,0.75,0.5
20,6,within_state,36,State_LDA,0.7083333333333333,0.7078260869565217,0.41666666666666663
20,6,within_state,36,Joint_LDA,0.625,0.6243478260869566,0.25
20,6,within_state,37,Raw,0.6333333333333333,0.6329254727474972,0.2666666666666667
20,6,within_state,37,Trait_LDA,0.6333333333333333,0.6329254727474972,0.2666666666666667
20,6,within_state,37,State_LDA,0.6666666666666666,0.6651785714285714,0.33333333333333337
20,6,within_state,37,Joint_LDA,0.6333333333333333,0.6296296296296295,0.2666666666666667
20,6,within_state,38,Raw,0.53125,0.5195195195195195,0.0625
20,6,within_state,38,Trait_LDA,0.53125,0.5195195195195195,0.0625
20,6,within_state,38,State_LDA,0.59375,0.5901477832512315,0.1875
20,6,within_state,38,Joint_LDA,0.53125,0.530791788856305,0.0625
20,6,within_state,40,Raw,0.3333333333333333,0.3333333333333333,-0.33333333333333326
20,6,within_state,40,Trait_LDA,0.3333333333333333,0.3333333333333333,-0.33333333333333326
20,6,within_state,40,State_LDA,0.41666666666666663,0.4125874125874126,-0.16666666666666674
20,6,within_state,40,Joint_LDA,0.41666666666666663,0.4125874125874126,-0.16666666666666674
20,6,within_state,6,Raw,0.5476190476190477,0.5452991452991452,0.09523809523809523
20,6,within_state,6,Trait_LDA,0.5476190476190477,0.5452991452991452,0.09523809523809523
20,6,within_state,6,State_LDA,0.5595238095238095,0.5579576162708006,0.11904761904761907
20,6,within_state,6,Joint_LDA,0.5476190476190477,0.5452991452991452,0.09523809523809523
20,6,within_state,7,Raw,0.5,0.4949494949494949,0.0
20,6,within_state,7,Trait_LDA,0.5,0.4949494949494949,0.0
20,6,within_state,7,State_LDA,0.6000000000000001,0.5833333333333333,0.19999999999999996
20,6,within_state,7,Joint_LDA,0.6000000000000001,0.5833333333333333,0.19999999999999996
20,7,within_state,1,Raw,0.5294117647058824,0.5228070175438597,0.05882352941176472
20,7,within_state,1,Trait_LDA,0.5294117647058824,0.5228070175438597,0.05882352941176472
20,7,within_state,1,State_LDA,0.5588235294117647,0.5553618134263296,0.11764705882352944
20,7,within_state,1,Joint_LDA,0.5588235294117647,0.5584415584415584,0.11764705882352944
20,7,within_state,10,Raw,0.3913043478260869,0.39015151515151514,-0.21739130434782616
20,7,within_state,10,Trait_LDA,0.3913043478260869,0.39015151515151514,-0.21739130434782616
20,7,within_state,10,State_LDA,0.4347826086956522,0.4337121212121212,-0.13043478260869557
20,7,within_state,10,Joint_LDA,0.41304347826086957,0.41276595744680855,-0.17391304347826098
20,7,within_state,13,Raw,0.6363636363636364,0.6294736842105264,0.2727272727272727
20,7,within_state,13,Trait_LDA,0.6363636363636364,0.6294736842105264,0.2727272727272727
20,7,within_state,13,State_LDA,0.6590909090909091,0.6546310832025117,0.31818181818181823
20,7,within_state,13,Joint_LDA,0.5227272727272727,0.5164835164835164,0.045454545454545414
20,7,within_state,14,Raw,0.375,0.2727272727272727,-0.25
20,7,within_state,14,Trait_LDA,0.375,0.2727272727272727,-0.25
20,7,within_state,14,State_LDA,0.875,0.873015873015873,0.75
20,7,within_state,14,Joint_LDA,0.875,0.873015873015873,0.75
20,7,within_state,16,Raw,0.7142857142857143,0.7128205128205127,0.4285714285714286
20,7,within_state,16,Trait_LDA,0.7142857142857143,0.7128205128205127,0.4285714285714286
20,7,within_state,16,State_LDA,0.6428571428571428,0.641025641025641,0.2857142857142857
20,7,within_state,16,Joint_LDA,0.75,0.7417654808959157,0.5
20,7,within_state,18,Raw,0.5263157894736842,0.525,0.052631578947368474
20,7,within_state,18,Trait_LDA,0.5263157894736842,0.525,0.052631578947368474
20,7,within_state,18,State_LDA,0.5789473684210527,0.5777777777777777,0.1578947368421053
20,7,within_state,18,Joint_LDA,0.47368421052631576,0.47368421052631576,-0.05263157894736836
20,7,within_state,19,Raw,0.7,0.6703296703296704,0.4
20,7,within_state,19,Trait_LDA,0.7,0.6703296703296704,0.4
20,7,within_state,19,State_LDA,0.6,0.6,0.19999999999999996
20,7,within_state,19,Joint_LDA,0.6,0.6,0.19999999999999996
20,7,within_state,20,Raw,0.8333333333333333,0.8285714285714285,0.6666666666666667
20,7,within_state,20,Trait_LDA,0.8333333333333333,0.8285714285714285,0.6666666666666667
20,7,within_state,20,State_LDA,0.6666666666666666,0.6666666666666666,0.33333333333333337
20,7,within_state,20,Joint_LDA,0.6666666666666666,0.6666666666666666,0.33333333333333337
20,7,within_state,21,Raw,0.78125,0.7810361681329423,0.5625
20,7,within_state,21,Trait_LDA,0.78125,0.7810361681329423,0.5625
20,7,within_state,21,State_LDA,0.75,0.75,0.5
20,7,within_state,21,Joint_LDA,0.65625,0.6476476476476476,0.3125
20,7,within_state,22,Raw,0.7,0.7,0.4
20,7,within_state,22,Trait_LDA,0.7,0.7,0.4
20,7,within_state,22,State_LDA,0.725,0.7248280175109443,0.44999999999999996
20,7,within_state,22,Joint_LDA,0.65,0.6464646464646464,0.30000000000000004
20,7,within_state,24,Raw,0.5,0.4984520123839009,0.0
20,7,within_state,24,Trait_LDA,0.5,0.4984520123839009,0.0
20,7,within_state,24,State_LDA,0.5555555555555556,0.55,0.11111111111111116
20,7,within_state,24,Joint_LDA,0.5,0.4857142857142857,0.0
20,7,within_state,25,Raw,0.4166666666666667,0.29411764705882354,-0.16666666666666674
20,7,within_state,25,Trait_LDA,0.4166666666666667,0.29411764705882354,-0.16666666666666674
20,7,within_state,25,State_LDA,0.3333333333333333,0.3333333333333333,-0.33333333333333326
20,7,within_state,25,Joint_LDA,0.41666666666666663,0.37777777777777777,-0.16666666666666674
20,7,within_state,26,Raw,0.9444444444444444,0.9442724458204335,0.8888888888888888
20,7,within_state,26,Trait_LDA,0.9444444444444444,0.9442724458204335,0.8888888888888888
20,7,within_state,26,State_LDA,0.8333333333333333,0.8328173374613003,0.6666666666666667
20,7,within_state,26,Joint_LDA,0.7222222222222222,0.7213622291021672,0.4444444444444444
20,7,within_state,31,Raw,0.6818181818181819,0.681159420289855,0.36363636363636365
20,7,within_state,31,Trait_LDA,0.6818181818181819,0.681159420289855,0.36363636363636365
20,7,within_state,31,State_LDA,0.5909090909090909,0.5831578947368421,0.18181818181818177
20,7,within_state,31,Joint_LDA,0.6818181818181819,0.681159420289855,0.36363636363636365
20,7,within_state,35,Raw,0.5625,0.5607843137254902,0.125
20,7,within_state,35,Trait_LDA,0.5625,0.5607843137254902,0.125
20,7,within_state,35,State_LDA,0.6041666666666666,0.6026143790849673,0.20833333333333337
20,7,within_state,35,Joint_LDA,0.5833333333333333,0.5826086956521739,0.16666666666666663
20,7,within_state,36,Raw,0.5,0.49650349650349646,0.0
20,7,within_state,36,Trait_LDA,0.5,0.49650349650349646,0.0
20,7,within_state,36,State_LDA,0.5416666666666666,0.5208711433756805,0.08333333333333337
20,7,within_state,36,Joint_LDA,0.5833333333333333,0.5804195804195804,0.16666666666666663
20,7,within_state,38,Raw,0.5625,0.5607843137254902,0.125
20,7,within_state,38,Trait_LDA,0.5625,0.5607843137254902,0.125
20,7,within_state,38,State_LDA,0.59375,0.5933528836754643,0.1875
20,7,within_state,38,Joint_LDA,0.6875,0.6825396825396826,0.375
20,7,within_state,4,Raw,0.6666666666666667,0.6597222222222223,0.33333333333333337
20,7,within_state,4,Trait_LDA,0.6666666666666667,0.6597222222222223,0.33333333333333337
20,7,within_state,4,State_LDA,0.6428571428571428,0.6326530612244898,0.2857142857142857
20,7,within_state,4,Joint_LDA,0.6428571428571428,0.641025641025641,0.2857142857142857
20,7,within_state,40,Raw,0.5833333333333334,0.5555555555555556,0.16666666666666663
20,7,within_state,40,Trait_LDA,0.5833333333333334,0.5555555555555556,0.16666666666666663
20,7,within_state,40,State_LDA,0.5833333333333334,0.5555555555555556,0.16666666666666663
20,7,within_state,40,Joint_LDA,0.5833333333333334,0.5555555555555556,0.16666666666666663
20,7,within_state,6,Raw,0.6904761904761905,0.690300623936472,0.38095238095238093
20,7,within_state,6,Trait_LDA,0.6904761904761905,0.690300623936472,0.38095238095238093
20,7,within_state,6,State_LDA,0.6904761904761905,0.690300623936472,0.38095238095238093
20,7,within_state,6,Joint_LDA,0.6428571428571429,0.6395881006864989,0.2857142857142857
20,8,within_state,1,Raw,0.6176470588235294,0.5888372093023255,0.23529411764705888
20,8,within_state,1,Trait_LDA,0.6176470588235294,0.5888372093023255,0.23529411764705888
20,8,within_state,1,State_LDA,0.6470588235294117,0.6263736263736264,0.2941176470588235
20,8,within_state,1,Joint_LDA,0.6470588235294118,0.6136363636363636,0.2941176470588235
20,8,within_state,11,Raw,0.7,0.696969696969697,0.4
20,8,within_state,11,Trait_LDA,0.7,0.696969696969697,0.4
20,8,within_state,11,State_LDA,0.7,0.7,0.4
20,8,within_state,11,Joint_LDA,0.8,0.797979797979798,0.6
20,8,within_state,15,Raw,0.7333333333333334,0.7321428571428572,0.4666666666666667
20,8,within_state,15,Trait_LDA,0.7333333333333334,0.7321428571428572,0.4666666666666667
20,8,within_state,15,State_LDA,0.7,0.699666295884316,0.4
20,8,within_state,15,Joint_LDA,0.7,0.699666295884316,0.4
20,8,within_state,17,Raw,0.9166666666666667,0.916083916083916,0.8333333333333334
20,8,within_state,17,Trait_LDA,0.9166666666666667,0.916083916083916,0.8333333333333334
20,8,within_state,17,State_LDA,0.8333333333333334,0.8333333333333334,0.6666666666666667
20,8,within_state,17,Joint_LDA,0.8333333333333334,0.8333333333333334,0.6666666666666667
20,8,within_state,19,Raw,0.4,0.375,-0.19999999999999996
20,8,within_state,19,Trait_LDA,0.4,0.375,-0.19999999999999996
20,8,within_state,19,State_LDA,0.6000000000000001,0.5833333333333333,0.19999999999999996
20,8,within_state,19,Joint_LDA,0.6000000000000001,0.5833333333333333,0.19999999999999996
20,8,within_state,21,Raw,0.59375,0.5933528836754643,0.1875
20,8,within_state,21,Trait_LDA,0.59375,0.5933528836754643,0.1875
20,8,within_state,21,State_LDA,0.6875,0.6875,0.375
20,8,within_state,21,Joint_LDA,0.8125,0.8117647058823529,0.625
20,8,within_state,22,Raw,0.55,0.55,0.09999999999999998
20,8,within_state,22,Trait_LDA,0.55,0.55,0.09999999999999998
20,8,within_state,22,State_LDA,0.5,0.5,0.0
20,8,within_state,22,Joint_LDA,0.6000000000000001,0.5989974937343359,0.19999999999999996
20,8,within_state,23,Raw,0.6875,0.6862745098039216,0.375
20,8,within_state,23,Trait_LDA,0.6875,0.6862745098039216,0.375
20,8,within_state,23,State_LDA,0.5625,0.5607843137254902,0.125
20,8,within_state,23,Joint_LDA,0.75,0.75,0.5
20,8,within_state,26,Raw,0.8888888888888888,0.8875,0.7777777777777778
20,8,within_state,26,Trait_LDA,0.8888888888888888,0.8875,0.7777777777777778
20,8,within_state,26,State_LDA,0.7777777777777778,0.7777777777777778,0.5555555555555556
20,8,within_state,26,Joint_LDA,0.8888888888888888,0.8888888888888888,0.7777777777777778
20,8,within_state,27,Raw,0.5192307692307693,0.5103578154425612,0.038461538461538436
20,8,within_state,27,Trait_LDA,0.5192307692307693,0.5103578154425612,0.038461538461538436
20,8,within_state,27,State_LDA,0.5192307692307693,0.5147443075774543,0.038461538461538436
20,8,within_state,27,Joint_LDA,0.46153846153846156,0.4484848484848485,-0.07692307692307687
20,8,within_state,28,Raw,0.38461538461538464,0.35,-0.23076923076923084
20,8,within_state,28,Trait_LDA,0.38461538461538464,0.35,-0.23076923076923084
20,8,within_state,28,State_LDA,0.3846153846153846,0.3202614379084967,-0.23076923076923084
20,8,within_state,28,Joint_LDA,0.5,0.4807987711213518,0.0
20,8,within_state,3,Raw,0.46153846153846156,0.43125,-0.07692307692307687
20,8,within_state,3,Trait_LDA,0.46153846153846156,0.43125,-0.07692307692307687
20,8,within_state,3,State_LDA,0.5,0.4609250398724083,0.0
20,8,within_state,3,Joint_LDA,0.4230769230769231,0.37799043062200954,-0.15384615384615374
20,8,within_state,31,Raw,0.6363636363636364,0.6333333333333333,0.2727272727272727
20,8,within_state,31,Trait_LDA,0.6363636363636364,0.6333333333333333,0.2727272727272727
20,8,within_state,31,State_LDA,0.5909090909090908,0.5900621118012422,0.18181818181818177
20,8,within_state,31,Joint_LDA,0.6363636363636364,0.6333333333333333,0.2727272727272727
20,8,within_state,32,Raw,0.7941176470588236,0.7925021795989537,0.5882352941176471
20,8,within_state,32,Trait_LDA,0.7941176470588236,0.7925021795989537,0.5882352941176471
20,8,within_state,32,State_LDA,0.6470588235294117,0.6357142857142857,0.2941176470588235
20,8,within_state,32,Joint_LDA,0.6764705882352942,0.6761904761904762,0.3529411764705882
20,8,within_state,33,Raw,0.75,0.7482517482517483,0.5
20,8,within_state,33,Trait_LDA,0.75,0.7482517482517483,0.5
20,8,within_state,33,State_LDA,0.6666666666666667,0.6571428571428571,0.33333333333333337
20,8,within_state,33,Joint_LDA,0.6666666666666667,0.6571428571428571,0.33333333333333337
20,8,within_state,34,Raw,0.5909090909090909,0.5831578947368421,0.18181818181818177
20,8,within_state,34,Trait_LDA,0.5909090909090909,0.5831578947368421,0.18181818181818177
20,8,within_state,34,State_LDA,0.6818181818181818,0.6644880174291938,0.36363636363636365
20,8,within_state,34,Joint_LDA,0.7727272727272727,0.7722567287784678,0.5454545454545454
20,8,within_state,37,Raw,0.6333333333333333,0.6329254727474972,0.2666666666666667
20,8,within_state,37,Trait_LDA,0.6333333333333333,0.6329254727474972,0.2666666666666667
20,8,within_state,37,State_LDA,0.6,0.5927601809954751,0.19999999999999996
20,8,within_state,37,Joint_LDA,0.6666666666666666,0.6651785714285714,0.33333333333333337
20,8,within_state,38,Raw,0.46875,0.4682306940371457,-0.0625
20,8,within_state,38,Trait_LDA,0.46875,0.4682306940371457,-0.0625
20,8,within_state,38,State_LDA,0.46875,0.4682306940371457,-0.0625
20,8,within_state,38,Joint_LDA,0.625,0.625,0.25
20,8,within_state,4,Raw,0.5,0.49743589743589745,0.0
20,8,within_state,4,Trait_LDA,0.5,0.49743589743589745,0.0
20,8,within_state,4,State_LDA,0.5,0.49971639251276234,0.0
20,8,within_state,4,Joint_LDA,0.5,0.49971639251276234,0.0
20,8,within_state,6,Raw,0.5476190476190477,0.5465909090909091,0.09523809523809523
20,8,within_state,6,Trait_LDA,0.5476190476190477,0.5465909090909091,0.09523809523809523
20,8,within_state,6,State_LDA,0.5357142857142857,0.5351213282247764,0.0714285714285714
20,8,within_state,6,Joint_LDA,0.5476190476190477,0.5476190476190477,0.09523809523809523
20,9,within_state,10,Raw,0.5652173913043479,0.5436507936507937,0.13043478260869568
20,9,within_state,10,Trait_LDA,0.5652173913043479,0.5436507936507937,0.13043478260869568
20,9,within_state,10,State_LDA,0.5869565217391305,0.5705159705159706,0.17391304347826086
20,9,within_state,10,Joint_LDA,0.4782608695652174,0.4619883040935673,-0.04347826086956519
20,9,within_state,14,Raw,0.875,0.873015873015873,0.75
20,9,within_state,14,Trait_LDA,0.875,0.873015873015873,0.75
20,9,within_state,14,State_LDA,0.5,0.4666666666666667,0.0
20,9,within_state,14,Joint_LDA,0.5,0.4666666666666667,0.0
20,9,within_state,15,Raw,0.7333333333333334,0.7321428571428572,0.4666666666666667
20,9,within_state,15,Trait_LDA,0.7333333333333334,0.7321428571428572,0.4666666666666667
20,9,within_state,15,State_LDA,0.8,0.8,0.6
20,9,within_state,15,Joint_LDA,0.8,0.8,0.6
20,9,within_state,16,Raw,0.6071428571428572,0.6025806451612903,0.2142857142857143
20,9,within_state,16,Trait_LDA,0.6071428571428572,0.6025806451612903,0.2142857142857143
20,9,within_state,16,State_LDA,0.5714285714285714,0.5692307692307692,0.1428571428571429
20,9,within_state,16,Joint_LDA,0.5,0.49743589743589745,0.0
20,9,within_state,20,Raw,0.6666666666666666,0.625,0.33333333333333337
20,9,within_state,20,Trait_LDA,0.6666666666666666,0.625,0.33333333333333337
20,9,within_state,20,State_LDA,0.5,0.4857142857142857,0.0
20,9,within_state,20,Joint_LDA,0.5,0.4857142857142857,0.0
20,9,within_state,23,Raw,0.625,0.6190476190476191,0.25
20,9,within_state,23,Trait_LDA,0.625,0.6190476190476191,0.25
20,9,within_state,23,State_LDA,0.5625,0.5607843137254902,0.125
20,9,within_state,23,Joint_LDA,0.5625,0.5607843137254902,0.125
20,9,within_state,26,Raw,0.8888888888888888,0.8888888888888888,0.7777777777777778
20,9,within_state,26,Trait_LDA,0.8888888888888888,0.8888888888888888,0.7777777777777778
20,9,within_state,26,State_LDA,0.6666666666666667,0.6625,0.33333333333333337
20,9,within_state,26,Joint_LDA,0.8888888888888888,0.8875,0.7777777777777778
20,9,within_state,27,Raw,0.6153846153846154,0.606060606060606,0.23076923076923073
20,9,within_state,27,Trait_LDA,0.6153846153846154,0.606060606060606,0.23076923076923073
20,9,within_state,27,State_LDA,0.5961538461538461,0.5836828059473884,0.1923076923076923
20,9,within_state,27,Joint_LDA,0.6153846153846154,0.606060606060606,0.23076923076923073
20,9,within_state,3,Raw,0.6153846153846154,0.6130952380952381,0.23076923076923073
20,9,within_state,3,Trait_LDA,0.6153846153846154,0.6130952380952381,0.23076923076923073
20,9,within_state,3,State_LDA,0.6538461538461539,0.6533333333333333,0.3076923076923077
20,9,within_state,3,Joint_LDA,0.6538461538461539,0.6491754122938531,0.3076923076923077
20,9,within_state,30,Raw,0.6136363636363636,0.60858189429618,0.2272727272727273
20,9,within_state,30,Trait_LDA,0.6136363636363636,0.60858189429618,0.2272727272727273
20,9,within_state,30,State_LDA,0.5681818181818182,0.5569687334393216,0.13636363636363635
20,9,within_state,30,Joint_LDA,0.7045454545454546,0.7031655422937209,0.40909090909090906
20,9,within_state,31,Raw,0.5,0.4989648033126294,0.0
20,9,within_state,31,Trait_LDA,0.5,0.4989648033126294,0.0
20,9,within_state,31,State_LDA,0.5909090909090908,0.5900621118012422,0.18181818181818177
20,9,within_state,31,Joint_LDA,0.5454545454545454,0.5454545454545454,0.09090909090909094
20,9,within_state,32,Raw,0.7647058823529411,0.7614035087719297,0.5294117647058824
20,9,within_state,32,Trait_LDA,0.7647058823529411,0.7614035087719297,0.5294117647058824
20,9,within_state,32,State_LDA,0.7058823529411764,0.7017543859649122,0.4117647058823529
20,9,within_state,32,Joint_LDA,0.6764705882352942,0.6739319965126417,0.3529411764705882
20,9,within_state,33,Raw,0.6666666666666667,0.6571428571428571,0.33333333333333337
20,9,within_state,33,Trait_LDA,0.6666666666666667,0.6571428571428571,0.33333333333333337
20,9,within_state,33,State_LDA,0.5,0.4857142857142857,0.0
20,9,within_state,33,Joint_LDA,0.5,0.4857142857142857,0.0
20,9,within_state,34,Raw,0.5454545454545454,0.5416666666666667,0.09090909090909094
20,9,within_state,34,Trait_LDA,0.5454545454545454,0.5416666666666667,0.09090909090909094
20,9,within_state,34,State_LDA,0.5909090909090908,0.5900621118012422,0.18181818181818177
20,9,within_state,34,Joint_LDA,0.5454545454545454,0.5416666666666667,0.09090909090909094
20,9,within_state,36,Raw,0.75,0.7428571428571429,0.5
20,9,within_state,36,Trait_LDA,0.75,0.7428571428571429,0.5
20,9,within_state,36,State_LDA,0.625,0.6243478260869566,0.25
20,9,within_state,36,Joint_LDA,0.7083333333333333,0.6950998185117967,0.41666666666666663
20,9,within_state,38,Raw,0.65625,0.6559139784946236,0.3125
20,9,within_state,38,Trait_LDA,0.65625,0.6559139784946236,0.3125
20,9,within_state,38,State_LDA,0.59375,0.5933528836754643,0.1875
20,9,within_state,38,Joint_LDA,0.625,0.6235294117647059,0.25
20,9,within_state,39,Raw,0.6041666666666667,0.6039947894051237,0.20833333333333337
20,9,within_state,39,Trait_LDA,0.6041666666666667,0.6039947894051237,0.20833333333333337
20,9,within_state,39,State_LDA,0.625,0.6243478260869566,0.25
20,9,within_state,39,Joint_LDA,0.5625,0.5623100303951367,0.125
20,9,within_state,4,Raw,0.6428571428571428,0.6426545660805445,0.2857142857142857
20,9,within_state,4,Trait_LDA,0.6428571428571428,0.6426545660805445,0.2857142857142857
20,9,within_state,4,State_LDA,0.6428571428571428,0.6426545660805445,0.2857142857142857
20,9,within_state,4,Joint_LDA,0.6428571428571428,0.6426545660805445,0.2857142857142857
20,9,within_state,7,Raw,0.7,0.6703296703296704,0.4
20,9,within_state,7,Trait_LDA,0.7,0.6703296703296704,0.4
20,9,within_state,7,State_LDA,0.5,0.4949494949494949,0.0
20,9,within_state,7,Joint_LDA,0.5,0.4949494949494949,0.0
20,9,within_state,8,Raw,0.65625,0.6532019704433498,0.3125
20,9,within_state,8,Trait_LDA,0.65625,0.6532019704433498,0.3125
20,9,within_state,8,State_LDA,0.625,0.6190476190476191,0.25
20,9,within_state,8,Joint_LDA,0.71875,0.716256157635468,0.4375
4,0,within_state,12,Raw,0.5217391304347826,0.5217391304347826,0.04347826086956519
4,0,within_state,12,Trait_LDA,0.5217391304347826,0.5217391304347826,0.04347826086956519
4,0,within_state,12,State_LDA,0.5,0.4997635933806146,0.0
4,0,within_state,12,Joint_LDA,0.5434782608695652,0.5432624113475177,0.08695652173913049
4,0,within_state,24,Raw,0.6666666666666667,0.6625,0.33333333333333337
4,0,within_state,24,Trait_LDA,0.6666666666666667,0.6625,0.33333333333333337
4,0,within_state,24,State_LDA,0.5555555555555556,0.55,0.11111111111111116
4,0,within_state,24,Joint_LDA,0.7222222222222222,0.7213622291021672,0.4444444444444444
4,0,within_state,31,Raw,0.6818181818181819,0.681159420289855,0.36363636363636365
4,0,within_state,31,Trait_LDA,0.6818181818181819,0.681159420289855,0.36363636363636365
4,0,within_state,31,State_LDA,0.5454545454545454,0.5454545454545454,0.09090909090909094
4,0,within_state,31,Joint_LDA,0.7272727272727273,0.7272727272727273,0.4545454545454546
4,0,within_state,34,Raw,0.5909090909090908,0.5900621118012422,0.18181818181818177
4,0,within_state,34,Trait_LDA,0.5909090909090908,0.5900621118012422,0.18181818181818177
4,0,within_state,34,State_LDA,0.7727272727272727,0.7722567287784678,0.5454545454545454
4,0,within_state,34,Joint_LDA,0.6363636363636364,0.6363636363636364,0.2727272727272727
4,1,within_state,10,Raw,0.5434782608695652,0.5432624113475177,0.08695652173913049
4,1,within_state,10,Trait_LDA,0.5434782608695652,0.5432624113475177,0.08695652173913049
4,1,within_state,10,State_LDA,0.5,0.4997635933806146,0.0
4,1,within_state,10,Joint_LDA,0.5,0.4997635933806146,0.0
4,1,within_state,22,Raw,0.725,0.7248280175109443,0.44999999999999996
4,1,within_state,22,Trait_LDA,0.725,0.7248280175109443,0.44999999999999996
4,1,within_state,22,State_LDA,0.75,0.7493734335839599,0.5
4,1,within_state,22,Joint_LDA,0.675,0.6731615336266499,0.35
4,1,within_state,25,Raw,0.41666666666666663,0.4125874125874126,-0.16666666666666674
4,1,within_state,25,Trait_LDA,0.41666666666666663,0.4125874125874126,-0.16666666666666674
4,1,within_state,25,State_LDA,0.5833333333333333,0.5804195804195804,0.16666666666666663
4,1,within_state,25,Joint_LDA,0.5,0.4857142857142857,0.0
4,1,within_state,30,Raw,0.6136363636363635,0.611831862999481,0.2272727272727273
4,1,within_state,30,Trait_LDA,0.6136363636363635,0.611831862999481,0.2272727272727273
4,1,within_state,30,State_LDA,0.6363636363636364,0.6333333333333333,0.2727272727272727
4,1,within_state,30,Joint_LDA,0.6136363636363635,0.611831862999481,0.2272727272727273
4,2,within_state,13,Raw,0.6590909090909091,0.6546310832025117,0.31818181818181823
4,2,within_state,13,Trait_LDA,0.6590909090909091,0.6546310832025117,0.31818181818181823
4,2,within_state,13,State_LDA,0.5681818181818181,0.5679586563307493,0.13636363636363635
4,2,within_state,13,Joint_LDA,0.75,0.7435082140964494,0.5
4,2,within_state,18,Raw,0.5,0.4968641114982578,0.0
4,2,within_state,18,Trait_LDA,0.5,0.4968641114982578,0.0
4,2,within_state,18,State_LDA,0.6052631578947368,0.6049896049896051,0.21052631578947367
4,2,within_state,18,Joint_LDA,0.5263157894736842,0.525,0.052631578947368474
4,2,within_state,30,Raw,0.6136363636363635,0.611831862999481,0.2272727272727273
4,2,within_state,30,Trait_LDA,0.6136363636363635,0.611831862999481,0.2272727272727273
4,2,within_state,30,State_LDA,0.5909090909090908,0.5875,0.18181818181818177
4,2,within_state,30,Joint_LDA,0.5909090909090908,0.5875,0.18181818181818177
4,2,within_state,37,Raw,0.7,0.699666295884316,0.4
4,2,within_state,37,Trait_LDA,0.7,0.699666295884316,0.4
4,2,within_state,37,State_LDA,0.6333333333333333,0.6296296296296295,0.2666666666666667
4,2,within_state,37,Joint_LDA,0.6333333333333333,0.6329254727474972,0.2666666666666667
4,3,within_state,28,Raw,0.6538461538461539,0.6491754122938531,0.3076923076923077
4,3,within_state,28,Trait_LDA,0.6538461538461539,0.6491754122938531,0.3076923076923077
4,3,within_state,28,State_LDA,0.5769230769230769,0.5762962962962963,0.15384615384615385
4,3,within_state,28,Joint_LDA,0.6153846153846154,0.6130952380952381,0.23076923076923073
4,3,within_state,34,Raw,0.6818181818181819,0.6757894736842105,0.36363636363636365
4,3,within_state,34,Trait_LDA,0.6818181818181819,0.6757894736842105,0.36363636363636365
4,3,within_state,34,State_LDA,0.5909090909090908,0.5900621118012422,0.18181818181818177
4,3,within_state,34,Joint_LDA,0.6363636363636364,0.6333333333333333,0.2727272727272727
4,3,within_state,39,Raw,0.6666666666666667,0.6643356643356644,0.33333333333333337
4,3,within_state,39,Trait_LDA,0.6666666666666667,0.6643356643356644,0.33333333333333337
4,3,within_state,39,State_LDA,0.6666666666666667,0.6643356643356644,0.33333333333333337
4,3,within_state,39,Joint_LDA,0.5833333333333333,0.5826086956521739,0.16666666666666663
4,3,within_state,8,Raw,0.65625,0.6559139784946236,0.3125
4,3,within_state,8,Trait_LDA,0.65625,0.6559139784946236,0.3125
4,3,within_state,8,State_LDA,0.65625,0.6532019704433498,0.3125
4,3,within_state,8,Joint_LDA,0.6875,0.6862745098039216,0.375
4,4,within_state,11,Raw,0.7,0.696969696969697,0.4
4,4,within_state,11,Trait_LDA,0.7,0.696969696969697,0.4
4,4,within_state,11,State_LDA,0.5,0.5,0.0
4,4,within_state,11,Joint_LDA,0.75,0.7493734335839599,0.5
4,4,within_state,17,Raw,0.8333333333333334,0.8333333333333334,0.6666666666666667
4,4,within_state,17,Trait_LDA,0.8333333333333334,0.8333333333333334,0.6666666666666667
4,4,within_state,17,State_LDA,0.41666666666666663,0.4125874125874126,-0.16666666666666674
4,4,within_state,17,Joint_LDA,0.41666666666666663,0.4125874125874126,-0.16666666666666674
4,4,within_state,25,Raw,0.5,0.4857142857142857,0.0
4,4,within_state,25,Trait_LDA,0.5,0.4857142857142857,0.0
4,4,within_state,25,State_LDA,0.5833333333333334,0.5555555555555556,0.16666666666666663
4,4,within_state,25,Joint_LDA,0.3333333333333333,0.3142857142857143,-0.33333333333333326
4,4,within_state,39,Raw,0.6458333333333333,0.6456795484151108,0.29166666666666663
4,4,within_state,39,Trait_LDA,0.6458333333333333,0.6456795484151108,0.29166666666666663
4,4,within_state,39,State_LDA,0.6875,0.6862745098039216,0.375
4,4,within_state,39,Joint_LDA,0.6666666666666666,0.6666666666666666,0.33333333333333337
4,5,within_state,12,Raw,0.5869565217391304,0.5820181731229077,0.17391304347826086
4,5,within_state,12,Trait_LDA,0.5869565217391304,0.5820181731229077,0.17391304347826086
4,5,within_state,12,State_LDA,0.6304347826086957,0.621673923560716,0.26086956521739135
4,5,within_state,12,Joint_LDA,0.5434782608695652,0.5415282392026578,0.08695652173913049
4,5,within_state,28,Raw,0.5384615384615385,0.5357142857142857,0.07692307692307687
4,5,within_state,28,Trait_LDA,0.5384615384615385,0.5357142857142857,0.07692307692307687
4,5,within_state,28,State_LDA,0.6538461538461539,0.6491754122938531,0.3076923076923077
4,5,within_state,28,Joint_LDA,0.6923076923076923,0.6904761904761905,0.3846153846153846
4,5,within_state,33,Raw,0.8333333333333333,0.8285714285714285,0.6666666666666667
4,5,within_state,33,Trait_LDA,0.8333333333333333,0.8285714285714285,0.6666666666666667
4,5,within_state,33,State_LDA,0.6666666666666666,0.6666666666666666,0.33333333333333337
4,5,within_state,33,Joint_LDA,0.6666666666666666,0.6666666666666666,0.33333333333333337
4,5,within_state,35,Raw,0.6041666666666666,0.6026143790849673,0.20833333333333337
4,5,within_state,35,Trait_LDA,0.6041666666666666,0.6026143790849673,0.20833333333333337
4,5,within_state,35,State_LDA,0.5833333333333333,0.5804195804195804,0.16666666666666663
4,5,within_state,35,Joint_LDA,0.5833333333333333,0.5826086956521739,0.16666666666666663
4,6,within_state,13,Raw,0.75,0.7498708010335917,0.5
4,6,within_state,13,Trait_LDA,0.75,0.7498708010335917,0.5
4,6,within_state,13,State_LDA,0.7272727272727273,0.7272727272727273,0.4545454545454546
4,6,within_state,13,Joint_LDA,0.75,0.7498708010335917,0.5
4,6,within_state,21,Raw,0.625,0.6235294117647059,0.25
4,6,within_state,21,Trait_LDA,0.625,0.6235294117647059,0.25
4,6,within_state,21,State_LDA,0.59375,0.5835835835835836,0.1875
4,6,within_state,21,Joint_LDA,0.5625,0.5465587044534412,0.125
4,6,within_state,26,Raw,0.9444444444444444,0.9442724458204335,0.8888888888888888
4,6,within_state,26,Trait_LDA,0.9444444444444444,0.9442724458204335,0.8888888888888888
4,6,within_state,26,State_LDA,0.7777777777777777,0.775,0.5555555555555556
4,6,within_state,26,Joint_LDA,0.7777777777777777,0.775,0.5555555555555556
4,6,within_state,3,Raw,0.6923076923076923,0.6923076923076923,0.3846153846153846
4,6,within_state,3,Trait_LDA,0.6923076923076923,0.6923076923076923,0.3846153846153846
4,6,within_state,3,State_LDA,0.6923076923076923,0.6848484848484848,0.3846153846153846
4,6,within_state,3,Joint_LDA,0.6153846153846154,0.6130952380952381,0.23076923076923073
4,7,within_state,10,Raw,0.5869565217391304,0.5771649733913884,0.17391304347826086
4,7,within_state,10,Trait_LDA,0.5869565217391304,0.5771649733913884,0.17391304347826086
4,7,within_state,10,State_LDA,0.5217391304347826,0.5134615384615384,0.04347826086956519
4,7,within_state,10,Joint_LDA,0.5,0.49402199904351984,0.0
4,7,within_state,21,Raw,0.71875,0.718475073313783,0.4375
4,7,within_state,21,Trait_LDA,0.71875,0.718475073313783,0.4375
4,7,within_state,21,State_LDA,0.6875,0.6862745098039216,0.375
4,7,within_state,21,Joint_LDA,0.71875,0.718475073313783,0.4375
4,7,within_state,3,Raw,0.5769230769230769,0.5712143928035982,0.15384615384615385
4,7,within_state,3,Trait_LDA,0.5769230769230769,0.5712143928035982,0.15384615384615385
4,7,within_state,3,State_LDA,0.4230769230769231,0.4152923538230885,-0.15384615384615374
4,7,within_state,3,Joint_LDA,0.576923076923077,0.5606758832565284,0.15384615384615385
4,7,within_state,38,Raw,0.5,0.4920634920634921,0.0
4,7,within_state,38,Trait_LDA,0.5,0.4920634920634921,0.0
4,7,within_state,38,State_LDA,0.4375,0.4285714285714286,-0.125
4,7,within_state,38,Joint_LDA,0.46875,0.45545545545545546,-0.0625
4,8,within_state,33,Raw,0.9166666666666667,0.916083916083916,0.8333333333333334
4,8,within_state,33,Trait_LDA,0.9166666666666667,0.916083916083916,0.8333333333333334
4,8,within_state,33,State_LDA,0.41666666666666663,0.4125874125874126,-0.16666666666666674
4,8,within_state,33,Joint_LDA,0.41666666666666663,0.4125874125874126,-0.16666666666666674
4,8,within_state,34,Raw,0.5454545454545454,0.5416666666666667,0.09090909090909094
4,8,within_state,34,Trait_LDA,0.5454545454545454,0.5416666666666667,0.09090909090909094
4,8,within_state,34,State_LDA,0.5454545454545454,0.5416666666666667,0.09090909090909094
4,8,within_state,34,Joint_LDA,0.6363636363636364,0.6363636363636364,0.2727272727272727
4,8,within_state,35,Raw,0.625,0.6243478260869566,0.25
4,8,within_state,35,Trait_LDA,0.625,0.6243478260869566,0.25
4,8,within_state,35,State_LDA,0.6041666666666666,0.6026143790849673,0.20833333333333337
4,8,within_state,35,Joint_LDA,0.6875,0.6862745098039216,0.375
4,8,within_state,38,Raw,0.5625,0.5607843137254902,0.125
4,8,within_state,38,Trait_LDA,0.5625,0.5607843137254902,0.125
4,8,within_state,38,State_LDA,0.46875,0.45545545545545546,-0.0625
4,8,within_state,38,Joint_LDA,0.5,0.4920634920634921,0.0
4,9,within_state,2,Raw,0.5,0.4949494949494949,0.0
4,9,within_state,2,Trait_LDA,0.5,0.4949494949494949,0.0
4,9,within_state,2,State_LDA,0.4,0.375,-0.19999999999999996
4,9,within_state,2,Joint_LDA,0.4,0.375,-0.19999999999999996
4,9,within_state,21,Raw,0.75,0.75,0.5
4,9,within_state,21,Trait_LDA,0.75,0.75,0.5
4,9,within_state,21,State_LDA,0.78125,0.7810361681329423,0.5625
4,9,within_state,21,Joint_LDA,0.71875,0.718475073313783,0.4375
4,9,within_state,4,Raw,0.5952380952380952,0.595008508224617,0.19047619047619047
4,9,within_state,4,Trait_LDA,0.5952380952380952,0.595008508224617,0.19047619047619047
4,9,within_state,4,State_LDA,0.5476190476190477,0.5452991452991452,0.09523809523809523
4,9,within_state,4,Joint_LDA,0.5714285714285714,0.5675057208237986,0.1428571428571429
4,9,within_state,40,Raw,0.3333333333333333,0.3142857142857143,-0.33333333333333326
4,9,within_state,40,Trait_LDA,0.3333333333333333,0.3142857142857143,-0.33333333333333326
4,9,within_state,40,State_LDA,0.5833333333333334,0.5555555555555556,0.16666666666666663
4,9,within_state,40,Joint_LDA,0.5833333333333334,0.5555555555555556,0.16666666666666663
all,0,within_state,1,Raw,0.5,0.49956709956709955,0.0
all,0,within_state,1,Trait_LDA,0.5,0.49956709956709955,0.0
all,0,within_state,1,State_LDA,0.5,0.49956709956709955,0.0
all,0,within_state,1,Joint_LDA,0.5588235294117647,0.5584415584415584,0.11764705882352944
all,0,within_state,10,Raw,0.5434782608695652,0.5432624113475177,0.08695652173913049
all,0,within_state,10,Trait_LDA,0.5434782608695652,0.5432624113475177,0.08695652173913049
all,0,within_state,10,State_LDA,0.5434782608695652,0.5415282392026578,0.08695652173913049
all,0,within_state,10,Joint_LDA,0.5652173913043478,0.5652173913043478,0.13043478260869568
all,0,within_state,11,Raw,0.65,0.6266666666666667,0.30000000000000004
all,0,within_state,11,Trait_LDA,0.65,0.6266666666666667,0.30000000000000004
all,0,within_state,11,State_LDA,0.45,0.44862155388471175,-0.10000000000000009
all,0,within_state,11,Joint_LDA,0.55,0.5396419437340154,0.09999999999999998
all,0,within_state,12,Raw,0.5652173913043478,0.5652173913043478,0.13043478260869568
all,0,within_state,12,Trait_LDA,0.5652173913043478,0.5652173913043478,0.13043478260869568
all,0,within_state,12,State_LDA,0.5652173913043479,0.5619047619047619,0.13043478260869568
all,0,within_state,12,Joint_LDA,0.5869565217391304,0.5851922164214522,0.17391304347826086
all,0,within_state,13,Raw,0.7272727272727273,0.7267080745341614,0.4545454545454546
all,0,within_state,13,Trait_LDA,0.7272727272727273,0.7267080745341614,0.4545454545454546
all,0,within_state,13,State_LDA,0.7045454545454546,0.7043927648578812,0.40909090909090906
all,0,within_state,13,Joint_LDA,0.6136363636363636,0.6134366925064599,0.2272727272727273
all,0,within_state,14,Raw,0.25,0.2,-0.5
all,0,within_state,14,Trait_LDA,0.25,0.2,-0.5
all,0,within_state,14,State_LDA,0.625,0.6190476190476191,0.25
all,0,within_state,14,Joint_LDA,0.625,0.6190476190476191,0.25
all,0,within_state,15,Raw,0.8,0.7991071428571428,0.6
all,0,within_state,15,Trait_LDA,0.8,0.7991071428571428,0.6
all,0,within_state,15,State_LDA,0.7333333333333334,0.7285067873303167,0.4666666666666667
all,0,within_state,15,Joint_LDA,0.7333333333333334,0.7321428571428572,0.4666666666666667
all,0,within_state,16,Raw,0.6785714285714286,0.6781609195402298,0.3571428571428571
all,0,within_state,16,Trait_LDA,0.6785714285714286,0.6781609195402298,0.3571428571428571
all,0,within_state,16,State_LDA,0.6428571428571429,0.6428571428571429,0.2857142857142857
all,0,within_state,16,Joint_LDA,0.6785714285714286,0.6748387096774193,0.3571428571428571
all,0,within_state,17,Raw,0.9166666666666667,0.916083916083916,0.8333333333333334
all,0,within_state,17,Trait_LDA,0.9166666666666667,0.916083916083916,0.8333333333333334
all,0,within_state,17,State_LDA,0.5833333333333333,0.5804195804195804,0.16666666666666663
all,0,within_state,17,Joint_LDA,0.5833333333333333,0.5804195804195804,0.16666666666666663
all,0,within_state,18,Raw,0.6842105263157895,0.6842105263157895,0.368421052631579
all,0,within_state,18,Trait_LDA,0.6842105263157895,0.6842105263157895,0.368421052631579
all,0,within_state,18,State_LDA,0.6578947368421053,0.6576576576576576,0.3157894736842105
all,0,within_state,18,Joint_LDA,0.6578947368421053,0.6576576576576576,0.3157894736842105
all,0,within_state,19,Raw,0.30000000000000004,0.29292929292929293,-0.3999999999999999
all,0,within_state,19,Trait_LDA,0.30000000000000004,0.29292929292929293,-0.3999999999999999
all,0,within_state,19,State_LDA,0.6,0.5238095238095238,0.19999999999999996
all,0,within_state,19,Joint_LDA,0.6,0.5238095238095238,0.19999999999999996
all,0,within_state,2,Raw,0.5,0.45054945054945056,0.0
all,0,within_state,2,Trait_LDA,0.5,0.45054945054945056,0.0
all,0,within_state,2,State_LDA,0.7,0.696969696969697,0.4
all,0,within_state,2,Joint_LDA,0.7,0.696969696969697,0.4
all,0,within_state,20,Raw,0.5,0.4857142857142857,0.0
all,0,within_state,20,Trait_LDA,0.5,0.4857142857142857,0.0
all,0,within_state,20,State_LDA,0.8333333333333333,0.8285714285714285,0.6666666666666667
all,0,within_state,20,Joint_LDA,0.8333333333333333,0.8285714285714285,0.6666666666666667
all,0,within_state,21,Raw,0.5625,0.5555555555555556,0.125
all,0,within_state,21,Trait_LDA,0.5625,0.5555555555555556,0.125
all,0,within_state,21,State_LDA,0.5,0.4817813765182186,0.0
all,0,within_state,21,Joint_LDA,0.5625,0.5465587044534412,0.125
all,0,within_state,22,Raw,0.65,0.65,0.30000000000000004
all,0,within_state,22,Trait_LDA,0.65,0.65,0.30000000000000004
all,0,within_state,22,State_LDA,0.6,0.595959595959596,0.19999999999999996
all,0,within_state,22,Joint_LDA,0.625,0.6228786926461345,0.25
all,0,within_state,23,Raw,0.75,0.75,0.5
all,0,within_state,23,Trait_LDA,0.75,0.75,0.5
all,0,within_state,23,State_LDA,0.8125,0.8117647058823529,0.625
all,0,within_state,23,Joint_LDA,0.5625,0.5465587044534412,0.125
all,0,within_state,24,Raw,0.4444444444444444,0.4444444444444444,-0.11111111111111116
all,0,within_state,24,Trait_LDA,0.4444444444444444,0.4444444444444444,-0.11111111111111116
all,0,within_state,24,State_LDA,0.5,0.4984520123839009,0.0
all,0,within_state,24,Joint_LDA,0.5,0.4984520123839009,0.0
all,0,within_state,25,Raw,0.5833333333333334,0.5555555555555556,0.16666666666666663
all,0,within_state,25,Trait_LDA,0.5833333333333334,0.5555555555555556,0.16666666666666663
all,0,within_state,25,State_LDA,0.5,0.4857142857142857,0.0
all,0,within_state,25,Joint_LDA,0.3333333333333333,0.3333333333333333,-0.33333333333333326
all,0,within_state,26,Raw,0.8333333333333333,0.8328173374613003,0.6666666666666667
all,0,within_state,26,Trait_LDA,0.8333333333333333,0.8328173374613003,0.6666666666666667
all,0,within_state,26,State_LDA,0.8888888888888888,0.8875,0.7777777777777778
all,0,within_state,26,Joint_LDA,0.7222222222222222,0.7213622291021672,0.4444444444444444
all,0,within_state,27,Raw,0.5192307692307692,0.5190529041805401,0.038461538461538436
all,0,within_state,27,Trait_LDA,0.5192307692307692,0.5190529041805401,0.038461538461538436
all,0,within_state,27,State_LDA,0.5192307692307692,0.5190529041805401,0.038461538461538436
all,0,within_state,27,Joint_LDA,0.5192307692307692,0.5190529041805401,0.038461538461538436
all,0,within_state,28,Raw,0.6153846153846154,0.6130952380952381,0.23076923076923073
all,0,within_state,28,Trait_LDA,0.6153846153846154,0.6130952380952381,0.23076923076923073
all,0,within_state,28,State_LDA,0.5769230769230769,0.5762962962962963,0.15384615384615385
all,0,within_state,28,Joint_LDA,0.6538461538461539,0.6533333333333333,0.3076923076923077
all,0,within_state,29,Raw,0.6428571428571428,0.6354166666666667,0.2857142857142857
all,0,within_state,29,Trait_LDA,0.6428571428571428,0.6354166666666667,0.2857142857142857
all,0,within_state,29,State_LDA,0.6785714285714286,0.6781609195402298,0.3571428571428571
all,0,within_state,29,Joint_LDA,0.8214285714285714,0.8212005108556832,0.6428571428571428
all,0,within_state,3,Raw,0.46153846153846156,0.45833333333333337,-0.07692307692307687
all,0,within_state,3,Trait_LDA,0.46153846153846156,0.45833333333333337,-0.07692307692307687
all,0,within_state,3,State_LDA,0.5,0.49925925925925924,0.0
all,0,within_state,3,Joint_LDA,0.5,0.49925925925925924,0.0
all,0,within_state,30,Raw,0.5454545454545454,0.5416666666666667,0.09090909090909094
all,0,within_state,30,Trait_LDA,0.5454545454545454,0.5416666666666667,0.09090909090909094
all,0,within_state,30,State_LDA,0.5681818181818181,0.5679586563307493,0.13636363636363635
all,0,within_state,30,Joint_LDA,0.5909090909090908,0.5900621118012422,0.18181818181818177
all,0,within_state,31,Raw,0.45454545454545453,0.45454545454545453,-0.09090909090909083
all,0,within_state,31,Trait_LDA,0.45454545454545453,0.45454545454545453,-0.09090909090909083
all,0,within_state,31,State_LDA,0.5454545454545454,0.5454545454545454,0.09090909090909094
all,0,within_state,31,Joint_LDA,0.5454545454545454,0.5416666666666667,0.09090909090909094
all,0,within_state,32,Raw,0.7058823529411765,0.7058823529411765,0.4117647058823529
all,0,within_state,32,Trait_LDA,0.7058823529411765,0.7058823529411765,0.4117647058823529
all,0,within_state,32,State_LDA,0.7058823529411764,0.7048611111111112,0.4117647058823529
all,0,within_state,32,Joint_LDA,0.7058823529411765,0.7058823529411765,0.4117647058823529
all,0,within_state,33,Raw,0.75,0.7482517482517483,0.5
all,0,within_state,33,Trait_LDA,0.75,0.7482517482517483,0.5
all,0,within_state,33,State_LDA,0.5833333333333334,0.5555555555555556,0.16666666666666663
all,0,within_state,33,Joint_LDA,0.5833333333333334,0.5555555555555556,0.16666666666666663
all,0,within_state,34,Raw,0.7272727272727273,0.725,0.4545454545454546
all,0,within_state,34,Trait_LDA,0.7272727272727273,0.725,0.4545454545454546
all,0,within_state,34,State_LDA,0.7727272727272727,0.7722567287784678,0.5454545454545454
all,0,within_state,34,Joint_LDA,0.7272727272727273,0.725,0.4545454545454546
all,0,within_state,35,Raw,0.5208333333333334,0.5189542483660131,0.04166666666666663
all,0,within_state,35,Trait_LDA,0.5208333333333334,0.5189542483660131,0.04166666666666663
all,0,within_state,35,State_LDA,0.5416666666666667,0.5408695652173914,0.08333333333333337
all,0,within_state,35,Joint_LDA,0.5625,0.5623100303951367,0.125
all,0,within_state,36,Raw,0.5,0.49650349650349646,0.0
all,0,within_state,36,Trait_LDA,0.5,0.49650349650349646,0.0
all,0,within_state,36,State_LDA,0.5,0.49650349650349646,0.0
all,0,within_state,36,Joint_LDA,0.5416666666666667,0.5408695652173914,0.08333333333333337
all,0,within_state,37,Raw,0.7333333333333334,0.7321428571428572,0.4666666666666667
all,0,within_state,37,Trait_LDA,0.7333333333333334,0.7321428571428572,0.4666666666666667
all,0,within_state,37,State_LDA,0.8,0.8,0.6
all,0,within_state,37,Joint_LDA,0.8333333333333334,0.8331479421579533,0.6666666666666667
all,0,within_state,38,Raw,0.53125,0.530791788856305,0.0625
all,0,within_state,38,Trait_LDA,0.53125,0.530791788856305,0.0625
all,0,within_state,38,State_LDA,0.53125,0.530791788856305,0.0625
all,0,within_state,38,Joint_LDA,0.5,0.5,0.0
all,0,within_state,39,Raw,0.7083333333333333,0.7078260869565217,0.41666666666666663
all,0,within_state,39,Trait_LDA,0.7083333333333333,0.7078260869565217,0.41666666666666663
all,0,within_state,39,State_LDA,0.75,0.7495652173913043,0.5
all,0,within_state,39,Joint_LDA,0.75,0.7495652173913043,0.5
all,0,within_state,4,Raw,0.6666666666666667,0.6597222222222223,0.33333333333333337
all,0,within_state,4,Trait_LDA,0.6666666666666667,0.6597222222222223,0.33333333333333337
all,0,within_state,4,State_LDA,0.6428571428571428,0.6377228292121909,0.2857142857142857
all,0,within_state,4,Joint_LDA,0.6428571428571428,0.6377228292121909,0.2857142857142857
all,0,within_state,40,Raw,0.3333333333333333,0.3333333333333333,-0.33333333333333326
all,0,within_state,40,Trait_LDA,0.3333333333333333,0.3333333333333333,-0.33333333333333326
all,0,within_state,40,State_LDA,0.5833333333333333,0.5804195804195804,0.16666666666666663
all,0,within_state,40,Joint_LDA,0.5833333333333333,0.5804195804195804,0.16666666666666663
all,0,within_state,6,Raw,0.6309523809523809,0.6309000708717222,0.26190476190476186
all,0,within_state,6,Trait_LDA,0.6309523809523809,0.6309000708717222,0.26190476190476186
all,0,within_state,6,State_LDA,0.6309523809523809,0.6304810557684121,0.26190476190476186
all,0,within_state,6,Joint_LDA,0.6666666666666667,0.6659090909090909,0.33333333333333337
all,0,within_state,7,Raw,0.5,0.4949494949494949,0.0
all,0,within_state,7,Trait_LDA,0.5,0.4949494949494949,0.0
all,0,within_state,7,State_LDA,0.5,0.4949494949494949,0.0
all,0,within_state,7,Joint_LDA,0.5,0.4949494949494949,0.0
all,0,within_state,8,Raw,0.75,0.75,0.5
all,0,within_state,8,Trait_LDA,0.75,0.75,0.5
all,0,within_state,8,State_LDA,0.78125,0.7810361681329423,0.5625
all,0,within_state,8,Joint_LDA,0.71875,0.716256157635468,0.4375
10,0,between_state,11,Raw,0.55,0.52,0.09999999999999998
10,0,between_state,11,Trait_LDA,0.65,0.6266666666666667,0.30000000000000004
10,0,between_state,11,State_LDA,0.55,0.52,0.09999999999999998
10,0,between_state,11,Joint_LDA,0.75,0.7493734335839599,0.5
10,0,between_state,12,Raw,0.5652173913043478,0.5652173913043478,0.13043478260869568
10,0,between_state,12,Trait_LDA,0.4782608695652174,0.4742857142857143,-0.04347826086956519
10,0,between_state,12,State_LDA,0.5434782608695652,0.5415282392026578,0.08695652173913049
10,0,between_state,12,Joint_LDA,0.43478260869565216,0.425,-0.13043478260869557
10,0,between_state,16,Raw,0.5714285714285714,0.5333333333333333,0.1428571428571429
10,0,between_state,16,Trait_LDA,0.46428571428571425,0.36651583710407243,-0.0714285714285714
10,0,between_state,16,State_LDA,0.5714285714285714,0.5333333333333333,0.1428571428571429
10,0,between_state,16,Joint_LDA,0.5357142857142857,0.4509803921568627,0.0714285714285714
10,0,between_state,22,Raw,0.6000000000000001,0.5833333333333333,0.19999999999999996
10,0,between_state,22,Trait_LDA,0.55,0.5454545454545454,0.09999999999999998
10,0,between_state,22,State_LDA,0.6000000000000001,0.5833333333333333,0.19999999999999996
10,0,between_state,22,Joint_LDA,0.55,0.5396419437340154,0.09999999999999998
10,0,between_state,28,Raw,0.5384615384615385,0.5125,0.07692307692307687
10,0,between_state,28,Trait_LDA,0.6538461538461539,0.6533333333333333,0.3076923076923077
10,0,between_state,28,State_LDA,0.5769230769230769,0.5438596491228069,0.15384615384615385
10,0,between_state,28,Joint_LDA,0.6153846153846154,0.606060606060606,0.23076923076923073
10,0,between_state,30,Raw,0.6818181818181818,0.6644880174291938,0.36363636363636365
10,0,between_state,30,Trait_LDA,0.4090909090909091,0.3888888888888889,-0.18181818181818188
10,0,between_state,30,State_LDA,0.6818181818181818,0.6644880174291938,0.36363636363636365
10,0,between_state,30,Joint_LDA,0.7272727272727273,0.7221052631578948,0.4545454545454546
10,0,between_state,32,Raw,0.6470588235294117,0.6263736263736264,0.2941176470588235
10,0,between_state,32,Trait_LDA,0.5294117647058824,0.5018315018315018,0.05882352941176472
10,0,between_state,32,State_LDA,0.6470588235294117,0.6263736263736264,0.2941176470588235
10,0,between_state,32,Joint_LDA,0.6176470588235294,0.5729468599033817,0.23529411764705888
10,0,between_state,36,Raw,0.5833333333333334,0.5714285714285714,0.16666666666666663
10,0,between_state,36,Trait_LDA,0.5416666666666667,0.4990512333965844,0.08333333333333337
10,0,between_state,36,State_LDA,0.6666666666666667,0.6643356643356644,0.33333333333333337
10,0,between_state,36,Joint_LDA,0.6666666666666666,0.6666666666666666,0.33333333333333337
10,0,between_state,39,Raw,0.5625,0.5577007459412022,0.125
10,0,between_state,39,Trait_LDA,0.4375,0.41700404858299595,-0.125
10,0,between_state,39,State_LDA,0.5833333333333333,0.5826086956521739,0.16666666666666663
10,0,between_state,39,Joint_LDA,0.5416666666666666,0.5384615384615384,0.08333333333333337
10,0,between_state,8,Raw,0.75,0.75,0.5
10,0,between_state,8,Trait_LDA,0.46875,0.3191489361702128,-0.0625
10,0,between_state,8,State_LDA,0.75,0.75,0.5
10,0,between_state,8,Joint_LDA,0.5625,0.5465587044534412,0.125
10,1,between_state,1,Raw,0.5294117647058824,0.4624505928853755,0.05882352941176472
10,1,between_state,1,Trait_LDA,0.47058823529411764,0.32,-0.05882352941176472
10,1,between_state,1,State_LDA,0.5,0.4415458937198068,0.0
10,1,between_state,1,Joint_LDA,0.5294117647058824,0.5277777777777778,0.05882352941176472
10,1,between_state,10,Raw,0.5652173913043478,0.5053763440860215,0.13043478260869568
10,1,between_state,10,Trait_LDA,0.6521739130434783,0.6413255360623782,0.30434782608695654
10,1,between_state,10,State_LDA,0.5652173913043478,0.5053763440860215,0.13043478260869568
10,1,between_state,10,Joint_LDA,0.4782608695652174,0.425,-0.04347826086956519
10,1,between_state,18,Raw,0.5263157894736842,0.5142045454545454,0.052631578947368474
10,1,between_state,18,Trait_LDA,0.42105263157894735,0.40625,-0.1578947368421053
10,1,between_state,18,State_LDA,0.5263157894736842,0.5142045454545454,0.052631578947368474
10,1,between_state,18,Joint_LDA,0.5,0.4702861335289802,0.0
10,1,between_state,20,Raw,0.6666666666666666,0.6666666666666666,0.33333333333333337
10,1,between_state,20,Trait_LDA,0.5,0.4857142857142857,0.0
10,1,between_state,20,State_LDA,0.6666666666666666,0.6666666666666666,0.33333333333333337
10,1,between_state,20,Joint_LDA,0.8333333333333333,0.8285714285714285,0.6666666666666667
10,1,between_state,22,Raw,0.675,0.6576695194206715,0.35
10,1,between_state,22,Trait_LDA,0.525,0.49967083607636603,0.050000000000000044
10,1,between_state,22,State_LDA,0.65,0.6354166666666667,0.30000000000000004
10,1,between_state,22,Joint_LDA,0.725,0.7206349206349206,0.44999999999999996
10,1,between_state,25,Raw,0.5,0.3333333333333333,0.0
10,1,between_state,25,Trait_LDA,0.5833333333333334,0.4957983193277311,0.16666666666666663
10,1,between_state,25,State_LDA,0.5,0.3333333333333333,0.0
10,1,between_state,25,Joint_LDA,0.8333333333333334,0.8333333333333334,0.6666666666666667
10,1,between_state,27,Raw,0.6153846153846154,0.5751633986928104,0.23076923076923073
10,1,between_state,27,Trait_LDA,0.5192307692307693,0.4022988505747126,0.038461538461538436
10,1,between_state,27,State_LDA,0.6153846153846154,0.5751633986928104,0.23076923076923073
10,1,between_state,27,Joint_LDA,0.4807692307692308,0.3544827586206897,-0.03846153846153855
10,1,between_state,3,Raw,0.3076923076923077,0.23529411764705882,-0.3846153846153846
10,1,between_state,3,Trait_LDA,0.46153846153846156,0.43125,-0.07692307692307687
10,1,between_state,3,State_LDA,0.3076923076923077,0.23529411764705882,-0.3846153846153846
10,1,between_state,3,Joint_LDA,0.5384615384615384,0.4135338345864662,0.07692307692307687
10,1,between_state,37,Raw,0.5666666666666667,0.4993581514762516,0.1333333333333333
10,1,between_state,37,Trait_LDA,0.4666666666666667,0.3650793650793651,-0.06666666666666665
10,1,between_state,37,State_LDA,0.5666666666666667,0.4993581514762516,0.1333333333333333
10,1,between_state,37,Joint_LDA,0.5666666666666667,0.4993581514762516,0.1333333333333333
10,1,between_state,39,Raw,0.4791666666666667,0.4379391100702576,-0.04166666666666674
10,1,between_state,39,Trait_LDA,0.7083333333333334,0.7037037037037037,0.41666666666666663
10,1,between_state,39,State_LDA,0.5,0.4666666666666667,0.0
10,1,between_state,39,Joint_LDA,0.625,0.6142857142857143,0.25
10,2,between_state,12,Raw,0.6086956521739131,0.5801217038539555,0.21739130434782605
10,2,between_state,12,Trait_LDA,0.6304347826086956,0.6288561936402468,0.26086956521739135
10,2,between_state,12,State_LDA,0.6086956521739131,0.5801217038539555,0.21739130434782605
10,2,between_state,12,Joint_LDA,0.6304347826086957,0.621673923560716,0.26086956521739135
10,2,between_state,15,Raw,0.5666666666666667,0.5542857142857143,0.1333333333333333
10,2,between_state,15,Trait_LDA,0.5666666666666667,0.5661846496106786,0.1333333333333333
10,2,between_state,15,State_LDA,0.5666666666666667,0.5542857142857143,0.1333333333333333
10,2,between_state,15,Joint_LDA,0.6666666666666666,0.6666666666666666,0.33333333333333337
10,2,between_state,17,Raw,0.5833333333333333,0.5804195804195804,0.16666666666666663
10,2,between_state,17,Trait_LDA,0.4166666666666667,0.29411764705882354,-0.16666666666666674
10,2,between_state,17,State_LDA,0.5833333333333333,0.5804195804195804,0.16666666666666663
10,2,between_state,17,Joint_LDA,0.3333333333333333,0.25,-0.33333333333333326
10,2,between_state,21,Raw,0.59375,0.5901477832512315,0.1875
10,2,between_state,21,Trait_LDA,0.4375,0.37662337662337664,-0.125
10,2,between_state,21,State_LDA,0.59375,0.5901477832512315,0.1875
10,2,between_state,21,Joint_LDA,0.6875,0.6875,0.375
10,2,between_state,27,Raw,0.5961538461538461,0.5948051948051948,0.1923076923076923
10,2,between_state,27,Trait_LDA,0.46153846153846156,0.46074074074074073,-0.07692307692307687
10,2,between_state,27,State_LDA,0.5961538461538461,0.5948051948051948,0.1923076923076923
10,2,between_state,27,Joint_LDA,0.5,0.49925925925925924,0.0
10,2,between_state,29,Raw,0.5,0.48958333333333337,0.0
10,2,between_state,29,Trait_LDA,0.5357142857142857,0.5351213282247764,0.0714285714285714
10,2,between_state,29,State_LDA,0.5,0.48958333333333337,0.0
10,2,between_state,29,Joint_LDA,0.4642857142857143,0.45806451612903226,-0.0714285714285714
10,2,between_state,32,Raw,0.47058823529411764,0.42045454545454547,-0.05882352941176472
10,2,between_state,32,Trait_LDA,0.3235294117647059,0.322943722943723,-0.3529411764705883
10,2,between_state,32,State_LDA,0.47058823529411764,0.42045454545454547,-0.05882352941176472
10,2,between_state,32,Joint_LDA,0.5294117647058824,0.48484848484848486,0.05882352941176472
10,2,between_state,40,Raw,0.4166666666666667,0.29411764705882354,-0.16666666666666674
10,2,between_state,40,Trait_LDA,0.75,0.7333333333333334,0.5
10,2,between_state,40,State_LDA,0.4166666666666667,0.29411764705882354,-0.16666666666666674
10,2,between_state,40,Joint_LDA,0.4166666666666667,0.29411764705882354,-0.16666666666666674
10,2,between_state,6,Raw,0.4880952380952381,0.328,-0.023809523809523725
10,2,between_state,6,Trait_LDA,0.5,0.35337243401759527,0.0
10,2,between_state,6,State_LDA,0.4880952380952381,0.328,-0.023809523809523725
10,2,between_state,6,Joint_LDA,0.47619047619047616,0.38726790450928383,-0.04761904761904767
10,2,between_state,7,Raw,0.30000000000000004,0.29292929292929293,-0.3999999999999999
10,2,between_state,7,Trait_LDA,0.4,0.375,-0.19999999999999996
10,2,between_state,7,State_LDA,0.30000000000000004,0.29292929292929293,-0.3999999999999999
10,2,between_state,7,Joint_LDA,0.30000000000000004,0.29292929292929293,-0.3999999999999999
10,3,between_state,24,Raw,0.5555555555555556,0.55,0.11111111111111116
10,3,between_state,24,Trait_LDA,0.2777777777777778,0.27554179566563464,-0.4444444444444444
10,3,between_state,24,State_LDA,0.5555555555555556,0.55,0.11111111111111116
10,3,between_state,24,Joint_LDA,0.5,0.4109090909090909,0.0
10,3,between_state,25,Raw,0.5,0.4857142857142857,0.0
10,3,between_state,25,Trait_LDA,0.5,0.4857142857142857,0.0
10,3,between_state,25,State_LDA,0.5,0.4857142857142857,0.0
10,3,between_state,25,Joint_LDA,0.5833333333333334,0.5555555555555556,0.16666666666666663
10,3,between_state,27,Raw,0.6346153846153846,0.6102564102564103,0.2692307692307693
10,3,between_state,27,Trait_LDA,0.42307692307692313,0.4009216589861751,-0.15384615384615374
10,3,between_state,27,State_LDA,0.6346153846153846,0.6102564102564103,0.2692307692307693
10,3,between_state,27,Joint_LDA,0.5769230769230769,0.5666666666666667,0.15384615384615385
10,3,between_state,28,Raw,0.6153846153846154,0.6130952380952381,0.23076923076923073
10,3,between_state,28,Trait_LDA,0.5769230769230769,0.5762962962962963,0.15384615384615385
10,3,between_state,28,State_LDA,0.6153846153846154,0.6130952380952381,0.23076923076923073
10,3,between_state,28,Joint_LDA,0.6538461538461539,0.6533333333333333,0.3076923076923077
10,3,between_state,3,Raw,0.6153846153846154,0.6153846153846154,0.23076923076923073
10,3,between_state,3,Trait_LDA,0.3846153846153846,0.3202614379084967,-0.23076923076923084
10,3,between_state,3,State_LDA,0.5769230769230769,0.5762962962962963,0.15384615384615385
10,3,between_state,3,Joint_LDA,0.5769230769230769,0.5712143928035982,0.15384615384615385
10,3,between_state,31,Raw,0.5909090909090908,0.5900621118012422,0.18181818181818177
10,3,between_state,31,Trait_LDA,0.5454545454545454,0.5416666666666667,0.09090909090909094
10,3,between_state,31,State_LDA,0.5454545454545454,0.5416666666666667,0.09090909090909094
10,3,between_state,31,Joint_LDA,0.6363636363636364,0.6363636363636364,0.2727272727272727
10,3,between_state,32,Raw,0.7058823529411764,0.7017543859649122,0.4117647058823529
10,3,between_state,32,Trait_LDA,0.5,0.49607672188317353,0.0
10,3,between_state,32,State_LDA,0.7058823529411764,0.7017543859649122,0.4117647058823529
10,3,between_state,32,Joint_LDA,0.6764705882352942,0.6761904761904762,0.3529411764705882
10,3,between_state,33,Raw,0.5,0.5,0.0
10,3,between_state,33,Trait_LDA,0.5,0.3333333333333333,0.0
10,3,between_state,33,State_LDA,0.5,0.5,0.0
10,3,between_state,33,Joint_LDA,0.5833333333333334,0.5555555555555556,0.16666666666666663
10,3,between_state,36,Raw,0.5833333333333334,0.5714285714285714,0.16666666666666663
10,3,between_state,36,Trait_LDA,0.5416666666666667,0.5408695652173914,0.08333333333333337
10,3,between_state,36,State_LDA,0.5833333333333334,0.5714285714285714,0.16666666666666663
10,3,between_state,36,Joint_LDA,0.6666666666666666,0.6666666666666666,0.33333333333333337
10,3,between_state,39,Raw,0.5416666666666666,0.5343915343915344,0.08333333333333337
10,3,between_state,39,Trait_LDA,0.45833333333333337,0.44285714285714284,-0.08333333333333326
10,3,between_state,39,State_LDA,0.5833333333333333,0.5804195804195804,0.16666666666666663
10,3,between_state,39,Joint_LDA,0.35416666666666663,0.3538862353452019,-0.29166666666666674
10,4,between_state,11,Raw,0.7,0.696969696969697,0.4
10,4,between_state,11,Trait_LDA,0.35,0.3483709273182957,-0.30000000000000004
10,4,between_state,11,State_LDA,0.7,0.696969696969697,0.4
10,4,between_state,11,Joint_LDA,0.6,0.5604395604395604,0.19999999999999996
10,4,between_state,14,Raw,0.5,0.5,0.0
10,4,between_state,14,Trait_LDA,0.5,0.3333333333333333,0.0
10,4,between_state,14,State_LDA,0.625,0.6190476190476191,0.25
10,4,between_state,14,Joint_LDA,0.5,0.4666666666666667,0.0
10,4,between_state,15,Raw,0.8,0.7916666666666667,0.6
10,4,between_state,15,Trait_LDA,0.5,0.3333333333333333,0.0
10,4,between_state,15,State_LDA,0.8,0.7916666666666667,0.6
10,4,between_state,15,Joint_LDA,0.7333333333333333,0.7333333333333333,0.4666666666666667
10,4,between_state,17,Raw,0.6666666666666666,0.6666666666666666,0.33333333333333337
10,4,between_state,17,Trait_LDA,0.4166666666666667,0.29411764705882354,-0.16666666666666674
10,4,between_state,17,State_LDA,0.6666666666666666,0.6666666666666666,0.33333333333333337
10,4,between_state,17,Joint_LDA,0.6666666666666666,0.6666666666666666,0.33333333333333337
10,4,between_state,18,Raw,0.3421052631578947,0.2819349962207105,-0.3157894736842106
10,4,between_state,18,Trait_LDA,0.2894736842105263,0.288981288981289,-0.42105263157894735
10,4,between_state,18,State_LDA,0.3421052631578947,0.2819349962207105,-0.3157894736842106
10,4,between_state,18,Joint_LDA,0.5263157894736842,0.4242424242424242,0.052631578947368474
10,4,between_state,22,Raw,0.55,0.52,0.09999999999999998
10,4,between_state,22,Trait_LDA,0.5249999999999999,0.5099935525467441,0.050000000000000044
10,4,between_state,22,State_LDA,0.55,0.5054945054945055,0.09999999999999998
10,4,between_state,22,Joint_LDA,0.55,0.52,0.09999999999999998
10,4,between_state,26,Raw,0.8333333333333333,0.8328173374613003,0.6666666666666667
10,4,between_state,26,Trait_LDA,0.6666666666666666,0.625,0.33333333333333337
10,4,between_state,26,State_LDA,0.8333333333333333,0.8328173374613003,0.6666666666666667
10,4,between_state,26,Joint_LDA,0.7222222222222222,0.7213622291021672,0.4444444444444444
10,4,between_state,3,Raw,0.6538461538461539,0.6533333333333333,0.3076923076923077
10,4,between_state,3,Trait_LDA,0.5,0.4319327731092437,0.0
10,4,between_state,3,State_LDA,0.6538461538461539,0.6533333333333333,0.3076923076923077
10,4,between_state,3,Joint_LDA,0.6538461538461539,0.6267942583732058,0.3076923076923077
10,4,between_state,34,Raw,0.6363636363636364,0.6239316239316239,0.2727272727272727
10,4,between_state,34,Trait_LDA,0.5,0.44367816091954027,0.0
10,4,between_state,34,State_LDA,0.6363636363636364,0.6239316239316239,0.2727272727272727
10,4,between_state,34,Joint_LDA,0.7272727272727273,0.717948717948718,0.4545454545454546
10,4,between_state,6,Raw,0.5238095238095237,0.5227272727272727,0.04761904761904767
10,4,between_state,6,Trait_LDA,0.4880952380952381,0.328,-0.023809523809523725
10,4,between_state,6,State_LDA,0.5476190476190477,0.5476190476190477,0.09523809523809523
10,4,between_state,6,Joint_LDA,0.5357142857142857,0.5351213282247764,0.0714285714285714
10,5,between_state,11,Raw,0.6000000000000001,0.5833333333333333,0.19999999999999996
10,5,between_state,11,Trait_LDA,0.7,0.6703296703296704,0.4
10,5,between_state,11,State_LDA,0.6000000000000001,0.5833333333333333,0.19999999999999996
10,5,between_state,11,Joint_LDA,0.5,0.45054945054945056,0.0
10,5,between_state,12,Raw,0.5652173913043478,0.5516569200779727,0.13043478260869568
10,5,between_state,12,Trait_LDA,0.5869565217391304,0.5771649733913884,0.17391304347826086
10,5,between_state,12,State_LDA,0.5869565217391305,0.5705159705159706,0.17391304347826086
10,5,between_state,12,Joint_LDA,0.6086956521739131,0.5964912280701754,0.21739130434782605
10,5,between_state,13,Raw,0.5681818181818181,0.4692063492063492,0.13636363636363635
10,5,between_state,13,Trait_LDA,0.40909090909090906,0.4078674948240165,-0.18181818181818188
10,5,between_state,13,State_LDA,0.5681818181818182,0.49241044323011535,0.13636363636363635
10,5,between_state,13,Joint_LDA,0.5681818181818182,0.5393939393939394,0.13636363636363635
10,5,between_state,22,Raw,0.575,0.5725958516656191,0.15000000000000002
10,5,between_state,22,Trait_LDA,0.475,0.43204868154158216,-0.050000000000000044
10,5,between_state,22,State_LDA,0.55,0.5454545454545454,0.09999999999999998
10,5,between_state,22,Joint_LDA,0.55,0.5454545454545454,0.09999999999999998
10,5,between_state,23,Raw,0.875,0.873015873015873,0.75
10,5,between_state,23,Trait_LDA,0.5,0.4666666666666667,0.0
10,5,between_state,23,State_LDA,0.875,0.873015873015873,0.75
10,5,between_state,23,Joint_LDA,0.75,0.7333333333333334,0.5
10,5,between_state,24,Raw,0.5,0.4857142857142857,0.0
10,5,between_state,24,Trait_LDA,0.5555555555555556,0.4461538461538461,0.11111111111111116
10,5,between_state,24,State_LDA,0.5555555555555556,0.55,0.11111111111111116
10,5,between_state,24,Joint_LDA,0.6111111111111112,0.609907120743034,0.2222222222222222
10,5,between_state,3,Raw,0.5384615384615385,0.5357142857142857,0.07692307692307687
10,5,between_state,3,Trait_LDA,0.5384615384615385,0.4583333333333333,0.07692307692307687
10,5,between_state,3,State_LDA,0.5769230769230769,0.5762962962962963,0.15384615384615385
10,5,between_state,3,Joint_LDA,0.5384615384615384,0.4901960784313726,0.07692307692307687
10,5,between_state,31,Raw,0.6363636363636364,0.6363636363636364,0.2727272727272727
10,5,between_state,31,Trait_LDA,0.5,0.39950372208436724,0.0
10,5,between_state,31,State_LDA,0.5909090909090909,0.5831578947368421,0.18181818181818177
10,5,between_state,31,Joint_LDA,0.5454545454545454,0.5454545454545454,0.09090909090909094
10,5,between_state,7,Raw,0.30000000000000004,0.29292929292929293,-0.3999999999999999
10,5,between_state,7,Trait_LDA,0.5,0.45054945054945056,0.0
10,5,between_state,7,State_LDA,0.4,0.375,-0.19999999999999996
10,5,between_state,7,Joint_LDA,0.30000000000000004,0.29292929292929293,-0.3999999999999999
10,5,between_state,8,Raw,0.59375,0.5588547189819725,0.1875
10,5,between_state,8,Trait_LDA,0.375,0.375,-0.25
10,5,between_state,8,State_LDA,0.625,0.6,0.25
10,5,between_state,8,Joint_LDA,0.5625,0.5151515151515151,0.125
10,6,between_state,10,Raw,0.6304347826086956,0.6288561936402468,0.26086956521739135
10,6,between_state,10,Trait_LDA,0.4782608695652174,0.425,-0.04347826086956519
10,6,between_state,10,State_LDA,0.6086956521739131,0.6079545454545454,0.21739130434782605
10,6,between_state,10,Joint_LDA,0.5434782608695652,0.48915917503966155,0.08695652173913049
10,6,between_state,12,Raw,0.5,0.4881470730527334,0.0
10,6,between_state,12,Trait_LDA,0.5869565217391304,0.5019943019943021,0.17391304347826086
10,6,between_state,12,State_LDA,0.5217391304347826,0.5134615384615384,0.04347826086956519
10,6,between_state,12,Joint_LDA,0.6086956521739131,0.6086956521739131,0.21739130434782605
10,6,between_state,2,Raw,0.9,0.898989898989899,0.8
10,6,between_state,2,Trait_LDA,0.6,0.6,0.19999999999999996
10,6,between_state,2,State_LDA,0.9,0.898989898989899,0.8
10,6,between_state,2,Joint_LDA,0.9,0.898989898989899,0.8
10,6,between_state,23,Raw,0.5625,0.5151515151515151,0.125
10,6,between_state,23,Trait_LDA,0.625,0.6190476190476191,0.25
10,6,between_state,23,State_LDA,0.5625,0.5151515151515151,0.125
10,6,between_state,23,Joint_LDA,0.625,0.6,0.25
10,6,between_state,25,Raw,0.5,0.4857142857142857,0.0
10,6,between_state,25,Trait_LDA,0.5,0.4857142857142857,0.0
10,6,between_state,25,State_LDA,0.5,0.4857142857142857,0.0
10,6,between_state,25,Joint_LDA,0.75,0.7482517482517483,0.5
10,6,between_state,27,Raw,0.5384615384615384,0.5272727272727272,0.07692307692307687
10,6,between_state,27,Trait_LDA,0.5,0.3333333333333333,0.0
10,6,between_state,27,State_LDA,0.5384615384615384,0.5272727272727272,0.07692307692307687
10,6,between_state,27,Joint_LDA,0.5,0.4131944444444444,0.0
10,6,between_state,3,Raw,0.6538461538461539,0.6405529953917051,0.3076923076923077
10,6,between_state,3,Trait_LDA,0.5,0.4807987711213518,0.0
10,6,between_state,3,State_LDA,0.6538461538461539,0.6405529953917051,0.3076923076923077
10,6,between_state,3,Joint_LDA,0.5769230769230769,0.5762962962962963,0.15384615384615385
10,6,between_state,31,Raw,0.6818181818181819,0.681159420289855,0.36363636363636365
10,6,between_state,31,Trait_LDA,0.5909090909090909,0.5686274509803921,0.18181818181818177
10,6,between_state,31,State_LDA,0.6818181818181819,0.681159420289855,0.36363636363636365
10,6,between_state,31,Joint_LDA,0.6818181818181819,0.6757894736842105,0.36363636363636365
10,6,between_state,32,Raw,0.6470588235294118,0.6136363636363636,0.2941176470588235
10,6,between_state,32,Trait_LDA,0.38235294117647056,0.2765957446808511,-0.23529411764705888
10,6,between_state,32,State_LDA,0.6470588235294118,0.6136363636363636,0.2941176470588235
10,6,between_state,32,Joint_LDA,0.5882352941176471,0.5641025641025641,0.17647058823529416
10,6,between_state,40,Raw,0.3333333333333333,0.3142857142857143,-0.33333333333333326
10,6,between_state,40,Trait_LDA,0.5,0.3333333333333333,0.0
10,6,between_state,40,State_LDA,0.3333333333333333,0.3142857142857143,-0.33333333333333326
10,6,between_state,40,Joint_LDA,0.5,0.5,0.0
10,7,between_state,10,Raw,0.4347826086956522,0.4337121212121212,-0.13043478260869557
10,7,between_state,10,Trait_LDA,0.5,0.36835820895522386,0.0
10,7,between_state,10,State_LDA,0.4347826086956522,0.4337121212121212,-0.13043478260869557
10,7,between_state,10,Joint_LDA,0.6521739130434783,0.6495238095238096,0.30434782608695654
10,7,between_state,19,Raw,0.5,0.4949494949494949,0.0
10,7,between_state,19,Trait_LDA,0.6,0.5238095238095238,0.19999999999999996
10,7,between_state,19,State_LDA,0.5,0.4949494949494949,0.0
10,7,between_state,19,Joint_LDA,0.5,0.45054945054945056,0.0
10,7,between_state,21,Raw,0.53125,0.3992490613266583,0.0625
10,7,between_state,21,Trait_LDA,0.4375,0.34545454545454546,-0.125
10,7,between_state,21,State_LDA,0.53125,0.3992490613266583,0.0625
10,7,between_state,21,Joint_LDA,0.59375,0.5588547189819725,0.1875
10,7,between_state,26,Raw,0.5555555555555556,0.5555555555555556,0.11111111111111116
10,7,between_state,26,Trait_LDA,0.1111111111111111,0.1111111111111111,-0.7777777777777777
10,7,between_state,26,State_LDA,0.5555555555555556,0.5555555555555556,0.11111111111111116
10,7,between_state,26,Joint_LDA,0.611111111111111,0.5785953177257526,0.2222222222222222
10,7,between_state,3,Raw,0.5769230769230769,0.5712143928035982,0.15384615384615385
10,7,between_state,3,Trait_LDA,0.5384615384615384,0.5272727272727272,0.07692307692307687
10,7,between_state,3,State_LDA,0.6153846153846154,0.6130952380952381,0.23076923076923073
10,7,between_state,3,Joint_LDA,0.5769230769230769,0.48468468468468473,0.15384615384615385
10,7,between_state,31,Raw,0.5,0.4905263157894737,0.0
10,7,between_state,31,Trait_LDA,0.5909090909090909,0.5086848635235732,0.18181818181818177
10,7,between_state,31,State_LDA,0.5,0.4905263157894737,0.0
10,7,between_state,31,Joint_LDA,0.5454545454545454,0.5416666666666667,0.09090909090909094
10,7,between_state,33,Raw,0.5,0.4375,0.0
10,7,between_state,33,Trait_LDA,0.5833333333333333,0.5804195804195804,0.16666666666666663
10,7,between_state,33,State_LDA,0.5,0.4375,0.0
10,7,between_state,33,Joint_LDA,0.5,0.4857142857142857,0.0
10,7,between_state,39,Raw,0.5416666666666666,0.5343915343915344,0.08333333333333337
10,7,between_state,39,Trait_LDA,0.4791666666666667,0.323943661971831,-0.04166666666666674
10,7,between_state,39,State_LDA,0.5416666666666666,0.5343915343915344,0.08333333333333337
10,7,between_state,39,Joint_LDA,0.5208333333333334,0.5033738191632928,0.04166666666666663
10,7,between_state,4,Raw,0.5714285714285714,0.5704545454545455,0.1428571428571429
10,7,between_state,4,Trait_LDA,0.6904761904761905,0.690300623936472,0.38095238095238093
10,7,between_state,4,State_LDA,0.5476190476190477,0.5473624503686898,0.09523809523809523
10,7,between_state,4,Joint_LDA,0.6428571428571428,0.641025641025641,0.2857142857142857
10,7,between_state,40,Raw,0.3333333333333333,0.3333333333333333,-0.33333333333333326
10,7,between_state,40,Trait_LDA,0.3333333333333333,0.3333333333333333,-0.33333333333333326
10,7,between_state,40,State_LDA,0.3333333333333333,0.3333333333333333,-0.33333333333333326
10,7,between_state,40,Joint_LDA,0.3333333333333333,0.25,-0.33333333333333326
10,8,between_state,17,Raw,0.75,0.7482517482517483,0.5
10,8,between_state,17,Trait_LDA,0.41666666666666663,0.4125874125874126,-0.16666666666666674
10,8,between_state,17,State_LDA,0.75,0.7482517482517483,0.5
10,8,between_state,17,Joint_LDA,0.6666666666666667,0.6571428571428571,0.33333333333333337
10,8,between_state,26,Raw,0.7222222222222222,0.7142857142857142,0.4444444444444444
10,8,between_state,26,Trait_LDA,0.2222222222222222,0.2222222222222222,-0.5555555555555556
10,8,between_state,26,State_LDA,0.7222222222222222,0.7142857142857142,0.4444444444444444
10,8,between_state,26,Joint_LDA,0.6111111111111112,0.5418181818181818,0.2222222222222222
10,8,between_state,3,Raw,0.6153846153846154,0.5751633986928104,0.23076923076923073
10,8,between_state,3,Trait_LDA,0.5769230769230769,0.5438596491228069,0.15384615384615385
10,8,between_state,3,State_LDA,0.6153846153846154,0.5751633986928104,0.23076923076923073
10,8,between_state,3,Joint_LDA,0.5769230769230769,0.5438596491228069,0.15384615384615385
10,8,between_state,30,Raw,0.4772727272727273,0.3230769230769231,-0.045454545454545414
10,8,between_state,30,Trait_LDA,0.5,0.5,0.0
10,8,between_state,30,State_LDA,0.4772727272727273,0.3230769230769231,-0.045454545454545414
10,8,between_state,30,Joint_LDA,0.45454545454545453,0.3125,-0.09090909090909083
10,8,between_state,33,Raw,0.75,0.7482517482517483,0.5
10,8,between_state,33,Trait_LDA,0.6666666666666666,0.6666666666666666,0.33333333333333337
10,8,between_state,33,State_LDA,0.75,0.7482517482517483,0.5
10,8,between_state,33,Joint_LDA,0.5833333333333333,0.5804195804195804,0.16666666666666663
10,8,between_state,34,Raw,0.6363636363636364,0.6071428571428572,0.2727272727272727
10,8,between_state,34,Trait_LDA,0.5,0.44367816091954027,0.0
10,8,between_state,34,State_LDA,0.6363636363636364,0.6071428571428572,0.2727272727272727
10,8,between_state,34,Joint_LDA,0.6363636363636364,0.6071428571428572,0.2727272727272727
10,8,between_state,37,Raw,0.7,0.696969696969697,0.4
10,8,between_state,37,Trait_LDA,0.4666666666666667,0.3650793650793651,-0.06666666666666665
10,8,between_state,37,State_LDA,0.7,0.696969696969697,0.4
10,8,between_state,37,Joint_LDA,0.5333333333333333,0.5248868778280543,0.06666666666666665
10,8,between_state,6,Raw,0.5238095238095238,0.4887401095556908,0.04761904761904767
10,8,between_state,6,Trait_LDA,0.5,0.3713471133285816,0.0
10,8,between_state,6,State_LDA,0.5238095238095238,0.4887401095556908,0.04761904761904767
10,8,between_state,6,Joint_LDA,0.47619047619047616,0.3225806451612903,-0.04761904761904767
10,8,between_state,7,Raw,0.30000000000000004,0.29292929292929293,-0.3999999999999999
10,8,between_state,7,Trait_LDA,0.4,0.4,-0.19999999999999996
10,8,between_state,7,State_LDA,0.30000000000000004,0.29292929292929293,-0.3999999999999999
10,8,between_state,7,Joint_LDA,0.1,0.09090909090909091,-0.8
10,8,between_state,8,Raw,0.84375,0.8423645320197044,0.6875
10,8,between_state,8,Trait_LDA,0.5625,0.5333333333333333,0.125
10,8,between_state,8,State_LDA,0.84375,0.8423645320197044,0.6875
10,8,between_state,8,Joint_LDA,0.6875,0.6825396825396826,0.375
10,9,between_state,17,Raw,0.5833333333333334,0.5555555555555556,0.16666666666666663
10,9,between_state,17,Trait_LDA,0.5,0.4375,0.0
10,9,between_state,17,State_LDA,0.5833333333333334,0.5555555555555556,0.16666666666666663
10,9,between_state,17,Joint_LDA,0.5833333333333334,0.4957983193277311,0.16666666666666663
10,9,between_state,18,Raw,0.42105263157894735,0.39420289855072466,-0.1578947368421053
10,9,between_state,18,Trait_LDA,0.4736842105263158,0.41538461538461535,-0.05263157894736836
10,9,between_state,18,State_LDA,0.42105263157894735,0.39420289855072466,-0.1578947368421053
10,9,between_state,18,Joint_LDA,0.5789473684210527,0.5777777777777777,0.1578947368421053
10,9,between_state,2,Raw,0.6000000000000001,0.5833333333333333,0.19999999999999996
10,9,between_state,2,Trait_LDA,0.5,0.3333333333333333,0.0
10,9,between_state,2,State_LDA,0.6000000000000001,0.5833333333333333,0.19999999999999996
10,9,between_state,2,Joint_LDA,0.6000000000000001,0.5833333333333333,0.19999999999999996
10,9,between_state,35,Raw,0.625,0.578125,0.25
10,9,between_state,35,Trait_LDA,0.5208333333333334,0.3780281690140845,0.04166666666666663
10,9,between_state,35,State_LDA,0.625,0.578125,0.25
10,9,between_state,35,Joint_LDA,0.5416666666666667,0.44537815126050423,0.08333333333333337
10,9,between_state,36,Raw,0.5833333333333333,0.53125,0.16666666666666663
10,9,between_state,36,Trait_LDA,0.375,0.34664246823956446,-0.25
10,9,between_state,36,State_LDA,0.5833333333333333,0.53125,0.16666666666666663
10,9,between_state,36,Joint_LDA,0.5833333333333333,0.53125,0.16666666666666663
10,9,between_state,37,Raw,0.7666666666666666,0.7643097643097643,0.5333333333333333
10,9,between_state,37,Trait_LDA,0.5,0.45054945054945056,0.0
10,9,between_state,37,State_LDA,0.7666666666666666,0.7643097643097643,0.5333333333333333
10,9,between_state,37,Joint_LDA,0.5666666666666667,0.5417156286721504,0.1333333333333333
10,9,between_state,39,Raw,0.6458333333333333,0.6456795484151108,0.29166666666666663
10,9,between_state,39,Trait_LDA,0.5,0.36703296703296706,0.0
10,9,between_state,39,State_LDA,0.6458333333333333,0.6456795484151108,0.29166666666666663
10,9,between_state,39,Joint_LDA,0.5833333333333334,0.5767195767195767,0.16666666666666663
10,9,between_state,40,Raw,0.41666666666666663,0.37777777777777777,-0.16666666666666674
10,9,between_state,40,Trait_LDA,0.5833333333333334,0.5555555555555556,0.16666666666666663
10,9,between_state,40,State_LDA,0.41666666666666663,0.37777777777777777,-0.16666666666666674
10,9,between_state,40,Joint_LDA,0.5833333333333333,0.5804195804195804,0.16666666666666663
10,9,between_state,6,Raw,0.5119047619047619,0.4910595537165657,0.023809523809523836
10,9,between_state,6,Trait_LDA,0.4880952380952381,0.328,-0.023809523809523725
10,9,between_state,6,State_LDA,0.5119047619047619,0.4910595537165657,0.023809523809523836
10,9,between_state,6,Joint_LDA,0.47619047619047616,0.4686601495112134,-0.04761904761904767
10,9,between_state,7,Raw,0.4,0.375,-0.19999999999999996
10,9,between_state,7,Trait_LDA,0.4,0.4,-0.19999999999999996
10,9,between_state,7,State_LDA,0.4,0.375,-0.19999999999999996
10,9,between_state,7,Joint_LDA,0.30000000000000004,0.29292929292929293,-0.3999999999999999
20,0,between_state,10,Raw,0.6086956521739131,0.56875,0.21739130434782605
20,0,between_state,10,Trait_LDA,0.5,0.46967418546365913,0.0
20,0,between_state,10,State_LDA,0.6086956521739131,0.56875,0.21739130434782605
20,0,between_state,10,Joint_LDA,0.5652173913043478,0.5208333333333333,0.13043478260869568
20,0,between_state,11,Raw,0.7,0.6875,0.4
20,0,between_state,11,Trait_LDA,0.45,0.3732193732193732,-0.10000000000000009
20,0,between_state,11,State_LDA,0.7,0.6875,0.4
20,0,between_state,11,Joint_LDA,0.6499999999999999,0.6491228070175439,0.30000000000000004
20,0,between_state,13,Raw,0.5909090909090909,0.5086848635235732,0.18181818181818177
20,0,between_state,13,Trait_LDA,0.5227272727272727,0.5103338632750398,0.045454545454545414
20,0,between_state,13,State_LDA,0.5909090909090909,0.5086848635235732,0.18181818181818177
20,0,between_state,13,Joint_LDA,0.5909090909090909,0.5769230769230769,0.18181818181818177
20,0,between_state,14,Raw,0.375,0.2727272727272727,-0.25
20,0,between_state,14,Trait_LDA,0.375,0.36507936507936506,-0.25
20,0,between_state,14,State_LDA,0.5,0.3333333333333333,0.0
20,0,between_state,14,Joint_LDA,0.5,0.4666666666666667,0.0
20,0,between_state,18,Raw,0.5789473684210527,0.5128205128205128,0.1578947368421053
20,0,between_state,18,Trait_LDA,0.5263157894736842,0.47384615384615386,0.052631578947368474
20,0,between_state,18,State_LDA,0.5526315789473684,0.4933333333333333,0.10526315789473684
20,0,between_state,18,Joint_LDA,0.5526315789473684,0.47005742411812956,0.10526315789473684
20,0,between_state,21,Raw,0.59375,0.5733333333333333,0.1875
20,0,between_state,21,Trait_LDA,0.4375,0.4285714285714286,-0.125
20,0,between_state,21,State_LDA,0.59375,0.5733333333333333,0.1875
20,0,between_state,21,Joint_LDA,0.59375,0.5933528836754643,0.1875
20,0,between_state,23,Raw,0.75,0.75,0.5
20,0,between_state,23,Trait_LDA,0.4375,0.30434782608695654,-0.125
20,0,between_state,23,State_LDA,0.8125,0.8117647058823529,0.625
20,0,between_state,23,Joint_LDA,0.5,0.4181818181818182,0.0
20,0,between_state,25,Raw,0.75,0.7482517482517483,0.5
20,0,between_state,25,Trait_LDA,0.5,0.4375,0.0
20,0,between_state,25,State_LDA,0.75,0.7482517482517483,0.5
20,0,between_state,25,Joint_LDA,0.5,0.3333333333333333,0.0
20,0,between_state,26,Raw,0.8333333333333333,0.8285714285714285,0.6666666666666667
20,0,between_state,26,Trait_LDA,0.7222222222222222,0.6989966555183946,0.4444444444444444
20,0,between_state,26,State_LDA,0.8333333333333333,0.8285714285714285,0.6666666666666667
20,0,between_state,26,Joint_LDA,0.8888888888888888,0.8875,0.7777777777777778
20,0,between_state,28,Raw,0.5769230769230769,0.5712143928035982,0.15384615384615385
20,0,between_state,28,Trait_LDA,0.6923076923076923,0.675,0.3846153846153846
20,0,between_state,28,State_LDA,0.5769230769230769,0.5712143928035982,0.15384615384615385
20,0,between_state,28,Joint_LDA,0.5,0.4319327731092437,0.0
20,0,between_state,3,Raw,0.6153846153846154,0.606060606060606,0.23076923076923073
20,0,between_state,3,Trait_LDA,0.5,0.49925925925925924,0.0
20,0,between_state,3,State_LDA,0.6153846153846154,0.606060606060606,0.23076923076923073
20,0,between_state,3,Joint_LDA,0.5384615384615384,0.5272727272727272,0.07692307692307687
20,0,between_state,30,Raw,0.5454545454545454,0.4540942928039702,0.09090909090909094
20,0,between_state,30,Trait_LDA,0.5454545454545454,0.5206971677559913,0.09090909090909094
20,0,between_state,30,State_LDA,0.5454545454545454,0.4540942928039702,0.09090909090909094
20,0,between_state,30,Joint_LDA,0.4545454545454546,0.4107142857142857,-0.09090909090909083
20,0,between_state,31,Raw,0.6363636363636364,0.6071428571428572,0.2727272727272727
20,0,between_state,31,Trait_LDA,0.5,0.3333333333333333,0.0
20,0,between_state,31,State_LDA,0.6363636363636364,0.6071428571428572,0.2727272727272727
20,0,between_state,31,Joint_LDA,0.5454545454545454,0.5299145299145299,0.09090909090909094
20,0,between_state,33,Raw,0.41666666666666663,0.4125874125874126,-0.16666666666666674
20,0,between_state,33,Trait_LDA,0.41666666666666663,0.4125874125874126,-0.16666666666666674
20,0,between_state,33,State_LDA,0.41666666666666663,0.4125874125874126,-0.16666666666666674
20,0,between_state,33,Joint_LDA,0.5,0.4857142857142857,0.0
20,0,between_state,34,Raw,0.45454545454545453,0.4358974358974359,-0.09090909090909083
20,0,between_state,34,Trait_LDA,0.5,0.4905263157894737,0.0
20,0,between_state,34,State_LDA,0.45454545454545453,0.4358974358974359,-0.09090909090909083
20,0,between_state,34,Joint_LDA,0.6363636363636364,0.6071428571428572,0.2727272727272727
20,0,between_state,35,Raw,0.6666666666666667,0.6660869565217391,0.33333333333333337
20,0,between_state,35,Trait_LDA,0.5,0.4375,0.0
20,0,between_state,35,State_LDA,0.6666666666666667,0.6660869565217391,0.33333333333333337
20,0,between_state,35,Joint_LDA,0.5625,0.48121461657231085,0.125
20,0,between_state,36,Raw,0.6666666666666666,0.6666666666666666,0.33333333333333337
20,0,between_state,36,Trait_LDA,0.45833333333333337,0.3696969696969697,-0.08333333333333326
20,0,between_state,36,State_LDA,0.6666666666666666,0.6666666666666666,0.33333333333333337
20,0,between_state,36,Joint_LDA,0.5416666666666667,0.4990512333965844,0.08333333333333337
20,0,between_state,37,Raw,0.6666666666666667,0.6527777777777778,0.33333333333333337
20,0,between_state,37,Trait_LDA,0.43333333333333335,0.43270300333704115,-0.1333333333333333
20,0,between_state,37,State_LDA,0.6666666666666667,0.6527777777777778,0.33333333333333337
20,0,between_state,37,Joint_LDA,0.33333333333333337,0.33035714285714285,-0.33333333333333326
20,0,between_state,38,Raw,0.625,0.5844155844155844,0.25
20,0,between_state,38,Trait_LDA,0.4375,0.43529411764705883,-0.125
20,0,between_state,38,State_LDA,0.625,0.5844155844155844,0.25
20,0,between_state,38,Joint_LDA,0.46875,0.4231177094379639,-0.0625
20,0,between_state,8,Raw,0.8125,0.8095238095238095,0.625
20,0,between_state,8,Trait_LDA,0.5625,0.5465587044534412,0.125
20,0,between_state,8,State_LDA,0.78125,0.7793103448275862,0.5625
20,0,between_state,8,Joint_LDA,0.53125,0.43859649122807015,0.0625
20,1,between_state,1,Raw,0.5588235294117647,0.48328267477203646,0.11764705882352944
20,1,between_state,1,Trait_LDA,0.5294117647058824,0.39555555555555555,0.05882352941176472
20,1,between_state,1,State_LDA,0.5588235294117647,0.48328267477203646,0.11764705882352944
20,1,between_state,1,Joint_LDA,0.5,0.3333333333333333,0.0
20,1,between_state,15,Raw,0.6666666666666667,0.6527777777777778,0.33333333333333337
20,1,between_state,15,Trait_LDA,0.7333333333333334,0.7129186602870814,0.4666666666666667
20,1,between_state,15,State_LDA,0.6666666666666667,0.6527777777777778,0.33333333333333337
20,1,between_state,15,Joint_LDA,0.7,0.699666295884316,0.4
20,1,between_state,17,Raw,0.5833333333333334,0.4957983193277311,0.16666666666666663
20,1,between_state,17,Trait_LDA,0.6666666666666666,0.625,0.33333333333333337
20,1,between_state,17,State_LDA,0.5833333333333334,0.4957983193277311,0.16666666666666663
20,1,between_state,17,Joint_LDA,0.75,0.7333333333333334,0.5
20,1,between_state,18,Raw,0.42105263157894735,0.41944444444444445,-0.1578947368421053
20,1,between_state,18,Trait_LDA,0.42105263157894735,0.39420289855072466,-0.1578947368421053
20,1,between_state,18,State_LDA,0.42105263157894735,0.41944444444444445,-0.1578947368421053
20,1,between_state,18,Joint_LDA,0.3684210526315789,0.3666666666666667,-0.26315789473684204
20,1,between_state,20,Raw,0.6666666666666666,0.6666666666666666,0.33333333333333337
20,1,between_state,20,Trait_LDA,0.5,0.4857142857142857,0.0
20,1,between_state,20,State_LDA,0.6666666666666666,0.6666666666666666,0.33333333333333337
20,1,between_state,20,Joint_LDA,0.5,0.4857142857142857,0.0
20,1,between_state,21,Raw,0.78125,0.7757757757757757,0.5625
20,1,between_state,21,Trait_LDA,0.5,0.4458874458874459,0.0
20,1,between_state,21,State_LDA,0.75,0.7408906882591093,0.5
20,1,between_state,21,Joint_LDA,0.5625,0.5607843137254902,0.125
20,1,between_state,23,Raw,0.6875,0.6862745098039216,0.375
20,1,between_state,23,Trait_LDA,0.75,0.7333333333333334,0.5
20,1,between_state,23,State_LDA,0.6875,0.6862745098039216,0.375
20,1,between_state,23,Joint_LDA,0.6875,0.6536796536796536,0.375
20,1,between_state,24,Raw,0.4444444444444444,0.4375,-0.11111111111111116
20,1,between_state,24,Trait_LDA,0.5,0.4109090909090909,0.0
20,1,between_state,24,State_LDA,0.4444444444444444,0.4375,-0.11111111111111116
20,1,between_state,24,Joint_LDA,0.6666666666666666,0.625,0.33333333333333337
20,1,between_state,25,Raw,0.5,0.5,0.0
20,1,between_state,25,Trait_LDA,0.3333333333333333,0.25,-0.33333333333333326
20,1,between_state,25,State_LDA,0.5,0.5,0.0
20,1,between_state,25,Joint_LDA,0.5,0.4375,0.0
20,1,between_state,29,Raw,0.4642857142857143,0.44664031620553357,-0.0714285714285714
20,1,between_state,29,Trait_LDA,0.5,0.4555555555555556,0.0
20,1,between_state,29,State_LDA,0.4642857142857143,0.44664031620553357,-0.0714285714285714
20,1,between_state,29,Joint_LDA,0.42857142857142855,0.42857142857142855,-0.1428571428571428
20,1,between_state,3,Raw,0.5,0.4319327731092437,0.0
20,1,between_state,3,Trait_LDA,0.5,0.390990990990991,0.0
20,1,between_state,3,State_LDA,0.5,0.4319327731092437,0.0
20,1,between_state,3,Joint_LDA,0.5,0.4319327731092437,0.0
20,1,between_state,30,Raw,0.5681818181818181,0.4692063492063492,0.13636363636363635
20,1,between_state,30,Trait_LDA,0.5227272727272727,0.5164835164835164,0.045454545454545414
20,1,between_state,30,State_LDA,0.5681818181818181,0.4692063492063492,0.13636363636363635
20,1,between_state,30,Joint_LDA,0.6136363636363636,0.6134366925064599,0.2272727272727273
20,1,between_state,31,Raw,0.6363636363636364,0.6239316239316239,0.2727272727272727
20,1,between_state,31,Trait_LDA,0.5454545454545454,0.5089285714285714,0.09090909090909094
20,1,between_state,31,State_LDA,0.6363636363636364,0.6239316239316239,0.2727272727272727
20,1,between_state,31,Joint_LDA,0.6363636363636364,0.6333333333333333,0.2727272727272727
20,1,between_state,33,Raw,0.6666666666666666,0.625,0.33333333333333337
20,1,between_state,33,Trait_LDA,0.5,0.5,0.0
20,1,between_state,33,State_LDA,0.6666666666666666,0.625,0.33333333333333337
20,1,between_state,33,Joint_LDA,0.6666666666666667,0.6571428571428571,0.33333333333333337
20,1,between_state,34,Raw,0.6363636363636364,0.6071428571428572,0.2727272727272727
20,1,between_state,34,Trait_LDA,0.6363636363636364,0.6363636363636364,0.2727272727272727
20,1,between_state,34,State_LDA,0.6363636363636364,0.6071428571428572,0.2727272727272727
20,1,between_state,34,Joint_LDA,0.6818181818181819,0.6757894736842105,0.36363636363636365
20,1,between_state,36,Raw,0.625,0.6243478260869566,0.25
20,1,between_state,36,Trait_LDA,0.45833333333333337,0.45739130434782604,-0.08333333333333326
20,1,between_state,36,State_LDA,0.625,0.6243478260869566,0.25
20,1,between_state,36,Joint_LDA,0.41666666666666663,0.4125874125874126,-0.16666666666666674
20,1,between_state,39,Raw,0.5208333333333333,0.482903981264637,0.04166666666666663
20,1,between_state,39,Trait_LDA,0.5625,0.5607843137254902,0.125
20,1,between_state,39,State_LDA,0.5208333333333333,0.482903981264637,0.04166666666666663
20,1,between_state,39,Joint_LDA,0.5208333333333333,0.5206252713851498,0.04166666666666663
20,1,between_state,4,Raw,0.6190476190476191,0.6181818181818182,0.23809523809523814
20,1,between_state,4,Trait_LDA,0.42857142857142855,0.42727272727272725,-0.1428571428571428
20,1,between_state,4,State_LDA,0.6190476190476191,0.6181818181818182,0.23809523809523814
20,1,between_state,4,Joint_LDA,0.42857142857142855,0.42727272727272725,-0.1428571428571428
20,1,between_state,40,Raw,0.25,0.24475524475524477,-0.5
20,1,between_state,40,Trait_LDA,0.5,0.3333333333333333,0.0
20,1,between_state,40,State_LDA,0.3333333333333333,0.3333333333333333,-0.33333333333333326
20,1,between_state,40,Joint_LDA,0.5833333333333334,0.4957983193277311,0.16666666666666663
20,1,between_state,7,Raw,0.4,0.375,-0.19999999999999996
20,1,between_state,7,Trait_LDA,0.4,0.2857142857142857,-0.19999999999999996
20,1,between_state,7,State_LDA,0.4,0.375,-0.19999999999999996
20,1,between_state,7,Joint_LDA,0.5,0.3333333333333333,0.0
20,2,between_state,1,Raw,0.5588235294117647,0.4522019334049409,0.11764705882352944
20,2,between_state,1,Trait_LDA,0.5,0.49956709956709955,0.0
20,2,between_state,1,State_LDA,0.5588235294117647,0.4522019334049409,0.11764705882352944
20,2,between_state,1,Joint_LDA,0.5882352941176471,0.5296442687747036,0.17647058823529416
20,2,between_state,11,Raw,0.75,0.7493734335839599,0.5
20,2,between_state,11,Trait_LDA,0.55,0.52,0.09999999999999998
20,2,between_state,11,State_LDA,0.75,0.7493734335839599,0.5
20,2,between_state,11,Joint_LDA,0.5,0.40476190476190477,0.0
20,2,between_state,12,Raw,0.5869565217391304,0.5019943019943021,0.17391304347826086
20,2,between_state,12,Trait_LDA,0.6304347826086956,0.5983564458140729,0.26086956521739135
20,2,between_state,12,State_LDA,0.5869565217391304,0.5019943019943021,0.17391304347826086
20,2,between_state,12,Joint_LDA,0.6086956521739131,0.5379464285714286,0.21739130434782605
20,2,between_state,13,Raw,0.5,0.3697916666666667,0.0
20,2,between_state,13,Trait_LDA,0.5,0.3333333333333333,0.0
20,2,between_state,13,State_LDA,0.5,0.3697916666666667,0.0
20,2,between_state,13,Joint_LDA,0.5454545454545454,0.4270833333333333,0.09090909090909094
20,2,between_state,14,Raw,0.5,0.3333333333333333,0.0
20,2,between_state,14,Trait_LDA,0.75,0.7333333333333334,0.5
20,2,between_state,14,State_LDA,0.5,0.3333333333333333,0.0
20,2,between_state,14,Joint_LDA,0.5,0.4666666666666667,0.0
20,2,between_state,18,Raw,0.5789473684210527,0.5476190476190476,0.1578947368421053
20,2,between_state,18,Trait_LDA,0.5526315789473684,0.5498257839721254,0.10526315789473684
20,2,between_state,18,State_LDA,0.5789473684210527,0.5476190476190476,0.1578947368421053
20,2,between_state,18,Joint_LDA,0.39473684210526316,0.3393801965230537,-0.21052631578947367
20,2,between_state,2,Raw,0.7,0.696969696969697,0.4
20,2,between_state,2,Trait_LDA,0.5,0.4949494949494949,0.0
20,2,between_state,2,State_LDA,0.7,0.696969696969697,0.4
20,2,between_state,2,Joint_LDA,0.6000000000000001,0.5833333333333333,0.19999999999999996
20,2,between_state,20,Raw,0.6666666666666666,0.625,0.33333333333333337
20,2,between_state,20,Trait_LDA,0.6666666666666666,0.625,0.33333333333333337
20,2,between_state,20,State_LDA,0.6666666666666666,0.625,0.33333333333333337
20,2,between_state,20,Joint_LDA,0.6666666666666666,0.625,0.33333333333333337
20,2,between_state,22,Raw,0.7,0.6992481203007519,0.4
20,2,between_state,22,Trait_LDA,0.575,0.5402298850574713,0.15000000000000002
20,2,between_state,22,State_LDA,0.7,0.6992481203007519,0.4
20,2,between_state,22,Joint_LDA,0.55,0.5396419437340154,0.09999999999999998
20,2,between_state,23,Raw,0.625,0.5636363636363637,0.25
20,2,between_state,23,Trait_LDA,0.625,0.6190476190476191,0.25
20,2,between_state,23,State_LDA,0.625,0.5636363636363637,0.25
20,2,between_state,23,Joint_LDA,0.5625,0.5465587044534412,0.125
20,2,between_state,25,Raw,0.6666666666666667,0.6571428571428571,0.33333333333333337
20,2,between_state,25,Trait_LDA,0.5,0.4375,0.0
20,2,between_state,25,State_LDA,0.6666666666666667,0.6571428571428571,0.33333333333333337
20,2,between_state,25,Joint_LDA,0.3333333333333333,0.3142857142857143,-0.33333333333333326
20,2,between_state,30,Raw,0.4772727272727273,0.3230769230769231,-0.045454545454545414
20,2,between_state,30,Trait_LDA,0.6363636363636364,0.6294736842105264,0.2727272727272727
20,2,between_state,30,State_LDA,0.4772727272727273,0.3230769230769231,-0.045454545454545414
20,2,between_state,30,Joint_LDA,0.7954545454545454,0.792778649921507,0.5909090909090908
20,2,between_state,31,Raw,0.5909090909090908,0.5448275862068965,0.18181818181818177
20,2,between_state,31,Trait_LDA,0.6363636363636364,0.6363636363636364,0.2727272727272727
20,2,between_state,31,State_LDA,0.5909090909090908,0.5448275862068965,0.18181818181818177
20,2,between_state,31,Joint_LDA,0.5454545454545454,0.4270833333333333,0.09090909090909094
20,2,between_state,32,Raw,0.5294117647058824,0.48484848484848486,0.05882352941176472
20,2,between_state,32,Trait_LDA,0.4117647058823529,0.39285714285714285,-0.17647058823529416
20,2,between_state,32,State_LDA,0.5294117647058824,0.48484848484848486,0.05882352941176472
20,2,between_state,32,Joint_LDA,0.5,0.3333333333333333,0.0
20,2,between_state,34,Raw,0.6363636363636364,0.6071428571428572,0.2727272727272727
20,2,between_state,34,Trait_LDA,0.5909090909090909,0.5831578947368421,0.18181818181818177
20,2,between_state,34,State_LDA,0.6363636363636364,0.6071428571428572,0.2727272727272727
20,2,between_state,34,Joint_LDA,0.5,0.44367816091954027,0.0
20,2,between_state,35,Raw,0.6041666666666667,0.6039947894051237,0.20833333333333337
20,2,between_state,35,Trait_LDA,0.4583333333333333,0.4337568058076225,-0.08333333333333326
20,2,between_state,35,State_LDA,0.6041666666666667,0.6039947894051237,0.20833333333333337
20,2,between_state,35,Joint_LDA,0.5416666666666666,0.4197802197802198,0.08333333333333337
20,2,between_state,36,Raw,0.625,0.6190476190476191,0.25
20,2,between_state,36,Trait_LDA,0.41666666666666663,0.4125874125874126,-0.16666666666666674
20,2,between_state,36,State_LDA,0.625,0.6190476190476191,0.25
20,2,between_state,36,Joint_LDA,0.2916666666666667,0.2804232804232804,-0.41666666666666674
20,2,between_state,38,Raw,0.71875,0.7046153846153846,0.4375
20,2,between_state,38,Trait_LDA,0.6875,0.6761133603238867,0.375
20,2,between_state,38,State_LDA,0.71875,0.7046153846153846,0.4375
20,2,between_state,38,Joint_LDA,0.5,0.5,0.0
20,2,between_state,40,Raw,0.25,0.2,-0.5
20,2,between_state,40,Trait_LDA,0.16666666666666666,0.16666666666666666,-0.6666666666666667
20,2,between_state,40,State_LDA,0.25,0.2,-0.5
20,2,between_state,40,Joint_LDA,0.3333333333333333,0.3333333333333333,-0.33333333333333326
20,2,between_state,6,Raw,0.5,0.35337243401759527,0.0
20,2,between_state,6,Trait_LDA,0.6428571428571428,0.5982142857142857,0.2857142857142857
20,2,between_state,6,State_LDA,0.5,0.35337243401759527,0.0
20,2,between_state,6,Joint_LDA,0.5357142857142857,0.5204216073781291,0.0714285714285714
20,3,between_state,18,Raw,0.47368421052631576,0.4722222222222222,-0.05263157894736836
20,3,between_state,18,Trait_LDA,0.42105263157894735,0.2962962962962963,-0.1578947368421053
20,3,between_state,18,State_LDA,0.47368421052631576,0.4722222222222222,-0.05263157894736836
20,3,between_state,18,Joint_LDA,0.3684210526315789,0.3214285714285714,-0.26315789473684204
20,3,between_state,2,Raw,0.6,0.6,0.19999999999999996
20,3,between_state,2,Trait_LDA,0.6,0.5238095238095238,0.19999999999999996
20,3,between_state,2,State_LDA,0.6,0.6,0.19999999999999996
20,3,between_state,2,Joint_LDA,0.6,0.5238095238095238,0.19999999999999996
20,3,between_state,20,Raw,0.3333333333333333,0.25,-0.33333333333333326
20,3,between_state,20,Trait_LDA,0.6666666666666666,0.625,0.33333333333333337
20,3,between_state,20,State_LDA,0.3333333333333333,0.25,-0.33333333333333326
20,3,between_state,20,Joint_LDA,0.6666666666666666,0.6666666666666666,0.33333333333333337
20,3,between_state,22,Raw,0.6000000000000001,0.5833333333333333,0.19999999999999996
20,3,between_state,22,Trait_LDA,0.5,0.5,0.0
20,3,between_state,22,State_LDA,0.6000000000000001,0.5833333333333333,0.19999999999999996
20,3,between_state,22,Joint_LDA,0.575,0.5402298850574713,0.15000000000000002
20,3,between_state,23,Raw,0.75,0.746031746031746,0.5
20,3,between_state,23,Trait_LDA,0.625,0.625,0.25
20,3,between_state,23,State_LDA,0.75,0.746031746031746,0.5
20,3,between_state,23,Joint_LDA,0.75,0.75,0.5
20,3,between_state,25,Raw,0.6666666666666667,0.6571428571428571,0.33333333333333337
20,3,between_state,25,Trait_LDA,0.5,0.4375,0.0
20,3,between_state,25,State_LDA,0.6666666666666667,0.6571428571428571,0.33333333333333337
20,3,between_state,25,Joint_LDA,0.41666666666666663,0.37777777777777777,-0.16666666666666674
20,3,between_state,26,Raw,0.7222222222222222,0.6989966555183946,0.4444444444444444
20,3,between_state,26,Trait_LDA,0.38888888888888884,0.38699690402476783,-0.22222222222222232
20,3,between_state,26,State_LDA,0.7222222222222222,0.6989966555183946,0.4444444444444444
20,3,between_state,26,Joint_LDA,0.611111111111111,0.5785953177257526,0.2222222222222222
20,3,between_state,27,Raw,0.4807692307692307,0.4790352504638219,-0.03846153846153855
20,3,between_state,27,Trait_LDA,0.5769230769230769,0.5762962962962963,0.15384615384615385
20,3,between_state,27,State_LDA,0.4807692307692307,0.4790352504638219,-0.03846153846153855
20,3,between_state,27,Joint_LDA,0.5769230769230769,0.5712143928035982,0.15384615384615385
20,3,between_state,28,Raw,0.4230769230769231,0.4152923538230885,-0.15384615384615374
20,3,between_state,28,Trait_LDA,0.46153846153846156,0.40522875816993464,-0.07692307692307687
20,3,between_state,28,State_LDA,0.4230769230769231,0.4152923538230885,-0.15384615384615374
20,3,between_state,28,Joint_LDA,0.5,0.4609250398724083,0.0
20,3,between_state,29,Raw,0.4642857142857143,0.46360153256704983,-0.0714285714285714
20,3,between_state,29,Trait_LDA,0.4642857142857143,0.44664031620553357,-0.0714285714285714
20,3,between_state,29,State_LDA,0.4642857142857143,0.46360153256704983,-0.0714285714285714
20,3,between_state,29,Joint_LDA,0.39285714285714285,0.39208173690932313,-0.2142857142857142
20,3,between_state,30,Raw,0.6136363636363636,0.5458409228901032,0.2272727272727273
20,3,between_state,30,Trait_LDA,0.5,0.39950372208436724,0.0
20,3,between_state,30,State_LDA,0.6136363636363636,0.5458409228901032,0.2272727272727273
20,3,between_state,30,Joint_LDA,0.4772727272727273,0.3230769230769231,-0.045454545454545414
20,3,between_state,31,Raw,0.7272727272727273,0.717948717948718,0.4545454545454546
20,3,between_state,31,Trait_LDA,0.5,0.4989648033126294,0.0
20,3,between_state,31,State_LDA,0.7272727272727273,0.717948717948718,0.4545454545454546
20,3,between_state,31,Joint_LDA,0.5909090909090908,0.5448275862068965,0.18181818181818177
20,3,between_state,32,Raw,0.5,0.4415458937198068,0.0
20,3,between_state,32,Trait_LDA,0.5588235294117647,0.4522019334049409,0.11764705882352944
20,3,between_state,32,State_LDA,0.5,0.4415458937198068,0.0
20,3,between_state,32,Joint_LDA,0.47058823529411764,0.32,-0.05882352941176472
20,3,between_state,33,Raw,0.5,0.5,0.0
20,3,between_state,33,Trait_LDA,0.5,0.3333333333333333,0.0
20,3,between_state,33,State_LDA,0.5,0.5,0.0
20,3,between_state,33,Joint_LDA,0.3333333333333333,0.3142857142857143,-0.33333333333333326
20,3,between_state,35,Raw,0.7708333333333334,0.7699346405228757,0.5416666666666667
20,3,between_state,35,Trait_LDA,0.4791666666666667,0.45029775538250116,-0.04166666666666674
20,3,between_state,35,State_LDA,0.7708333333333334,0.7699346405228757,0.5416666666666667
20,3,between_state,35,Joint_LDA,0.5625,0.48121461657231085,0.125
20,3,between_state,37,Raw,0.7666666666666666,0.7643097643097643,0.5333333333333333
20,3,between_state,37,Trait_LDA,0.43333333333333335,0.4276094276094276,-0.1333333333333333
20,3,between_state,37,State_LDA,0.7666666666666666,0.7643097643097643,0.5333333333333333
20,3,between_state,37,Joint_LDA,0.6333333333333333,0.6329254727474972,0.2666666666666667
20,3,between_state,38,Raw,0.53125,0.4909862142099682,0.0625
20,3,between_state,38,Trait_LDA,0.375,0.37254901960784315,-0.25
20,3,between_state,38,State_LDA,0.53125,0.4909862142099682,0.0625
20,3,between_state,38,Joint_LDA,0.65625,0.6267232237539766,0.3125
20,3,between_state,39,Raw,0.6875,0.6701786532295007,0.375
20,3,between_state,39,Trait_LDA,0.39583333333333337,0.3955709943551889,-0.20833333333333326
20,3,between_state,39,State_LDA,0.6875,0.6701786532295007,0.375
20,3,between_state,39,Joint_LDA,0.375,0.36507936507936506,-0.25
20,3,between_state,6,Raw,0.5238095238095237,0.41666666666666663,0.04761904761904767
20,3,between_state,6,Trait_LDA,0.5,0.3333333333333333,0.0
20,3,between_state,6,State_LDA,0.5238095238095237,0.41666666666666663,0.04761904761904767
20,3,between_state,6,Joint_LDA,0.5119047619047619,0.37777777777777777,0.023809523809523836
20,3,between_state,8,Raw,0.65625,0.6389743589743591,0.3125
20,3,between_state,8,Trait_LDA,0.5625,0.5607843137254902,0.125
20,3,between_state,8,State_LDA,0.65625,0.6389743589743591,0.3125
20,3,between_state,8,Joint_LDA,0.53125,0.5076923076923077,0.0625
20,4,between_state,10,Raw,0.5652173913043478,0.5208333333333333,0.13043478260869568
20,4,between_state,10,Trait_LDA,0.3913043478260869,0.39015151515151514,-0.21739130434782616
20,4,between_state,10,State_LDA,0.5652173913043478,0.5208333333333333,0.13043478260869568
20,4,between_state,10,Joint_LDA,0.3695652173913043,0.36687233032747985,-0.26086956521739135
20,4,between_state,11,Raw,0.65,0.6419437340153453,0.30000000000000004
20,4,between_state,11,Trait_LDA,0.55,0.52,0.09999999999999998
20,4,between_state,11,State_LDA,0.7,0.696969696969697,0.4
20,4,between_state,11,Joint_LDA,0.55,0.48717948717948717,0.09999999999999998
20,4,between_state,12,Raw,0.6304347826086957,0.6080200501253132,0.26086956521739135
20,4,between_state,12,Trait_LDA,0.5869565217391304,0.5820181731229077,0.17391304347826086
20,4,between_state,12,State_LDA,0.6304347826086957,0.6080200501253132,0.26086956521739135
20,4,between_state,12,Joint_LDA,0.5869565217391304,0.5851922164214522,0.17391304347826086
20,4,between_state,13,Raw,0.5227272727272727,0.38193979933110367,0.045454545454545414
20,4,between_state,13,Trait_LDA,0.5909090909090908,0.5875,0.18181818181818177
20,4,between_state,13,State_LDA,0.5227272727272727,0.38193979933110367,0.045454545454545414
20,4,between_state,13,Joint_LDA,0.4318181818181818,0.40700808625336926,-0.13636363636363646
20,4,between_state,15,Raw,0.8666666666666667,0.8642533936651584,0.7333333333333334
20,4,between_state,15,Trait_LDA,0.6666666666666667,0.6411483253588517,0.33333333333333337
20,4,between_state,15,State_LDA,0.8666666666666667,0.8642533936651584,0.7333333333333334
20,4,between_state,15,Joint_LDA,0.5666666666666667,0.5417156286721504,0.1333333333333333
20,4,between_state,17,Raw,0.5,0.4857142857142857,0.0
20,4,between_state,17,Trait_LDA,0.4166666666666667,0.29411764705882354,-0.16666666666666674
20,4,between_state,17,State_LDA,0.5,0.4857142857142857,0.0
20,4,between_state,17,Joint_LDA,0.5,0.3333333333333333,0.0
20,4,between_state,18,Raw,0.5526315789473684,0.5369175627240144,0.10526315789473684
20,4,between_state,18,Trait_LDA,0.4473684210526316,0.4376321353065539,-0.10526315789473695
20,4,between_state,18,State_LDA,0.5526315789473684,0.5369175627240144,0.10526315789473684
20,4,between_state,18,Joint_LDA,0.5,0.49119097956307256,0.0
20,4,between_state,20,Raw,0.3333333333333333,0.25,-0.33333333333333326
20,4,between_state,20,Trait_LDA,0.3333333333333333,0.25,-0.33333333333333326
20,4,between_state,20,State_LDA,0.3333333333333333,0.25,-0.33333333333333326
20,4,between_state,20,Joint_LDA,0.5,0.4857142857142857,0.0
20,4,between_state,24,Raw,0.6111111111111112,0.609907120743034,0.2222222222222222
20,4,between_state,24,Trait_LDA,0.7777777777777777,0.775,0.5555555555555556
20,4,between_state,24,State_LDA,0.6111111111111112,0.609907120743034,0.2222222222222222
20,4,between_state,24,Joint_LDA,0.7222222222222222,0.7213622291021672,0.4444444444444444
20,4,between_state,26,Raw,0.6666666666666667,0.6625,0.33333333333333337
20,4,between_state,26,Trait_LDA,0.8333333333333333,0.8285714285714285,0.6666666666666667
20,4,between_state,26,State_LDA,0.6666666666666667,0.6625,0.33333333333333337
20,4,between_state,26,Joint_LDA,0.7222222222222222,0.6989966555183946,0.4444444444444444
20,4,between_state,28,Raw,0.6153846153846154,0.6153846153846154,0.23076923076923073
20,4,between_state,28,Trait_LDA,0.5,0.4932533733133433,0.0
20,4,between_state,28,State_LDA,0.6153846153846154,0.6153846153846154,0.23076923076923073
20,4,between_state,28,Joint_LDA,0.5384615384615385,0.5357142857142857,0.07692307692307687
20,4,between_state,30,Raw,0.45454545454545453,0.3125,-0.09090909090909083
20,4,between_state,30,Trait_LDA,0.5,0.39950372208436724,0.0
20,4,between_state,30,State_LDA,0.45454545454545453,0.3125,-0.09090909090909083
20,4,between_state,30,Joint_LDA,0.6818181818181819,0.65625,0.36363636363636365
20,4,between_state,31,Raw,0.6818181818181819,0.681159420289855,0.36363636363636365
20,4,between_state,31,Trait_LDA,0.5,0.3333333333333333,0.0
20,4,between_state,31,State_LDA,0.6818181818181819,0.681159420289855,0.36363636363636365
20,4,between_state,31,Joint_LDA,0.5,0.3333333333333333,0.0
20,4,between_state,33,Raw,0.5833333333333334,0.5555555555555556,0.16666666666666663
20,4,between_state,33,Trait_LDA,0.75,0.7482517482517483,0.5
20,4,between_state,33,State_LDA,0.5833333333333334,0.5555555555555556,0.16666666666666663
20,4,between_state,33,Joint_LDA,0.6666666666666666,0.625,0.33333333333333337
20,4,between_state,35,Raw,0.6666666666666667,0.6571428571428571,0.33333333333333337
20,4,between_state,35,Trait_LDA,0.4375,0.37662337662337664,-0.125
20,4,between_state,35,State_LDA,0.6666666666666667,0.6571428571428571,0.33333333333333337
20,4,between_state,35,Joint_LDA,0.4791666666666667,0.4379391100702576,-0.04166666666666674
20,4,between_state,37,Raw,0.6333333333333333,0.6296296296296295,0.2666666666666667
20,4,between_state,37,Trait_LDA,0.4666666666666667,0.4570135746606335,-0.06666666666666665
20,4,between_state,37,State_LDA,0.6333333333333333,0.6296296296296295,0.2666666666666667
20,4,between_state,37,Joint_LDA,0.5333333333333333,0.5248868778280543,0.06666666666666665
20,4,between_state,39,Raw,0.4375,0.3929742388758782,-0.125
20,4,between_state,39,Trait_LDA,0.5416666666666667,0.5408695652173914,0.08333333333333337
20,4,between_state,39,State_LDA,0.4375,0.3929742388758782,-0.125
20,4,between_state,39,Joint_LDA,0.33333333333333337,0.28888888888888886,-0.33333333333333326
20,4,between_state,4,Raw,0.6666666666666666,0.625,0.33333333333333337
20,4,between_state,4,Trait_LDA,0.5476190476190477,0.48148148148148145,0.09523809523809523
20,4,between_state,4,State_LDA,0.6666666666666666,0.625,0.33333333333333337
20,4,between_state,4,Joint_LDA,0.5952380952380952,0.5757575757575757,0.19047619047619047
20,4,between_state,6,Raw,0.5714285714285714,0.5552941176470588,0.1428571428571429
20,4,between_state,6,Trait_LDA,0.5357142857142857,0.5303225806451612,0.0714285714285714
20,4,between_state,6,State_LDA,0.5714285714285714,0.5552941176470588,0.1428571428571429
20,4,between_state,6,Joint_LDA,0.5119047619047619,0.4228255404725993,0.023809523809523836
20,4,between_state,7,Raw,0.4,0.4,-0.19999999999999996
20,4,between_state,7,Trait_LDA,0.4,0.4,-0.19999999999999996
20,4,between_state,7,State_LDA,0.4,0.4,-0.19999999999999996
20,4,between_state,7,Joint_LDA,0.4,0.4,-0.19999999999999996
20,5,between_state,10,Raw,0.6086956521739131,0.6057142857142856,0.21739130434782605
20,5,between_state,10,Trait_LDA,0.5869565217391304,0.5511042629686698,0.17391304347826086
20,5,between_state,10,State_LDA,0.6304347826086956,0.6288561936402468,0.26086956521739135
20,5,between_state,10,Joint_LDA,0.5217391304347826,0.4559139784946237,0.04347826086956519
20,5,between_state,11,Raw,0.6,0.5604395604395604,0.19999999999999996
20,5,between_state,11,Trait_LDA,0.55,0.4357366771159875,0.09999999999999998
20,5,between_state,11,State_LDA,0.6,0.5604395604395604,0.19999999999999996
20,5,between_state,11,Joint_LDA,0.5,0.3333333333333333,0.0
20,5,between_state,13,Raw,0.5227272727272727,0.45996493278784334,0.045454545454545414
20,5,between_state,13,Trait_LDA,0.5227272727272727,0.4909090909090909,0.045454545454545414
20,5,between_state,13,State_LDA,0.5227272727272727,0.45996493278784334,0.045454545454545414
20,5,between_state,13,Joint_LDA,0.5681818181818181,0.4692063492063492,0.13636363636363635
20,5,between_state,15,Raw,0.6333333333333333,0.6329254727474972,0.2666666666666667
20,5,between_state,15,Trait_LDA,0.5,0.3333333333333333,0.0
20,5,between_state,15,State_LDA,0.6333333333333333,0.6329254727474972,0.2666666666666667
20,5,between_state,15,Joint_LDA,0.5,0.3333333333333333,0.0
20,5,between_state,18,Raw,0.631578947368421,0.5737179487179487,0.26315789473684215
20,5,between_state,18,Trait_LDA,0.5263157894736842,0.4242424242424242,0.052631578947368474
20,5,between_state,18,State_LDA,0.631578947368421,0.5737179487179487,0.26315789473684215
20,5,between_state,18,Joint_LDA,0.5789473684210527,0.5323076923076924,0.1578947368421053
20,5,between_state,19,Raw,0.9,0.898989898989899,0.8
20,5,between_state,19,Trait_LDA,0.4,0.375,-0.19999999999999996
20,5,between_state,19,State_LDA,0.9,0.898989898989899,0.8
20,5,between_state,19,Joint_LDA,0.6000000000000001,0.5833333333333333,0.19999999999999996
20,5,between_state,2,Raw,0.8,0.8,0.6
20,5,between_state,2,Trait_LDA,0.5,0.3333333333333333,0.0
20,5,between_state,2,State_LDA,0.8,0.8,0.6
20,5,between_state,2,Joint_LDA,0.5,0.45054945054945056,0.0
20,5,between_state,22,Raw,0.675,0.6731615336266499,0.35
20,5,between_state,22,Trait_LDA,0.47500000000000003,0.47203016970458833,-0.050000000000000044
20,5,between_state,22,State_LDA,0.675,0.6731615336266499,0.35
20,5,between_state,22,Joint_LDA,0.575,0.5054545454545455,0.15000000000000002
20,5,between_state,24,Raw,0.5555555555555556,0.5324675324675324,0.11111111111111116
20,5,between_state,24,Trait_LDA,0.33333333333333337,0.2987012987012987,-0.33333333333333326
20,5,between_state,24,State_LDA,0.5555555555555556,0.5324675324675324,0.11111111111111116
20,5,between_state,24,Joint_LDA,0.5,0.4581939799331104,0.0
20,5,between_state,26,Raw,0.5555555555555556,0.5324675324675324,0.11111111111111116
20,5,between_state,26,Trait_LDA,0.5,0.3333333333333333,0.0
20,5,between_state,26,State_LDA,0.5555555555555556,0.5324675324675324,0.11111111111111116
20,5,between_state,26,Joint_LDA,0.2777777777777778,0.21739130434782608,-0.4444444444444444
20,5,between_state,30,Raw,0.5454545454545454,0.4270833333333333,0.09090909090909094
20,5,between_state,30,Trait_LDA,0.5,0.4989648033126294,0.0
20,5,between_state,30,State_LDA,0.5454545454545454,0.4270833333333333,0.09090909090909094
20,5,between_state,30,Joint_LDA,0.5454545454545454,0.47619047619047616,0.09090909090909094
20,5,between_state,32,Raw,0.7352941176470589,0.7294429708222812,0.47058823529411764
20,5,between_state,32,Trait_LDA,0.47058823529411764,0.3952569169960475,-0.05882352941176472
20,5,between_state,32,State_LDA,0.7352941176470589,0.7294429708222812,0.47058823529411764
20,5,between_state,32,Joint_LDA,0.5,0.37916219119226635,0.0
20,5,between_state,33,Raw,0.6666666666666666,0.6666666666666666,0.33333333333333337
20,5,between_state,33,Trait_LDA,0.5833333333333333,0.5804195804195804,0.16666666666666663
20,5,between_state,33,State_LDA,0.6666666666666666,0.6666666666666666,0.33333333333333337
20,5,between_state,33,Joint_LDA,0.5,0.4375,0.0
20,5,between_state,34,Raw,0.6818181818181819,0.681159420289855,0.36363636363636365
20,5,between_state,34,Trait_LDA,0.45454545454545453,0.4358974358974359,-0.09090909090909083
20,5,between_state,34,State_LDA,0.6818181818181819,0.681159420289855,0.36363636363636365
20,5,between_state,34,Joint_LDA,0.5,0.4989648033126294,0.0
20,5,between_state,36,Raw,0.6666666666666667,0.6643356643356644,0.33333333333333337
20,5,between_state,36,Trait_LDA,0.625,0.5901328273244781,0.25
20,5,between_state,36,State_LDA,0.6666666666666667,0.6643356643356644,0.33333333333333337
20,5,between_state,36,Joint_LDA,0.7083333333333334,0.6812144212523719,0.41666666666666663
20,5,between_state,37,Raw,0.5666666666666667,0.5622895622895623,0.1333333333333333
20,5,between_state,37,Trait_LDA,0.5,0.38440492476060195,0.0
20,5,between_state,37,State_LDA,0.5666666666666667,0.5622895622895623,0.1333333333333333
20,5,between_state,37,Joint_LDA,0.4666666666666667,0.4570135746606335,-0.06666666666666665
20,5,between_state,39,Raw,0.6041666666666667,0.6039947894051237,0.20833333333333337
20,5,between_state,39,Trait_LDA,0.625,0.5901328273244781,0.25
20,5,between_state,39,State_LDA,0.6041666666666667,0.6039947894051237,0.20833333333333337
20,5,between_state,39,Joint_LDA,0.6458333333333334,0.6329284750337382,0.29166666666666663
20,5,between_state,4,Raw,0.5238095238095238,0.5238095238095238,0.04761904761904767
20,5,between_state,4,Trait_LDA,0.4523809523809524,0.3723196881091618,-0.09523809523809534
20,5,between_state,4,State_LDA,0.5238095238095238,0.5238095238095238,0.04761904761904767
20,5,between_state,4,Joint_LDA,0.5476190476190477,0.5473624503686898,0.09523809523809523
20,5,between_state,7,Raw,0.6000000000000001,0.5833333333333333,0.19999999999999996
20,5,between_state,7,Trait_LDA,0.9,0.898989898989899,0.8
20,5,between_state,7,State_LDA,0.6000000000000001,0.5833333333333333,0.19999999999999996
20,5,between_state,7,Joint_LDA,0.7,0.6703296703296704,0.4
20,5,between_state,8,Raw,0.59375,0.5134502923976608,0.1875
20,5,between_state,8,Trait_LDA,0.5,0.3816425120772947,0.0
20,5,between_state,8,State_LDA,0.59375,0.5134502923976608,0.1875
20,5,between_state,8,Joint_LDA,0.625,0.5636363636363637,0.25
20,6,between_state,10,Raw,0.6304347826086957,0.6157248157248157,0.26086956521739135
20,6,between_state,10,Trait_LDA,0.45652173913043476,0.42355889724310775,-0.08695652173913038
20,6,between_state,10,State_LDA,0.6086956521739131,0.5964912280701754,0.21739130434782605
20,6,between_state,10,Joint_LDA,0.5,0.39715099715099716,0.0
20,6,between_state,11,Raw,0.8,0.8,0.6
20,6,between_state,11,Trait_LDA,0.5,0.40476190476190477,0.0
20,6,between_state,11,State_LDA,0.75,0.7493734335839599,0.5
20,6,between_state,11,Joint_LDA,0.7,0.7,0.4
20,6,between_state,13,Raw,0.5,0.48290598290598286,0.0
20,6,between_state,13,Trait_LDA,0.45454545454545453,0.4358974358974359,-0.09090909090909083
20,6,between_state,13,State_LDA,0.5,0.48290598290598286,0.0
20,6,between_state,13,Joint_LDA,0.45454545454545453,0.4248366013071896,-0.09090909090909083
20,6,between_state,16,Raw,0.6071428571428572,0.561877667140825,0.2142857142857143
20,6,between_state,16,Trait_LDA,0.5714285714285714,0.5333333333333333,0.1428571428571429
20,6,between_state,16,State_LDA,0.6071428571428572,0.561877667140825,0.2142857142857143
20,6,between_state,16,Joint_LDA,0.6071428571428571,0.5354449472096531,0.2142857142857143
20,6,between_state,17,Raw,0.6666666666666666,0.625,0.33333333333333337
20,6,between_state,17,Trait_LDA,0.6666666666666666,0.625,0.33333333333333337
20,6,between_state,17,State_LDA,0.6666666666666666,0.625,0.33333333333333337
20,6,between_state,17,Joint_LDA,0.25,0.24475524475524477,-0.5
20,6,between_state,19,Raw,0.8,0.7916666666666667,0.6
20,6,between_state,19,Trait_LDA,0.7,0.696969696969697,0.4
20,6,between_state,19,State_LDA,0.8,0.7916666666666667,0.6
20,6,between_state,19,Joint_LDA,0.7,0.6703296703296704,0.4
20,6,between_state,20,Raw,0.3333333333333333,0.25,-0.33333333333333326
20,6,between_state,20,Trait_LDA,0.6666666666666666,0.625,0.33333333333333337
20,6,between_state,20,State_LDA,0.3333333333333333,0.25,-0.33333333333333326
20,6,between_state,20,Joint_LDA,0.6666666666666666,0.625,0.33333333333333337
20,6,between_state,21,Raw,0.59375,0.5933528836754643,0.1875
20,6,between_state,21,Trait_LDA,0.53125,0.530791788856305,0.0625
20,6,between_state,21,State_LDA,0.59375,0.5933528836754643,0.1875
20,6,between_state,21,Joint_LDA,0.40625,0.3913913913913914,-0.1875
20,6,between_state,23,Raw,0.875,0.873015873015873,0.75
20,6,between_state,23,Trait_LDA,0.4375,0.30434782608695654,-0.125
20,6,between_state,23,State_LDA,0.875,0.873015873015873,0.75
20,6,between_state,23,Joint_LDA,0.4375,0.30434782608695654,-0.125
20,6,between_state,25,Raw,0.6666666666666667,0.6571428571428571,0.33333333333333337
20,6,between_state,25,Trait_LDA,0.5,0.4375,0.0
20,6,between_state,25,State_LDA,0.6666666666666667,0.6571428571428571,0.33333333333333337
20,6,between_state,25,Joint_LDA,0.5833333333333334,0.5555555555555556,0.16666666666666663
20,6,between_state,26,Raw,0.7222222222222222,0.7142857142857142,0.4444444444444444
20,6,between_state,26,Trait_LDA,0.4444444444444444,0.4444444444444444,-0.11111111111111116
20,6,between_state,26,State_LDA,0.7222222222222222,0.7142857142857142,0.4444444444444444
20,6,between_state,26,Joint_LDA,0.2777777777777778,0.27554179566563464,-0.4444444444444444
20,6,between_state,31,Raw,0.8181818181818181,0.8166666666666667,0.6363636363636364
20,6,between_state,31,Trait_LDA,0.5,0.3333333333333333,0.0
20,6,between_state,31,State_LDA,0.8181818181818181,0.8166666666666667,0.6363636363636364
20,6,between_state,31,Joint_LDA,0.5,0.3333333333333333,0.0
20,6,between_state,32,Raw,0.5294117647058824,0.5228070175438597,0.05882352941176472
20,6,between_state,32,Trait_LDA,0.5588235294117647,0.5553618134263296,0.11764705882352944
20,6,between_state,32,State_LDA,0.5294117647058824,0.5228070175438597,0.05882352941176472
20,6,between_state,32,Joint_LDA,0.5294117647058824,0.4624505928853755,0.05882352941176472
20,6,between_state,34,Raw,0.45454545454545453,0.45454545454545453,-0.09090909090909083
20,6,between_state,34,Trait_LDA,0.5454545454545454,0.5416666666666667,0.09090909090909094
20,6,between_state,34,State_LDA,0.45454545454545453,0.45454545454545453,-0.09090909090909083
20,6,between_state,34,Joint_LDA,0.5454545454545454,0.4270833333333333,0.09090909090909094
20,6,between_state,36,Raw,0.625,0.6243478260869566,0.25
20,6,between_state,36,Trait_LDA,0.45833333333333337,0.4497354497354497,-0.08333333333333326
20,6,between_state,36,State_LDA,0.625,0.6243478260869566,0.25
20,6,between_state,36,Joint_LDA,0.4583333333333333,0.4337568058076225,-0.08333333333333326
20,6,between_state,37,Raw,0.6,0.6,0.19999999999999996
20,6,between_state,37,Trait_LDA,0.5333333333333333,0.513888888888889,0.06666666666666665
20,6,between_state,37,State_LDA,0.6,0.6,0.19999999999999996
20,6,between_state,37,Joint_LDA,0.5333333333333333,0.5248868778280543,0.06666666666666665
20,6,between_state,38,Raw,0.65625,0.6532019704433498,0.3125
20,6,between_state,38,Trait_LDA,0.6875,0.6761133603238867,0.375
20,6,between_state,38,State_LDA,0.65625,0.6532019704433498,0.3125
20,6,between_state,38,Joint_LDA,0.59375,0.539313399778516,0.1875
20,6,between_state,40,Raw,0.25,0.24475524475524477,-0.5
20,6,between_state,40,Trait_LDA,0.4166666666666667,0.29411764705882354,-0.16666666666666674
20,6,between_state,40,State_LDA,0.25,0.24475524475524477,-0.5
20,6,between_state,40,Joint_LDA,0.25,0.2,-0.5
20,6,between_state,6,Raw,0.5,0.3333333333333333,0.0
20,6,between_state,6,Trait_LDA,0.4642857142857143,0.3170731707317073,-0.0714285714285714
20,6,between_state,6,State_LDA,0.5,0.3333333333333333,0.0
20,6,between_state,6,Joint_LDA,0.4642857142857143,0.33532618252154034,-0.0714285714285714
20,6,between_state,7,Raw,0.4,0.4,-0.19999999999999996
20,6,between_state,7,Trait_LDA,0.4,0.375,-0.19999999999999996
20,6,between_state,7,State_LDA,0.4,0.4,-0.19999999999999996
20,6,between_state,7,Joint_LDA,0.6000000000000001,0.5833333333333333,0.19999999999999996
20,7,between_state,1,Raw,0.5588235294117647,0.4522019334049409,0.11764705882352944
20,7,between_state,1,Trait_LDA,0.4411764705882353,0.3454913880445795,-0.11764705882352944
20,7,between_state,1,State_LDA,0.5588235294117647,0.4522019334049409,0.11764705882352944
20,7,between_state,1,Joint_LDA,0.5294117647058824,0.48484848484848486,0.05882352941176472
20,7,between_state,10,Raw,0.6956521739130435,0.6903846153846154,0.3913043478260869
20,7,between_state,10,Trait_LDA,0.5652173913043478,0.5208333333333333,0.13043478260869568
20,7,between_state,10,State_LDA,0.6956521739130435,0.6903846153846154,0.3913043478260869
20,7,between_state,10,Joint_LDA,0.5434782608695652,0.5253071253071253,0.08695652173913049
20,7,between_state,13,Raw,0.5,0.39950372208436724,0.0
20,7,between_state,13,Trait_LDA,0.38636363636363635,0.386046511627907,-0.2272727272727273
20,7,between_state,13,State_LDA,0.5,0.39950372208436724,0.0
20,7,between_state,13,Joint_LDA,0.40909090909090906,0.4078674948240165,-0.18181818181818188
20,7,between_state,14,Raw,0.5,0.3333333333333333,0.0
20,7,between_state,14,Trait_LDA,0.5,0.3333333333333333,0.0
20,7,between_state,14,State_LDA,0.5,0.3333333333333333,0.0
20,7,between_state,14,Joint_LDA,0.375,0.2727272727272727,-0.25
20,7,between_state,16,Raw,0.6785714285714286,0.6415362731152205,0.3571428571428571
20,7,between_state,16,Trait_LDA,0.5714285714285714,0.5333333333333333,0.1428571428571429
20,7,between_state,16,State_LDA,0.7142857142857143,0.6888888888888889,0.4285714285714286
20,7,between_state,16,Joint_LDA,0.5714285714285714,0.5508021390374331,0.1428571428571429
20,7,between_state,18,Raw,0.39473684210526316,0.3943173943173943,-0.21052631578947367
20,7,between_state,18,Trait_LDA,0.47368421052631576,0.43452380952380953,-0.05263157894736836
20,7,between_state,18,State_LDA,0.39473684210526316,0.3943173943173943,-0.21052631578947367
20,7,between_state,18,Joint_LDA,0.5,0.3748917748917749,0.0
20,7,between_state,19,Raw,0.7,0.696969696969697,0.4
20,7,between_state,19,Trait_LDA,0.6,0.6,0.19999999999999996
20,7,between_state,19,State_LDA,0.7,0.696969696969697,0.4
20,7,between_state,19,Joint_LDA,0.4,0.4,-0.19999999999999996
20,7,between_state,20,Raw,0.16666666666666666,0.14285714285714285,-0.6666666666666667
20,7,between_state,20,Trait_LDA,0.6666666666666666,0.6666666666666666,0.33333333333333337
20,7,between_state,20,State_LDA,0.16666666666666666,0.14285714285714285,-0.6666666666666667
20,7,between_state,20,Joint_LDA,0.3333333333333333,0.25,-0.33333333333333326
20,7,between_state,21,Raw,0.53125,0.4684385382059801,0.0625
20,7,between_state,21,Trait_LDA,0.53125,0.5076923076923077,0.0625
20,7,between_state,21,State_LDA,0.53125,0.4684385382059801,0.0625
20,7,between_state,21,Joint_LDA,0.71875,0.7117117117117118,0.4375
20,7,between_state,22,Raw,0.625,0.6228786926461345,0.25
20,7,between_state,22,Trait_LDA,0.575,0.5523370638578011,0.15000000000000002
20,7,between_state,22,State_LDA,0.6,0.595959595959596,0.19999999999999996
20,7,between_state,22,Joint_LDA,0.55,0.52,0.09999999999999998
20,7,between_state,24,Raw,0.6111111111111112,0.609907120743034,0.2222222222222222
20,7,between_state,24,Trait_LDA,0.5,0.4581939799331104,0.0
20,7,between_state,24,State_LDA,0.6111111111111112,0.609907120743034,0.2222222222222222
20,7,between_state,24,Joint_LDA,0.6666666666666666,0.6493506493506493,0.33333333333333337
20,7,between_state,25,Raw,0.75,0.7333333333333334,0.5
20,7,between_state,25,Trait_LDA,0.5,0.4375,0.0
20,7,between_state,25,State_LDA,0.75,0.7333333333333334,0.5
20,7,between_state,25,Joint_LDA,0.5,0.4375,0.0
20,7,between_state,26,Raw,0.8333333333333333,0.8328173374613003,0.6666666666666667
20,7,between_state,26,Trait_LDA,0.611111111111111,0.5785953177257526,0.2222222222222222
20,7,between_state,26,State_LDA,0.8333333333333333,0.8328173374613003,0.6666666666666667
20,7,between_state,26,Joint_LDA,0.6666666666666667,0.6625,0.33333333333333337
20,7,between_state,31,Raw,0.7727272727272727,0.7722567287784678,0.5454545454545454
20,7,between_state,31,Trait_LDA,0.5454545454545454,0.47619047619047616,0.09090909090909094
20,7,between_state,31,State_LDA,0.7727272727272727,0.7722567287784678,0.5454545454545454
20,7,between_state,31,Joint_LDA,0.5909090909090909,0.5086848635235732,0.18181818181818177
20,7,between_state,35,Raw,0.6666666666666667,0.6571428571428571,0.33333333333333337
20,7,between_state,35,Trait_LDA,0.5625,0.5607843137254902,0.125
20,7,between_state,35,State_LDA,0.6875,0.6807095343680709,0.375
20,7,between_state,35,Joint_LDA,0.6041666666666666,0.6026143790849673,0.20833333333333337
20,7,between_state,36,Raw,0.75,0.7482517482517483,0.5
20,7,between_state,36,Trait_LDA,0.7083333333333334,0.6812144212523719,0.41666666666666663
20,7,between_state,36,State_LDA,0.75,0.7482517482517483,0.5
20,7,between_state,36,Joint_LDA,0.5833333333333333,0.5804195804195804,0.16666666666666663
20,7,between_state,38,Raw,0.59375,0.539313399778516,0.1875
20,7,between_state,38,Trait_LDA,0.40625,0.3764102564102564,-0.1875
20,7,between_state,38,State_LDA,0.59375,0.539313399778516,0.1875
20,7,between_state,38,Joint_LDA,0.375,0.3333333333333333,-0.25
20,7,between_state,4,Raw,0.6904761904761905,0.6676810712111991,0.38095238095238093
20,7,between_state,4,Trait_LDA,0.5238095238095237,0.41666666666666663,0.04761904761904767
20,7,between_state,4,State_LDA,0.6666666666666666,0.6370370370370371,0.33333333333333337
20,7,between_state,4,Joint_LDA,0.5,0.3713471133285816,0.0
20,7,between_state,40,Raw,0.3333333333333333,0.3142857142857143,-0.33333333333333326
20,7,between_state,40,Trait_LDA,0.4166666666666667,0.29411764705882354,-0.16666666666666674
20,7,between_state,40,State_LDA,0.3333333333333333,0.3142857142857143,-0.33333333333333326
20,7,between_state,40,Joint_LDA,0.4166666666666667,0.29411764705882354,-0.16666666666666674
20,7,between_state,6,Raw,0.6071428571428572,0.5859596713965647,0.2142857142857143
20,7,between_state,6,Trait_LDA,0.5833333333333334,0.5608663181478716,0.16666666666666663
20,7,between_state,6,State_LDA,0.6071428571428572,0.5859596713965647,0.2142857142857143
20,7,between_state,6,Joint_LDA,0.6428571428571428,0.6354166666666667,0.2857142857142857
20,8,between_state,1,Raw,0.5882352941176471,0.5296442687747036,0.17647058823529416
20,8,between_state,1,Trait_LDA,0.5,0.3333333333333333,0.0
20,8,between_state,1,State_LDA,0.5882352941176471,0.5296442687747036,0.17647058823529416
20,8,between_state,1,Joint_LDA,0.5,0.3333333333333333,0.0
20,8,between_state,11,Raw,0.65,0.6419437340153453,0.30000000000000004
20,8,between_state,11,Trait_LDA,0.45,0.3103448275862069,-0.10000000000000009
20,8,between_state,11,State_LDA,0.65,0.6419437340153453,0.30000000000000004
20,8,between_state,11,Joint_LDA,0.39999999999999997,0.34065934065934067,-0.19999999999999996
20,8,between_state,15,Raw,0.6333333333333333,0.6228571428571429,0.2666666666666667
20,8,between_state,15,Trait_LDA,0.5333333333333333,0.4034090909090909,0.06666666666666665
20,8,between_state,15,State_LDA,0.6333333333333333,0.6228571428571429,0.2666666666666667
20,8,between_state,15,Joint_LDA,0.6333333333333333,0.576379974326059,0.2666666666666667
20,8,between_state,17,Raw,0.5833333333333334,0.5555555555555556,0.16666666666666663
20,8,between_state,17,Trait_LDA,0.5833333333333334,0.5555555555555556,0.16666666666666663
20,8,between_state,17,State_LDA,0.5833333333333334,0.5555555555555556,0.16666666666666663
20,8,between_state,17,Joint_LDA,0.75,0.7333333333333334,0.5
20,8,between_state,19,Raw,0.7,0.696969696969697,0.4
20,8,between_state,19,Trait_LDA,0.4,0.2857142857142857,-0.19999999999999996
20,8,between_state,19,State_LDA,0.7,0.696969696969697,0.4
20,8,between_state,19,Joint_LDA,0.4,0.2857142857142857,-0.19999999999999996
20,8,between_state,21,Raw,0.53125,0.5195195195195195,0.0625
20,8,between_state,21,Trait_LDA,0.625,0.5636363636363637,0.25
20,8,between_state,21,State_LDA,0.53125,0.5195195195195195,0.0625
20,8,between_state,21,Joint_LDA,0.59375,0.5588547189819725,0.1875
20,8,between_state,22,Raw,0.625,0.6190476190476191,0.25
20,8,between_state,22,Trait_LDA,0.575,0.5682539682539682,0.15000000000000002
20,8,between_state,22,State_LDA,0.625,0.6190476190476191,0.25
20,8,between_state,22,Joint_LDA,0.575,0.5615731785944552,0.15000000000000002
20,8,between_state,23,Raw,0.75,0.746031746031746,0.5
20,8,between_state,23,Trait_LDA,0.4375,0.30434782608695654,-0.125
20,8,between_state,23,State_LDA,0.75,0.746031746031746,0.5
20,8,between_state,23,Joint_LDA,0.5,0.4666666666666667,0.0
20,8,between_state,26,Raw,0.6666666666666667,0.6625,0.33333333333333337
20,8,between_state,26,Trait_LDA,0.5,0.4857142857142857,0.0
20,8,between_state,26,State_LDA,0.6666666666666667,0.6625,0.33333333333333337
20,8,between_state,26,Joint_LDA,0.5555555555555556,0.4461538461538461,0.11111111111111116
20,8,between_state,27,Raw,0.5,0.5,0.0
20,8,between_state,27,Trait_LDA,0.5,0.4319327731092437,0.0
20,8,between_state,27,State_LDA,0.5,0.5,0.0
20,8,between_state,27,Joint_LDA,0.4423076923076923,0.30666666666666664,-0.11538461538461542
20,8,between_state,28,Raw,0.5769230769230769,0.5762962962962963,0.15384615384615385
20,8,between_state,28,Trait_LDA,0.6538461538461539,0.6533333333333333,0.3076923076923077
20,8,between_state,28,State_LDA,0.5769230769230769,0.5762962962962963,0.15384615384615385
20,8,between_state,28,Joint_LDA,0.6153846153846154,0.6153846153846154,0.23076923076923073
20,8,between_state,3,Raw,0.5384615384615384,0.5384615384615384,0.07692307692307687
20,8,between_state,3,Trait_LDA,0.5384615384615384,0.5272727272727272,0.07692307692307687
20,8,between_state,3,State_LDA,0.5384615384615384,0.5384615384615384,0.07692307692307687
20,8,between_state,3,Joint_LDA,0.576923076923077,0.5606758832565284,0.15384615384615385
20,8,between_state,31,Raw,0.6818181818181819,0.681159420289855,0.36363636363636365
20,8,between_state,31,Trait_LDA,0.45454545454545453,0.3125,-0.09090909090909083
20,8,between_state,31,State_LDA,0.6363636363636364,0.6363636363636364,0.2727272727272727
20,8,between_state,31,Joint_LDA,0.5,0.44367816091954027,0.0
20,8,between_state,32,Raw,0.5588235294117647,0.5392953929539295,0.11764705882352944
20,8,between_state,32,Trait_LDA,0.5588235294117647,0.5255813953488373,0.11764705882352944
20,8,between_state,32,State_LDA,0.5588235294117647,0.5392953929539295,0.11764705882352944
20,8,between_state,32,Joint_LDA,0.4411764705882353,0.4406926406926407,-0.11764705882352944
20,8,between_state,33,Raw,0.3333333333333333,0.25,-0.33333333333333326
20,8,between_state,33,Trait_LDA,0.5,0.3333333333333333,0.0
20,8,between_state,33,State_LDA,0.3333333333333333,0.25,-0.33333333333333326
20,8,between_state,33,Joint_LDA,0.4166666666666667,0.29411764705882354,-0.16666666666666674
20,8,between_state,34,Raw,0.6818181818181818,0.6644880174291938,0.36363636363636365
20,8,between_state,34,Trait_LDA,0.5454545454545454,0.4270833333333333,0.09090909090909094
20,8,between_state,34,State_LDA,0.6818181818181818,0.6644880174291938,0.36363636363636365
20,8,between_state,34,Joint_LDA,0.5454545454545454,0.5416666666666667,0.09090909090909094
20,8,between_state,37,Raw,0.5666666666666667,0.5542857142857143,0.1333333333333333
20,8,between_state,37,Trait_LDA,0.5333333333333333,0.4034090909090909,0.06666666666666665
20,8,between_state,37,State_LDA,0.5666666666666667,0.5542857142857143,0.1333333333333333
20,8,between_state,37,Joint_LDA,0.5333333333333333,0.4034090909090909,0.06666666666666665
20,8,between_state,38,Raw,0.5,0.5,0.0
20,8,between_state,38,Trait_LDA,0.5,0.3333333333333333,0.0
20,8,between_state,38,State_LDA,0.5,0.5,0.0
20,8,between_state,38,Joint_LDA,0.5,0.3333333333333333,0.0
20,8,between_state,4,Raw,0.6904761904761905,0.6860264519838988,0.38095238095238093
20,8,between_state,4,Trait_LDA,0.5476190476190476,0.49968652037617556,0.09523809523809523
20,8,between_state,4,State_LDA,0.6904761904761905,0.6860264519838988,0.38095238095238093
20,8,between_state,4,Joint_LDA,0.4523809523809524,0.3114754098360656,-0.09523809523809534
20,8,between_state,6,Raw,0.5119047619047619,0.39440829963073676,0.023809523809523836
20,8,between_state,6,Trait_LDA,0.44047619047619047,0.30578512396694213,-0.11904761904761907
20,8,between_state,6,State_LDA,0.5119047619047619,0.39440829963073676,0.023809523809523836
20,8,between_state,6,Joint_LDA,0.47619047619047616,0.3225806451612903,-0.04761904761904767
20,9,between_state,10,Raw,0.6739130434782609,0.6541353383458646,0.34782608695652173
20,9,between_state,10,Trait_LDA,0.6304347826086957,0.621673923560716,0.26086956521739135
20,9,between_state,10,State_LDA,0.6739130434782609,0.6541353383458646,0.34782608695652173
20,9,between_state,10,Joint_LDA,0.5434782608695652,0.5038520801232665,0.08695652173913049
20,9,between_state,14,Raw,0.5,0.3333333333333333,0.0
20,9,between_state,14,Trait_LDA,0.5,0.3333333333333333,0.0
20,9,between_state,14,State_LDA,0.5,0.3333333333333333,0.0
20,9,between_state,14,Joint_LDA,0.625,0.5636363636363637,0.25
20,9,between_state,15,Raw,0.7,0.6914285714285715,0.4
20,9,between_state,15,Trait_LDA,0.5333333333333333,0.4034090909090909,0.06666666666666665
20,9,between_state,15,State_LDA,0.7,0.6914285714285715,0.4
20,9,between_state,15,Joint_LDA,0.5,0.38440492476060195,0.0
20,9,between_state,16,Raw,0.5714285714285714,0.5625,0.1428571428571429
20,9,between_state,16,Trait_LDA,0.46428571428571425,0.36651583710407243,-0.0714285714285714
20,9,between_state,16,State_LDA,0.6071428571428571,0.5942028985507246,0.2142857142857143
20,9,between_state,16,Joint_LDA,0.5714285714285714,0.5087719298245614,0.1428571428571429
20,9,between_state,20,Raw,0.6666666666666666,0.6666666666666666,0.33333333333333337
20,9,between_state,20,Trait_LDA,0.16666666666666666,0.14285714285714285,-0.6666666666666667
20,9,between_state,20,State_LDA,0.6666666666666666,0.6666666666666666,0.33333333333333337
20,9,between_state,20,Joint_LDA,0.5,0.4857142857142857,0.0
20,9,between_state,23,Raw,0.8125,0.8117647058823529,0.625
20,9,between_state,23,Trait_LDA,0.5,0.3333333333333333,0.0
20,9,between_state,23,State_LDA,0.8125,0.8117647058823529,0.625
20,9,between_state,23,Joint_LDA,0.5625,0.45893719806763283,0.125
20,9,between_state,26,Raw,0.7222222222222222,0.7213622291021672,0.4444444444444444
20,9,between_state,26,Trait_LDA,0.4444444444444444,0.3076923076923077,-0.11111111111111116
20,9,between_state,26,State_LDA,0.7222222222222222,0.7213622291021672,0.4444444444444444
20,9,between_state,26,Joint_LDA,0.3888888888888889,0.28,-0.22222222222222232
20,9,between_state,27,Raw,0.576923076923077,0.5606758832565284,0.15384615384615385
20,9,between_state,27,Trait_LDA,0.5192307692307693,0.42554131683605834,0.038461538461538436
20,9,between_state,27,State_LDA,0.5961538461538461,0.5836828059473884,0.1923076923076923
20,9,between_state,27,Joint_LDA,0.5192307692307692,0.4967092528068138,0.038461538461538436
20,9,between_state,3,Raw,0.6153846153846154,0.6130952380952381,0.23076923076923073
20,9,between_state,3,Trait_LDA,0.38461538461538464,0.38095238095238093,-0.23076923076923084
20,9,between_state,3,State_LDA,0.6153846153846154,0.6130952380952381,0.23076923076923073
20,9,between_state,3,Joint_LDA,0.5,0.4609250398724083,0.0
20,9,between_state,30,Raw,0.5909090909090909,0.5086848635235732,0.18181818181818177
20,9,between_state,30,Trait_LDA,0.5,0.49583333333333335,0.0
20,9,between_state,30,State_LDA,0.5909090909090909,0.5086848635235732,0.18181818181818177
20,9,between_state,30,Joint_LDA,0.45454545454545453,0.4248366013071896,-0.09090909090909083
20,9,between_state,31,Raw,0.5454545454545454,0.5299145299145299,0.09090909090909094
20,9,between_state,31,Trait_LDA,0.5,0.3333333333333333,0.0
20,9,between_state,31,State_LDA,0.5454545454545454,0.5299145299145299,0.09090909090909094
20,9,between_state,31,Joint_LDA,0.40909090909090906,0.39789473684210525,-0.18181818181818188
20,9,between_state,32,Raw,0.6470588235294118,0.6458333333333333,0.2941176470588235
20,9,between_state,32,Trait_LDA,0.5294117647058824,0.48484848484848486,0.05882352941176472
20,9,between_state,32,State_LDA,0.6470588235294118,0.6458333333333333,0.2941176470588235
20,9,between_state,32,Joint_LDA,0.5882352941176471,0.5824561403508772,0.17647058823529416
20,9,between_state,33,Raw,0.5833333333333334,0.5555555555555556,0.16666666666666663
20,9,between_state,33,Trait_LDA,0.41666666666666663,0.37777777777777777,-0.16666666666666674
20,9,between_state,33,State_LDA,0.5833333333333334,0.5555555555555556,0.16666666666666663
20,9,between_state,33,Joint_LDA,0.5,0.3333333333333333,0.0
20,9,between_state,34,Raw,0.7272727272727273,0.725,0.4545454545454546
20,9,between_state,34,Trait_LDA,0.5454545454545454,0.5416666666666667,0.09090909090909094
20,9,between_state,34,State_LDA,0.7272727272727273,0.725,0.4545454545454546
20,9,between_state,34,Joint_LDA,0.5909090909090909,0.5086848635235732,0.18181818181818177
20,9,between_state,36,Raw,0.75,0.7482517482517483,0.5
20,9,between_state,36,Trait_LDA,0.3333333333333333,0.3142857142857143,-0.33333333333333326
20,9,between_state,36,State_LDA,0.75,0.7482517482517483,0.5
20,9,between_state,36,Joint_LDA,0.5,0.49650349650349646,0.0
20,9,between_state,38,Raw,0.53125,0.5076923076923077,0.0625
20,9,between_state,38,Trait_LDA,0.46875,0.45545545545545546,-0.0625
20,9,between_state,38,State_LDA,0.53125,0.5076923076923077,0.0625
20,9,between_state,38,Joint_LDA,0.5,0.4817813765182186,0.0
20,9,between_state,39,Raw,0.6666666666666667,0.6660869565217391,0.33333333333333337
20,9,between_state,39,Trait_LDA,0.5416666666666666,0.4666666666666667,0.08333333333333337
20,9,between_state,39,State_LDA,0.625,0.6223776223776224,0.25
20,9,between_state,39,Joint_LDA,0.5625,0.5278688524590164,0.125
20,9,between_state,4,Raw,0.6190476190476191,0.5851851851851853,0.23809523809523814
20,9,between_state,4,Trait_LDA,0.7142857142857142,0.7136363636363636,0.4285714285714286
20,9,between_state,4,State_LDA,0.6190476190476191,0.5851851851851853,0.23809523809523814
20,9,between_state,4,Joint_LDA,0.6190476190476191,0.6181818181818182,0.23809523809523814
20,9,between_state,7,Raw,0.5,0.45054945054945056,0.0
20,9,between_state,7,Trait_LDA,0.4,0.375,-0.19999999999999996
20,9,between_state,7,State_LDA,0.5,0.45054945054945056,0.0
20,9,between_state,7,Joint_LDA,0.5,0.4949494949494949,0.0
20,9,between_state,8,Raw,0.65625,0.6389743589743591,0.3125
20,9,between_state,8,Trait_LDA,0.5,0.3333333333333333,0.0
20,9,between_state,8,State_LDA,0.65625,0.6389743589743591,0.3125
20,9,between_state,8,Joint_LDA,0.5,0.3333333333333333,0.0
4,0,between_state,12,Raw,0.5652173913043478,0.5516569200779727,0.13043478260869568
4,0,between_state,12,Trait_LDA,0.5434782608695652,0.5253071253071253,0.08695652173913049
4,0,between_state,12,State_LDA,0.5869565217391304,0.5511042629686698,0.17391304347826086
4,0,between_state,12,Joint_LDA,0.5434782608695652,0.5253071253071253,0.08695652173913049
4,0,between_state,24,Raw,0.6666666666666666,0.6666666666666666,0.33333333333333337
4,0,between_state,24,Trait_LDA,0.5,0.3333333333333333,0.0
4,0,between_state,24,State_LDA,0.6666666666666667,0.6625,0.33333333333333337
4,0,between_state,24,Joint_LDA,0.6666666666666666,0.6666666666666666,0.33333333333333337
4,0,between_state,31,Raw,0.5909090909090909,0.5686274509803921,0.18181818181818177
4,0,between_state,31,Trait_LDA,0.45454545454545453,0.45,-0.09090909090909083
4,0,between_state,31,State_LDA,0.5909090909090909,0.5686274509803921,0.18181818181818177
4,0,between_state,31,Joint_LDA,0.6363636363636364,0.6239316239316239,0.2727272727272727
4,0,between_state,34,Raw,0.6363636363636364,0.6239316239316239,0.2727272727272727
4,0,between_state,34,Trait_LDA,0.4545454545454546,0.37142857142857144,-0.09090909090909083
4,0,between_state,34,State_LDA,0.6818181818181819,0.6757894736842105,0.36363636363636365
4,0,between_state,34,Joint_LDA,0.6363636363636364,0.6239316239316239,0.2727272727272727
4,1,between_state,10,Raw,0.4782608695652174,0.46923076923076923,-0.04347826086956519
4,1,between_state,10,Trait_LDA,0.5869565217391305,0.5705159705159706,0.17391304347826086
4,1,between_state,10,State_LDA,0.4782608695652174,0.46923076923076923,-0.04347826086956519
4,1,between_state,10,Joint_LDA,0.5217391304347826,0.5217391304347826,0.04347826086956519
4,1,between_state,22,Raw,0.65,0.6266666666666667,0.30000000000000004
4,1,between_state,22,Trait_LDA,0.55,0.53125,0.09999999999999998
4,1,between_state,22,State_LDA,0.675,0.6576695194206715,0.35
4,1,between_state,22,Joint_LDA,0.625,0.5807127882599581,0.25
4,1,between_state,25,Raw,0.5,0.4375,0.0
4,1,between_state,25,Trait_LDA,0.5833333333333333,0.5804195804195804,0.16666666666666663
4,1,between_state,25,State_LDA,0.5,0.4375,0.0
4,1,between_state,25,Joint_LDA,0.5,0.4375,0.0
4,1,between_state,30,Raw,0.5227272727272727,0.5224806201550387,0.045454545454545414
4,1,between_state,30,Trait_LDA,0.5454545454545454,0.5416666666666667,0.09090909090909094
4,1,between_state,30,State_LDA,0.5454545454545454,0.5454545454545454,0.09090909090909094
4,1,between_state,30,Joint_LDA,0.4545454545454546,0.45341614906832295,-0.09090909090909083
4,2,between_state,13,Raw,0.4545454545454546,0.37142857142857144,-0.09090909090909083
4,2,between_state,13,Trait_LDA,0.40909090909090906,0.36160714285714285,-0.18181818181818188
4,2,between_state,13,State_LDA,0.38636363636363635,0.2786885245901639,-0.2272727272727273
4,2,between_state,13,Joint_LDA,0.45454545454545453,0.3125,-0.09090909090909083
4,2,between_state,18,Raw,0.5526315789473684,0.4406926406926407,0.10526315789473684
4,2,between_state,18,Trait_LDA,0.5526315789473684,0.4406926406926407,0.10526315789473684
4,2,between_state,18,State_LDA,0.5526315789473684,0.4406926406926407,0.10526315789473684
4,2,between_state,18,Joint_LDA,0.4473684210526316,0.3090909090909091,-0.10526315789473695
4,2,between_state,30,Raw,0.6818181818181819,0.6757894736842105,0.36363636363636365
4,2,between_state,30,Trait_LDA,0.5681818181818181,0.5113968439509059,0.13636363636363635
4,2,between_state,30,State_LDA,0.7045454545454546,0.7006802721088435,0.40909090909090906
4,2,between_state,30,Joint_LDA,0.6363636363636364,0.6356107660455487,0.2727272727272727
4,2,between_state,37,Raw,0.5333333333333333,0.5248868778280543,0.06666666666666665
4,2,between_state,37,Trait_LDA,0.5,0.3333333333333333,0.0
4,2,between_state,37,State_LDA,0.5,0.4857142857142857,0.0
4,2,between_state,37,Joint_LDA,0.6333333333333333,0.6296296296296295,0.2666666666666667
4,3,between_state,28,Raw,0.5384615384615385,0.4583333333333333,0.07692307692307687
4,3,between_state,28,Trait_LDA,0.5384615384615384,0.4135338345864662,0.07692307692307687
4,3,between_state,28,State_LDA,0.5384615384615385,0.4583333333333333,0.07692307692307687
4,3,between_state,28,Joint_LDA,0.6153846153846154,0.5751633986928104,0.23076923076923073
4,3,between_state,34,Raw,0.5,0.4905263157894737,0.0
4,3,between_state,34,Trait_LDA,0.5,0.3333333333333333,0.0
4,3,between_state,34,State_LDA,0.5454545454545454,0.5454545454545454,0.09090909090909094
4,3,between_state,34,Joint_LDA,0.45454545454545453,0.4358974358974359,-0.09090909090909083
4,3,between_state,39,Raw,0.45833333333333337,0.44285714285714284,-0.08333333333333326
4,3,between_state,39,Trait_LDA,0.5416666666666666,0.5208711433756805,0.08333333333333337
4,3,between_state,39,State_LDA,0.4375,0.40632157581310124,-0.125
4,3,between_state,39,Joint_LDA,0.39583333333333337,0.3738191632928475,-0.20833333333333326
4,3,between_state,8,Raw,0.59375,0.539313399778516,0.1875
4,3,between_state,8,Trait_LDA,0.4375,0.34545454545454546,-0.125
4,3,between_state,8,State_LDA,0.59375,0.539313399778516,0.1875
4,3,between_state,8,Joint_LDA,0.53125,0.43859649122807015,0.0625
4,4,between_state,11,Raw,0.8500000000000001,0.849624060150376,0.7
4,4,between_state,11,Trait_LDA,0.5,0.3333333333333333,0.0
4,4,between_state,11,State_LDA,0.8,0.797979797979798,0.6
4,4,between_state,11,Joint_LDA,0.8,0.797979797979798,0.6
4,4,between_state,17,Raw,0.6666666666666667,0.6571428571428571,0.33333333333333337
4,4,between_state,17,Trait_LDA,0.5,0.4857142857142857,0.0
4,4,between_state,17,State_LDA,0.5,0.4857142857142857,0.0
4,4,between_state,17,Joint_LDA,0.6666666666666667,0.6571428571428571,0.33333333333333337
4,4,between_state,25,Raw,0.75,0.7482517482517483,0.5
4,4,between_state,25,Trait_LDA,0.6666666666666666,0.625,0.33333333333333337
4,4,between_state,25,State_LDA,0.75,0.7482517482517483,0.5
4,4,between_state,25,Joint_LDA,0.8333333333333333,0.8285714285714285,0.6666666666666667
4,4,between_state,39,Raw,0.5,0.4991304347826087,0.0
4,4,between_state,39,Trait_LDA,0.5,0.39495798319327735,0.0
4,4,between_state,39,State_LDA,0.5,0.4857142857142857,0.0
4,4,between_state,39,Joint_LDA,0.5,0.4991304347826087,0.0
4,5,between_state,12,Raw,0.6521739130434783,0.6521739130434783,0.30434782608695654
4,5,between_state,12,Trait_LDA,0.4782608695652174,0.4742857142857143,-0.04347826086956519
4,5,between_state,12,State_LDA,0.6086956521739131,0.6057142857142856,0.21739130434782605
4,5,between_state,12,Joint_LDA,0.6304347826086957,0.621673923560716,0.26086956521739135
4,5,between_state,28,Raw,0.6923076923076923,0.6848484848484848,0.3846153846153846
4,5,between_state,28,Trait_LDA,0.5384615384615384,0.4135338345864662,0.07692307692307687
4,5,between_state,28,State_LDA,0.6923076923076923,0.6848484848484848,0.3846153846153846
4,5,between_state,28,Joint_LDA,0.6923076923076923,0.6848484848484848,0.3846153846153846
4,5,between_state,33,Raw,0.4166666666666667,0.29411764705882354,-0.16666666666666674
4,5,between_state,33,Trait_LDA,0.5,0.3333333333333333,0.0
4,5,between_state,33,State_LDA,0.4166666666666667,0.29411764705882354,-0.16666666666666674
4,5,between_state,33,Joint_LDA,0.4166666666666667,0.29411764705882354,-0.16666666666666674
4,5,between_state,35,Raw,0.5208333333333334,0.5033738191632928,0.04166666666666663
4,5,between_state,35,Trait_LDA,0.4791666666666667,0.323943661971831,-0.04166666666666674
4,5,between_state,35,State_LDA,0.5,0.4857142857142857,0.0
4,5,between_state,35,Joint_LDA,0.5833333333333334,0.5445920303605313,0.16666666666666663
4,6,between_state,13,Raw,0.6818181818181819,0.6757894736842105,0.36363636363636365
4,6,between_state,13,Trait_LDA,0.5681818181818182,0.5393939393939394,0.13636363636363635
4,6,between_state,13,State_LDA,0.7272727272727273,0.725,0.4545454545454546
4,6,between_state,13,Joint_LDA,0.6363636363636364,0.6239316239316239,0.2727272727272727
4,6,between_state,21,Raw,0.53125,0.5076923076923077,0.0625
4,6,between_state,21,Trait_LDA,0.53125,0.4909862142099682,0.0625
4,6,between_state,21,State_LDA,0.53125,0.5076923076923077,0.0625
4,6,between_state,21,Joint_LDA,0.46875,0.4231177094379639,-0.0625
4,6,between_state,26,Raw,0.7222222222222222,0.6989966555183946,0.4444444444444444
4,6,between_state,26,Trait_LDA,0.5555555555555556,0.5324675324675324,0.11111111111111116
4,6,between_state,26,State_LDA,0.6666666666666666,0.625,0.33333333333333337
4,6,between_state,26,Joint_LDA,0.7222222222222222,0.6989966555183946,0.4444444444444444
4,6,between_state,3,Raw,0.5384615384615384,0.4135338345864662,0.07692307692307687
4,6,between_state,3,Trait_LDA,0.5,0.3333333333333333,0.0
4,6,between_state,3,State_LDA,0.5384615384615384,0.4135338345864662,0.07692307692307687
4,6,between_state,3,Joint_LDA,0.5769230769230769,0.48468468468468473,0.15384615384615385
4,7,between_state,10,Raw,0.6086956521739131,0.5548387096774194,0.21739130434782605
4,7,between_state,10,Trait_LDA,0.47826086956521735,0.4401622718052738,-0.04347826086956519
4,7,between_state,10,State_LDA,0.5652173913043479,0.48660714285714285,0.13043478260869568
4,7,between_state,10,Joint_LDA,0.5,0.45659989727786343,0.0
4,7,between_state,21,Raw,0.53125,0.4684385382059801,0.0625
4,7,between_state,21,Trait_LDA,0.53125,0.5195195195195195,0.0625
4,7,between_state,21,State_LDA,0.5,0.4181818181818182,0.0
4,7,between_state,21,Joint_LDA,0.65625,0.6559139784946236,0.3125
4,7,between_state,3,Raw,0.5384615384615385,0.4583333333333333,0.07692307692307687
4,7,between_state,3,Trait_LDA,0.6153846153846154,0.606060606060606,0.23076923076923073
4,7,between_state,3,State_LDA,0.5384615384615385,0.4583333333333333,0.07692307692307687
4,7,between_state,3,Joint_LDA,0.46153846153846156,0.3680555555555556,-0.07692307692307687
4,7,between_state,38,Raw,0.59375,0.5134502923976608,0.1875
4,7,between_state,38,Trait_LDA,0.4375,0.4,-0.125
4,7,between_state,38,State_LDA,0.625,0.5636363636363637,0.25
4,7,between_state,38,Joint_LDA,0.53125,0.43859649122807015,0.0625
4,8,between_state,33,Raw,0.5,0.4857142857142857,0.0
4,8,between_state,33,Trait_LDA,0.5,0.3333333333333333,0.0
4,8,between_state,33,State_LDA,0.5,0.4857142857142857,0.0
4,8,between_state,33,Joint_LDA,0.16666666666666666,0.16666666666666666,-0.6666666666666667
4,8,between_state,34,Raw,0.5,0.4905263157894737,0.0
4,8,between_state,34,Trait_LDA,0.40909090909090906,0.3769063180827886,-0.18181818181818188
4,8,between_state,34,State_LDA,0.5,0.4905263157894737,0.0
4,8,between_state,34,Joint_LDA,0.36363636363636365,0.3418803418803419,-0.2727272727272727
4,8,between_state,35,Raw,0.6666666666666667,0.6643356643356644,0.33333333333333337
4,8,between_state,35,Trait_LDA,0.2708333333333333,0.2679738562091503,-0.45833333333333326
4,8,between_state,35,State_LDA,0.6458333333333333,0.6419482229047828,0.29166666666666663
4,8,between_state,35,Joint_LDA,0.6458333333333333,0.6419482229047828,0.29166666666666663
4,8,between_state,38,Raw,0.59375,0.539313399778516,0.1875
4,8,between_state,38,Trait_LDA,0.4375,0.30434782608695654,-0.125
4,8,between_state,38,State_LDA,0.59375,0.539313399778516,0.1875
4,8,between_state,38,Joint_LDA,0.53125,0.43859649122807015,0.0625
4,9,between_state,2,Raw,0.4,0.4,-0.19999999999999996
4,9,between_state,2,Trait_LDA,0.3,0.23076923076923078,-0.3999999999999999
4,9,between_state,2,State_LDA,0.4,0.4,-0.19999999999999996
4,9,between_state,2,Joint_LDA,0.6000000000000001,0.5833333333333333,0.19999999999999996
4,9,between_state,21,Raw,0.53125,0.5270935960591133,0.0625
4,9,between_state,21,Trait_LDA,0.5625,0.45893719806763283,0.125
4,9,between_state,21,State_LDA,0.53125,0.5270935960591133,0.0625
4,9,between_state,21,Joint_LDA,0.4375,0.4285714285714286,-0.125
4,9,between_state,4,Raw,0.40476190476190477,0.288135593220339,-0.19047619047619047
4,9,between_state,4,Trait_LDA,0.5,0.3333333333333333,0.0
4,9,between_state,4,State_LDA,0.38095238095238093,0.27586206896551724,-0.23809523809523814
4,9,between_state,4,Joint_LDA,0.47619047619047616,0.38726790450928383,-0.04761904761904767
4,9,between_state,40,Raw,0.25,0.24475524475524477,-0.5
4,9,between_state,40,Trait_LDA,0.5,0.3333333333333333,0.0
4,9,between_state,40,State_LDA,0.25,0.24475524475524477,-0.5
4,9,between_state,40,Joint_LDA,0.25,0.24475524475524477,-0.5
all,0,between_state,1,Raw,0.5,0.37916219119226635,0.0
all,0,between_state,1,Trait_LDA,0.5588235294117647,0.48328267477203646,0.11764705882352944
all,0,between_state,1,State_LDA,0.5,0.37916219119226635,0.0
all,0,between_state,1,Joint_LDA,0.5882352941176471,0.5041666666666667,0.17647058823529416
all,0,between_state,10,Raw,0.5652173913043478,0.5053763440860215,0.13043478260869568
all,0,between_state,10,Trait_LDA,0.5434782608695652,0.532656023222061,0.08695652173913049
all,0,between_state,10,State_LDA,0.5652173913043478,0.5053763440860215,0.13043478260869568
all,0,between_state,10,Joint_LDA,0.5652173913043478,0.5576923076923077,0.13043478260869568
all,0,between_state,11,Raw,0.6,0.5604395604395604,0.19999999999999996
all,0,between_state,11,Trait_LDA,0.4,0.375,-0.19999999999999996
all,0,between_state,11,State_LDA,0.6,0.5604395604395604,0.19999999999999996
all,0,between_state,11,Joint_LDA,0.5,0.40476190476190477,0.0
all,0,between_state,12,Raw,0.6086956521739131,0.5548387096774194,0.21739130434782605
all,0,between_state,12,Trait_LDA,0.5217391304347826,0.37990196078431376,0.04347826086956519
all,0,between_state,12,State_LDA,0.6086956521739131,0.5548387096774194,0.21739130434782605
all,0,between_state,12,Joint_LDA,0.5434782608695652,0.42328358208955225,0.08695652173913049
all,0,between_state,13,Raw,0.47727272727272724,0.3574603174603174,-0.045454545454545414
all,0,between_state,13,Trait_LDA,0.45454545454545453,0.3449131513647643,-0.09090909090909083
all,0,between_state,13,State_LDA,0.47727272727272724,0.3574603174603174,-0.045454545454545414
all,0,between_state,13,Joint_LDA,0.5454545454545454,0.5299145299145299,0.09090909090909094
all,0,between_state,14,Raw,0.5,0.3333333333333333,0.0
all,0,between_state,14,Trait_LDA,0.5,0.3333333333333333,0.0
all,0,between_state,14,State_LDA,0.5,0.3333333333333333,0.0
all,0,between_state,14,Joint_LDA,0.5,0.3333333333333333,0.0
all,0,between_state,15,Raw,0.7333333333333334,0.7285067873303167,0.4666666666666667
all,0,between_state,15,Trait_LDA,0.4666666666666667,0.4570135746606335,-0.06666666666666665
all,0,between_state,15,State_LDA,0.7333333333333334,0.7285067873303167,0.4666666666666667
all,0,between_state,15,Joint_LDA,0.6,0.55,0.19999999999999996
all,0,between_state,16,Raw,0.75,0.7470967741935484,0.5
all,0,between_state,16,Trait_LDA,0.6428571428571428,0.6354166666666667,0.2857142857142857
all,0,between_state,16,State_LDA,0.75,0.7470967741935484,0.5
all,0,between_state,16,Joint_LDA,0.6071428571428571,0.5354449472096531,0.2142857142857143
all,0,between_state,17,Raw,0.75,0.7333333333333334,0.5
all,0,between_state,17,Trait_LDA,0.5,0.4857142857142857,0.0
all,0,between_state,17,State_LDA,0.75,0.7333333333333334,0.5
all,0,between_state,17,Joint_LDA,0.5,0.3333333333333333,0.0
all,0,between_state,18,Raw,0.5526315789473684,0.5447498238195913,0.10526315789473684
all,0,between_state,18,Trait_LDA,0.6052631578947368,0.5691609977324263,0.21052631578947367
all,0,between_state,18,State_LDA,0.5526315789473684,0.5447498238195913,0.10526315789473684
all,0,between_state,18,Joint_LDA,0.5526315789473684,0.5117157974300831,0.10526315789473684
all,0,between_state,19,Raw,0.7,0.696969696969697,0.4
all,0,between_state,19,Trait_LDA,0.7,0.6703296703296704,0.4
all,0,between_state,19,State_LDA,0.7,0.696969696969697,0.4
all,0,between_state,19,Joint_LDA,0.8,0.8,0.6
all,0,between_state,2,Raw,0.30000000000000004,0.29292929292929293,-0.3999999999999999
all,0,between_state,2,Trait_LDA,0.7,0.696969696969697,0.4
all,0,between_state,2,State_LDA,0.30000000000000004,0.29292929292929293,-0.3999999999999999
all,0,between_state,2,Joint_LDA,0.6,0.6,0.19999999999999996
all,0,between_state,20,Raw,0.6666666666666666,0.6666666666666666,0.33333333333333337
all,0,between_state,20,Trait_LDA,0.5,0.3333333333333333,0.0
all,0,between_state,20,State_LDA,0.6666666666666666,0.6666666666666666,0.33333333333333337
all,0,between_state,20,Joint_LDA,0.3333333333333333,0.25,-0.33333333333333326
all,0,between_state,21,Raw,0.625,0.6,0.25
all,0,between_state,21,Trait_LDA,0.65625,0.6532019704433498,0.3125
all,0,between_state,21,State_LDA,0.625,0.6,0.25
all,0,between_state,21,Joint_LDA,0.65625,0.6101882613510521,0.3125
all,0,between_state,22,Raw,0.775,0.7748592870544091,0.55
all,0,between_state,22,Trait_LDA,0.525,0.4689028651292802,0.050000000000000044
all,0,between_state,22,State_LDA,0.775,0.7748592870544091,0.55
all,0,between_state,22,Joint_LDA,0.7250000000000001,0.7163120567375887,0.44999999999999996
all,0,between_state,23,Raw,0.75,0.7333333333333334,0.5
all,0,between_state,23,Trait_LDA,0.625,0.6190476190476191,0.25
all,0,between_state,23,State_LDA,0.75,0.7333333333333334,0.5
all,0,between_state,23,Joint_LDA,0.6875,0.6536796536796536,0.375
all,0,between_state,24,Raw,0.5555555555555556,0.5324675324675324,0.11111111111111116
all,0,between_state,24,Trait_LDA,0.4444444444444444,0.3076923076923077,-0.11111111111111116
all,0,between_state,24,State_LDA,0.5555555555555556,0.5324675324675324,0.11111111111111116
all,0,between_state,24,Joint_LDA,0.6111111111111112,0.5418181818181818,0.2222222222222222
all,0,between_state,25,Raw,0.9166666666666667,0.916083916083916,0.8333333333333334
all,0,between_state,25,Trait_LDA,0.5,0.4375,0.0
all,0,between_state,25,State_LDA,0.9166666666666667,0.916083916083916,0.8333333333333334
all,0,between_state,25,Joint_LDA,0.6666666666666667,0.6571428571428571,0.33333333333333337
all,0,between_state,26,Raw,0.7777777777777778,0.7662337662337663,0.5555555555555556
all,0,between_state,26,Trait_LDA,0.6111111111111112,0.609907120743034,0.2222222222222222
all,0,between_state,26,State_LDA,0.7777777777777778,0.7662337662337663,0.5555555555555556
all,0,between_state,26,Joint_LDA,0.7222222222222222,0.6989966555183946,0.4444444444444444
all,0,between_state,27,Raw,0.5,0.4932533733133433,0.0
all,0,between_state,27,Trait_LDA,0.4423076923076923,0.40512820512820513,-0.11538461538461542
all,0,between_state,27,State_LDA,0.5,0.4932533733133433,0.0
all,0,between_state,27,Joint_LDA,0.5,0.5,0.0
all,0,between_state,28,Raw,0.6153846153846154,0.6130952380952381,0.23076923076923073
all,0,between_state,28,Trait_LDA,0.5,0.4807987711213518,0.0
all,0,between_state,28,State_LDA,0.6153846153846154,0.6130952380952381,0.23076923076923073
all,0,between_state,28,Joint_LDA,0.6538461538461539,0.6267942583732058,0.3076923076923077
all,0,between_state,29,Raw,0.4642857142857143,0.46360153256704983,-0.0714285714285714
all,0,between_state,29,Trait_LDA,0.39285714285714285,0.3858064516129032,-0.2142857142857142
all,0,between_state,29,State_LDA,0.4642857142857143,0.46360153256704983,-0.0714285714285714
all,0,between_state,29,Joint_LDA,0.5357142857142857,0.5204216073781291,0.0714285714285714
all,0,between_state,3,Raw,0.6923076923076923,0.6601307189542484,0.3846153846153846
all,0,between_state,3,Trait_LDA,0.46153846153846156,0.3680555555555556,-0.07692307692307687
all,0,between_state,3,State_LDA,0.6923076923076923,0.6601307189542484,0.3846153846153846
all,0,between_state,3,Joint_LDA,0.6538461538461539,0.6405529953917051,0.3076923076923077
all,0,between_state,30,Raw,0.5909090909090909,0.5086848635235732,0.18181818181818177
all,0,between_state,30,Trait_LDA,0.5,0.4989648033126294,0.0
all,0,between_state,30,State_LDA,0.5909090909090909,0.5086848635235732,0.18181818181818177
all,0,between_state,30,Joint_LDA,0.5,0.4238095238095238,0.0
all,0,between_state,31,Raw,0.6363636363636364,0.5809523809523809,0.2727272727272727
all,0,between_state,31,Trait_LDA,0.5,0.3333333333333333,0.0
all,0,between_state,31,State_LDA,0.6363636363636364,0.5809523809523809,0.2727272727272727
all,0,between_state,31,Joint_LDA,0.5454545454545454,0.5089285714285714,0.09090909090909094
all,0,between_state,32,Raw,0.5588235294117647,0.5392953929539295,0.11764705882352944
all,0,between_state,32,Trait_LDA,0.5294117647058824,0.4624505928853755,0.05882352941176472
all,0,between_state,32,State_LDA,0.5588235294117647,0.5392953929539295,0.11764705882352944
all,0,between_state,32,Joint_LDA,0.5588235294117647,0.5392953929539295,0.11764705882352944
all,0,between_state,33,Raw,0.5833333333333333,0.5804195804195804,0.16666666666666663
all,0,between_state,33,Trait_LDA,0.5,0.3333333333333333,0.0
all,0,between_state,33,State_LDA,0.5833333333333333,0.5804195804195804,0.16666666666666663
all,0,between_state,33,Joint_LDA,0.3333333333333333,0.25,-0.33333333333333326
all,0,between_state,34,Raw,0.45454545454545453,0.4358974358974359,-0.09090909090909083
all,0,between_state,34,Trait_LDA,0.5454545454545454,0.5299145299145299,0.09090909090909094
all,0,between_state,34,State_LDA,0.45454545454545453,0.4358974358974359,-0.09090909090909083
all,0,between_state,34,Joint_LDA,0.5454545454545454,0.5089285714285714,0.09090909090909094
all,0,between_state,35,Raw,0.7291666666666667,0.7232815964523283,0.45833333333333337
all,0,between_state,35,Trait_LDA,0.47916666666666663,0.47894051237516283,-0.04166666666666674
all,0,between_state,35,State_LDA,0.7291666666666667,0.7232815964523283,0.45833333333333337
all,0,between_state,35,Joint_LDA,0.6041666666666667,0.547394540942928,0.20833333333333337
all,0,between_state,36,Raw,0.7083333333333333,0.7078260869565217,0.41666666666666663
all,0,between_state,36,Trait_LDA,0.5,0.4375,0.0
all,0,between_state,36,State_LDA,0.7083333333333333,0.7078260869565217,0.41666666666666663
all,0,between_state,36,Joint_LDA,0.625,0.6079854809437386,0.25
all,0,between_state,37,Raw,0.7333333333333334,0.7321428571428572,0.4666666666666667
all,0,between_state,37,Trait_LDA,0.6000000000000001,0.5833333333333333,0.19999999999999996
all,0,between_state,37,State_LDA,0.7333333333333334,0.7321428571428572,0.4666666666666667
all,0,between_state,37,Joint_LDA,0.5666666666666667,0.5661846496106786,0.1333333333333333
all,0,between_state,38,Raw,0.5625,0.5333333333333333,0.125
all,0,between_state,38,Trait_LDA,0.5,0.4458874458874459,0.0
all,0,between_state,38,State_LDA,0.5625,0.5333333333333333,0.125
all,0,between_state,38,Joint_LDA,0.53125,0.4684385382059801,0.0625
all,0,between_state,39,Raw,0.625,0.6243478260869566,0.25
all,0,between_state,39,Trait_LDA,0.39583333333333337,0.38920579201404126,-0.20833333333333326
all,0,between_state,39,State_LDA,0.625,0.6243478260869566,0.25
all,0,between_state,39,Joint_LDA,0.5625,0.5529933481152993,0.125
all,0,between_state,4,Raw,0.6190476190476191,0.6181818181818182,0.23809523809523814
all,0,between_state,4,Trait_LDA,0.40476190476190477,0.3761140819964349,-0.19047619047619047
all,0,between_state,4,State_LDA,0.6190476190476191,0.6181818181818182,0.23809523809523814
all,0,between_state,4,Joint_LDA,0.5238095238095237,0.5227272727272727,0.04761904761904767
all,0,between_state,40,Raw,0.16666666666666666,0.14285714285714285,-0.6666666666666667
all,0,between_state,40,Trait_LDA,0.3333333333333333,0.25,-0.33333333333333326
all,0,between_state,40,State_LDA,0.16666666666666666,0.14285714285714285,-0.6666666666666667
all,0,between_state,40,Joint_LDA,0.25,0.2,-0.5
all,0,between_state,6,Raw,0.4880952380952381,0.328,-0.023809523809523725
all,0,between_state,6,Trait_LDA,0.5238095238095238,0.4012829650748396,0.04761904761904767
all,0,between_state,6,State_LDA,0.4880952380952381,0.328,-0.023809523809523725
all,0,between_state,6,Joint_LDA,0.5476190476190476,0.5411155836687751,0.09523809523809523
all,0,between_state,7,Raw,0.6000000000000001,0.5833333333333333,0.19999999999999996
all,0,between_state,7,Trait_LDA,0.5,0.45054945054945056,0.0
all,0,between_state,7,State_LDA,0.6000000000000001,0.5833333333333333,0.19999999999999996
all,0,between_state,7,Joint_LDA,0.5,0.45054945054945056,0.0
all,0,between_state,8,Raw,0.625,0.6,0.25
all,0,between_state,8,Trait_LDA,0.53125,0.4684385382059801,0.0625
all,0,between_state,8,State_LDA,0.59375,0.5733333333333333,0.1875
all,0,between_state,8,Joint_LDA,0.53125,0.3992490613266583,0.0625
