num_subjects,seed,split_type,subject,space,Bal_Acc,F1,Kappa
10,0,trait,,Raw,0.9707074504442925,0.9685261984716378,0.965864695568667
10,0,trait,,Trait_LDA,0.9194788592157013,0.9160129805531569,0.9118030138760541
10,0,trait,,State_LDA,0.2588909598197524,0.19903987056215258,0.1650000721469489
10,0,trait,,Joint_LDA,0.924381500434132,0.9231436099484951,0.9174769293470351
10,1,trait,,Raw,0.9644665687192931,0.9650254732272276,0.9595173525134615
10,1,trait,,Trait_LDA,0.9561683078666198,0.9569832352499178,0.9514192318526331
10,1,trait,,State_LDA,0.20264058659270662,0.157119277131974,0.11287673025949796
10,1,trait,,Joint_LDA,0.965482868195634,0.9652722251801131,0.9595242461554583
10,2,trait,,Raw,0.9627193538169149,0.9620000138170155,0.9569289732174865
10,2,trait,,Trait_LDA,0.9605058933364454,0.9596666019972675,0.9542364374686316
10,2,trait,,State_LDA,0.2460311919295008,0.1994982106725927,0.16097487686659795
10,2,trait,,Joint_LDA,0.9556278445559576,0.9548172162930069,0.9488528223178203
10,3,trait,,Raw,0.9830325914149445,0.9834098492101099,0.9827574684221079
10,3,trait,,Trait_LDA,0.9640016062229684,0.9645851873445459,0.9626378522891834
10,3,trait,,State_LDA,0.22094368672743955,0.1488183399066792,0.14585407903928205
10,3,trait,,Joint_LDA,0.9771026931398449,0.977547310402674,0.9770084213340462
10,4,trait,,Raw,0.934905796552138,0.933590058222924,0.9283275153158518
10,4,trait,,Trait_LDA,0.9241062438013659,0.9240231340483707,0.9176916398937957
10,4,trait,,State_LDA,0.2394828049096342,0.1961609920192562,0.1713398023566638
10,4,trait,,Joint_LDA,0.9235221982173203,0.9236853316953239,0.9176900751555708
10,5,trait,,Raw,0.9802870813397128,0.9796757164404223,0.9779797511820895
10,5,trait,,Trait_LDA,0.967395718316771,0.9670145932513746,0.9642139260430224
10,5,trait,,State_LDA,0.275037773523011,0.2086342835099424,0.19097981183051171
10,5,trait,,Joint_LDA,0.9752779238305553,0.9751772849866664,0.972471688085147
10,6,trait,,Raw,0.9845537791682222,0.9847309457216369,0.9834924612849185
10,6,trait,,Trait_LDA,0.9765879185707828,0.9770924375566594,0.975236162286228
10,6,trait,,State_LDA,0.4003447339970013,0.34559334330432,0.3432689023973773
10,6,trait,,Joint_LDA,0.972187382346501,0.9722379740505183,0.9697363851188003
10,7,trait,,Raw,0.9448602328301037,0.9451223593952776,0.9398218585208054
10,7,trait,,Trait_LDA,0.9524291273502177,0.9525230117265988,0.9484175929687212
10,7,trait,,State_LDA,0.30050021229738816,0.21189207355432416,0.22220420677151664
10,7,trait,,Joint_LDA,0.9378020612525635,0.9376004891415832,0.9312376774993908
10,8,trait,,Raw,0.970551897731113,0.9703360087929693,0.9681426341154377
10,8,trait,,Trait_LDA,0.9752899133386939,0.9748297131250718,0.9739366515837105
10,8,trait,,State_LDA,0.26022821168601223,0.1802192879556186,0.17243873767971785
10,8,trait,,Joint_LDA,0.9752058797252484,0.9753388300713576,0.9739342926961716
10,9,trait,,Raw,0.9683366420873512,0.9683032247254137,0.964243162832497
10,9,trait,,Trait_LDA,0.9610195689166193,0.960645611742701,0.9559933826683097
10,9,trait,,State_LDA,0.3361948850375426,0.29836277794441146,0.25841321639812354
10,9,trait,,Joint_LDA,0.9436610894354873,0.9437925790545856,0.9367366113373004
20,0,trait,,Raw,0.9161962146220812,0.9151509982353184,0.9111478572412843
20,0,trait,,Trait_LDA,0.8043210984626261,0.8021492925555744,0.7896952861898294
20,0,trait,,State_LDA,0.22846623751951095,0.16864738084567393,0.19791751218356024
20,0,trait,,Joint_LDA,0.8261984376522247,0.8197887339723169,0.8157994972194713
20,1,trait,,Raw,0.9341439101240395,0.9340081587996625,0.9307631964524201
20,1,trait,,Trait_LDA,0.8218220324752495,0.8171368345311769,0.8106196869966522
20,1,trait,,State_LDA,0.22848912486358505,0.18724375916698094,0.19064227684481005
20,1,trait,,Joint_LDA,0.8336975304094777,0.8325775413085623,0.8249407981431445
20,2,trait,,Raw,0.906534368318626,0.9058007631602667,0.901585153448999
20,2,trait,,Trait_LDA,0.8560706984288091,0.851215992317331,0.8476776156704633
20,2,trait,,State_LDA,0.2605129096182026,0.19929929566155904,0.22015562430802038
20,2,trait,,Joint_LDA,0.8035450450544646,0.8042524397399722,0.7951005148722657
20,3,trait,,Raw,0.9127143529464099,0.9111286535614049,0.9077763095564586
20,3,trait,,Trait_LDA,0.819299019736792,0.8163443100525068,0.8116944136663908
20,3,trait,,State_LDA,0.20907193394738802,0.1544321738609278,0.16572125951893202
20,3,trait,,Joint_LDA,0.8157485583233818,0.8099369469789771,0.8065945641046417
20,4,trait,,Raw,0.9605541549936945,0.9602205534670751,0.9585813765401852
20,4,trait,,Trait_LDA,0.8973954430671451,0.8955167285317316,0.8917716399916575
20,4,trait,,State_LDA,0.27924588569795605,0.21805956176063646,0.2476618952088141
20,4,trait,,Joint_LDA,0.8677801214628393,0.86257854018515,0.8610639242931302
20,5,trait,,Raw,0.9227060621813509,0.9212170134928627,0.9159939943396128
20,5,trait,,Trait_LDA,0.8273229699469977,0.8240104945440733,0.8184199511684688
20,5,trait,,State_LDA,0.30955271054644307,0.23272676411366824,0.265610803020334
20,5,trait,,Joint_LDA,0.8588919409493487,0.8551230058899915,0.8482596520350267
20,6,trait,,Raw,0.9190919259391281,0.9185541631010887,0.9141401501905142
20,6,trait,,Trait_LDA,0.8523794055985592,0.8528161670522211,0.8428075630307812
20,6,trait,,State_LDA,0.26213830200511845,0.20035285705751785,0.2291366315674216
20,6,trait,,Joint_LDA,0.7902038519900786,0.7788958565742634,0.7741824309434375
20,7,trait,,Raw,0.9432256481689683,0.9433574422925523,0.9409752919826905
20,7,trait,,Trait_LDA,0.8635358714730375,0.8614814088638931,0.8586157403430403
20,7,trait,,State_LDA,0.24662792645299855,0.16845315260426763,0.19984708906526039
20,7,trait,,Joint_LDA,0.8426934353082262,0.8372944412125605,0.836651090537815
20,8,trait,,Raw,0.925260122883716,0.9236917329147986,0.9189125228054333
20,8,trait,,Trait_LDA,0.8964207311940691,0.89465701824285,0.8896793390426994
20,8,trait,,State_LDA,0.27763345453351274,0.20355386275009696,0.23303773524843807
20,8,trait,,Joint_LDA,0.8631517030348643,0.853471371501706,0.853795820963652
20,9,trait,,Raw,0.9001028807132755,0.8970512498828812,0.8959264477263894
20,9,trait,,Trait_LDA,0.8257321700435352,0.8179554909337353,0.8148639013837979
20,9,trait,,State_LDA,0.21917805653596303,0.15217116457097188,0.17233376548644963
20,9,trait,,Joint_LDA,0.7582086689629574,0.7387725658721684,0.7419335256255712
4,0,trait,,Raw,0.9943181818181819,0.9940400170285227,0.991863464973209
4,0,trait,,Trait_LDA,0.9820574162679426,0.9818165685999813,0.9755928167476933
4,0,trait,,State_LDA,0.3939294258373206,0.37362055933484506,0.1963967531181945
4,0,trait,,Joint_LDA,0.9943181818181819,0.9940400170285227,0.991863464973209
4,1,trait,,Raw,1.0,1.0,1.0
4,1,trait,,Trait_LDA,1.0,1.0,1.0
4,1,trait,,State_LDA,0.333502024291498,0.28720173499714774,0.10861993905093614
4,1,trait,,Joint_LDA,1.0,1.0,1.0
4,2,trait,,Raw,0.9689024390243902,0.969316177649511,0.9598160251755024
4,2,trait,,Trait_LDA,0.9814024390243903,0.9816059558724655,0.9758942833631831
4,2,trait,,State_LDA,0.5014246211814278,0.46779955759189695,0.33867754943399897
4,2,trait,,Joint_LDA,0.9751524390243902,0.9754723777712283,0.9678559326136419
4,3,trait,,Raw,0.9443223443223443,0.9461528358691479,0.9325699745547074
4,3,trait,,Trait_LDA,0.9578754578754579,0.9597883757993908,0.9494462402628372
4,3,trait,,State_LDA,0.2989249880554229,0.2977529013220708,0.07495151737512451
4,3,trait,,Joint_LDA,0.9517080745341615,0.9532270119586296,0.9410518510672105
4,4,trait,,Raw,0.987171052631579,0.9871699134199134,0.9823267790262172
4,4,trait,,Trait_LDA,0.9875,0.986821863582427,0.9823340157940919
4,4,trait,,State_LDA,0.3094454887218045,0.3096226477765859,0.08040053873631214
4,4,trait,,Joint_LDA,0.9875,0.986821863582427,0.9823340157940919
4,5,trait,,Raw,0.9800324675324676,0.9811528059499662,0.9747619047619047
4,5,trait,,Trait_LDA,0.9734535201640466,0.975076525908169,0.9663420829805249
4,5,trait,,State_LDA,0.45770961494645707,0.4056902616918897,0.2714872551084895
4,5,trait,,Joint_LDA,0.9719924812030075,0.9741090004522841,0.9663260443691428
4,6,trait,,Raw,0.9878048780487805,0.9876515320541425,0.9833289919249805
4,6,trait,,Trait_LDA,0.9939024390243902,0.9939015320541424,0.9916640616859436
4,6,trait,,State_LDA,0.4133504492939666,0.366085500394011,0.22098319459714144
4,6,trait,,Joint_LDA,0.9878048780487805,0.9876515320541425,0.9833289919249805
4,7,trait,,Raw,1.0,1.0,1.0
4,7,trait,,Trait_LDA,1.0,1.0,1.0
4,7,trait,,State_LDA,0.16784988385598143,0.15592136020275094,-0.10770813936394363
4,7,trait,,Joint_LDA,1.0,1.0,1.0
4,8,trait,,Raw,0.9953703703703703,0.9948545626378241,0.9925160966636006
4,8,trait,,Trait_LDA,0.9953703703703703,0.9948545626378241,0.9925160966636006
4,8,trait,,State_LDA,0.3466242711669541,0.30201505889044794,0.1406513559102115
4,8,trait,,Joint_LDA,1.0,1.0,1.0
4,9,trait,,Raw,0.9939024390243902,0.9939724037763253,0.9920145364127576
4,9,trait,,Trait_LDA,0.9878048780487805,0.988013207005455,0.9840283091048202
4,9,trait,,State_LDA,0.2613341706506766,0.23818860232513947,0.015528396836807845
4,9,trait,,Joint_LDA,0.9817073170731707,0.9820428905917412,0.9760413179666204
80,0,trait,,Raw,0.7904718978546119,0.7836849204294071,0.7861054055727237
80,0,trait,,Trait_LDA,0.5577056262164606,0.5292732391971311,0.5473651987896268
80,0,trait,,State_LDA,0.16065160237920717,0.10792530711572801,0.1499354705891559
80,0,trait,,Joint_LDA,0.05152070537632721,0.020712420946773346,0.03755598625825307
80,1,trait,,Raw,0.8029441785757863,0.7993251133446669,0.7983427945774622
80,1,trait,,Trait_LDA,0.5017352111734402,0.4725239023573655,0.4909594696628591
80,1,trait,,State_LDA,0.18372409344638,0.13167526458044848,0.17375221779622319
80,1,trait,,Joint_LDA,0.05088579291365669,0.01965337020146956,0.03694299067369544
80,2,trait,,Raw,0.8061146268932408,0.7999287320948257,0.802713245898013
80,2,trait,,Trait_LDA,0.5269833824732333,0.4965482981340646,0.5167523282989654
80,2,trait,,State_LDA,0.16164423396922598,0.09969796783827943,0.14922290727342913
80,2,trait,,Joint_LDA,0.04434156589465055,0.020114803461336376,0.031089232008926992
80,3,trait,,Raw,0.7987861305545885,0.7955968548848744,0.7944733568842203
80,3,trait,,Trait_LDA,0.4969735177605957,0.47390298077800325,0.4879323643645862
80,3,trait,,State_LDA,0.17305745461273053,0.11227166049995083,0.1617369876231357
80,3,trait,,Joint_LDA,0.04189785704491587,0.01604404166549609,0.027147568690508495
80,4,trait,,Raw,0.7913854713873939,0.787157762601425,0.7891793017247645
80,4,trait,,Trait_LDA,0.48801016540016545,0.4656050682642248,0.4808482067604538
80,4,trait,,State_LDA,0.15002471813564555,0.10333328401617596,0.14059752623368182
80,4,trait,,Joint_LDA,0.047133923679079606,0.021186685552821678,0.0333356996216001
80,5,trait,,Raw,0.7858903437982221,0.7819035578373601,0.7849152979528976
80,5,trait,,Trait_LDA,0.5512438271121931,0.5233014521474584,0.5440347134452719
80,5,trait,,State_LDA,0.134995673559474,0.08584756829049933,0.12491578162921824
80,5,trait,,Joint_LDA,0.04361145202953139,0.016719082564487068,0.033915390686599545
80,6,trait,,Raw,0.8021724970184826,0.7978489779216391,0.7993576714630156
80,6,trait,,Trait_LDA,0.5036015929845148,0.47295780009492566,0.4921027652039047
80,6,trait,,State_LDA,0.17307633882321322,0.10729434050049509,0.16136389937656392
80,6,trait,,Joint_LDA,0.04720302659157148,0.018750159413111304,0.03295797699453673
80,7,trait,,Raw,0.8192110959114867,0.81583552226442,0.8167211838578196
80,7,trait,,Trait_LDA,0.543567443544745,0.5172402104129872,0.5342726152672986
80,7,trait,,State_LDA,0.18252724583985935,0.1290744186590744,0.17278451384531057
80,7,trait,,Joint_LDA,0.043928018575851394,0.018933543380265656,0.029933118559460348
80,8,trait,,Raw,0.81729492732842,0.8131033448567925,0.8144011945221847
80,8,trait,,Trait_LDA,0.5672394366482418,0.5405173915561303,0.5601883874776226
80,8,trait,,State_LDA,0.15461526507299678,0.10816158955490127,0.14525792250018787
80,8,trait,,Joint_LDA,0.05166835102079194,0.02532925491158134,0.03959461825552235
80,9,trait,,Raw,0.8065405832289511,0.802896345624089,0.8033823049429021
80,9,trait,,Trait_LDA,0.5049911984206181,0.479340085130253,0.4943058997073514
80,9,trait,,State_LDA,0.1594615689153364,0.10909142427109972,0.1486154349005252
80,9,trait,,Joint_LDA,0.046819187004945514,0.016405123187814598,0.031546465153287295
10,0,within_state,S009,Raw,0.3088888888888889,0.20675381263616557,0.17801784875528415
10,0,within_state,S009,Trait_LDA,0.3088888888888889,0.20675381263616557,0.17801784875528415
10,0,within_state,S009,State_LDA,0.22666666666666666,0.14309764309764308,0.048316251830161194
10,0,within_state,S009,Joint_LDA,0.26888888888888884,0.17592592592592593,0.10237748665696267
10,0,within_state,S010,Raw,0.15936507936507938,0.09401629072681704,-0.03130287648054142
10,0,within_state,S010,Trait_LDA,0.15936507936507938,0.09401629072681704,-0.03130287648054142
10,0,within_state,S010,State_LDA,0.1707936507936508,0.0892156862745098,-0.028460543337645472
10,0,within_state,S010,Joint_LDA,0.24158730158730157,0.13352826510721247,0.04790419161676651
10,0,within_state,S021,Raw,0.3919191919191919,0.2575661886006713,0.18930957683741667
10,0,within_state,S021,Trait_LDA,0.3919191919191919,0.2575661886006713,0.18930957683741667
10,0,within_state,S021,State_LDA,0.43232323232323233,0.2984472049689441,0.2453825857519788
10,0,within_state,S021,Joint_LDA,0.37373737373737376,0.23449788263762858,0.18110236220472442
10,0,within_state,S044,Raw,0.35363247863247865,0.28793652444768064,0.18540804813839795
10,0,within_state,S044,Trait_LDA,0.35363247863247865,0.28793652444768064,0.18540804813839795
10,0,within_state,S044,State_LDA,0.3215811965811966,0.21824032176973351,0.14798206278026904
10,0,within_state,S044,Joint_LDA,0.35106837606837604,0.2375636113567148,0.18571428571428572
10,0,within_state,S065,Raw,0.21636363636363637,0.14633819339701692,0.023111417730251715
10,0,within_state,S065,Trait_LDA,0.21636363636363637,0.14633819339701692,0.023111417730251715
10,0,within_state,S065,State_LDA,0.2015151515151515,0.10649529538063213,-0.007513661202185773
10,0,within_state,S065,Joint_LDA,0.2348484848484848,0.1325854700854701,0.021761658031087983
10,0,within_state,S072,Raw,0.21111111111111108,0.18347763347763346,0.07470564352415732
10,0,within_state,S072,Trait_LDA,0.21111111111111108,0.18347763347763346,0.07470564352415732
10,0,within_state,S072,State_LDA,0.2333333333333333,0.19487577639751552,0.09878542510121469
10,0,within_state,S072,Joint_LDA,0.21555555555555556,0.15833333333333335,0.07545638945233246
10,0,within_state,S076,Raw,0.18666666666666668,0.15644257703081232,0.05003909304143872
10,0,within_state,S076,Trait_LDA,0.18666666666666668,0.15644257703081232,0.05003909304143872
10,0,within_state,S076,State_LDA,0.2066666666666667,0.1611456176673568,0.06382978723404253
10,0,within_state,S076,Joint_LDA,0.20666666666666664,0.16174948240165632,0.06382978723404265
10,0,within_state,S087,Raw,0.16246031746031744,0.10297619047619049,-0.02951475737868936
10,0,within_state,S087,Trait_LDA,0.16246031746031744,0.10297619047619049,-0.02951475737868936
10,0,within_state,S087,State_LDA,0.20468253968253966,0.14175184134861554,0.025360517155644025
10,0,within_state,S087,Joint_LDA,0.16468253968253968,0.10094408133623821,-0.00048614487117148997
10,0,within_state,S104,Raw,0.32272727272727275,0.24915824915824913,0.16317991631799178
10,0,within_state,S104,Trait_LDA,0.32272727272727275,0.24915824915824913,0.16317991631799178
10,0,within_state,S104,State_LDA,0.29772727272727273,0.22520189362294626,0.13227016885553478
10,0,within_state,S104,Joint_LDA,0.29772727272727273,0.22618566877551935,0.13873370577281174
10,0,within_state,S106,Raw,0.2761072261072261,0.1809462915601023,0.09832134292565953
10,0,within_state,S106,Trait_LDA,0.2761072261072261,0.1809462915601023,0.09832134292565953
10,0,within_state,S106,State_LDA,0.212004662004662,0.1465873319449757,0.016867469879518038
10,0,within_state,S106,Joint_LDA,0.22995337995338,0.14242004171193787,0.04162923030847554
10,1,within_state,S003,Raw,0.28828282828282825,0.21287477954144618,0.14029736942432336
10,1,within_state,S003,Trait_LDA,0.28828282828282825,0.21287477954144618,0.14029736942432336
10,1,within_state,S003,State_LDA,0.26747474747474753,0.21191626409017714,0.12665406427221182
10,1,within_state,S003,Joint_LDA,0.2212121212121212,0.18717348927875244,0.0812452543659834
10,1,within_state,S005,Raw,0.2381818181818182,0.15215686274509804,0.06630476929042273
10,1,within_state,S005,Trait_LDA,0.2381818181818182,0.15215686274509804,0.06630476929042273
10,1,within_state,S005,State_LDA,0.22000000000000003,0.1305141411403271,0.04570100697134016
10,1,within_state,S005,Joint_LDA,0.2018181818181818,0.1216931216931217,0.025145067698259194
10,1,within_state,S029,Raw,0.2782051282051282,0.21133159475264737,0.1076345431789737
10,1,within_state,S029,Trait_LDA,0.2782051282051282,0.21133159475264737,0.1076345431789737
10,1,within_state,S029,State_LDA,0.2382051282051282,0.19497354497354494,0.0840258541089568
10,1,within_state,S029,Joint_LDA,0.27358974358974364,0.22673160173160176,0.13470873786407767
10,1,within_state,S040,Raw,0.37272727272727274,0.2750793650793651,0.21544869367663766
10,1,within_state,S040,Trait_LDA,0.37272727272727274,0.2750793650793651,0.21544869367663766
10,1,within_state,S040,State_LDA,0.33535353535353535,0.24426646325959825,0.16704805491990848
10,1,within_state,S040,Joint_LDA,0.25606060606060604,0.20083184789067143,0.10416666666666652
10,1,within_state,S049,Raw,0.23666666666666666,0.20331232492997198,0.08639228772710417
10,1,within_state,S049,Trait_LDA,0.23666666666666666,0.20331232492997198,0.08639228772710417
10,1,within_state,S049,State_LDA,0.2677777777777778,0.22084883926989188,0.09850517439632045
10,1,within_state,S049,Joint_LDA,0.23888888888888887,0.1945450885668277,0.06025934401220434
10,1,within_state,S058,Raw,0.3428282828282828,0.217061077304485,0.17630057803468213
10,1,within_state,S058,Trait_LDA,0.3428282828282828,0.217061077304485,0.17630057803468213
10,1,within_state,S058,State_LDA,0.32646464646464646,0.23625140291806956,0.16950959488272932
10,1,within_state,S058,Joint_LDA,0.40101010101010104,0.28900284900284906,0.23752711496746193
10,1,within_state,S062,Raw,0.25575757575757574,0.1882728979503173,0.06743940990516328
10,1,within_state,S062,Trait_LDA,0.25575757575757574,0.1882728979503173,0.06743940990516328
10,1,within_state,S062,State_LDA,0.2872727272727273,0.2127680311890838,0.10321668434075637
10,1,within_state,S062,Joint_LDA,0.27575757575757576,0.20169453734671125,0.09357541899441335
10,1,within_state,S064,Raw,0.34161616161616165,0.27669657234874623,0.19738863287250386
10,1,within_state,S064,Trait_LDA,0.34161616161616165,0.27669657234874623,0.19738863287250386
10,1,within_state,S064,State_LDA,0.32161616161616163,0.25918237623043117,0.17341040462427737
10,1,within_state,S064,Joint_LDA,0.3523232323232323,0.24801587301587302,0.1964628988850443
10,1,within_state,S087,Raw,0.16246031746031744,0.10297619047619049,-0.02951475737868936
10,1,within_state,S087,Trait_LDA,0.16246031746031744,0.10297619047619049,-0.02951475737868936
10,1,within_state,S087,State_LDA,0.20468253968253966,0.14175184134861554,0.025360517155644025
10,1,within_state,S087,Joint_LDA,0.16468253968253968,0.10094408133623821,-0.00048614487117148997
10,1,within_state,S108,Raw,0.23666666666666666,0.16325757575757574,0.07766990291262144
10,1,within_state,S108,Trait_LDA,0.23666666666666666,0.16325757575757574,0.07766990291262144
10,1,within_state,S108,State_LDA,0.22777777777777777,0.1360153256704981,0.07367280606717219
10,1,within_state,S108,Joint_LDA,0.11111111111111112,0.08112874779541446,-0.03932785126921701
10,2,within_state,S010,Raw,0.15936507936507938,0.09401629072681704,-0.03130287648054142
10,2,within_state,S010,Trait_LDA,0.15936507936507938,0.09401629072681704,-0.03130287648054142
10,2,within_state,S010,State_LDA,0.1707936507936508,0.0892156862745098,-0.028460543337645472
10,2,within_state,S010,Joint_LDA,0.24158730158730157,0.13352826510721247,0.04790419161676651
10,2,within_state,S012,Raw,0.27575757575757576,0.1714119214119214,0.10024252223120445
10,2,within_state,S012,Trait_LDA,0.27575757575757576,0.1714119214119214,0.10024252223120445
10,2,within_state,S012,State_LDA,0.2606060606060606,0.16110432777099443,0.09327902240325858
10,2,within_state,S012,Joint_LDA,0.25757575757575757,0.15625,0.08949260886935662
10,2,within_state,S018,Raw,0.26862914862914866,0.17773226375376913,0.07972270363951495
10,2,within_state,S018,Trait_LDA,0.26862914862914866,0.17773226375376913,0.07972270363951495
10,2,within_state,S018,State_LDA,0.2482251082251082,0.1777940697295536,0.08803763440860213
10,2,within_state,S018,Joint_LDA,0.22822510822510825,0.1636746072698085,0.08602504943968359
10,2,within_state,S026,Raw,0.28888888888888886,0.21954244585823535,0.15025906735751293
10,2,within_state,S026,Trait_LDA,0.28888888888888886,0.21954244585823535,0.15025906735751293
10,2,within_state,S026,State_LDA,0.27444444444444444,0.22208729226717908,0.13814584096738736
10,2,within_state,S026,Joint_LDA,0.21888888888888886,0.1541359196008152,0.07962016070124167
10,2,within_state,S041,Raw,0.2127272727272727,0.16710696710696712,0.06189624329159216
10,2,within_state,S041,Trait_LDA,0.2127272727272727,0.16710696710696712,0.06189624329159216
10,2,within_state,S041,State_LDA,0.24464646464646464,0.19170147591200223,0.10332499106185189
10,2,within_state,S041,Joint_LDA,0.24646464646464644,0.1955337690631808,0.10683760683760679
10,2,within_state,S056,Raw,0.3255011655011655,0.25925561029009303,0.1920529801324503
10,2,within_state,S056,Trait_LDA,0.3255011655011655,0.25925561029009303,0.1920529801324503
10,2,within_state,S056,State_LDA,0.3482983682983683,0.2690562613430127,0.2065355329949239
10,2,within_state,S056,Joint_LDA,0.3101165501165501,0.24621009928472296,0.17359798361688716
10,2,within_state,S065,Raw,0.21636363636363637,0.14633819339701692,0.023111417730251715
10,2,within_state,S065,Trait_LDA,0.21636363636363637,0.14633819339701692,0.023111417730251715
10,2,within_state,S065,State_LDA,0.2015151515151515,0.10649529538063213,-0.007513661202185773
10,2,within_state,S065,Joint_LDA,0.2348484848484848,0.1325854700854701,0.021761658031087983
10,2,within_state,S067,Raw,0.14545454545454545,0.09707602339181286,-0.0625
10,2,within_state,S067,Trait_LDA,0.14545454545454545,0.09707602339181286,-0.0625
10,2,within_state,S067,State_LDA,0.12727272727272726,0.0873015873015873,-0.08333333333333326
10,2,within_state,S067,Joint_LDA,0.14545454545454545,0.11489463601532565,-0.0625
10,2,within_state,S081,Raw,0.2665151515151515,0.2051441241685144,0.06666666666666665
10,2,within_state,S081,Trait_LDA,0.2665151515151515,0.2051441241685144,0.06666666666666665
10,2,within_state,S081,State_LDA,0.2696969696969697,0.23112475759534581,0.06888361045130631
10,2,within_state,S081,Joint_LDA,0.2665151515151515,0.17554112554112555,0.06962025316455689
10,2,within_state,S104,Raw,0.32272727272727275,0.24915824915824913,0.16317991631799178
10,2,within_state,S104,Trait_LDA,0.32272727272727275,0.24915824915824913,0.16317991631799178
10,2,within_state,S104,State_LDA,0.29772727272727273,0.22520189362294626,0.13227016885553478
10,2,within_state,S104,Joint_LDA,0.29772727272727273,0.22618566877551935,0.13873370577281174
10,3,within_state,S053,Raw,0.4159090909090909,0.34599567099567097,0.22388059701492546
10,3,within_state,S053,Trait_LDA,0.4159090909090909,0.34599567099567097,0.22388059701492546
10,3,within_state,S053,State_LDA,0.39217171717171717,0.32528243686138425,0.199637845178814
10,3,within_state,S053,Joint_LDA,0.40909090909090906,0.35023809523809524,0.22070844686648505
10,3,within_state,S054,Raw,0.2363636363636364,0.17565552683520014,0.04444444444444462
10,3,within_state,S054,Trait_LDA,0.2363636363636364,0.17565552683520014,0.04444444444444462
10,3,within_state,S054,State_LDA,0.2631818181818182,0.18306878306878308,0.06589785831960449
10,3,within_state,S054,Joint_LDA,0.22636363636363638,0.1682429888951628,0.03850931677018632
10,3,within_state,S056,Raw,0.3255011655011655,0.25925561029009303,0.1920529801324503
10,3,within_state,S056,Trait_LDA,0.3255011655011655,0.25925561029009303,0.1920529801324503
10,3,within_state,S056,State_LDA,0.3482983682983683,0.2690562613430127,0.2065355329949239
10,3,within_state,S056,Joint_LDA,0.3101165501165501,0.24621009928472296,0.17359798361688716
10,3,within_state,S059,Raw,0.14188034188034188,0.12205910031996987,0.01015228426395931
10,3,within_state,S059,Trait_LDA,0.14188034188034188,0.12205910031996987,0.01015228426395931
10,3,within_state,S059,State_LDA,0.14871794871794872,0.1300583474496518,0.009314140558848383
10,3,within_state,S059,Joint_LDA,0.18632478632478633,0.13752913752913754,0.053344623200677455
10,3,within_state,S072,Raw,0.21111111111111108,0.18347763347763346,0.07470564352415732
10,3,within_state,S072,Trait_LDA,0.21111111111111108,0.18347763347763346,0.07470564352415732
10,3,within_state,S072,State_LDA,0.2333333333333333,0.19487577639751552,0.09878542510121469
10,3,within_state,S072,Joint_LDA,0.21555555555555556,0.15833333333333335,0.07545638945233246
10,3,within_state,S073,Raw,0.22828282828282828,0.1626642771804062,0.0777439024390244
10,3,within_state,S073,Trait_LDA,0.22828282828282828,0.1626642771804062,0.0777439024390244
10,3,within_state,S073,State_LDA,0.2363636363636364,0.15404040404040406,0.08194233687405161
10,3,within_state,S073,Joint_LDA,0.2646464646464647,0.1968253968253968,0.11899313501144193
10,3,within_state,S078,Raw,0.1522222222222222,0.11105743424584004,-0.037644787644787625
10,3,within_state,S078,Trait_LDA,0.1522222222222222,0.11105743424584004,-0.037644787644787625
10,3,within_state,S078,State_LDA,0.17722222222222223,0.12499999999999999,-0.013024602026049381
10,3,within_state,S078,Joint_LDA,0.13,0.10793650793650793,-0.06228874939642681
10,3,within_state,S084,Raw,0.2583333333333333,0.1934355118565645,0.0987415295256533
10,3,within_state,S084,Trait_LDA,0.2583333333333333,0.1934355118565645,0.0987415295256533
10,3,within_state,S084,State_LDA,0.30277777777777776,0.21958041958041954,0.13909224011713028
10,3,within_state,S084,Joint_LDA,0.2777777777777778,0.2111212374370269,0.12288340590227365
10,3,within_state,S091,Raw,0.3841414141414142,0.26313431428032447,0.20654627539503378
10,3,within_state,S091,Trait_LDA,0.3841414141414142,0.26313431428032447,0.20654627539503378
10,3,within_state,S091,State_LDA,0.3915151515151515,0.27546296296296297,0.23253275109170302
10,3,within_state,S091,Joint_LDA,0.31747474747474747,0.23436308161708616,0.15711645101663585
10,3,within_state,S109,Raw,0.26454545454545453,0.20252599090318388,0.12251655629139069
10,3,within_state,S109,Trait_LDA,0.26454545454545453,0.20252599090318388,0.12251655629139069
10,3,within_state,S109,State_LDA,0.21636363636363637,0.15061728395061727,0.06470588235294095
10,3,within_state,S109,Joint_LDA,0.23272727272727273,0.17901234567901234,0.0953372189841799
10,4,within_state,S008,Raw,0.3005050505050505,0.19871356891213834,0.12797739200645952
10,4,within_state,S008,Trait_LDA,0.3005050505050505,0.19871356891213834,0.12797739200645952
10,4,within_state,S008,State_LDA,0.29242424242424236,0.2114960860877376,0.1258599757183324
10,4,within_state,S008,Joint_LDA,0.25606060606060604,0.18618233618233618,0.08805790108564526
10,4,within_state,S015,Raw,0.33571428571428574,0.20211988304093564,0.13978494623655913
10,4,within_state,S015,Trait_LDA,0.33571428571428574,0.20211988304093564,0.13978494623655913
10,4,within_state,S015,State_LDA,0.2904761904761905,0.16787037037037036,0.09919571045576392
10,4,within_state,S015,Joint_LDA,0.3238095238095238,0.20815295815295812,0.1401151631477927
10,4,within_state,S022,Raw,0.4727272727272728,0.3946265172735761,0.3527260638297871
10,4,within_state,S022,Trait_LDA,0.4727272727272728,0.3946265172735761,0.3527260638297871
10,4,within_state,S022,State_LDA,0.43636363636363634,0.34406162464985995,0.303306342780027
10,4,within_state,S022,Joint_LDA,0.43636363636363634,0.3622863247863248,0.3159986750579661
10,4,within_state,S026,Raw,0.28888888888888886,0.21954244585823535,0.15025906735751293
10,4,within_state,S026,Trait_LDA,0.28888888888888886,0.21954244585823535,0.15025906735751293
10,4,within_state,S026,State_LDA,0.27444444444444444,0.22208729226717908,0.13814584096738736
10,4,within_state,S026,Joint_LDA,0.21888888888888886,0.1541359196008152,0.07962016070124167
10,4,within_state,S028,Raw,0.10454545454545454,0.08132650466746576,-0.08225108225108224
10,4,within_state,S028,Trait_LDA,0.10454545454545454,0.08132650466746576,-0.08225108225108224
10,4,within_state,S028,State_LDA,0.16590909090909092,0.1324915824915825,-0.009371339320577876
10,4,within_state,S028,Joint_LDA,0.11590909090909092,0.0945887445887446,-0.05769230769230771
10,4,within_state,S049,Raw,0.23666666666666666,0.20331232492997198,0.08639228772710417
10,4,within_state,S049,Trait_LDA,0.23666666666666666,0.20331232492997198,0.08639228772710417
10,4,within_state,S049,State_LDA,0.2677777777777778,0.22084883926989188,0.09850517439632045
10,4,within_state,S049,Joint_LDA,0.23888888888888887,0.1945450885668277,0.06025934401220434
10,4,within_state,S055,Raw,0.4002020202020202,0.29368686868686866,0.23544973544973546
10,4,within_state,S055,Trait_LDA,0.4002020202020202,0.29368686868686866,0.23544973544973546
10,4,within_state,S055,State_LDA,0.40727272727272723,0.2986111111111111,0.24427480916030542
10,4,within_state,S055,Joint_LDA,0.40242424242424235,0.29583333333333334,0.23746701846965712
10,4,within_state,S065,Raw,0.21636363636363637,0.14633819339701692,0.023111417730251715
10,4,within_state,S065,Trait_LDA,0.21636363636363637,0.14633819339701692,0.023111417730251715
10,4,within_state,S065,State_LDA,0.2015151515151515,0.10649529538063213,-0.007513661202185773
10,4,within_state,S065,Joint_LDA,0.2348484848484848,0.1325854700854701,0.021761658031087983
10,4,within_state,S089,Raw,0.4139860139860139,0.4031849040923451,0.20661157024793397
10,4,within_state,S089,Trait_LDA,0.4139860139860139,0.4031849040923451,0.20661157024793397
10,4,within_state,S089,State_LDA,0.43578088578088575,0.4062885154061625,0.23491773308957953
10,4,within_state,S089,Joint_LDA,0.3998834498834499,0.3763900376803602,0.18778486782133097
10,4,within_state,S103,Raw,0.1716783216783217,0.11759406465288817,-0.01673640167364021
10,4,within_state,S103,Trait_LDA,0.1716783216783217,0.11759406465288817,-0.01673640167364021
10,4,within_state,S103,State_LDA,0.1966783216783217,0.1299719887955182,0.012058212058211892
10,4,within_state,S103,Joint_LDA,0.19168331668331667,0.12886710239651417,-0.00496277915632759
10,5,within_state,S009,Raw,0.3088888888888889,0.20675381263616557,0.17801784875528415
10,5,within_state,S009,Trait_LDA,0.3088888888888889,0.20675381263616557,0.17801784875528415
10,5,within_state,S009,State_LDA,0.22666666666666666,0.14309764309764308,0.048316251830161194
10,5,within_state,S009,Joint_LDA,0.26888888888888884,0.17592592592592593,0.10237748665696267
10,5,within_state,S010,Raw,0.15936507936507938,0.09401629072681704,-0.03130287648054142
10,5,within_state,S010,Trait_LDA,0.15936507936507938,0.09401629072681704,-0.03130287648054142
10,5,within_state,S010,State_LDA,0.1707936507936508,0.0892156862745098,-0.028460543337645472
10,5,within_state,S010,Joint_LDA,0.24158730158730157,0.13352826510721247,0.04790419161676651
10,5,within_state,S011,Raw,0.21818181818181817,0.14664664664664664,0.03581363004172455
10,5,within_state,S011,Trait_LDA,0.21818181818181817,0.14664664664664664,0.03581363004172455
10,5,within_state,S011,State_LDA,0.2363636363636364,0.18312849860837477,0.056328233657857996
10,5,within_state,S011,Joint_LDA,0.2727272727272727,0.19660919540229882,0.0973574408901251
10,5,within_state,S012,Raw,0.27575757575757576,0.1714119214119214,0.10024252223120445
10,5,within_state,S012,Trait_LDA,0.27575757575757576,0.1714119214119214,0.10024252223120445
10,5,within_state,S012,State_LDA,0.2606060606060606,0.16110432777099443,0.09327902240325858
10,5,within_state,S012,Joint_LDA,0.25757575757575757,0.15625,0.08949260886935662
10,5,within_state,S044,Raw,0.35363247863247865,0.28793652444768064,0.18540804813839795
10,5,within_state,S044,Trait_LDA,0.35363247863247865,0.28793652444768064,0.18540804813839795
10,5,within_state,S044,State_LDA,0.3215811965811966,0.21824032176973351,0.14798206278026904
10,5,within_state,S044,Joint_LDA,0.35106837606837604,0.2375636113567148,0.18571428571428572
10,5,within_state,S047,Raw,0.27936507936507937,0.2192760942760943,0.15257422021796307
10,5,within_state,S047,Trait_LDA,0.27936507936507937,0.2192760942760943,0.15257422021796307
10,5,within_state,S047,State_LDA,0.30158730158730157,0.23886104149262044,0.17541229385307333
10,5,within_state,S047,Joint_LDA,0.30357142857142855,0.23535087719298242,0.15700934579439252
10,5,within_state,S054,Raw,0.2363636363636364,0.17565552683520014,0.04444444444444462
10,5,within_state,S054,Trait_LDA,0.2363636363636364,0.17565552683520014,0.04444444444444462
10,5,within_state,S054,State_LDA,0.2631818181818182,0.18306878306878308,0.06589785831960449
10,5,within_state,S054,Joint_LDA,0.22636363636363638,0.1682429888951628,0.03850931677018632
10,5,within_state,S072,Raw,0.21111111111111108,0.18347763347763346,0.07470564352415732
10,5,within_state,S072,Trait_LDA,0.21111111111111108,0.18347763347763346,0.07470564352415732
10,5,within_state,S072,State_LDA,0.2333333333333333,0.19487577639751552,0.09878542510121469
10,5,within_state,S072,Joint_LDA,0.21555555555555556,0.15833333333333335,0.07545638945233246
10,5,within_state,S075,Raw,0.2927272727272728,0.21902534113060432,0.13096139288417874
10,5,within_state,S075,Trait_LDA,0.2927272727272728,0.21902534113060432,0.13096139288417874
10,5,within_state,S075,State_LDA,0.23454545454545456,0.16765873015873015,0.05557684936757368
10,5,within_state,S075,Joint_LDA,0.25636363636363635,0.1901756495024377,0.08231707317073167
10,5,within_state,S106,Raw,0.2761072261072261,0.1809462915601023,0.09832134292565953
10,5,within_state,S106,Trait_LDA,0.2761072261072261,0.1809462915601023,0.09832134292565953
10,5,within_state,S106,State_LDA,0.212004662004662,0.1465873319449757,0.016867469879518038
10,5,within_state,S106,Joint_LDA,0.22995337995338,0.14242004171193787,0.04162923030847554
10,6,within_state,S005,Raw,0.2381818181818182,0.15215686274509804,0.06630476929042273
10,6,within_state,S005,Trait_LDA,0.2381818181818182,0.15215686274509804,0.06630476929042273
10,6,within_state,S005,State_LDA,0.22000000000000003,0.1305141411403271,0.04570100697134016
10,6,within_state,S005,Joint_LDA,0.2018181818181818,0.1216931216931217,0.025145067698259194
10,6,within_state,S013,Raw,0.2708313908313908,0.1966490299823633,0.08530465949820776
10,6,within_state,S013,Trait_LDA,0.2708313908313908,0.1966490299823633,0.08530465949820776
10,6,within_state,S013,State_LDA,0.228034188034188,0.15020743145743146,0.055240793201133065
10,6,within_state,S013,Joint_LDA,0.3357420357420357,0.26805555555555555,0.18252290345313593
10,6,within_state,S038,Raw,0.22222222222222224,0.1272727272727273,0.04788418708240516
10,6,within_state,S038,Trait_LDA,0.22222222222222224,0.1272727272727273,0.04788418708240516
10,6,within_state,S038,State_LDA,0.2,0.10894660894660894,0.04376367614879639
10,6,within_state,S038,Joint_LDA,0.2,0.10837606837606838,0.042716319824753546
10,6,within_state,S049,Raw,0.23666666666666666,0.20331232492997198,0.08639228772710417
10,6,within_state,S049,Trait_LDA,0.23666666666666666,0.20331232492997198,0.08639228772710417
10,6,within_state,S049,State_LDA,0.2677777777777778,0.22084883926989188,0.09850517439632045
10,6,within_state,S049,Joint_LDA,0.23888888888888887,0.1945450885668277,0.06025934401220434
10,6,within_state,S052,Raw,0.18441558441558442,0.14717741935483872,0.005543710021321813
10,6,within_state,S052,Trait_LDA,0.18441558441558442,0.14717741935483872,0.005543710021321813
10,6,within_state,S052,State_LDA,0.2207792207792208,0.17231379731379728,0.05074626865671639
10,6,within_state,S052,Joint_LDA,0.15988455988455988,0.10805860805860805,-0.01792573623559557
10,6,within_state,S059,Raw,0.14188034188034188,0.12205910031996987,0.01015228426395931
10,6,within_state,S059,Trait_LDA,0.14188034188034188,0.12205910031996987,0.01015228426395931
10,6,within_state,S059,State_LDA,0.14871794871794872,0.1300583474496518,0.009314140558848383
10,6,within_state,S059,Joint_LDA,0.18632478632478633,0.13752913752913754,0.053344623200677455
10,6,within_state,S068,Raw,0.20909090909090908,0.12797619047619047,0.027027027027026973
10,6,within_state,S068,Trait_LDA,0.20909090909090908,0.12797619047619047,0.027027027027026973
10,6,within_state,S068,State_LDA,0.18409090909090908,0.12068797742422031,-0.006628003314001818
10,6,within_state,S068,Joint_LDA,0.15909090909090912,0.10312343828085957,-0.027295285359801413
10,6,within_state,S069,Raw,0.32727272727272727,0.23239991003148897,0.20035971223021576
10,6,within_state,S069,Trait_LDA,0.32727272727272727,0.23239991003148897,0.20035971223021576
10,6,within_state,S069,State_LDA,0.3090909090909091,0.2253393665158371,0.18947742623533592
10,6,within_state,S069,Joint_LDA,0.2909090909090909,0.19936811934075957,0.15935251798561145
10,6,within_state,S072,Raw,0.21111111111111108,0.18347763347763346,0.07470564352415732
10,6,within_state,S072,Trait_LDA,0.21111111111111108,0.18347763347763346,0.07470564352415732
10,6,within_state,S072,State_LDA,0.2333333333333333,0.19487577639751552,0.09878542510121469
10,6,within_state,S072,Joint_LDA,0.21555555555555556,0.15833333333333335,0.07545638945233246
10,6,within_state,S102,Raw,0.286060606060606,0.22992868645042555,0.1426607081471296
10,6,within_state,S102,Trait_LDA,0.286060606060606,0.22992868645042555,0.1426607081471296
10,6,within_state,S102,State_LDA,0.2678787878787879,0.2129183135704875,0.12452830188679231
10,6,within_state,S102,Joint_LDA,0.24787878787878787,0.20209447415329765,0.10647038685381727
10,7,within_state,S005,Raw,0.2381818181818182,0.15215686274509804,0.06630476929042273
10,7,within_state,S005,Trait_LDA,0.2381818181818182,0.15215686274509804,0.06630476929042273
10,7,within_state,S005,State_LDA,0.22000000000000003,0.1305141411403271,0.04570100697134016
10,7,within_state,S005,Joint_LDA,0.2018181818181818,0.1216931216931217,0.025145067698259194
10,7,within_state,S036,Raw,0.17493894993894993,0.12557998933928616,-0.009025270758122872
10,7,within_state,S036,Trait_LDA,0.17493894993894993,0.12557998933928616,-0.009025270758122872
10,7,within_state,S036,State_LDA,0.25757020757020754,0.18501221001221002,0.07349665924276161
10,7,within_state,S036,Joint_LDA,0.17493894993894993,0.13205128205128205,0.00666370501999114
10,7,within_state,S040,Raw,0.37272727272727274,0.2750793650793651,0.21544869367663766
10,7,within_state,S040,Trait_LDA,0.37272727272727274,0.2750793650793651,0.21544869367663766
10,7,within_state,S040,State_LDA,0.33535353535353535,0.24426646325959825,0.16704805491990848
10,7,within_state,S040,Joint_LDA,0.25606060606060604,0.20083184789067143,0.10416666666666652
10,7,within_state,S054,Raw,0.2363636363636364,0.17565552683520014,0.04444444444444462
10,7,within_state,S054,Trait_LDA,0.2363636363636364,0.17565552683520014,0.04444444444444462
10,7,within_state,S054,State_LDA,0.2631818181818182,0.18306878306878308,0.06589785831960449
10,7,within_state,S054,Joint_LDA,0.22636363636363638,0.1682429888951628,0.03850931677018632
10,7,within_state,S059,Raw,0.14188034188034188,0.12205910031996987,0.01015228426395931
10,7,within_state,S059,Trait_LDA,0.14188034188034188,0.12205910031996987,0.01015228426395931
10,7,within_state,S059,State_LDA,0.14871794871794872,0.1300583474496518,0.009314140558848383
10,7,within_state,S059,Joint_LDA,0.18632478632478633,0.13752913752913754,0.053344623200677455
10,7,within_state,S065,Raw,0.21636363636363637,0.14633819339701692,0.023111417730251715
10,7,within_state,S065,Trait_LDA,0.21636363636363637,0.14633819339701692,0.023111417730251715
10,7,within_state,S065,State_LDA,0.2015151515151515,0.10649529538063213,-0.007513661202185773
10,7,within_state,S065,Joint_LDA,0.2348484848484848,0.1325854700854701,0.021761658031087983
10,7,within_state,S069,Raw,0.32727272727272727,0.23239991003148897,0.20035971223021576
10,7,within_state,S069,Trait_LDA,0.32727272727272727,0.23239991003148897,0.20035971223021576
10,7,within_state,S069,State_LDA,0.3090909090909091,0.2253393665158371,0.18947742623533592
10,7,within_state,S069,Joint_LDA,0.2909090909090909,0.19936811934075957,0.15935251798561145
10,7,within_state,S084,Raw,0.2583333333333333,0.1934355118565645,0.0987415295256533
10,7,within_state,S084,Trait_LDA,0.2583333333333333,0.1934355118565645,0.0987415295256533
10,7,within_state,S084,State_LDA,0.30277777777777776,0.21958041958041954,0.13909224011713028
10,7,within_state,S084,Joint_LDA,0.2777777777777778,0.2111212374370269,0.12288340590227365
10,7,within_state,S097,Raw,0.22176767676767678,0.1638095238095238,0.025000000000000022
10,7,within_state,S097,Trait_LDA,0.22176767676767678,0.1638095238095238,0.025000000000000022
10,7,within_state,S097,State_LDA,0.24176767676767677,0.16013071895424835,0.05160142348754437
10,7,within_state,S097,Joint_LDA,0.2708080808080808,0.17572362278244627,0.0853122251539139
10,7,within_state,S104,Raw,0.32272727272727275,0.24915824915824913,0.16317991631799178
10,7,within_state,S104,Trait_LDA,0.32272727272727275,0.24915824915824913,0.16317991631799178
10,7,within_state,S104,State_LDA,0.29772727272727273,0.22520189362294626,0.13227016885553478
10,7,within_state,S104,Joint_LDA,0.29772727272727273,0.22618566877551935,0.13873370577281174
10,8,within_state,S025,Raw,0.15757575757575756,0.11508771929824561,0.0117647058823529
10,8,within_state,S025,Trait_LDA,0.15757575757575756,0.11508771929824561,0.0117647058823529
10,8,within_state,S025,State_LDA,0.1575757575757576,0.11294117647058825,0.01969365426695846
10,8,within_state,S025,Joint_LDA,0.1616161616161616,0.09777777777777778,0.014662756598240678
10,8,within_state,S056,Raw,0.3255011655011655,0.25925561029009303,0.1920529801324503
10,8,within_state,S056,Trait_LDA,0.3255011655011655,0.25925561029009303,0.1920529801324503
10,8,within_state,S056,State_LDA,0.3482983682983683,0.2690562613430127,0.2065355329949239
10,8,within_state,S056,Joint_LDA,0.3101165501165501,0.24621009928472296,0.17359798361688716
10,8,within_state,S071,Raw,0.18222222222222223,0.1346058996645468,0.005728314238952592
10,8,within_state,S071,Trait_LDA,0.18222222222222223,0.1346058996645468,0.005728314238952592
10,8,within_state,S071,State_LDA,0.22222222222222224,0.16542207792207794,0.053403995108030955
10,8,within_state,S071,Joint_LDA,0.24666666666666667,0.1866187227241994,0.06820049301561215
10,8,within_state,S076,Raw,0.18666666666666668,0.15644257703081232,0.05003909304143872
10,8,within_state,S076,Trait_LDA,0.18666666666666668,0.15644257703081232,0.05003909304143872
10,8,within_state,S076,State_LDA,0.2066666666666667,0.1611456176673568,0.06382978723404253
10,8,within_state,S076,Joint_LDA,0.20666666666666664,0.16174948240165632,0.06382978723404265
10,8,within_state,S077,Raw,0.24,0.16954150081085065,0.057048561999056946
10,8,within_state,S077,Trait_LDA,0.24,0.16954150081085065,0.057048561999056946
10,8,within_state,S077,State_LDA,0.28444444444444444,0.20705741626794258,0.11173445535296866
10,8,within_state,S077,Joint_LDA,0.28222222222222226,0.21145510835913314,0.11873840445269002
10,8,within_state,S083,Raw,0.2319191919191919,0.17476266360977108,0.042079207920792006
10,8,within_state,S083,Trait_LDA,0.2319191919191919,0.17476266360977108,0.042079207920792006
10,8,within_state,S083,State_LDA,0.2137373737373737,0.15462205530117246,0.021013597033374465
10,8,within_state,S083,Joint_LDA,0.18525252525252528,0.13956228956228955,-0.0020618556701028634
10,8,within_state,S087,Raw,0.16246031746031744,0.10297619047619049,-0.02951475737868936
10,8,within_state,S087,Trait_LDA,0.16246031746031744,0.10297619047619049,-0.02951475737868936
10,8,within_state,S087,State_LDA,0.20468253968253966,0.14175184134861554,0.025360517155644025
10,8,within_state,S087,Joint_LDA,0.16468253968253968,0.10094408133623821,-0.00048614487117148997
10,8,within_state,S104,Raw,0.32272727272727275,0.24915824915824913,0.16317991631799178
10,8,within_state,S104,Trait_LDA,0.32272727272727275,0.24915824915824913,0.16317991631799178
10,8,within_state,S104,State_LDA,0.29772727272727273,0.22520189362294626,0.13227016885553478
10,8,within_state,S104,Joint_LDA,0.29772727272727273,0.22618566877551935,0.13873370577281174
10,8,within_state,S105,Raw,0.2533333333333333,0.1634920634920635,0.07308377896613205
10,8,within_state,S105,Trait_LDA,0.2533333333333333,0.1634920634920635,0.07308377896613205
10,8,within_state,S105,State_LDA,0.27555555555555555,0.1591245791245791,0.09058295964125562
10,8,within_state,S105,Joint_LDA,0.2311111111111111,0.13984962406015036,0.04265828468792099
10,8,within_state,S109,Raw,0.26454545454545453,0.20252599090318388,0.12251655629139069
10,8,within_state,S109,Trait_LDA,0.26454545454545453,0.20252599090318388,0.12251655629139069
10,8,within_state,S109,State_LDA,0.21636363636363637,0.15061728395061727,0.06470588235294095
10,8,within_state,S109,Joint_LDA,0.23272727272727273,0.17901234567901234,0.0953372189841799
10,9,within_state,S023,Raw,0.2633838383838384,0.18892400264949283,0.07747603833865813
10,9,within_state,S023,Trait_LDA,0.2633838383838384,0.18892400264949283,0.07747603833865813
10,9,within_state,S023,State_LDA,0.35227272727272724,0.24340393905611293,0.16097952629466072
10,9,within_state,S023,Joint_LDA,0.35353535353535354,0.2611456176673568,0.17711281843914284
10,9,within_state,S026,Raw,0.28888888888888886,0.21954244585823535,0.15025906735751293
10,9,within_state,S026,Trait_LDA,0.28888888888888886,0.21954244585823535,0.15025906735751293
10,9,within_state,S026,State_LDA,0.27444444444444444,0.22208729226717908,0.13814584096738736
10,9,within_state,S026,Joint_LDA,0.21888888888888886,0.1541359196008152,0.07962016070124167
10,9,within_state,S031,Raw,0.28095238095238095,0.17341269841269838,0.08582246529238546
10,9,within_state,S031,Trait_LDA,0.28095238095238095,0.17341269841269838,0.08582246529238546
10,9,within_state,S031,State_LDA,0.25873015873015875,0.15941286909028843,0.0843274372686138
10,9,within_state,S031,Joint_LDA,0.34285714285714286,0.21544227886056974,0.15164279696714378
10,9,within_state,S033,Raw,0.4143589743589744,0.31256317488201546,0.27164622816796724
10,9,within_state,S033,Trait_LDA,0.4143589743589744,0.31256317488201546,0.27164622816796724
10,9,within_state,S033,State_LDA,0.4114529914529915,0.29806763285024157,0.2787878787878787
10,9,within_state,S033,Joint_LDA,0.3452991452991453,0.2362382445141066,0.19485433219825965
10,9,within_state,S035,Raw,0.4163636363636363,0.26159420289855073,0.2611615962070327
10,9,within_state,S035,Trait_LDA,0.4163636363636363,0.26159420289855073,0.2611615962070327
10,9,within_state,S035,State_LDA,0.35454545454545455,0.22803195352214958,0.18371440032089836
10,9,within_state,S035,Joint_LDA,0.3563636363636364,0.21527777777777776,0.19628751974723546
10,9,within_state,S037,Raw,0.15833333333333333,0.12674362674362674,0.01373521556657753
10,9,within_state,S037,Trait_LDA,0.15833333333333333,0.12674362674362674,0.01373521556657753
10,9,within_state,S037,State_LDA,0.15,0.1095068330362448,0.012982054219167649
10,9,within_state,S037,Joint_LDA,0.11333333333333333,0.07809847198641766,-0.017365043412608472
10,9,within_state,S083,Raw,0.2319191919191919,0.17476266360977108,0.042079207920792006
10,9,within_state,S083,Trait_LDA,0.2319191919191919,0.17476266360977108,0.042079207920792006
10,9,within_state,S083,State_LDA,0.2137373737373737,0.15462205530117246,0.021013597033374465
10,9,within_state,S083,Joint_LDA,0.18525252525252528,0.13956228956228955,-0.0020618556701028634
10,9,within_state,S086,Raw,0.3401320901320901,0.22976190476190475,0.16800000000000004
10,9,within_state,S086,Trait_LDA,0.3401320901320901,0.22976190476190475,0.16800000000000004
10,9,within_state,S086,State_LDA,0.35273892773892773,0.23344827586206895,0.1837360951285002
10,9,within_state,S086,Joint_LDA,0.31233488733488735,0.20934065934065935,0.1414334994250671
10,9,within_state,S095,Raw,0.1665151515151515,0.12462042788129744,-0.010906355772847043
10,9,within_state,S095,Trait_LDA,0.1665151515151515,0.12462042788129744,-0.010906355772847043
10,9,within_state,S095,State_LDA,0.11651515151515153,0.09206183344114378,-0.0646387832699622
10,9,within_state,S095,Joint_LDA,0.10484848484848483,0.07786131996658312,-0.07328072153325804
10,9,within_state,S102,Raw,0.286060606060606,0.22992868645042555,0.1426607081471296
10,9,within_state,S102,Trait_LDA,0.286060606060606,0.22992868645042555,0.1426607081471296
10,9,within_state,S102,State_LDA,0.2678787878787879,0.2129183135704875,0.12452830188679231
10,9,within_state,S102,Joint_LDA,0.24787878787878787,0.20209447415329765,0.10647038685381727
20,0,within_state,S008,Raw,0.3005050505050505,0.19871356891213834,0.12797739200645952
20,0,within_state,S008,Trait_LDA,0.3005050505050505,0.19871356891213834,0.12797739200645952
20,0,within_state,S008,State_LDA,0.29242424242424236,0.2114960860877376,0.1258599757183324
20,0,within_state,S008,Joint_LDA,0.3356060606060606,0.24458359055766235,0.16788321167883224
20,0,within_state,S009,Raw,0.3088888888888889,0.20675381263616557,0.17801784875528415
20,0,within_state,S009,Trait_LDA,0.3088888888888889,0.20675381263616557,0.17801784875528415
20,0,within_state,S009,State_LDA,0.22666666666666666,0.14309764309764308,0.048316251830161194
20,0,within_state,S009,Joint_LDA,0.2533333333333333,0.14039408866995073,0.09609895337773544
20,0,within_state,S014,Raw,0.17636363636363636,0.14768526667840168,0.043090638930163405
20,0,within_state,S014,Trait_LDA,0.17636363636363636,0.14768526667840168,0.043090638930163405
20,0,within_state,S014,State_LDA,0.23621212121212123,0.20443234893362772,0.10748702742772431
20,0,within_state,S014,Joint_LDA,0.2293939393939394,0.18386243386243387,0.10748702742772431
20,0,within_state,S019,Raw,0.21151515151515152,0.15215924426450744,0.01833180568285986
20,0,within_state,S019,Trait_LDA,0.21151515151515152,0.15215924426450744,0.01833180568285986
20,0,within_state,S019,State_LDA,0.17818181818181816,0.1256132756132756,-0.008275862068965578
20,0,within_state,S019,Joint_LDA,0.2256565656565656,0.16742424242424245,0.051700680272108834
20,0,within_state,S039,Raw,0.24606060606060604,0.1660894660894661,0.0595382746051033
20,0,within_state,S039,Trait_LDA,0.24606060606060604,0.1660894660894661,0.0595382746051033
20,0,within_state,S039,State_LDA,0.19454545454545452,0.13870370370370372,0.006134969325153228
20,0,within_state,S039,Joint_LDA,0.24484848484848482,0.13906837863710234,0.039223615042458415
20,0,within_state,S040,Raw,0.37272727272727274,0.2750793650793651,0.21544869367663766
20,0,within_state,S040,Trait_LDA,0.37272727272727274,0.2750793650793651,0.21544869367663766
20,0,within_state,S040,State_LDA,0.33535353535353535,0.24426646325959825,0.16704805491990848
20,0,within_state,S040,Joint_LDA,0.18636363636363634,0.13270676691729325,0.018642803877703118
20,0,within_state,S048,Raw,0.29267676767676765,0.18761022927689594,0.12266450040617394
20,0,within_state,S048,Trait_LDA,0.29267676767676765,0.18761022927689594,0.12266450040617394
20,0,within_state,S048,State_LDA,0.2063131313131313,0.13024002704530088,0.05639396346306602
20,0,within_state,S048,Joint_LDA,0.2702020202020202,0.19137294098049015,0.11012861736334412
20,0,within_state,S051,Raw,0.2721212121212121,0.2133772507685551,0.12597547380156093
20,0,within_state,S051,Trait_LDA,0.2721212121212121,0.2133772507685551,0.12597547380156093
20,0,within_state,S051,State_LDA,0.28808080808080805,0.22474747474747478,0.14583333333333348
20,0,within_state,S051,Joint_LDA,0.24585858585858586,0.19910130718954247,0.10979667282809613
20,0,within_state,S053,Raw,0.4159090909090909,0.34599567099567097,0.22388059701492546
20,0,within_state,S053,Trait_LDA,0.4159090909090909,0.34599567099567097,0.22388059701492546
20,0,within_state,S053,State_LDA,0.39217171717171717,0.32528243686138425,0.199637845178814
20,0,within_state,S053,Joint_LDA,0.42853535353535344,0.3640909090909091,0.24398000908677875
20,0,within_state,S058,Raw,0.3428282828282828,0.217061077304485,0.17630057803468213
20,0,within_state,S058,Trait_LDA,0.3428282828282828,0.217061077304485,0.17630057803468213
20,0,within_state,S058,State_LDA,0.32646464646464646,0.23625140291806956,0.16950959488272932
20,0,within_state,S058,Joint_LDA,0.32131313131313133,0.21113360323886635,0.14364235983876894
20,0,within_state,S065,Raw,0.21636363636363637,0.14633819339701692,0.023111417730251715
20,0,within_state,S065,Trait_LDA,0.21636363636363637,0.14633819339701692,0.023111417730251715
20,0,within_state,S065,State_LDA,0.2015151515151515,0.10649529538063213,-0.007513661202185773
20,0,within_state,S065,Joint_LDA,0.20166666666666666,0.14285714285714288,0.030758476057322626
20,0,within_state,S068,Raw,0.20909090909090908,0.12797619047619047,0.027027027027026973
20,0,within_state,S068,Trait_LDA,0.20909090909090908,0.12797619047619047,0.027027027027026973
20,0,within_state,S068,State_LDA,0.18409090909090908,0.12068797742422031,-0.006628003314001818
20,0,within_state,S068,Joint_LDA,0.14772727272727273,0.10045831784962218,-0.030032467532467688
20,0,within_state,S072,Raw,0.21111111111111108,0.18347763347763346,0.07470564352415732
20,0,within_state,S072,Trait_LDA,0.21111111111111108,0.18347763347763346,0.07470564352415732
20,0,within_state,S072,State_LDA,0.2333333333333333,0.19487577639751552,0.09878542510121469
20,0,within_state,S072,Joint_LDA,0.25555555555555554,0.20158730158730157,0.12059894779441516
20,0,within_state,S073,Raw,0.22828282828282828,0.1626642771804062,0.0777439024390244
20,0,within_state,S073,Trait_LDA,0.22828282828282828,0.1626642771804062,0.0777439024390244
20,0,within_state,S073,State_LDA,0.2363636363636364,0.15404040404040406,0.08194233687405161
20,0,within_state,S073,Joint_LDA,0.23838383838383842,0.195983645983646,0.09663865546218475
20,0,within_state,S076,Raw,0.18666666666666668,0.15644257703081232,0.05003909304143872
20,0,within_state,S076,Trait_LDA,0.18666666666666668,0.15644257703081232,0.05003909304143872
20,0,within_state,S076,State_LDA,0.2066666666666667,0.1611456176673568,0.06382978723404253
20,0,within_state,S076,Joint_LDA,0.2066666666666667,0.17522429261559694,0.06823529411764706
20,0,within_state,S079,Raw,0.2688888888888889,0.194510582010582,0.0947907771135782
20,0,within_state,S079,Trait_LDA,0.2688888888888889,0.194510582010582,0.0947907771135782
20,0,within_state,S079,State_LDA,0.2066666666666667,0.15138888888888888,0.02731540759709794
20,0,within_state,S079,Joint_LDA,0.24666666666666667,0.15833333333333333,0.0689802913453299
20,0,within_state,S080,Raw,0.1993939393939394,0.1469293924466338,0.022099447513812098
20,0,within_state,S080,Trait_LDA,0.1993939393939394,0.1469293924466338,0.022099447513812098
20,0,within_state,S080,State_LDA,0.2572727272727272,0.18494708994708997,0.09168662333219291
20,0,within_state,S080,Joint_LDA,0.2687878787878788,0.18207282913165268,0.1148994203886804
20,0,within_state,S089,Raw,0.4139860139860139,0.4031849040923451,0.20661157024793397
20,0,within_state,S089,Trait_LDA,0.4139860139860139,0.4031849040923451,0.20661157024793397
20,0,within_state,S089,State_LDA,0.43578088578088575,0.4062885154061625,0.23491773308957953
20,0,within_state,S089,Joint_LDA,0.37004662004662003,0.34002976190476186,0.13934426229508212
20,0,within_state,S095,Raw,0.1665151515151515,0.12462042788129744,-0.010906355772847043
20,0,within_state,S095,Trait_LDA,0.1665151515151515,0.12462042788129744,-0.010906355772847043
20,0,within_state,S095,State_LDA,0.11651515151515153,0.09206183344114378,-0.0646387832699622
20,0,within_state,S095,Joint_LDA,0.21424242424242426,0.15922153052883103,0.04977375565610842
20,0,within_state,S098,Raw,0.28136363636363637,0.21592851592851595,0.1421763304209691
20,0,within_state,S098,Trait_LDA,0.28136363636363637,0.21592851592851595,0.1421763304209691
20,0,within_state,S098,State_LDA,0.2231818181818182,0.1617283950617284,0.07342378292098961
20,0,within_state,S098,Joint_LDA,0.2595454545454546,0.21971595655806178,0.131764705882353
20,1,within_state,S002,Raw,0.4590909090909091,0.3287789987789988,0.2834302325581395
20,1,within_state,S002,Trait_LDA,0.4590909090909091,0.3287789987789988,0.2834302325581395
20,1,within_state,S002,State_LDA,0.4027272727272727,0.2924691358024691,0.22302679217958
20,1,within_state,S002,Joint_LDA,0.4263636363636364,0.28663299663299663,0.2437522636725823
20,1,within_state,S004,Raw,0.3007575757575757,0.21347813979392924,0.13444553483807653
20,1,within_state,S004,Trait_LDA,0.3007575757575757,0.21347813979392924,0.13444553483807653
20,1,within_state,S004,State_LDA,0.31590909090909086,0.21031746031746032,0.13571778539931412
20,1,within_state,S004,Joint_LDA,0.3507575757575757,0.29377289377289373,0.17114427860696513
20,1,within_state,S022,Raw,0.4727272727272728,0.3946265172735761,0.3527260638297871
20,1,within_state,S022,Trait_LDA,0.4727272727272728,0.3946265172735761,0.3527260638297871
20,1,within_state,S022,State_LDA,0.43636363636363634,0.34406162464985995,0.303306342780027
20,1,within_state,S022,Joint_LDA,0.4,0.3410997850357118,0.2742686170212767
20,1,within_state,S026,Raw,0.28888888888888886,0.21954244585823535,0.15025906735751293
20,1,within_state,S026,Trait_LDA,0.28888888888888886,0.21954244585823535,0.15025906735751293
20,1,within_state,S026,State_LDA,0.27444444444444444,0.22208729226717908,0.13814584096738736
20,1,within_state,S026,Joint_LDA,0.30333333333333334,0.22615814899567757,0.15897435897435896
20,1,within_state,S027,Raw,0.2482828282828283,0.20592592592592593,0.07308377896613194
20,1,within_state,S027,Trait_LDA,0.2482828282828283,0.20592592592592593,0.07308377896613194
20,1,within_state,S027,State_LDA,0.3112842712842713,0.20763673890608872,0.13257243195785762
20,1,within_state,S027,Joint_LDA,0.29581529581529586,0.17570850202429147,0.10739436619718312
20,1,within_state,S028,Raw,0.10454545454545454,0.08132650466746576,-0.08225108225108224
20,1,within_state,S028,Trait_LDA,0.10454545454545454,0.08132650466746576,-0.08225108225108224
20,1,within_state,S028,State_LDA,0.16590909090909092,0.1324915824915825,-0.009371339320577876
20,1,within_state,S028,Joint_LDA,0.09772727272727273,0.08888888888888889,-0.05687932359723291
20,1,within_state,S036,Raw,0.17493894993894993,0.12557998933928616,-0.009025270758122872
20,1,within_state,S036,Trait_LDA,0.17493894993894993,0.12557998933928616,-0.009025270758122872
20,1,within_state,S036,State_LDA,0.25757020757020754,0.18501221001221002,0.07349665924276161
20,1,within_state,S036,Joint_LDA,0.22295482295482297,0.14467253176930597,0.03790613718411551
20,1,within_state,S038,Raw,0.22222222222222224,0.1272727272727273,0.04788418708240516
20,1,within_state,S038,Trait_LDA,0.22222222222222224,0.1272727272727273,0.04788418708240516
20,1,within_state,S038,State_LDA,0.2,0.10894660894660894,0.04376367614879639
20,1,within_state,S038,Joint_LDA,0.23888888888888887,0.12872628726287264,0.07007786429365981
20,1,within_state,S044,Raw,0.35363247863247865,0.28793652444768064,0.18540804813839795
20,1,within_state,S044,Trait_LDA,0.35363247863247865,0.28793652444768064,0.18540804813839795
20,1,within_state,S044,State_LDA,0.3215811965811966,0.21824032176973351,0.14798206278026904
20,1,within_state,S044,Joint_LDA,0.336965811965812,0.286314381270903,0.16647919010123724
20,1,within_state,S048,Raw,0.29267676767676765,0.18761022927689594,0.12266450040617394
20,1,within_state,S048,Trait_LDA,0.29267676767676765,0.18761022927689594,0.12266450040617394
20,1,within_state,S048,State_LDA,0.2063131313131313,0.13024002704530088,0.05639396346306602
20,1,within_state,S048,Joint_LDA,0.2702020202020202,0.19137294098049015,0.11012861736334412
20,1,within_state,S052,Raw,0.18441558441558442,0.14717741935483872,0.005543710021321813
20,1,within_state,S052,Trait_LDA,0.18441558441558442,0.14717741935483872,0.005543710021321813
20,1,within_state,S052,State_LDA,0.2207792207792208,0.17231379731379728,0.05074626865671639
20,1,within_state,S052,Joint_LDA,0.2,0.1368421052631579,0.03552859618717508
20,1,within_state,S056,Raw,0.3255011655011655,0.25925561029009303,0.1920529801324503
20,1,within_state,S056,Trait_LDA,0.3255011655011655,0.25925561029009303,0.1920529801324503
20,1,within_state,S056,State_LDA,0.3482983682983683,0.2690562613430127,0.2065355329949239
20,1,within_state,S056,Joint_LDA,0.31344988344988345,0.24332210998877665,0.18210165263486122
20,1,within_state,S057,Raw,0.3457575757575757,0.25288073666516026,0.1790989660265878
20,1,within_state,S057,Trait_LDA,0.3457575757575757,0.25288073666516026,0.1790989660265878
20,1,within_state,S057,State_LDA,0.34505050505050505,0.2485131508319914,0.17329862402380058
20,1,within_state,S057,Joint_LDA,0.26494949494949493,0.18974771873322596,0.08270958083832314
20,1,within_state,S067,Raw,0.14545454545454545,0.09707602339181286,-0.0625
20,1,within_state,S067,Trait_LDA,0.14545454545454545,0.09707602339181286,-0.0625
20,1,within_state,S067,State_LDA,0.12727272727272726,0.0873015873015873,-0.08333333333333326
20,1,within_state,S067,Joint_LDA,0.2363636363636364,0.17404784688995215,0.04166666666666663
20,1,within_state,S075,Raw,0.2927272727272728,0.21902534113060432,0.13096139288417874
20,1,within_state,S075,Trait_LDA,0.2927272727272728,0.21902534113060432,0.13096139288417874
20,1,within_state,S075,State_LDA,0.23454545454545456,0.16765873015873015,0.05557684936757368
20,1,within_state,S075,Joint_LDA,0.27636363636363637,0.21653398201385818,0.12565055762081778
20,1,within_state,S079,Raw,0.2688888888888889,0.194510582010582,0.0947907771135782
20,1,within_state,S079,Trait_LDA,0.2688888888888889,0.194510582010582,0.0947907771135782
20,1,within_state,S079,State_LDA,0.2066666666666667,0.15138888888888888,0.02731540759709794
20,1,within_state,S079,Joint_LDA,0.24666666666666667,0.15833333333333333,0.0689802913453299
20,1,within_state,S083,Raw,0.2319191919191919,0.17476266360977108,0.042079207920792006
20,1,within_state,S083,Trait_LDA,0.2319191919191919,0.17476266360977108,0.042079207920792006
20,1,within_state,S083,State_LDA,0.2137373737373737,0.15462205530117246,0.021013597033374465
20,1,within_state,S083,Joint_LDA,0.20969696969696972,0.16031201191384256,0.046166198313930096
20,1,within_state,S096,Raw,0.29000000000000004,0.19613541554284888,0.11571976298361786
20,1,within_state,S096,Trait_LDA,0.29000000000000004,0.19613541554284888,0.11571976298361786
20,1,within_state,S096,State_LDA,0.3466666666666667,0.2457331940090561,0.16872138076787613
20,1,within_state,S096,Joint_LDA,0.38333333333333336,0.2524801587301587,0.2152607630381519
20,1,within_state,S097,Raw,0.22176767676767678,0.1638095238095238,0.025000000000000022
20,1,within_state,S097,Trait_LDA,0.22176767676767678,0.1638095238095238,0.025000000000000022
20,1,within_state,S097,State_LDA,0.24176767676767677,0.16013071895424835,0.05160142348754437
20,1,within_state,S097,Joint_LDA,0.23262626262626265,0.15443589743589742,0.029764549089293713
20,1,within_state,S107,Raw,0.18857142857142856,0.12333965844402277,0.0035650623885917776
20,1,within_state,S107,Trait_LDA,0.18857142857142856,0.12333965844402277,0.0035650623885917776
20,1,within_state,S107,State_LDA,0.2257142857142857,0.13885116015846066,0.02630405706642891
20,1,within_state,S107,Joint_LDA,0.2885714285714286,0.19100228475228476,0.1158836689038033
20,2,within_state,S002,Raw,0.4590909090909091,0.3287789987789988,0.2834302325581395
20,2,within_state,S002,Trait_LDA,0.4590909090909091,0.3287789987789988,0.2834302325581395
20,2,within_state,S002,State_LDA,0.4027272727272727,0.2924691358024691,0.22302679217958
20,2,within_state,S002,Joint_LDA,0.4263636363636364,0.28663299663299663,0.2437522636725823
20,2,within_state,S009,Raw,0.3088888888888889,0.20675381263616557,0.17801784875528415
20,2,within_state,S009,Trait_LDA,0.3088888888888889,0.20675381263616557,0.17801784875528415
20,2,within_state,S009,State_LDA,0.22666666666666666,0.14309764309764308,0.048316251830161194
20,2,within_state,S009,Joint_LDA,0.2533333333333333,0.14039408866995073,0.09609895337773544
20,2,within_state,S011,Raw,0.21818181818181817,0.14664664664664664,0.03581363004172455
20,2,within_state,S011,Trait_LDA,0.21818181818181817,0.14664664664664664,0.03581363004172455
20,2,within_state,S011,State_LDA,0.2363636363636364,0.18312849860837477,0.056328233657857996
20,2,within_state,S011,Joint_LDA,0.3454545454545454,0.24993193791147758,0.1794158553546592
20,2,within_state,S016,Raw,0.21833333333333332,0.1412037037037037,0.05413598960589017
20,2,within_state,S016,Trait_LDA,0.21833333333333332,0.1412037037037037,0.05413598960589017
20,2,within_state,S016,State_LDA,0.2583333333333333,0.17010511838098044,0.10189982728842817
20,2,within_state,S016,Joint_LDA,0.29333333333333333,0.18348935015601678,0.14717306862321977
20,2,within_state,S017,Raw,0.31967754467754467,0.2111111111111111,0.16209476309226944
20,2,within_state,S017,Trait_LDA,0.31967754467754467,0.2111111111111111,0.16209476309226944
20,2,within_state,S017,State_LDA,0.31563714063714066,0.23423721340388004,0.15698924731182795
20,2,within_state,S017,Joint_LDA,0.2752331002331002,0.18194444444444446,0.10982658959537572
20,2,within_state,S023,Raw,0.2633838383838384,0.18892400264949283,0.07747603833865813
20,2,within_state,S023,Trait_LDA,0.2633838383838384,0.18892400264949283,0.07747603833865813
20,2,within_state,S023,State_LDA,0.35227272727272724,0.24340393905611293,0.16097952629466072
20,2,within_state,S023,Joint_LDA,0.30353535353535355,0.22537878787878787,0.13820811570912017
20,2,within_state,S035,Raw,0.4163636363636363,0.26159420289855073,0.2611615962070327
20,2,within_state,S035,Trait_LDA,0.4163636363636363,0.26159420289855073,0.2611615962070327
20,2,within_state,S035,State_LDA,0.35454545454545455,0.22803195352214958,0.18371440032089836
20,2,within_state,S035,Joint_LDA,0.3781818181818182,0.2231718898385565,0.22230950510604874
20,2,within_state,S037,Raw,0.15833333333333333,0.12674362674362674,0.01373521556657753
20,2,within_state,S037,Trait_LDA,0.15833333333333333,0.12674362674362674,0.01373521556657753
20,2,within_state,S037,State_LDA,0.15,0.1095068330362448,0.012982054219167649
20,2,within_state,S037,Joint_LDA,0.16833333333333333,0.13721246074187252,0.031022596706242855
20,2,within_state,S042,Raw,0.3665151515151515,0.28086419753086417,0.2265910012160519
20,2,within_state,S042,Trait_LDA,0.3665151515151515,0.28086419753086417,0.2265910012160519
20,2,within_state,S042,State_LDA,0.277070707070707,0.2120718462823726,0.12900575184880858
20,2,within_state,S042,Joint_LDA,0.25984848484848483,0.2053724053724054,0.11522801302931596
20,2,within_state,S051,Raw,0.2721212121212121,0.2133772507685551,0.12597547380156093
20,2,within_state,S051,Trait_LDA,0.2721212121212121,0.2133772507685551,0.12597547380156093
20,2,within_state,S051,State_LDA,0.28808080808080805,0.22474747474747478,0.14583333333333348
20,2,within_state,S051,Joint_LDA,0.24585858585858586,0.19910130718954247,0.10979667282809613
20,2,within_state,S058,Raw,0.3428282828282828,0.217061077304485,0.17630057803468213
20,2,within_state,S058,Trait_LDA,0.3428282828282828,0.217061077304485,0.17630057803468213
20,2,within_state,S058,State_LDA,0.32646464646464646,0.23625140291806956,0.16950959488272932
20,2,within_state,S058,Joint_LDA,0.32131313131313133,0.21113360323886635,0.14364235983876894
20,2,within_state,S060,Raw,0.32222222222222224,0.2532920536635707,0.18377088305489242
20,2,within_state,S060,Trait_LDA,0.32222222222222224,0.2532920536635707,0.18377088305489242
20,2,within_state,S060,State_LDA,0.32222222222222224,0.2691086691086691,0.19560956487651904
20,2,within_state,S060,Joint_LDA,0.32222222222222224,0.2718762718762719,0.1702385766275779
20,2,within_state,S065,Raw,0.21636363636363637,0.14633819339701692,0.023111417730251715
20,2,within_state,S065,Trait_LDA,0.21636363636363637,0.14633819339701692,0.023111417730251715
20,2,within_state,S065,State_LDA,0.2015151515151515,0.10649529538063213,-0.007513661202185773
20,2,within_state,S065,Joint_LDA,0.20166666666666666,0.14285714285714288,0.030758476057322626
20,2,within_state,S070,Raw,0.34285714285714286,0.20138248847926268,0.15484633569739958
20,2,within_state,S070,Trait_LDA,0.34285714285714286,0.20138248847926268,0.15484633569739958
20,2,within_state,S070,State_LDA,0.36103896103896105,0.22757296466973886,0.1800706159278147
20,2,within_state,S070,Joint_LDA,0.3142857142857143,0.18782357626443646,0.12767644726407612
20,2,within_state,S073,Raw,0.22828282828282828,0.1626642771804062,0.0777439024390244
20,2,within_state,S073,Trait_LDA,0.22828282828282828,0.1626642771804062,0.0777439024390244
20,2,within_state,S073,State_LDA,0.2363636363636364,0.15404040404040406,0.08194233687405161
20,2,within_state,S073,Joint_LDA,0.23838383838383842,0.195983645983646,0.09663865546218475
20,2,within_state,S077,Raw,0.24,0.16954150081085065,0.057048561999056946
20,2,within_state,S077,Trait_LDA,0.24,0.16954150081085065,0.057048561999056946
20,2,within_state,S077,State_LDA,0.28444444444444444,0.20705741626794258,0.11173445535296866
20,2,within_state,S077,Joint_LDA,0.2772222222222222,0.2014260249554367,0.10165484633569732
20,2,within_state,S084,Raw,0.2583333333333333,0.1934355118565645,0.0987415295256533
20,2,within_state,S084,Trait_LDA,0.2583333333333333,0.1934355118565645,0.0987415295256533
20,2,within_state,S084,State_LDA,0.30277777777777776,0.21958041958041954,0.13909224011713028
20,2,within_state,S084,Joint_LDA,0.23055555555555554,0.1689684569479966,0.0838926174496647
20,2,within_state,S094,Raw,0.21333333333333332,0.15668976920911906,0.05981848184818506
20,2,within_state,S094,Trait_LDA,0.21333333333333332,0.15668976920911906,0.05981848184818506
20,2,within_state,S094,State_LDA,0.23333333333333334,0.1730296384901648,0.07787903893951953
20,2,within_state,S094,Joint_LDA,0.2733333333333333,0.21571969696969698,0.12541254125412526
20,2,within_state,S099,Raw,0.22691197691197687,0.14657097288676238,0.03301886792452824
20,2,within_state,S099,Trait_LDA,0.22691197691197687,0.14657097288676238,0.03301886792452824
20,2,within_state,S099,State_LDA,0.20468975468975467,0.1318536239588871,0.013157894736842035
20,2,within_state,S099,Joint_LDA,0.20064935064935066,0.13286549707602338,0.02687673772011112
20,2,within_state,S104,Raw,0.32272727272727275,0.24915824915824913,0.16317991631799178
20,2,within_state,S104,Trait_LDA,0.32272727272727275,0.24915824915824913,0.16317991631799178
20,2,within_state,S104,State_LDA,0.29772727272727273,0.22520189362294626,0.13227016885553478
20,2,within_state,S104,Joint_LDA,0.21136363636363636,0.14902534113060428,0.020544672718585733
20,3,within_state,S029,Raw,0.2782051282051282,0.21133159475264737,0.1076345431789737
20,3,within_state,S029,Trait_LDA,0.2782051282051282,0.21133159475264737,0.1076345431789737
20,3,within_state,S029,State_LDA,0.2382051282051282,0.19497354497354494,0.0840258541089568
20,3,within_state,S029,Joint_LDA,0.23487179487179483,0.21441786283891548,0.11691394658753707
20,3,within_state,S041,Raw,0.2127272727272727,0.16710696710696712,0.06189624329159216
20,3,within_state,S041,Trait_LDA,0.2127272727272727,0.16710696710696712,0.06189624329159216
20,3,within_state,S041,State_LDA,0.24464646464646464,0.19170147591200223,0.10332499106185189
20,3,within_state,S041,Joint_LDA,0.22787878787878785,0.1881167851756087,0.08458244111349034
20,3,within_state,S043,Raw,0.1953146853146853,0.1550893362438354,0.015435501653803918
20,3,within_state,S043,Trait_LDA,0.1953146853146853,0.1550893362438354,0.015435501653803918
20,3,within_state,S043,State_LDA,0.26706293706293704,0.20693542568542567,0.08510638297872342
20,3,within_state,S043,Joint_LDA,0.1856993006993007,0.1399146662304557,-0.006764374295377795
20,3,within_state,S048,Raw,0.29267676767676765,0.18761022927689594,0.12266450040617394
20,3,within_state,S048,Trait_LDA,0.29267676767676765,0.18761022927689594,0.12266450040617394
20,3,within_state,S048,State_LDA,0.2063131313131313,0.13024002704530088,0.05639396346306602
20,3,within_state,S048,Joint_LDA,0.2702020202020202,0.19137294098049015,0.11012861736334412
20,3,within_state,S049,Raw,0.23666666666666666,0.20331232492997198,0.08639228772710417
20,3,within_state,S049,Trait_LDA,0.23666666666666666,0.20331232492997198,0.08639228772710417
20,3,within_state,S049,State_LDA,0.2677777777777778,0.22084883926989188,0.09850517439632045
20,3,within_state,S049,Joint_LDA,0.26888888888888884,0.2002786485545106,0.10057361376673046
20,3,within_state,S050,Raw,0.3375757575757576,0.25814666196313607,0.165335463258786
20,3,within_state,S050,Trait_LDA,0.3375757575757576,0.25814666196313607,0.165335463258786
20,3,within_state,S050,State_LDA,0.37757575757575756,0.2840295538505257,0.20894926088693577
20,3,within_state,S050,Joint_LDA,0.2834343434343434,0.2203290484275204,0.10657686212361339
20,3,within_state,S053,Raw,0.4159090909090909,0.34599567099567097,0.22388059701492546
20,3,within_state,S053,Trait_LDA,0.4159090909090909,0.34599567099567097,0.22388059701492546
20,3,within_state,S053,State_LDA,0.39217171717171717,0.32528243686138425,0.199637845178814
20,3,within_state,S053,Joint_LDA,0.42853535353535344,0.3640909090909091,0.24398000908677875
20,3,within_state,S056,Raw,0.3255011655011655,0.25925561029009303,0.1920529801324503
20,3,within_state,S056,Trait_LDA,0.3255011655011655,0.25925561029009303,0.1920529801324503
20,3,within_state,S056,State_LDA,0.3482983682983683,0.2690562613430127,0.2065355329949239
20,3,within_state,S056,Joint_LDA,0.31344988344988345,0.24332210998877665,0.18210165263486122
20,3,within_state,S061,Raw,0.41656565656565653,0.31403318903318905,0.26037735849056587
20,3,within_state,S061,Trait_LDA,0.41656565656565653,0.31403318903318905,0.26037735849056587
20,3,within_state,S061,State_LDA,0.3721212121212122,0.2686202686202686,0.20000000000000018
20,3,within_state,S061,Joint_LDA,0.3961616161616162,0.28207282913165266,0.2398190045248868
20,3,within_state,S065,Raw,0.21636363636363637,0.14633819339701692,0.023111417730251715
20,3,within_state,S065,Trait_LDA,0.21636363636363637,0.14633819339701692,0.023111417730251715
20,3,within_state,S065,State_LDA,0.2015151515151515,0.10649529538063213,-0.007513661202185773
20,3,within_state,S065,Joint_LDA,0.20166666666666666,0.14285714285714288,0.030758476057322626
20,3,within_state,S070,Raw,0.34285714285714286,0.20138248847926268,0.15484633569739958
20,3,within_state,S070,Trait_LDA,0.34285714285714286,0.20138248847926268,0.15484633569739958
20,3,within_state,S070,State_LDA,0.36103896103896105,0.22757296466973886,0.1800706159278147
20,3,within_state,S070,Joint_LDA,0.3142857142857143,0.18782357626443646,0.12767644726407612
20,3,within_state,S071,Raw,0.18222222222222223,0.1346058996645468,0.005728314238952592
20,3,within_state,S071,Trait_LDA,0.18222222222222223,0.1346058996645468,0.005728314238952592
20,3,within_state,S071,State_LDA,0.22222222222222224,0.16542207792207794,0.053403995108030955
20,3,within_state,S071,Joint_LDA,0.2666666666666667,0.18492063492063493,0.09150594993844896
20,3,within_state,S076,Raw,0.18666666666666668,0.15644257703081232,0.05003909304143872
20,3,within_state,S076,Trait_LDA,0.18666666666666668,0.15644257703081232,0.05003909304143872
20,3,within_state,S076,State_LDA,0.2066666666666667,0.1611456176673568,0.06382978723404253
20,3,within_state,S076,Joint_LDA,0.2066666666666667,0.17522429261559694,0.06823529411764706
20,3,within_state,S078,Raw,0.1522222222222222,0.11105743424584004,-0.037644787644787625
20,3,within_state,S078,Trait_LDA,0.1522222222222222,0.11105743424584004,-0.037644787644787625
20,3,within_state,S078,State_LDA,0.17722222222222223,0.12499999999999999,-0.013024602026049381
20,3,within_state,S078,Joint_LDA,0.075,0.06349206349206349,-0.12655800575263654
20,3,within_state,S079,Raw,0.2688888888888889,0.194510582010582,0.0947907771135782
20,3,within_state,S079,Trait_LDA,0.2688888888888889,0.194510582010582,0.0947907771135782
20,3,within_state,S079,State_LDA,0.2066666666666667,0.15138888888888888,0.02731540759709794
20,3,within_state,S079,Joint_LDA,0.24666666666666667,0.15833333333333333,0.0689802913453299
20,3,within_state,S080,Raw,0.1993939393939394,0.1469293924466338,0.022099447513812098
20,3,within_state,S080,Trait_LDA,0.1993939393939394,0.1469293924466338,0.022099447513812098
20,3,within_state,S080,State_LDA,0.2572727272727272,0.18494708994708997,0.09168662333219291
20,3,within_state,S080,Joint_LDA,0.2687878787878788,0.18207282913165268,0.1148994203886804
20,3,within_state,S093,Raw,0.2011111111111111,0.14444444444444446,0.034120734908136496
20,3,within_state,S093,Trait_LDA,0.2011111111111111,0.14444444444444446,0.034120734908136496
20,3,within_state,S093,State_LDA,0.2011111111111111,0.14091415830546264,0.028291210863825023
20,3,within_state,S093,Joint_LDA,0.16777777777777778,0.11893438103115522,0.0022271714922049712
20,3,within_state,S095,Raw,0.1665151515151515,0.12462042788129744,-0.010906355772847043
20,3,within_state,S095,Trait_LDA,0.1665151515151515,0.12462042788129744,-0.010906355772847043
20,3,within_state,S095,State_LDA,0.11651515151515153,0.09206183344114378,-0.0646387832699622
20,3,within_state,S095,Joint_LDA,0.21424242424242426,0.15922153052883103,0.04977375565610842
20,3,within_state,S101,Raw,0.4478787878787879,0.32080411407199627,0.2921665490472829
20,3,within_state,S101,Trait_LDA,0.4478787878787879,0.32080411407199627,0.2921665490472829
20,3,within_state,S101,State_LDA,0.48939393939393944,0.3623737373737374,0.33591276820260296
20,3,within_state,S101,Joint_LDA,0.37151515151515146,0.2510932033983008,0.21360925990880386
20,3,within_state,S108,Raw,0.23666666666666666,0.16325757575757574,0.07766990291262144
20,3,within_state,S108,Trait_LDA,0.23666666666666666,0.16325757575757574,0.07766990291262144
20,3,within_state,S108,State_LDA,0.22777777777777777,0.1360153256704981,0.07367280606717219
20,3,within_state,S108,Joint_LDA,0.18444444444444447,0.14520676691729323,0.058678847505270526
20,4,within_state,S007,Raw,0.4381818181818182,0.3363361426441922,0.314086956521739
20,4,within_state,S007,Trait_LDA,0.4381818181818182,0.3363361426441922,0.314086956521739
20,4,within_state,S007,State_LDA,0.443030303030303,0.3457777690102317,0.31646447140381284
20,4,within_state,S007,Joint_LDA,0.45545454545454545,0.3689021164021164,0.33495482974287694
20,4,within_state,S009,Raw,0.3088888888888889,0.20675381263616557,0.17801784875528415
20,4,within_state,S009,Trait_LDA,0.3088888888888889,0.20675381263616557,0.17801784875528415
20,4,within_state,S009,State_LDA,0.22666666666666666,0.14309764309764308,0.048316251830161194
20,4,within_state,S009,Joint_LDA,0.2533333333333333,0.14039408866995073,0.09609895337773544
20,4,within_state,S013,Raw,0.2708313908313908,0.1966490299823633,0.08530465949820776
20,4,within_state,S013,Trait_LDA,0.2708313908313908,0.1966490299823633,0.08530465949820776
20,4,within_state,S013,State_LDA,0.228034188034188,0.15020743145743146,0.055240793201133065
20,4,within_state,S013,Joint_LDA,0.3407614607614608,0.27251349815288434,0.19191919191919193
20,4,within_state,S020,Raw,0.2176262626262626,0.15802003410059676,0.05670529801324509
20,4,within_state,S020,Trait_LDA,0.2176262626262626,0.15802003410059676,0.05670529801324509
20,4,within_state,S020,State_LDA,0.26262626262626265,0.1915219421101774,0.1039175257731959
20,4,within_state,S020,Joint_LDA,0.22000000000000003,0.11904761904761903,0.057485525227460865
20,4,within_state,S023,Raw,0.2633838383838384,0.18892400264949283,0.07747603833865813
20,4,within_state,S023,Trait_LDA,0.2633838383838384,0.18892400264949283,0.07747603833865813
20,4,within_state,S023,State_LDA,0.35227272727272724,0.24340393905611293,0.16097952629466072
20,4,within_state,S023,Joint_LDA,0.30353535353535355,0.22537878787878787,0.13820811570912017
20,4,within_state,S024,Raw,0.3205555555555556,0.25119883497165446,0.18612521150592232
20,4,within_state,S024,Trait_LDA,0.3205555555555556,0.25119883497165446,0.18612521150592232
20,4,within_state,S024,State_LDA,0.2811111111111111,0.21881532640046572,0.14394259181089075
20,4,within_state,S024,Joint_LDA,0.2877777777777778,0.19855699855699857,0.14140558848433515
20,4,within_state,S025,Raw,0.15757575757575756,0.11508771929824561,0.0117647058823529
20,4,within_state,S025,Trait_LDA,0.15757575757575756,0.11508771929824561,0.0117647058823529
20,4,within_state,S025,State_LDA,0.1575757575757576,0.11294117647058825,0.01969365426695846
20,4,within_state,S025,Joint_LDA,0.15535353535353535,0.1232053387225801,0.016105417276720324
20,4,within_state,S044,Raw,0.35363247863247865,0.28793652444768064,0.18540804813839795
20,4,within_state,S044,Trait_LDA,0.35363247863247865,0.28793652444768064,0.18540804813839795
20,4,within_state,S044,State_LDA,0.3215811965811966,0.21824032176973351,0.14798206278026904
20,4,within_state,S044,Joint_LDA,0.336965811965812,0.286314381270903,0.16647919010123724
20,4,within_state,S048,Raw,0.29267676767676765,0.18761022927689594,0.12266450040617394
20,4,within_state,S048,Trait_LDA,0.29267676767676765,0.18761022927689594,0.12266450040617394
20,4,within_state,S048,State_LDA,0.2063131313131313,0.13024002704530088,0.05639396346306602
20,4,within_state,S048,Joint_LDA,0.2702020202020202,0.19137294098049015,0.11012861736334412
20,4,within_state,S050,Raw,0.3375757575757576,0.25814666196313607,0.165335463258786
20,4,within_state,S050,Trait_LDA,0.3375757575757576,0.25814666196313607,0.165335463258786
20,4,within_state,S050,State_LDA,0.37757575757575756,0.2840295538505257,0.20894926088693577
20,4,within_state,S050,Joint_LDA,0.2834343434343434,0.2203290484275204,0.10657686212361339
20,4,within_state,S053,Raw,0.4159090909090909,0.34599567099567097,0.22388059701492546
20,4,within_state,S053,Trait_LDA,0.4159090909090909,0.34599567099567097,0.22388059701492546
20,4,within_state,S053,State_LDA,0.39217171717171717,0.32528243686138425,0.199637845178814
20,4,within_state,S053,Joint_LDA,0.42853535353535344,0.3640909090909091,0.24398000908677875
20,4,within_state,S058,Raw,0.3428282828282828,0.217061077304485,0.17630057803468213
20,4,within_state,S058,Trait_LDA,0.3428282828282828,0.217061077304485,0.17630057803468213
20,4,within_state,S058,State_LDA,0.32646464646464646,0.23625140291806956,0.16950959488272932
20,4,within_state,S058,Joint_LDA,0.32131313131313133,0.21113360323886635,0.14364235983876894
20,4,within_state,S063,Raw,0.11333333333333333,0.07863247863247863,-0.024325351577346943
20,4,within_state,S063,Trait_LDA,0.11333333333333333,0.07863247863247863,-0.024325351577346943
20,4,within_state,S063,State_LDA,0.16,0.12121212121212122,0.0325047801147228
20,4,within_state,S063,Joint_LDA,0.06,0.027777777777777776,-0.07802487749717302
20,4,within_state,S076,Raw,0.18666666666666668,0.15644257703081232,0.05003909304143872
20,4,within_state,S076,Trait_LDA,0.18666666666666668,0.15644257703081232,0.05003909304143872
20,4,within_state,S076,State_LDA,0.2066666666666667,0.1611456176673568,0.06382978723404253
20,4,within_state,S076,Joint_LDA,0.2066666666666667,0.17522429261559694,0.06823529411764706
20,4,within_state,S078,Raw,0.1522222222222222,0.11105743424584004,-0.037644787644787625
20,4,within_state,S078,Trait_LDA,0.1522222222222222,0.11105743424584004,-0.037644787644787625
20,4,within_state,S078,State_LDA,0.17722222222222223,0.12499999999999999,-0.013024602026049381
20,4,within_state,S078,Joint_LDA,0.075,0.06349206349206349,-0.12655800575263654
20,4,within_state,S079,Raw,0.2688888888888889,0.194510582010582,0.0947907771135782
20,4,within_state,S079,Trait_LDA,0.2688888888888889,0.194510582010582,0.0947907771135782
20,4,within_state,S079,State_LDA,0.2066666666666667,0.15138888888888888,0.02731540759709794
20,4,within_state,S079,Joint_LDA,0.24666666666666667,0.15833333333333333,0.0689802913453299
20,4,within_state,S081,Raw,0.2665151515151515,0.2051441241685144,0.06666666666666665
20,4,within_state,S081,Trait_LDA,0.2665151515151515,0.2051441241685144,0.06666666666666665
20,4,within_state,S081,State_LDA,0.2696969696969697,0.23112475759534581,0.06888361045130631
20,4,within_state,S081,Joint_LDA,0.33606060606060606,0.28136200716845877,0.13981882630957077
20,4,within_state,S091,Raw,0.3841414141414142,0.26313431428032447,0.20654627539503378
20,4,within_state,S091,Trait_LDA,0.3841414141414142,0.26313431428032447,0.20654627539503378
20,4,within_state,S091,State_LDA,0.3915151515151515,0.27546296296296297,0.23253275109170302
20,4,within_state,S091,Joint_LDA,0.3782828282828283,0.2787477954144621,0.21481757259865963
20,4,within_state,S105,Raw,0.2533333333333333,0.1634920634920635,0.07308377896613205
20,4,within_state,S105,Trait_LDA,0.2533333333333333,0.1634920634920635,0.07308377896613205
20,4,within_state,S105,State_LDA,0.27555555555555555,0.1591245791245791,0.09058295964125562
20,4,within_state,S105,Joint_LDA,0.27555555555555555,0.1939425770308123,0.09423849933005801
20,4,within_state,S109,Raw,0.26454545454545453,0.20252599090318388,0.12251655629139069
20,4,within_state,S109,Trait_LDA,0.26454545454545453,0.20252599090318388,0.12251655629139069
20,4,within_state,S109,State_LDA,0.21636363636363637,0.15061728395061727,0.06470588235294095
20,4,within_state,S109,Joint_LDA,0.24818181818181814,0.18873456790123455,0.1123366013071897
20,5,within_state,S008,Raw,0.3005050505050505,0.19871356891213834,0.12797739200645952
20,5,within_state,S008,Trait_LDA,0.3005050505050505,0.19871356891213834,0.12797739200645952
20,5,within_state,S008,State_LDA,0.29242424242424236,0.2114960860877376,0.1258599757183324
20,5,within_state,S008,Joint_LDA,0.3356060606060606,0.24458359055766235,0.16788321167883224
20,5,within_state,S009,Raw,0.3088888888888889,0.20675381263616557,0.17801784875528415
20,5,within_state,S009,Trait_LDA,0.3088888888888889,0.20675381263616557,0.17801784875528415
20,5,within_state,S009,State_LDA,0.22666666666666666,0.14309764309764308,0.048316251830161194
20,5,within_state,S009,Joint_LDA,0.2533333333333333,0.14039408866995073,0.09609895337773544
20,5,within_state,S010,Raw,0.15936507936507938,0.09401629072681704,-0.03130287648054142
20,5,within_state,S010,Trait_LDA,0.15936507936507938,0.09401629072681704,-0.03130287648054142
20,5,within_state,S010,State_LDA,0.1707936507936508,0.0892156862745098,-0.028460543337645472
20,5,within_state,S010,Joint_LDA,0.21714285714285717,0.10588235294117647,0.03961230509903091
20,5,within_state,S011,Raw,0.21818181818181817,0.14664664664664664,0.03581363004172455
20,5,within_state,S011,Trait_LDA,0.21818181818181817,0.14664664664664664,0.03581363004172455
20,5,within_state,S011,State_LDA,0.2363636363636364,0.18312849860837477,0.056328233657857996
20,5,within_state,S011,Joint_LDA,0.3454545454545454,0.24993193791147758,0.1794158553546592
20,5,within_state,S014,Raw,0.17636363636363636,0.14768526667840168,0.043090638930163405
20,5,within_state,S014,Trait_LDA,0.17636363636363636,0.14768526667840168,0.043090638930163405
20,5,within_state,S014,State_LDA,0.23621212121212123,0.20443234893362772,0.10748702742772431
20,5,within_state,S014,Joint_LDA,0.2293939393939394,0.18386243386243387,0.10748702742772431
20,5,within_state,S019,Raw,0.21151515151515152,0.15215924426450744,0.01833180568285986
20,5,within_state,S019,Trait_LDA,0.21151515151515152,0.15215924426450744,0.01833180568285986
20,5,within_state,S019,State_LDA,0.17818181818181816,0.1256132756132756,-0.008275862068965578
20,5,within_state,S019,Joint_LDA,0.2256565656565656,0.16742424242424245,0.051700680272108834
20,5,within_state,S020,Raw,0.2176262626262626,0.15802003410059676,0.05670529801324509
20,5,within_state,S020,Trait_LDA,0.2176262626262626,0.15802003410059676,0.05670529801324509
20,5,within_state,S020,State_LDA,0.26262626262626265,0.1915219421101774,0.1039175257731959
20,5,within_state,S020,Joint_LDA,0.22000000000000003,0.11904761904761903,0.057485525227460865
20,5,within_state,S032,Raw,0.25826839826839826,0.19533799533799534,0.10576096302665516
20,5,within_state,S032,Trait_LDA,0.25826839826839826,0.19533799533799534,0.10576096302665516
20,5,within_state,S032,State_LDA,0.25826839826839826,0.19913419913419914,0.10652920962199319
20,5,within_state,S032,Joint_LDA,0.13676767676767676,0.10067340067340068,-0.023622047244094446
20,5,within_state,S035,Raw,0.4163636363636363,0.26159420289855073,0.2611615962070327
20,5,within_state,S035,Trait_LDA,0.4163636363636363,0.26159420289855073,0.2611615962070327
20,5,within_state,S035,State_LDA,0.35454545454545455,0.22803195352214958,0.18371440032089836
20,5,within_state,S035,Joint_LDA,0.3781818181818182,0.2231718898385565,0.22230950510604874
20,5,within_state,S039,Raw,0.24606060606060604,0.1660894660894661,0.0595382746051033
20,5,within_state,S039,Trait_LDA,0.24606060606060604,0.1660894660894661,0.0595382746051033
20,5,within_state,S039,State_LDA,0.19454545454545452,0.13870370370370372,0.006134969325153228
20,5,within_state,S039,Joint_LDA,0.24484848484848482,0.13906837863710234,0.039223615042458415
20,5,within_state,S043,Raw,0.1953146853146853,0.1550893362438354,0.015435501653803918
20,5,within_state,S043,Trait_LDA,0.1953146853146853,0.1550893362438354,0.015435501653803918
20,5,within_state,S043,State_LDA,0.26706293706293704,0.20693542568542567,0.08510638297872342
20,5,within_state,S043,Joint_LDA,0.1856993006993007,0.1399146662304557,-0.006764374295377795
20,5,within_state,S047,Raw,0.27936507936507937,0.2192760942760943,0.15257422021796307
20,5,within_state,S047,Trait_LDA,0.27936507936507937,0.2192760942760943,0.15257422021796307
20,5,within_state,S047,State_LDA,0.30158730158730157,0.23886104149262044,0.17541229385307333
20,5,within_state,S047,Joint_LDA,0.2876984126984127,0.23517126148705095,0.14905660377358498
20,5,within_state,S048,Raw,0.29267676767676765,0.18761022927689594,0.12266450040617394
20,5,within_state,S048,Trait_LDA,0.29267676767676765,0.18761022927689594,0.12266450040617394
20,5,within_state,S048,State_LDA,0.2063131313131313,0.13024002704530088,0.05639396346306602
20,5,within_state,S048,Joint_LDA,0.2702020202020202,0.19137294098049015,0.11012861736334412
20,5,within_state,S053,Raw,0.4159090909090909,0.34599567099567097,0.22388059701492546
20,5,within_state,S053,Trait_LDA,0.4159090909090909,0.34599567099567097,0.22388059701492546
20,5,within_state,S053,State_LDA,0.39217171717171717,0.32528243686138425,0.199637845178814
20,5,within_state,S053,Joint_LDA,0.42853535353535344,0.3640909090909091,0.24398000908677875
20,5,within_state,S065,Raw,0.21636363636363637,0.14633819339701692,0.023111417730251715
20,5,within_state,S065,Trait_LDA,0.21636363636363637,0.14633819339701692,0.023111417730251715
20,5,within_state,S065,State_LDA,0.2015151515151515,0.10649529538063213,-0.007513661202185773
20,5,within_state,S065,Joint_LDA,0.20166666666666666,0.14285714285714288,0.030758476057322626
20,5,within_state,S068,Raw,0.20909090909090908,0.12797619047619047,0.027027027027026973
20,5,within_state,S068,Trait_LDA,0.20909090909090908,0.12797619047619047,0.027027027027026973
20,5,within_state,S068,State_LDA,0.18409090909090908,0.12068797742422031,-0.006628003314001818
20,5,within_state,S068,Joint_LDA,0.14772727272727273,0.10045831784962218,-0.030032467532467688
20,5,within_state,S083,Raw,0.2319191919191919,0.17476266360977108,0.042079207920792006
20,5,within_state,S083,Trait_LDA,0.2319191919191919,0.17476266360977108,0.042079207920792006
20,5,within_state,S083,State_LDA,0.2137373737373737,0.15462205530117246,0.021013597033374465
20,5,within_state,S083,Joint_LDA,0.20969696969696972,0.16031201191384256,0.046166198313930096
20,5,within_state,S087,Raw,0.16246031746031744,0.10297619047619049,-0.02951475737868936
20,5,within_state,S087,Trait_LDA,0.16246031746031744,0.10297619047619049,-0.02951475737868936
20,5,within_state,S087,State_LDA,0.20468253968253966,0.14175184134861554,0.025360517155644025
20,5,within_state,S087,Joint_LDA,0.26103174603174606,0.19615962326959768,0.09830508474576283
20,5,within_state,S095,Raw,0.1665151515151515,0.12462042788129744,-0.010906355772847043
20,5,within_state,S095,Trait_LDA,0.1665151515151515,0.12462042788129744,-0.010906355772847043
20,5,within_state,S095,State_LDA,0.11651515151515153,0.09206183344114378,-0.0646387832699622
20,5,within_state,S095,Joint_LDA,0.21424242424242426,0.15922153052883103,0.04977375565610842
20,5,within_state,S104,Raw,0.32272727272727275,0.24915824915824913,0.16317991631799178
20,5,within_state,S104,Trait_LDA,0.32272727272727275,0.24915824915824913,0.16317991631799178
20,5,within_state,S104,State_LDA,0.29772727272727273,0.22520189362294626,0.13227016885553478
20,5,within_state,S104,Joint_LDA,0.21136363636363636,0.14902534113060428,0.020544672718585733
20,6,within_state,S005,Raw,0.2381818181818182,0.15215686274509804,0.06630476929042273
20,6,within_state,S005,Trait_LDA,0.2381818181818182,0.15215686274509804,0.06630476929042273
20,6,within_state,S005,State_LDA,0.22000000000000003,0.1305141411403271,0.04570100697134016
20,6,within_state,S005,Joint_LDA,0.22181818181818183,0.11013767209011265,0.059182894234440675
20,6,within_state,S012,Raw,0.27575757575757576,0.1714119214119214,0.10024252223120445
20,6,within_state,S012,Trait_LDA,0.27575757575757576,0.1714119214119214,0.10024252223120445
20,6,within_state,S012,State_LDA,0.2606060606060606,0.16110432777099443,0.09327902240325858
20,6,within_state,S012,Joint_LDA,0.21515151515151515,0.16964285714285712,0.08994276369582999
20,6,within_state,S014,Raw,0.17636363636363636,0.14768526667840168,0.043090638930163405
20,6,within_state,S014,Trait_LDA,0.17636363636363636,0.14768526667840168,0.043090638930163405
20,6,within_state,S014,State_LDA,0.23621212121212123,0.20443234893362772,0.10748702742772431
20,6,within_state,S014,Joint_LDA,0.2293939393939394,0.18386243386243387,0.10748702742772431
20,6,within_state,S023,Raw,0.2633838383838384,0.18892400264949283,0.07747603833865813
20,6,within_state,S023,Trait_LDA,0.2633838383838384,0.18892400264949283,0.07747603833865813
20,6,within_state,S023,State_LDA,0.35227272727272724,0.24340393905611293,0.16097952629466072
20,6,within_state,S023,Joint_LDA,0.30353535353535355,0.22537878787878787,0.13820811570912017
20,6,within_state,S034,Raw,0.3887445887445887,0.2821523304281925,0.22416107382550332
20,6,within_state,S034,Trait_LDA,0.3887445887445887,0.2821523304281925,0.22416107382550332
20,6,within_state,S034,State_LDA,0.3220779220779221,0.24175824175824176,0.16467463479415678
20,6,within_state,S034,Joint_LDA,0.2554112554112554,0.19195983269209815,0.09933774834437081
20,6,within_state,S044,Raw,0.35363247863247865,0.28793652444768064,0.18540804813839795
20,6,within_state,S044,Trait_LDA,0.35363247863247865,0.28793652444768064,0.18540804813839795
20,6,within_state,S044,State_LDA,0.3215811965811966,0.21824032176973351,0.14798206278026904
20,6,within_state,S044,Joint_LDA,0.336965811965812,0.286314381270903,0.16647919010123724
20,6,within_state,S047,Raw,0.27936507936507937,0.2192760942760943,0.15257422021796307
20,6,within_state,S047,Trait_LDA,0.27936507936507937,0.2192760942760943,0.15257422021796307
20,6,within_state,S047,State_LDA,0.30158730158730157,0.23886104149262044,0.17541229385307333
20,6,within_state,S047,Joint_LDA,0.2876984126984127,0.23517126148705095,0.14905660377358498
20,6,within_state,S054,Raw,0.2363636363636364,0.17565552683520014,0.04444444444444462
20,6,within_state,S054,Trait_LDA,0.2363636363636364,0.17565552683520014,0.04444444444444462
20,6,within_state,S054,State_LDA,0.2631818181818182,0.18306878306878308,0.06589785831960449
20,6,within_state,S054,Joint_LDA,0.32590909090909087,0.25460487225193107,0.15798112433319667
20,6,within_state,S059,Raw,0.14188034188034188,0.12205910031996987,0.01015228426395931
20,6,within_state,S059,Trait_LDA,0.14188034188034188,0.12205910031996987,0.01015228426395931
20,6,within_state,S059,State_LDA,0.14871794871794872,0.1300583474496518,0.009314140558848383
20,6,within_state,S059,Joint_LDA,0.18205128205128202,0.14311211664152843,0.03703703703703709
20,6,within_state,S060,Raw,0.32222222222222224,0.2532920536635707,0.18377088305489242
20,6,within_state,S060,Trait_LDA,0.32222222222222224,0.2532920536635707,0.18377088305489242
20,6,within_state,S060,State_LDA,0.32222222222222224,0.2691086691086691,0.19560956487651904
20,6,within_state,S060,Joint_LDA,0.32222222222222224,0.2718762718762719,0.1702385766275779
20,6,within_state,S061,Raw,0.41656565656565653,0.31403318903318905,0.26037735849056587
20,6,within_state,S061,Trait_LDA,0.41656565656565653,0.31403318903318905,0.26037735849056587
20,6,within_state,S061,State_LDA,0.3721212121212122,0.2686202686202686,0.20000000000000018
20,6,within_state,S061,Joint_LDA,0.3961616161616162,0.28207282913165266,0.2398190045248868
20,6,within_state,S062,Raw,0.25575757575757574,0.1882728979503173,0.06743940990516328
20,6,within_state,S062,Trait_LDA,0.25575757575757574,0.1882728979503173,0.06743940990516328
20,6,within_state,S062,State_LDA,0.2872727272727273,0.2127680311890838,0.10321668434075637
20,6,within_state,S062,Joint_LDA,0.21606060606060606,0.18605542605542605,0.019794980558501374
20,6,within_state,S065,Raw,0.21636363636363637,0.14633819339701692,0.023111417730251715
20,6,within_state,S065,Trait_LDA,0.21636363636363637,0.14633819339701692,0.023111417730251715
20,6,within_state,S065,State_LDA,0.2015151515151515,0.10649529538063213,-0.007513661202185773
20,6,within_state,S065,Joint_LDA,0.20166666666666666,0.14285714285714288,0.030758476057322626
20,6,within_state,S080,Raw,0.1993939393939394,0.1469293924466338,0.022099447513812098
20,6,within_state,S080,Trait_LDA,0.1993939393939394,0.1469293924466338,0.022099447513812098
20,6,within_state,S080,State_LDA,0.2572727272727272,0.18494708994708997,0.09168662333219291
20,6,within_state,S080,Joint_LDA,0.2687878787878788,0.18207282913165268,0.1148994203886804
20,6,within_state,S083,Raw,0.2319191919191919,0.17476266360977108,0.042079207920792006
20,6,within_state,S083,Trait_LDA,0.2319191919191919,0.17476266360977108,0.042079207920792006
20,6,within_state,S083,State_LDA,0.2137373737373737,0.15462205530117246,0.021013597033374465
20,6,within_state,S083,Joint_LDA,0.20969696969696972,0.16031201191384256,0.046166198313930096
20,6,within_state,S084,Raw,0.2583333333333333,0.1934355118565645,0.0987415295256533
20,6,within_state,S084,Trait_LDA,0.2583333333333333,0.1934355118565645,0.0987415295256533
20,6,within_state,S084,State_LDA,0.30277777777777776,0.21958041958041954,0.13909224011713028
20,6,within_state,S084,Joint_LDA,0.23055555555555554,0.1689684569479966,0.0838926174496647
20,6,within_state,S091,Raw,0.3841414141414142,0.26313431428032447,0.20654627539503378
20,6,within_state,S091,Trait_LDA,0.3841414141414142,0.26313431428032447,0.20654627539503378
20,6,within_state,S091,State_LDA,0.3915151515151515,0.27546296296296297,0.23253275109170302
20,6,within_state,S091,Joint_LDA,0.3782828282828283,0.2787477954144621,0.21481757259865963
20,6,within_state,S105,Raw,0.2533333333333333,0.1634920634920635,0.07308377896613205
20,6,within_state,S105,Trait_LDA,0.2533333333333333,0.1634920634920635,0.07308377896613205
20,6,within_state,S105,State_LDA,0.27555555555555555,0.1591245791245791,0.09058295964125562
20,6,within_state,S105,Joint_LDA,0.27555555555555555,0.1939425770308123,0.09423849933005801
20,6,within_state,S107,Raw,0.18857142857142856,0.12333965844402277,0.0035650623885917776
20,6,within_state,S107,Trait_LDA,0.18857142857142856,0.12333965844402277,0.0035650623885917776
20,6,within_state,S107,State_LDA,0.2257142857142857,0.13885116015846066,0.02630405706642891
20,6,within_state,S107,Joint_LDA,0.2885714285714286,0.19100228475228476,0.1158836689038033
20,6,within_state,S108,Raw,0.23666666666666666,0.16325757575757574,0.07766990291262144
20,6,within_state,S108,Trait_LDA,0.23666666666666666,0.16325757575757574,0.07766990291262144
20,6,within_state,S108,State_LDA,0.22777777777777777,0.1360153256704981,0.07367280606717219
20,6,within_state,S108,Joint_LDA,0.18444444444444447,0.14520676691729323,0.058678847505270526
20,7,within_state,S001,Raw,0.2855555555555556,0.20969089390142023,0.10855565777368914
20,7,within_state,S001,Trait_LDA,0.2855555555555556,0.20969089390142023,0.10855565777368914
20,7,within_state,S001,State_LDA,0.2855555555555556,0.21403050108932462,0.10773480662983448
20,7,within_state,S001,Joint_LDA,0.2683333333333333,0.1851102114260009,0.09836808703535815
20,7,within_state,S002,Raw,0.4590909090909091,0.3287789987789988,0.2834302325581395
20,7,within_state,S002,Trait_LDA,0.4590909090909091,0.3287789987789988,0.2834302325581395
20,7,within_state,S002,State_LDA,0.4027272727272727,0.2924691358024691,0.22302679217958
20,7,within_state,S002,Joint_LDA,0.4263636363636364,0.28663299663299663,0.2437522636725823
20,7,within_state,S004,Raw,0.3007575757575757,0.21347813979392924,0.13444553483807653
20,7,within_state,S004,Trait_LDA,0.3007575757575757,0.21347813979392924,0.13444553483807653
20,7,within_state,S004,State_LDA,0.31590909090909086,0.21031746031746032,0.13571778539931412
20,7,within_state,S004,Joint_LDA,0.3507575757575757,0.29377289377289373,0.17114427860696513
20,7,within_state,S005,Raw,0.2381818181818182,0.15215686274509804,0.06630476929042273
20,7,within_state,S005,Trait_LDA,0.2381818181818182,0.15215686274509804,0.06630476929042273
20,7,within_state,S005,State_LDA,0.22000000000000003,0.1305141411403271,0.04570100697134016
20,7,within_state,S005,Joint_LDA,0.22181818181818183,0.11013767209011265,0.059182894234440675
20,7,within_state,S012,Raw,0.27575757575757576,0.1714119214119214,0.10024252223120445
20,7,within_state,S012,Trait_LDA,0.27575757575757576,0.1714119214119214,0.10024252223120445
20,7,within_state,S012,State_LDA,0.2606060606060606,0.16110432777099443,0.09327902240325858
20,7,within_state,S012,Joint_LDA,0.21515151515151515,0.16964285714285712,0.08994276369582999
20,7,within_state,S017,Raw,0.31967754467754467,0.2111111111111111,0.16209476309226944
20,7,within_state,S017,Trait_LDA,0.31967754467754467,0.2111111111111111,0.16209476309226944
20,7,within_state,S017,State_LDA,0.31563714063714066,0.23423721340388004,0.15698924731182795
20,7,within_state,S017,Joint_LDA,0.2752331002331002,0.18194444444444446,0.10982658959537572
20,7,within_state,S031,Raw,0.28095238095238095,0.17341269841269838,0.08582246529238546
20,7,within_state,S031,Trait_LDA,0.28095238095238095,0.17341269841269838,0.08582246529238546
20,7,within_state,S031,State_LDA,0.25873015873015875,0.15941286909028843,0.0843274372686138
20,7,within_state,S031,Joint_LDA,0.3265079365079365,0.21213260423786737,0.12378126324713867
20,7,within_state,S032,Raw,0.25826839826839826,0.19533799533799534,0.10576096302665516
20,7,within_state,S032,Trait_LDA,0.25826839826839826,0.19533799533799534,0.10576096302665516
20,7,within_state,S032,State_LDA,0.25826839826839826,0.19913419913419914,0.10652920962199319
20,7,within_state,S032,Joint_LDA,0.13676767676767676,0.10067340067340068,-0.023622047244094446
20,7,within_state,S036,Raw,0.17493894993894993,0.12557998933928616,-0.009025270758122872
20,7,within_state,S036,Trait_LDA,0.17493894993894993,0.12557998933928616,-0.009025270758122872
20,7,within_state,S036,State_LDA,0.25757020757020754,0.18501221001221002,0.07349665924276161
20,7,within_state,S036,Joint_LDA,0.22295482295482297,0.14467253176930597,0.03790613718411551
20,7,within_state,S047,Raw,0.27936507936507937,0.2192760942760943,0.15257422021796307
20,7,within_state,S047,Trait_LDA,0.27936507936507937,0.2192760942760943,0.15257422021796307
20,7,within_state,S047,State_LDA,0.30158730158730157,0.23886104149262044,0.17541229385307333
20,7,within_state,S047,Joint_LDA,0.2876984126984127,0.23517126148705095,0.14905660377358498
20,7,within_state,S048,Raw,0.29267676767676765,0.18761022927689594,0.12266450040617394
20,7,within_state,S048,Trait_LDA,0.29267676767676765,0.18761022927689594,0.12266450040617394
20,7,within_state,S048,State_LDA,0.2063131313131313,0.13024002704530088,0.05639396346306602
20,7,within_state,S048,Joint_LDA,0.2702020202020202,0.19137294098049015,0.11012861736334412
20,7,within_state,S053,Raw,0.4159090909090909,0.34599567099567097,0.22388059701492546
20,7,within_state,S053,Trait_LDA,0.4159090909090909,0.34599567099567097,0.22388059701492546
20,7,within_state,S053,State_LDA,0.39217171717171717,0.32528243686138425,0.199637845178814
20,7,within_state,S053,Joint_LDA,0.42853535353535344,0.3640909090909091,0.24398000908677875
20,7,within_state,S058,Raw,0.3428282828282828,0.217061077304485,0.17630057803468213
20,7,within_state,S058,Trait_LDA,0.3428282828282828,0.217061077304485,0.17630057803468213
20,7,within_state,S058,State_LDA,0.32646464646464646,0.23625140291806956,0.16950959488272932
20,7,within_state,S058,Joint_LDA,0.32131313131313133,0.21113360323886635,0.14364235983876894
20,7,within_state,S059,Raw,0.14188034188034188,0.12205910031996987,0.01015228426395931
20,7,within_state,S059,Trait_LDA,0.14188034188034188,0.12205910031996987,0.01015228426395931
20,7,within_state,S059,State_LDA,0.14871794871794872,0.1300583474496518,0.009314140558848383
20,7,within_state,S059,Joint_LDA,0.18205128205128202,0.14311211664152843,0.03703703703703709
20,7,within_state,S063,Raw,0.11333333333333333,0.07863247863247863,-0.024325351577346943
20,7,within_state,S063,Trait_LDA,0.11333333333333333,0.07863247863247863,-0.024325351577346943
20,7,within_state,S063,State_LDA,0.16,0.12121212121212122,0.0325047801147228
20,7,within_state,S063,Joint_LDA,0.06,0.027777777777777776,-0.07802487749717302
20,7,within_state,S075,Raw,0.2927272727272728,0.21902534113060432,0.13096139288417874
20,7,within_state,S075,Trait_LDA,0.2927272727272728,0.21902534113060432,0.13096139288417874
20,7,within_state,S075,State_LDA,0.23454545454545456,0.16765873015873015,0.05557684936757368
20,7,within_state,S075,Joint_LDA,0.27636363636363637,0.21653398201385818,0.12565055762081778
20,7,within_state,S077,Raw,0.24,0.16954150081085065,0.057048561999056946
20,7,within_state,S077,Trait_LDA,0.24,0.16954150081085065,0.057048561999056946
20,7,within_state,S077,State_LDA,0.28444444444444444,0.20705741626794258,0.11173445535296866
20,7,within_state,S077,Joint_LDA,0.2772222222222222,0.2014260249554367,0.10165484633569732
20,7,within_state,S085,Raw,0.26564102564102565,0.15793650793650793,0.04979442667884881
20,7,within_state,S085,Trait_LDA,0.26564102564102565,0.15793650793650793,0.04979442667884881
20,7,within_state,S085,State_LDA,0.261025641025641,0.1382716049382716,0.06558849955076362
20,7,within_state,S085,Joint_LDA,0.31115384615384617,0.18480859010270775,0.07349665924276161
20,7,within_state,S105,Raw,0.2533333333333333,0.1634920634920635,0.07308377896613205
20,7,within_state,S105,Trait_LDA,0.2533333333333333,0.1634920634920635,0.07308377896613205
20,7,within_state,S105,State_LDA,0.27555555555555555,0.1591245791245791,0.09058295964125562
20,7,within_state,S105,Joint_LDA,0.27555555555555555,0.1939425770308123,0.09423849933005801
20,7,within_state,S107,Raw,0.18857142857142856,0.12333965844402277,0.0035650623885917776
20,7,within_state,S107,Trait_LDA,0.18857142857142856,0.12333965844402277,0.0035650623885917776
20,7,within_state,S107,State_LDA,0.2257142857142857,0.13885116015846066,0.02630405706642891
20,7,within_state,S107,Joint_LDA,0.2885714285714286,0.19100228475228476,0.1158836689038033
20,8,within_state,S002,Raw,0.4590909090909091,0.3287789987789988,0.2834302325581395
20,8,within_state,S002,Trait_LDA,0.4590909090909091,0.3287789987789988,0.2834302325581395
20,8,within_state,S002,State_LDA,0.4027272727272727,0.2924691358024691,0.22302679217958
20,8,within_state,S002,Joint_LDA,0.4263636363636364,0.28663299663299663,0.2437522636725823
20,8,within_state,S007,Raw,0.4381818181818182,0.3363361426441922,0.314086956521739
20,8,within_state,S007,Trait_LDA,0.4381818181818182,0.3363361426441922,0.314086956521739
20,8,within_state,S007,State_LDA,0.443030303030303,0.3457777690102317,0.31646447140381284
20,8,within_state,S007,Joint_LDA,0.45545454545454545,0.3689021164021164,0.33495482974287694
20,8,within_state,S023,Raw,0.2633838383838384,0.18892400264949283,0.07747603833865813
20,8,within_state,S023,Trait_LDA,0.2633838383838384,0.18892400264949283,0.07747603833865813
20,8,within_state,S023,State_LDA,0.35227272727272724,0.24340393905611293,0.16097952629466072
20,8,within_state,S023,Joint_LDA,0.30353535353535355,0.22537878787878787,0.13820811570912017
20,8,within_state,S027,Raw,0.2482828282828283,0.20592592592592593,0.07308377896613194
20,8,within_state,S027,Trait_LDA,0.2482828282828283,0.20592592592592593,0.07308377896613194
20,8,within_state,S027,State_LDA,0.3112842712842713,0.20763673890608872,0.13257243195785762
20,8,within_state,S027,Joint_LDA,0.29581529581529586,0.17570850202429147,0.10739436619718312
20,8,within_state,S028,Raw,0.10454545454545454,0.08132650466746576,-0.08225108225108224
20,8,within_state,S028,Trait_LDA,0.10454545454545454,0.08132650466746576,-0.08225108225108224
20,8,within_state,S028,State_LDA,0.16590909090909092,0.1324915824915825,-0.009371339320577876
20,8,within_state,S028,Joint_LDA,0.09772727272727273,0.08888888888888889,-0.05687932359723291
20,8,within_state,S042,Raw,0.3665151515151515,0.28086419753086417,0.2265910012160519
20,8,within_state,S042,Trait_LDA,0.3665151515151515,0.28086419753086417,0.2265910012160519
20,8,within_state,S042,State_LDA,0.277070707070707,0.2120718462823726,0.12900575184880858
20,8,within_state,S042,Joint_LDA,0.25984848484848483,0.2053724053724054,0.11522801302931596
20,8,within_state,S050,Raw,0.3375757575757576,0.25814666196313607,0.165335463258786
20,8,within_state,S050,Trait_LDA,0.3375757575757576,0.25814666196313607,0.165335463258786
20,8,within_state,S050,State_LDA,0.37757575757575756,0.2840295538505257,0.20894926088693577
20,8,within_state,S050,Joint_LDA,0.2834343434343434,0.2203290484275204,0.10657686212361339
20,8,within_state,S057,Raw,0.3457575757575757,0.25288073666516026,0.1790989660265878
20,8,within_state,S057,Trait_LDA,0.3457575757575757,0.25288073666516026,0.1790989660265878
20,8,within_state,S057,State_LDA,0.34505050505050505,0.2485131508319914,0.17329862402380058
20,8,within_state,S057,Joint_LDA,0.26494949494949493,0.18974771873322596,0.08270958083832314
20,8,within_state,S063,Raw,0.11333333333333333,0.07863247863247863,-0.024325351577346943
20,8,within_state,S063,Trait_LDA,0.11333333333333333,0.07863247863247863,-0.024325351577346943
20,8,within_state,S063,State_LDA,0.16,0.12121212121212122,0.0325047801147228
20,8,within_state,S063,Joint_LDA,0.06,0.027777777777777776,-0.07802487749717302
20,8,within_state,S066,Raw,0.26,0.18199956905839257,0.1155378486055777
20,8,within_state,S066,Trait_LDA,0.26,0.18199956905839257,0.1155378486055777
20,8,within_state,S066,State_LDA,0.3022222222222222,0.21605038236617183,0.1515151515151517
20,8,within_state,S066,Joint_LDA,0.2622222222222222,0.17424242424242423,0.1150971599402093
20,8,within_state,S068,Raw,0.20909090909090908,0.12797619047619047,0.027027027027026973
20,8,within_state,S068,Trait_LDA,0.20909090909090908,0.12797619047619047,0.027027027027026973
20,8,within_state,S068,State_LDA,0.18409090909090908,0.12068797742422031,-0.006628003314001818
20,8,within_state,S068,Joint_LDA,0.14772727272727273,0.10045831784962218,-0.030032467532467688
20,8,within_state,S069,Raw,0.32727272727272727,0.23239991003148897,0.20035971223021576
20,8,within_state,S069,Trait_LDA,0.32727272727272727,0.23239991003148897,0.20035971223021576
20,8,within_state,S069,State_LDA,0.3090909090909091,0.2253393665158371,0.18947742623533592
20,8,within_state,S069,Joint_LDA,0.41818181818181815,0.3075491759702286,0.3028776978417266
20,8,within_state,S075,Raw,0.2927272727272728,0.21902534113060432,0.13096139288417874
20,8,within_state,S075,Trait_LDA,0.2927272727272728,0.21902534113060432,0.13096139288417874
20,8,within_state,S075,State_LDA,0.23454545454545456,0.16765873015873015,0.05557684936757368
20,8,within_state,S075,Joint_LDA,0.27636363636363637,0.21653398201385818,0.12565055762081778
20,8,within_state,S078,Raw,0.1522222222222222,0.11105743424584004,-0.037644787644787625
20,8,within_state,S078,Trait_LDA,0.1522222222222222,0.11105743424584004,-0.037644787644787625
20,8,within_state,S078,State_LDA,0.17722222222222223,0.12499999999999999,-0.013024602026049381
20,8,within_state,S078,Joint_LDA,0.075,0.06349206349206349,-0.12655800575263654
20,8,within_state,S093,Raw,0.2011111111111111,0.14444444444444446,0.034120734908136496
20,8,within_state,S093,Trait_LDA,0.2011111111111111,0.14444444444444446,0.034120734908136496
20,8,within_state,S093,State_LDA,0.2011111111111111,0.14091415830546264,0.028291210863825023
20,8,within_state,S093,Joint_LDA,0.16777777777777778,0.11893438103115522,0.0022271714922049712
20,8,within_state,S094,Raw,0.21333333333333332,0.15668976920911906,0.05981848184818506
20,8,within_state,S094,Trait_LDA,0.21333333333333332,0.15668976920911906,0.05981848184818506
20,8,within_state,S094,State_LDA,0.23333333333333334,0.1730296384901648,0.07787903893951953
20,8,within_state,S094,Joint_LDA,0.2733333333333333,0.21571969696969698,0.12541254125412526
20,8,within_state,S098,Raw,0.28136363636363637,0.21592851592851595,0.1421763304209691
20,8,within_state,S098,Trait_LDA,0.28136363636363637,0.21592851592851595,0.1421763304209691
20,8,within_state,S098,State_LDA,0.2231818181818182,0.1617283950617284,0.07342378292098961
20,8,within_state,S098,Joint_LDA,0.2595454545454546,0.21971595655806178,0.131764705882353
20,8,within_state,S099,Raw,0.22691197691197687,0.14657097288676238,0.03301886792452824
20,8,within_state,S099,Trait_LDA,0.22691197691197687,0.14657097288676238,0.03301886792452824
20,8,within_state,S099,State_LDA,0.20468975468975467,0.1318536239588871,0.013157894736842035
20,8,within_state,S099,Joint_LDA,0.20064935064935066,0.13286549707602338,0.02687673772011112
20,8,within_state,S101,Raw,0.4478787878787879,0.32080411407199627,0.2921665490472829
20,8,within_state,S101,Trait_LDA,0.4478787878787879,0.32080411407199627,0.2921665490472829
20,8,within_state,S101,State_LDA,0.48939393939393944,0.3623737373737374,0.33591276820260296
20,8,within_state,S101,Joint_LDA,0.37151515151515146,0.2510932033983008,0.21360925990880386
20,8,within_state,S108,Raw,0.23666666666666666,0.16325757575757574,0.07766990291262144
20,8,within_state,S108,Trait_LDA,0.23666666666666666,0.16325757575757574,0.07766990291262144
20,8,within_state,S108,State_LDA,0.22777777777777777,0.1360153256704981,0.07367280606717219
20,8,within_state,S108,Joint_LDA,0.18444444444444447,0.14520676691729323,0.058678847505270526
20,9,within_state,S004,Raw,0.3007575757575757,0.21347813979392924,0.13444553483807653
20,9,within_state,S004,Trait_LDA,0.3007575757575757,0.21347813979392924,0.13444553483807653
20,9,within_state,S004,State_LDA,0.31590909090909086,0.21031746031746032,0.13571778539931412
20,9,within_state,S004,Joint_LDA,0.3507575757575757,0.29377289377289373,0.17114427860696513
20,9,within_state,S020,Raw,0.2176262626262626,0.15802003410059676,0.05670529801324509
20,9,within_state,S020,Trait_LDA,0.2176262626262626,0.15802003410059676,0.05670529801324509
20,9,within_state,S020,State_LDA,0.26262626262626265,0.1915219421101774,0.1039175257731959
20,9,within_state,S020,Joint_LDA,0.22000000000000003,0.11904761904761903,0.057485525227460865
20,9,within_state,S021,Raw,0.3919191919191919,0.2575661886006713,0.18930957683741667
20,9,within_state,S021,Trait_LDA,0.3919191919191919,0.2575661886006713,0.18930957683741667
20,9,within_state,S021,State_LDA,0.43232323232323233,0.2984472049689441,0.2453825857519788
20,9,within_state,S021,Joint_LDA,0.3419191919191919,0.22389277389277387,0.14145470771976798
20,9,within_state,S022,Raw,0.4727272727272728,0.3946265172735761,0.3527260638297871
20,9,within_state,S022,Trait_LDA,0.4727272727272728,0.3946265172735761,0.3527260638297871
20,9,within_state,S022,State_LDA,0.43636363636363634,0.34406162464985995,0.303306342780027
20,9,within_state,S022,Joint_LDA,0.4,0.3410997850357118,0.2742686170212767
20,9,within_state,S024,Raw,0.3205555555555556,0.25119883497165446,0.18612521150592232
20,9,within_state,S024,Trait_LDA,0.3205555555555556,0.25119883497165446,0.18612521150592232
20,9,within_state,S024,State_LDA,0.2811111111111111,0.21881532640046572,0.14394259181089075
20,9,within_state,S024,Joint_LDA,0.2877777777777778,0.19855699855699857,0.14140558848433515
20,9,within_state,S028,Raw,0.10454545454545454,0.08132650466746576,-0.08225108225108224
20,9,within_state,S028,Trait_LDA,0.10454545454545454,0.08132650466746576,-0.08225108225108224
20,9,within_state,S028,State_LDA,0.16590909090909092,0.1324915824915825,-0.009371339320577876
20,9,within_state,S028,Joint_LDA,0.09772727272727273,0.08888888888888889,-0.05687932359723291
20,9,within_state,S030,Raw,0.39454545454545453,0.283922973578146,0.22443079147090716
20,9,within_state,S030,Trait_LDA,0.39454545454545453,0.283922973578146,0.22443079147090716
20,9,within_state,S030,State_LDA,0.31999999999999995,0.23007662835249043,0.1473646468268195
20,9,within_state,S030,Joint_LDA,0.3745454545454545,0.27372442372442374,0.21537913848344592
20,9,within_state,S031,Raw,0.28095238095238095,0.17341269841269838,0.08582246529238546
20,9,within_state,S031,Trait_LDA,0.28095238095238095,0.17341269841269838,0.08582246529238546
20,9,within_state,S031,State_LDA,0.25873015873015875,0.15941286909028843,0.0843274372686138
20,9,within_state,S031,Joint_LDA,0.3265079365079365,0.21213260423786737,0.12378126324713867
20,9,within_state,S034,Raw,0.3887445887445887,0.2821523304281925,0.22416107382550332
20,9,within_state,S034,Trait_LDA,0.3887445887445887,0.2821523304281925,0.22416107382550332
20,9,within_state,S034,State_LDA,0.3220779220779221,0.24175824175824176,0.16467463479415678
20,9,within_state,S034,Joint_LDA,0.2554112554112554,0.19195983269209815,0.09933774834437081
20,9,within_state,S039,Raw,0.24606060606060604,0.1660894660894661,0.0595382746051033
20,9,within_state,S039,Trait_LDA,0.24606060606060604,0.1660894660894661,0.0595382746051033
20,9,within_state,S039,State_LDA,0.19454545454545452,0.13870370370370372,0.006134969325153228
20,9,within_state,S039,Joint_LDA,0.24484848484848482,0.13906837863710234,0.039223615042458415
20,9,within_state,S044,Raw,0.35363247863247865,0.28793652444768064,0.18540804813839795
20,9,within_state,S044,Trait_LDA,0.35363247863247865,0.28793652444768064,0.18540804813839795
20,9,within_state,S044,State_LDA,0.3215811965811966,0.21824032176973351,0.14798206278026904
20,9,within_state,S044,Joint_LDA,0.336965811965812,0.286314381270903,0.16647919010123724
20,9,within_state,S052,Raw,0.18441558441558442,0.14717741935483872,0.005543710021321813
20,9,within_state,S052,Trait_LDA,0.18441558441558442,0.14717741935483872,0.005543710021321813
20,9,within_state,S052,State_LDA,0.2207792207792208,0.17231379731379728,0.05074626865671639
20,9,within_state,S052,Joint_LDA,0.2,0.1368421052631579,0.03552859618717508
20,9,within_state,S074,Raw,0.28857808857808853,0.22882352941176473,0.14131994261119063
20,9,within_state,S074,Trait_LDA,0.28857808857808853,0.22882352941176473,0.14131994261119063
20,9,within_state,S074,State_LDA,0.32214452214452216,0.257833651855391,0.1807402084081925
20,9,within_state,S074,Joint_LDA,0.2202020202020202,0.15246449456975772,0.06756756756756743
20,9,within_state,S075,Raw,0.2927272727272728,0.21902534113060432,0.13096139288417874
20,9,within_state,S075,Trait_LDA,0.2927272727272728,0.21902534113060432,0.13096139288417874
20,9,within_state,S075,State_LDA,0.23454545454545456,0.16765873015873015,0.05557684936757368
20,9,within_state,S075,Joint_LDA,0.27636363636363637,0.21653398201385818,0.12565055762081778
20,9,within_state,S078,Raw,0.1522222222222222,0.11105743424584004,-0.037644787644787625
20,9,within_state,S078,Trait_LDA,0.1522222222222222,0.11105743424584004,-0.037644787644787625
20,9,within_state,S078,State_LDA,0.17722222222222223,0.12499999999999999,-0.013024602026049381
20,9,within_state,S078,Joint_LDA,0.075,0.06349206349206349,-0.12655800575263654
20,9,within_state,S080,Raw,0.1993939393939394,0.1469293924466338,0.022099447513812098
20,9,within_state,S080,Trait_LDA,0.1993939393939394,0.1469293924466338,0.022099447513812098
20,9,within_state,S080,State_LDA,0.2572727272727272,0.18494708994708997,0.09168662333219291
20,9,within_state,S080,Joint_LDA,0.2687878787878788,0.18207282913165268,0.1148994203886804
20,9,within_state,S082,Raw,0.33999999999999997,0.22762564796033355,0.16566866267465086
20,9,within_state,S082,Trait_LDA,0.33999999999999997,0.22762564796033355,0.16566866267465086
20,9,within_state,S082,State_LDA,0.36,0.23358585858585856,0.18108651911468798
20,9,within_state,S082,Joint_LDA,0.28,0.17919389978213507,0.09255533199195165
20,9,within_state,S083,Raw,0.2319191919191919,0.17476266360977108,0.042079207920792006
20,9,within_state,S083,Trait_LDA,0.2319191919191919,0.17476266360977108,0.042079207920792006
20,9,within_state,S083,State_LDA,0.2137373737373737,0.15462205530117246,0.021013597033374465
20,9,within_state,S083,Joint_LDA,0.20969696969696972,0.16031201191384256,0.046166198313930096
20,9,within_state,S085,Raw,0.26564102564102565,0.15793650793650793,0.04979442667884881
20,9,within_state,S085,Trait_LDA,0.26564102564102565,0.15793650793650793,0.04979442667884881
20,9,within_state,S085,State_LDA,0.261025641025641,0.1382716049382716,0.06558849955076362
20,9,within_state,S085,Joint_LDA,0.31115384615384617,0.18480859010270775,0.07349665924276161
20,9,within_state,S104,Raw,0.32272727272727275,0.24915824915824913,0.16317991631799178
20,9,within_state,S104,Trait_LDA,0.32272727272727275,0.24915824915824913,0.16317991631799178
20,9,within_state,S104,State_LDA,0.29772727272727273,0.22520189362294626,0.13227016885553478
20,9,within_state,S104,Joint_LDA,0.21136363636363636,0.14902534113060428,0.020544672718585733
4,0,within_state,S010,Raw,0.15936507936507938,0.09401629072681704,-0.03130287648054142
4,0,within_state,S010,Trait_LDA,0.15936507936507938,0.09401629072681704,-0.03130287648054142
4,0,within_state,S010,State_LDA,0.1707936507936508,0.0892156862745098,-0.028460543337645472
4,0,within_state,S010,Joint_LDA,0.24158730158730157,0.13352826510721247,0.04790419161676651
4,0,within_state,S047,Raw,0.27936507936507937,0.2192760942760943,0.15257422021796307
4,0,within_state,S047,Trait_LDA,0.27936507936507937,0.2192760942760943,0.15257422021796307
4,0,within_state,S047,State_LDA,0.30158730158730157,0.23886104149262044,0.17541229385307333
4,0,within_state,S047,Joint_LDA,0.30357142857142855,0.23535087719298242,0.15700934579439252
4,0,within_state,S069,Raw,0.32727272727272727,0.23239991003148897,0.20035971223021576
4,0,within_state,S069,Trait_LDA,0.32727272727272727,0.23239991003148897,0.20035971223021576
4,0,within_state,S069,State_LDA,0.3090909090909091,0.2253393665158371,0.18947742623533592
4,0,within_state,S069,Joint_LDA,0.2909090909090909,0.19936811934075957,0.15935251798561145
4,0,within_state,S080,Raw,0.1993939393939394,0.1469293924466338,0.022099447513812098
4,0,within_state,S080,Trait_LDA,0.1993939393939394,0.1469293924466338,0.022099447513812098
4,0,within_state,S080,State_LDA,0.2572727272727272,0.18494708994708997,0.09168662333219291
4,0,within_state,S080,Joint_LDA,0.29030303030303034,0.19692460317460317,0.13736824209452558
4,1,within_state,S005,Raw,0.2381818181818182,0.15215686274509804,0.06630476929042273
4,1,within_state,S005,Trait_LDA,0.2381818181818182,0.15215686274509804,0.06630476929042273
4,1,within_state,S005,State_LDA,0.22000000000000003,0.1305141411403271,0.04570100697134016
4,1,within_state,S005,Joint_LDA,0.2018181818181818,0.1216931216931217,0.025145067698259194
4,1,within_state,S042,Raw,0.3665151515151515,0.28086419753086417,0.2265910012160519
4,1,within_state,S042,Trait_LDA,0.3665151515151515,0.28086419753086417,0.2265910012160519
4,1,within_state,S042,State_LDA,0.277070707070707,0.2120718462823726,0.12900575184880858
4,1,within_state,S042,Joint_LDA,0.26666666666666666,0.19914529914529913,0.11342309261525907
4,1,within_state,S052,Raw,0.18441558441558442,0.14717741935483872,0.005543710021321813
4,1,within_state,S052,Trait_LDA,0.18441558441558442,0.14717741935483872,0.005543710021321813
4,1,within_state,S052,State_LDA,0.2207792207792208,0.17231379731379728,0.05074626865671639
4,1,within_state,S052,Joint_LDA,0.15988455988455988,0.10805860805860805,-0.01792573623559557
4,1,within_state,S068,Raw,0.20909090909090908,0.12797619047619047,0.027027027027026973
4,1,within_state,S068,Trait_LDA,0.20909090909090908,0.12797619047619047,0.027027027027026973
4,1,within_state,S068,State_LDA,0.18409090909090908,0.12068797742422031,-0.006628003314001818
4,1,within_state,S068,Joint_LDA,0.15909090909090912,0.10312343828085957,-0.027295285359801413
4,2,within_state,S013,Raw,0.2708313908313908,0.1966490299823633,0.08530465949820776
4,2,within_state,S013,Trait_LDA,0.2708313908313908,0.1966490299823633,0.08530465949820776
4,2,within_state,S013,State_LDA,0.228034188034188,0.15020743145743146,0.055240793201133065
4,2,within_state,S013,Joint_LDA,0.3357420357420357,0.26805555555555555,0.18252290345313593
4,2,within_state,S028,Raw,0.10454545454545454,0.08132650466746576,-0.08225108225108224
4,2,within_state,S028,Trait_LDA,0.10454545454545454,0.08132650466746576,-0.08225108225108224
4,2,within_state,S028,State_LDA,0.16590909090909092,0.1324915824915825,-0.009371339320577876
4,2,within_state,S028,Joint_LDA,0.11590909090909092,0.0945887445887446,-0.05769230769230771
4,2,within_state,S069,Raw,0.32727272727272727,0.23239991003148897,0.20035971223021576
4,2,within_state,S069,Trait_LDA,0.32727272727272727,0.23239991003148897,0.20035971223021576
4,2,within_state,S069,State_LDA,0.3090909090909091,0.2253393665158371,0.18947742623533592
4,2,within_state,S069,Joint_LDA,0.2909090909090909,0.19936811934075957,0.15935251798561145
4,2,within_state,S086,Raw,0.3401320901320901,0.22976190476190475,0.16800000000000004
4,2,within_state,S086,Trait_LDA,0.3401320901320901,0.22976190476190475,0.16800000000000004
4,2,within_state,S086,State_LDA,0.35273892773892773,0.23344827586206895,0.1837360951285002
4,2,within_state,S086,Joint_LDA,0.31233488733488735,0.20934065934065935,0.1414334994250671
4,3,within_state,S056,Raw,0.3255011655011655,0.25925561029009303,0.1920529801324503
4,3,within_state,S056,Trait_LDA,0.3255011655011655,0.25925561029009303,0.1920529801324503
4,3,within_state,S056,State_LDA,0.3482983682983683,0.2690562613430127,0.2065355329949239
4,3,within_state,S056,Joint_LDA,0.3101165501165501,0.24621009928472296,0.17359798361688716
4,3,within_state,S060,Raw,0.32222222222222224,0.2532920536635707,0.18377088305489242
4,3,within_state,S060,Trait_LDA,0.32222222222222224,0.2532920536635707,0.18377088305489242
4,3,within_state,S060,State_LDA,0.32222222222222224,0.2691086691086691,0.19560956487651904
4,3,within_state,S060,Joint_LDA,0.2972222222222222,0.24237096024180424,0.16693037974683533
4,3,within_state,S077,Raw,0.24,0.16954150081085065,0.057048561999056946
4,3,within_state,S077,Trait_LDA,0.24,0.16954150081085065,0.057048561999056946
4,3,within_state,S077,State_LDA,0.28444444444444444,0.20705741626794258,0.11173445535296866
4,3,within_state,S077,Joint_LDA,0.28222222222222226,0.21145510835913314,0.11873840445269002
4,3,within_state,S098,Raw,0.28136363636363637,0.21592851592851595,0.1421763304209691
4,3,within_state,S098,Trait_LDA,0.28136363636363637,0.21592851592851595,0.1421763304209691
4,3,within_state,S098,State_LDA,0.2231818181818182,0.1617283950617284,0.07342378292098961
4,3,within_state,S098,Joint_LDA,0.2463636363636364,0.18798111837327522,0.0928
4,4,within_state,S009,Raw,0.3088888888888889,0.20675381263616557,0.17801784875528415
4,4,within_state,S009,Trait_LDA,0.3088888888888889,0.20675381263616557,0.17801784875528415
4,4,within_state,S009,State_LDA,0.22666666666666666,0.14309764309764308,0.048316251830161194
4,4,within_state,S009,Joint_LDA,0.26888888888888884,0.17592592592592593,0.10237748665696267
4,4,within_state,S023,Raw,0.2633838383838384,0.18892400264949283,0.07747603833865813
4,4,within_state,S023,Trait_LDA,0.2633838383838384,0.18892400264949283,0.07747603833865813
4,4,within_state,S023,State_LDA,0.35227272727272724,0.24340393905611293,0.16097952629466072
4,4,within_state,S023,Joint_LDA,0.35353535353535354,0.2611456176673568,0.17711281843914284
4,4,within_state,S052,Raw,0.18441558441558442,0.14717741935483872,0.005543710021321813
4,4,within_state,S052,Trait_LDA,0.18441558441558442,0.14717741935483872,0.005543710021321813
4,4,within_state,S052,State_LDA,0.2207792207792208,0.17231379731379728,0.05074626865671639
4,4,within_state,S052,Joint_LDA,0.15988455988455988,0.10805860805860805,-0.01792573623559557
4,4,within_state,S097,Raw,0.22176767676767678,0.1638095238095238,0.025000000000000022
4,4,within_state,S097,Trait_LDA,0.22176767676767678,0.1638095238095238,0.025000000000000022
4,4,within_state,S097,State_LDA,0.24176767676767677,0.16013071895424835,0.05160142348754437
4,4,within_state,S097,Joint_LDA,0.2708080808080808,0.17572362278244627,0.0853122251539139
4,5,within_state,S010,Raw,0.15936507936507938,0.09401629072681704,-0.03130287648054142
4,5,within_state,S010,Trait_LDA,0.15936507936507938,0.09401629072681704,-0.03130287648054142
4,5,within_state,S010,State_LDA,0.1707936507936508,0.0892156862745098,-0.028460543337645472
4,5,within_state,S010,Joint_LDA,0.24158730158730157,0.13352826510721247,0.04790419161676651
4,5,within_state,S057,Raw,0.3457575757575757,0.25288073666516026,0.1790989660265878
4,5,within_state,S057,Trait_LDA,0.3457575757575757,0.25288073666516026,0.1790989660265878
4,5,within_state,S057,State_LDA,0.34505050505050505,0.2485131508319914,0.17329862402380058
4,5,within_state,S057,Joint_LDA,0.3568686868686869,0.25112669909389196,0.19479553903345725
4,5,within_state,S077,Raw,0.24,0.16954150081085065,0.057048561999056946
4,5,within_state,S077,Trait_LDA,0.24,0.16954150081085065,0.057048561999056946
4,5,within_state,S077,State_LDA,0.28444444444444444,0.20705741626794258,0.11173445535296866
4,5,within_state,S077,Joint_LDA,0.28222222222222226,0.21145510835913314,0.11873840445269002
4,5,within_state,S080,Raw,0.1993939393939394,0.1469293924466338,0.022099447513812098
4,5,within_state,S080,Trait_LDA,0.1993939393939394,0.1469293924466338,0.022099447513812098
4,5,within_state,S080,State_LDA,0.2572727272727272,0.18494708994708997,0.09168662333219291
4,5,within_state,S080,Joint_LDA,0.29030303030303034,0.19692460317460317,0.13736824209452558
4,6,within_state,S014,Raw,0.17636363636363636,0.14768526667840168,0.043090638930163405
4,6,within_state,S014,Trait_LDA,0.17636363636363636,0.14768526667840168,0.043090638930163405
4,6,within_state,S014,State_LDA,0.23621212121212123,0.20443234893362772,0.10748702742772431
4,6,within_state,S014,Joint_LDA,0.2293939393939394,0.18292490118577076,0.10182767624020872
4,6,within_state,S040,Raw,0.37272727272727274,0.2750793650793651,0.21544869367663766
4,6,within_state,S040,Trait_LDA,0.37272727272727274,0.2750793650793651,0.21544869367663766
4,6,within_state,S040,State_LDA,0.33535353535353535,0.24426646325959825,0.16704805491990848
4,6,within_state,S040,Joint_LDA,0.25606060606060604,0.20083184789067143,0.10416666666666652
4,6,within_state,S052,Raw,0.18441558441558442,0.14717741935483872,0.005543710021321813
4,6,within_state,S052,Trait_LDA,0.18441558441558442,0.14717741935483872,0.005543710021321813
4,6,within_state,S052,State_LDA,0.2207792207792208,0.17231379731379728,0.05074626865671639
4,6,within_state,S052,Joint_LDA,0.15988455988455988,0.10805860805860805,-0.01792573623559557
4,6,within_state,S063,Raw,0.11333333333333333,0.07863247863247863,-0.024325351577346943
4,6,within_state,S063,Trait_LDA,0.11333333333333333,0.07863247863247863,-0.024325351577346943
4,6,within_state,S063,State_LDA,0.16,0.12121212121212122,0.0325047801147228
4,6,within_state,S063,Joint_LDA,0.15666666666666668,0.12828282828282828,0.031022596706242744
4,7,within_state,S005,Raw,0.2381818181818182,0.15215686274509804,0.06630476929042273
4,7,within_state,S005,Trait_LDA,0.2381818181818182,0.15215686274509804,0.06630476929042273
4,7,within_state,S005,State_LDA,0.22000000000000003,0.1305141411403271,0.04570100697134016
4,7,within_state,S005,Joint_LDA,0.2018181818181818,0.1216931216931217,0.025145067698259194
4,7,within_state,S038,Raw,0.22222222222222224,0.1272727272727273,0.04788418708240516
4,7,within_state,S038,Trait_LDA,0.22222222222222224,0.1272727272727273,0.04788418708240516
4,7,within_state,S038,State_LDA,0.2,0.10894660894660894,0.04376367614879639
4,7,within_state,S038,Joint_LDA,0.2,0.10837606837606838,0.042716319824753546
4,7,within_state,S063,Raw,0.11333333333333333,0.07863247863247863,-0.024325351577346943
4,7,within_state,S063,Trait_LDA,0.11333333333333333,0.07863247863247863,-0.024325351577346943
4,7,within_state,S063,State_LDA,0.16,0.12121212121212122,0.0325047801147228
4,7,within_state,S063,Joint_LDA,0.15666666666666668,0.12828282828282828,0.031022596706242744
4,7,within_state,S091,Raw,0.3841414141414142,0.26313431428032447,0.20654627539503378
4,7,within_state,S091,Trait_LDA,0.3841414141414142,0.26313431428032447,0.20654627539503378
4,7,within_state,S091,State_LDA,0.3915151515151515,0.27546296296296297,0.23253275109170302
4,7,within_state,S091,Joint_LDA,0.31747474747474747,0.23436308161708616,0.15711645101663585
4,8,within_state,S075,Raw,0.2927272727272728,0.21902534113060432,0.13096139288417874
4,8,within_state,S075,Trait_LDA,0.2927272727272728,0.21902534113060432,0.13096139288417874
4,8,within_state,S075,State_LDA,0.23454545454545456,0.16765873015873015,0.05557684936757368
4,8,within_state,S075,Joint_LDA,0.25636363636363635,0.1901756495024377,0.08231707317073167
4,8,within_state,S080,Raw,0.1993939393939394,0.1469293924466338,0.022099447513812098
4,8,within_state,S080,Trait_LDA,0.1993939393939394,0.1469293924466338,0.022099447513812098
4,8,within_state,S080,State_LDA,0.2572727272727272,0.18494708994708997,0.09168662333219291
4,8,within_state,S080,Joint_LDA,0.29030303030303034,0.19692460317460317,0.13736824209452558
4,8,within_state,S082,Raw,0.33999999999999997,0.22762564796033355,0.16566866267465086
4,8,within_state,S082,Trait_LDA,0.33999999999999997,0.22762564796033355,0.16566866267465086
4,8,within_state,S082,State_LDA,0.36,0.23358585858585856,0.18108651911468798
4,8,within_state,S082,Joint_LDA,0.32,0.22747621571150983,0.1333333333333333
4,8,within_state,S089,Raw,0.4139860139860139,0.4031849040923451,0.20661157024793397
4,8,within_state,S089,Trait_LDA,0.4139860139860139,0.4031849040923451,0.20661157024793397
4,8,within_state,S089,State_LDA,0.43578088578088575,0.4062885154061625,0.23491773308957953
4,8,within_state,S089,Joint_LDA,0.3998834498834499,0.3763900376803602,0.18778486782133097
4,9,within_state,S033,Raw,0.4143589743589744,0.31256317488201546,0.27164622816796724
4,9,within_state,S033,Trait_LDA,0.4143589743589744,0.31256317488201546,0.27164622816796724
4,9,within_state,S033,State_LDA,0.4114529914529915,0.29806763285024157,0.2787878787878787
4,9,within_state,S033,Joint_LDA,0.3452991452991453,0.2362382445141066,0.19485433219825965
4,9,within_state,S040,Raw,0.37272727272727274,0.2750793650793651,0.21544869367663766
4,9,within_state,S040,Trait_LDA,0.37272727272727274,0.2750793650793651,0.21544869367663766
4,9,within_state,S040,State_LDA,0.33535353535353535,0.24426646325959825,0.16704805491990848
4,9,within_state,S040,Joint_LDA,0.25606060606060604,0.20083184789067143,0.10416666666666652
4,9,within_state,S102,Raw,0.286060606060606,0.22992868645042555,0.1426607081471296
4,9,within_state,S102,Trait_LDA,0.286060606060606,0.22992868645042555,0.1426607081471296
4,9,within_state,S102,State_LDA,0.2678787878787879,0.2129183135704875,0.12452830188679231
4,9,within_state,S102,Joint_LDA,0.24787878787878787,0.20209447415329765,0.10647038685381727
4,9,within_state,S108,Raw,0.23666666666666666,0.16325757575757574,0.07766990291262144
4,9,within_state,S108,Trait_LDA,0.23666666666666666,0.16325757575757574,0.07766990291262144
4,9,within_state,S108,State_LDA,0.22777777777777777,0.1360153256704981,0.07367280606717219
4,9,within_state,S108,Joint_LDA,0.11111111111111112,0.08112874779541446,-0.03932785126921701
80,0,within_state,S003,Raw,0.28828282828282825,0.21287477954144618,0.14029736942432336
80,0,within_state,S003,Trait_LDA,0.28828282828282825,0.21287477954144618,0.14029736942432336
80,0,within_state,S003,State_LDA,0.26747474747474753,0.21191626409017714,0.12665406427221182
80,0,within_state,S003,Joint_LDA,0.2311111111111111,0.12452107279693486,0.08541194255479967
80,0,within_state,S004,Raw,0.3007575757575757,0.21347813979392924,0.13444553483807653
80,0,within_state,S004,Trait_LDA,0.3007575757575757,0.21347813979392924,0.13444553483807653
80,0,within_state,S004,State_LDA,0.31590909090909086,0.21031746031746032,0.13571778539931412
80,0,within_state,S004,Joint_LDA,0.24722222222222223,0.12953712953712954,0.06264945002391209
80,0,within_state,S005,Raw,0.2381818181818182,0.15215686274509804,0.06630476929042273
80,0,within_state,S005,Trait_LDA,0.2381818181818182,0.15215686274509804,0.06630476929042273
80,0,within_state,S005,State_LDA,0.22000000000000003,0.1305141411403271,0.04570100697134016
80,0,within_state,S005,Joint_LDA,0.2505050505050505,0.1246376811594203,0.08909426987060998
80,0,within_state,S006,Raw,0.3088888888888889,0.2326468344774981,0.1508064516129034
80,0,within_state,S006,Trait_LDA,0.3088888888888889,0.2326468344774981,0.1508064516129034
80,0,within_state,S006,State_LDA,0.3511111111111111,0.25169657234874626,0.18780487804878065
80,0,within_state,S006,Joint_LDA,0.31333333333333335,0.18563594019983473,0.15217391304347838
80,0,within_state,S007,Raw,0.4381818181818182,0.3363361426441922,0.314086956521739
80,0,within_state,S007,Trait_LDA,0.4381818181818182,0.3363361426441922,0.314086956521739
80,0,within_state,S007,State_LDA,0.443030303030303,0.3457777690102317,0.31646447140381284
80,0,within_state,S007,Joint_LDA,0.30333333333333334,0.180339985218034,0.17602217602217596
80,0,within_state,S008,Raw,0.3005050505050505,0.19871356891213834,0.12797739200645952
80,0,within_state,S008,Trait_LDA,0.3005050505050505,0.19871356891213834,0.12797739200645952
80,0,within_state,S008,State_LDA,0.29242424242424236,0.2114960860877376,0.1258599757183324
80,0,within_state,S008,Joint_LDA,0.2833333333333333,0.12380952380952381,0.0949720670391061
80,0,within_state,S009,Raw,0.3088888888888889,0.20675381263616557,0.17801784875528415
80,0,within_state,S009,Trait_LDA,0.3088888888888889,0.20675381263616557,0.17801784875528415
80,0,within_state,S009,State_LDA,0.22666666666666666,0.14309764309764308,0.048316251830161194
80,0,within_state,S009,Joint_LDA,0.10888888888888888,0.05992063492063491,-0.05359596885020612
80,0,within_state,S011,Raw,0.21818181818181817,0.14664664664664664,0.03581363004172455
80,0,within_state,S011,Trait_LDA,0.21818181818181817,0.14664664664664664,0.03581363004172455
80,0,within_state,S011,State_LDA,0.2363636363636364,0.18312849860837477,0.056328233657857996
80,0,within_state,S011,Joint_LDA,0.12727272727272726,0.07995642701525055,-0.042828008157715924
80,0,within_state,S013,Raw,0.2708313908313908,0.1966490299823633,0.08530465949820776
80,0,within_state,S013,Trait_LDA,0.2708313908313908,0.1966490299823633,0.08530465949820776
80,0,within_state,S013,State_LDA,0.228034188034188,0.15020743145743146,0.055240793201133065
80,0,within_state,S013,Joint_LDA,0.2208080808080808,0.14444444444444446,0.07687097866576365
80,0,within_state,S015,Raw,0.33571428571428574,0.20211988304093564,0.13978494623655913
80,0,within_state,S015,Trait_LDA,0.33571428571428574,0.20211988304093564,0.13978494623655913
80,0,within_state,S015,State_LDA,0.2904761904761905,0.16787037037037036,0.09919571045576392
80,0,within_state,S015,Joint_LDA,0.13428571428571429,0.05555555555555556,-0.007762879322512406
80,0,within_state,S018,Raw,0.26862914862914866,0.17773226375376913,0.07972270363951495
80,0,within_state,S018,Trait_LDA,0.26862914862914866,0.17773226375376913,0.07972270363951495
80,0,within_state,S018,State_LDA,0.2482251082251082,0.1777940697295536,0.08803763440860213
80,0,within_state,S018,Joint_LDA,0.12484848484848485,0.08101135190918472,-0.020561357702350014
80,0,within_state,S019,Raw,0.21151515151515152,0.15215924426450744,0.01833180568285986
80,0,within_state,S019,Trait_LDA,0.21151515151515152,0.15215924426450744,0.01833180568285986
80,0,within_state,S019,State_LDA,0.17818181818181816,0.1256132756132756,-0.008275862068965578
80,0,within_state,S019,Joint_LDA,0.22000000000000003,0.11538461538461538,0.07712193020249902
80,0,within_state,S021,Raw,0.3919191919191919,0.2575661886006713,0.18930957683741667
80,0,within_state,S021,Trait_LDA,0.3919191919191919,0.2575661886006713,0.18930957683741667
80,0,within_state,S021,State_LDA,0.43232323232323233,0.2984472049689441,0.2453825857519788
80,0,within_state,S021,Joint_LDA,0.39722222222222225,0.2496296296296296,0.19611307420494695
80,0,within_state,S022,Raw,0.4727272727272728,0.3946265172735761,0.3527260638297871
80,0,within_state,S022,Trait_LDA,0.4727272727272728,0.3946265172735761,0.3527260638297871
80,0,within_state,S022,State_LDA,0.43636363636363634,0.34406162464985995,0.303306342780027
80,0,within_state,S022,Joint_LDA,0.23636363636363633,0.1699756182514803,0.10102683007618407
80,0,within_state,S024,Raw,0.3205555555555556,0.25119883497165446,0.18612521150592232
80,0,within_state,S024,Trait_LDA,0.3205555555555556,0.25119883497165446,0.18612521150592232
80,0,within_state,S024,State_LDA,0.2811111111111111,0.21881532640046572,0.14394259181089075
80,0,within_state,S024,Joint_LDA,0.17777777777777776,0.06201550387596899,0.03622577927548454
80,0,within_state,S025,Raw,0.15757575757575756,0.11508771929824561,0.0117647058823529
80,0,within_state,S025,Trait_LDA,0.15757575757575756,0.11508771929824561,0.0117647058823529
80,0,within_state,S025,State_LDA,0.1575757575757576,0.11294117647058825,0.01969365426695846
80,0,within_state,S025,Joint_LDA,0.16565656565656567,0.09080459770114942,0.021477975973789643
80,0,within_state,S026,Raw,0.28888888888888886,0.21954244585823535,0.15025906735751293
80,0,within_state,S026,Trait_LDA,0.28888888888888886,0.21954244585823535,0.15025906735751293
80,0,within_state,S026,State_LDA,0.27444444444444444,0.22208729226717908,0.13814584096738736
80,0,within_state,S026,Joint_LDA,0.22666666666666666,0.15025062656641605,0.08396946564885499
80,0,within_state,S027,Raw,0.2482828282828283,0.20592592592592593,0.07308377896613194
80,0,within_state,S027,Trait_LDA,0.2482828282828283,0.20592592592592593,0.07308377896613194
80,0,within_state,S027,State_LDA,0.3112842712842713,0.20763673890608872,0.13257243195785762
80,0,within_state,S027,Joint_LDA,0.2,0.05555555555555555,0.04137648504711189
80,0,within_state,S028,Raw,0.10454545454545454,0.08132650466746576,-0.08225108225108224
80,0,within_state,S028,Trait_LDA,0.10454545454545454,0.08132650466746576,-0.08225108225108224
80,0,within_state,S028,State_LDA,0.16590909090909092,0.1324915824915825,-0.009371339320577876
80,0,within_state,S028,Joint_LDA,0.175,0.05303030303030303,0.017491626349088185
80,0,within_state,S029,Raw,0.2782051282051282,0.21133159475264737,0.1076345431789737
80,0,within_state,S029,Trait_LDA,0.2782051282051282,0.21133159475264737,0.1076345431789737
80,0,within_state,S029,State_LDA,0.2382051282051282,0.19497354497354494,0.0840258541089568
80,0,within_state,S029,Joint_LDA,0.16153846153846155,0.10504549214226633,0.04836374167390678
80,0,within_state,S030,Raw,0.39454545454545453,0.283922973578146,0.22443079147090716
80,0,within_state,S030,Trait_LDA,0.39454545454545453,0.283922973578146,0.22443079147090716
80,0,within_state,S030,State_LDA,0.31999999999999995,0.23007662835249043,0.1473646468268195
80,0,within_state,S030,Joint_LDA,0.1781818181818182,0.07123034227567067,0.006988120195667191
80,0,within_state,S032,Raw,0.25826839826839826,0.19533799533799534,0.10576096302665516
80,0,within_state,S032,Trait_LDA,0.25826839826839826,0.19533799533799534,0.10576096302665516
80,0,within_state,S032,State_LDA,0.25826839826839826,0.19913419913419914,0.10652920962199319
80,0,within_state,S032,Joint_LDA,0.22507936507936507,0.15203089244851256,0.07869798104655945
80,0,within_state,S033,Raw,0.4143589743589744,0.31256317488201546,0.27164622816796724
80,0,within_state,S033,Trait_LDA,0.4143589743589744,0.31256317488201546,0.27164622816796724
80,0,within_state,S033,State_LDA,0.4114529914529915,0.29806763285024157,0.2787878787878787
80,0,within_state,S033,Joint_LDA,0.24222222222222226,0.13636363636363638,0.06075288855758476
80,0,within_state,S034,Raw,0.3887445887445887,0.2821523304281925,0.22416107382550332
80,0,within_state,S034,Trait_LDA,0.3887445887445887,0.2821523304281925,0.22416107382550332
80,0,within_state,S034,State_LDA,0.3220779220779221,0.24175824175824176,0.16467463479415678
80,0,within_state,S034,Joint_LDA,0.2698412698412699,0.13770180436847104,0.11535125758889853
80,0,within_state,S035,Raw,0.4163636363636363,0.26159420289855073,0.2611615962070327
80,0,within_state,S035,Trait_LDA,0.4163636363636363,0.26159420289855073,0.2611615962070327
80,0,within_state,S035,State_LDA,0.35454545454545455,0.22803195352214958,0.18371440032089836
80,0,within_state,S035,Joint_LDA,0.35353535353535354,0.24195475113122172,0.17810985460420026
80,0,within_state,S036,Raw,0.17493894993894993,0.12557998933928616,-0.009025270758122872
80,0,within_state,S036,Trait_LDA,0.17493894993894993,0.12557998933928616,-0.009025270758122872
80,0,within_state,S036,State_LDA,0.25757020757020754,0.18501221001221002,0.07349665924276161
80,0,within_state,S036,Joint_LDA,0.19682539682539685,0.08608058608058607,0.020967051775780954
80,0,within_state,S037,Raw,0.15833333333333333,0.12674362674362674,0.01373521556657753
80,0,within_state,S037,Trait_LDA,0.15833333333333333,0.12674362674362674,0.01373521556657753
80,0,within_state,S037,State_LDA,0.15,0.1095068330362448,0.012982054219167649
80,0,within_state,S037,Joint_LDA,0.195,0.10742705570291777,0.05982905982905984
80,0,within_state,S039,Raw,0.24606060606060604,0.1660894660894661,0.0595382746051033
80,0,within_state,S039,Trait_LDA,0.24606060606060604,0.1660894660894661,0.0595382746051033
80,0,within_state,S039,State_LDA,0.19454545454545452,0.13870370370370372,0.006134969325153228
80,0,within_state,S039,Joint_LDA,0.21818181818181817,0.05933484504913076,0.016660209221232125
80,0,within_state,S040,Raw,0.37272727272727274,0.2750793650793651,0.21544869367663766
80,0,within_state,S040,Trait_LDA,0.37272727272727274,0.2750793650793651,0.21544869367663766
80,0,within_state,S040,State_LDA,0.33535353535353535,0.24426646325959825,0.16704805491990848
80,0,within_state,S040,Joint_LDA,0.2,0.1043360433604336,0.041165755919854385
80,0,within_state,S042,Raw,0.3665151515151515,0.28086419753086417,0.2265910012160519
80,0,within_state,S042,Trait_LDA,0.3665151515151515,0.28086419753086417,0.2265910012160519
80,0,within_state,S042,State_LDA,0.277070707070707,0.2120718462823726,0.12900575184880858
80,0,within_state,S042,Joint_LDA,0.2583333333333333,0.13315696649029982,0.1045856798069188
80,0,within_state,S044,Raw,0.35363247863247865,0.28793652444768064,0.18540804813839795
80,0,within_state,S044,Trait_LDA,0.35363247863247865,0.28793652444768064,0.18540804813839795
80,0,within_state,S044,State_LDA,0.3215811965811966,0.21824032176973351,0.14798206278026904
80,0,within_state,S044,Joint_LDA,0.1,0.03809523809523809,-0.08982683982683981
80,0,within_state,S045,Raw,0.2822222222222222,0.22685185185185186,0.15254237288135597
80,0,within_state,S045,Trait_LDA,0.2822222222222222,0.22685185185185186,0.15254237288135597
80,0,within_state,S045,State_LDA,0.3155555555555555,0.23931623931623935,0.162401116798511
80,0,within_state,S045,Joint_LDA,0.25999999999999995,0.1767857142857143,0.11268855368234243
80,0,within_state,S046,Raw,0.17398989898989897,0.14259259259259258,0.03221535745807602
80,0,within_state,S046,Trait_LDA,0.17398989898989897,0.14259259259259258,0.03221535745807602
80,0,within_state,S046,State_LDA,0.12398989898989898,0.09928989139515454,-0.009234828496042402
80,0,within_state,S046,Joint_LDA,0.04722222222222222,0.03671497584541063,-0.07622739018087832
80,0,within_state,S048,Raw,0.29267676767676765,0.18761022927689594,0.12266450040617394
80,0,within_state,S048,Trait_LDA,0.29267676767676765,0.18761022927689594,0.12266450040617394
80,0,within_state,S048,State_LDA,0.2063131313131313,0.13024002704530088,0.05639396346306602
80,0,within_state,S048,Joint_LDA,0.20303030303030303,0.12365423623030114,0.03914590747330948
80,0,within_state,S049,Raw,0.23666666666666666,0.20331232492997198,0.08639228772710417
80,0,within_state,S049,Trait_LDA,0.23666666666666666,0.20331232492997198,0.08639228772710417
80,0,within_state,S049,State_LDA,0.2677777777777778,0.22084883926989188,0.09850517439632045
80,0,within_state,S049,Joint_LDA,0.24,0.108843537414966,0.0755685986793837
80,0,within_state,S051,Raw,0.2721212121212121,0.2133772507685551,0.12597547380156093
80,0,within_state,S051,Trait_LDA,0.2721212121212121,0.2133772507685551,0.12597547380156093
80,0,within_state,S051,State_LDA,0.28808080808080805,0.22474747474747478,0.14583333333333348
80,0,within_state,S051,Joint_LDA,0.2202020202020202,0.1313131313131313,0.08163265306122447
80,0,within_state,S052,Raw,0.18441558441558442,0.14717741935483872,0.005543710021321813
80,0,within_state,S052,Trait_LDA,0.18441558441558442,0.14717741935483872,0.005543710021321813
80,0,within_state,S052,State_LDA,0.2207792207792208,0.17231379731379728,0.05074626865671639
80,0,within_state,S052,Joint_LDA,0.24155844155844158,0.11213235294117647,0.06822938467978246
80,0,within_state,S053,Raw,0.4159090909090909,0.34599567099567097,0.22388059701492546
80,0,within_state,S053,Trait_LDA,0.4159090909090909,0.34599567099567097,0.22388059701492546
80,0,within_state,S053,State_LDA,0.39217171717171717,0.32528243686138425,0.199637845178814
80,0,within_state,S053,Joint_LDA,0.23939393939393935,0.1734453781512605,0.03442028985507262
80,0,within_state,S054,Raw,0.2363636363636364,0.17565552683520014,0.04444444444444462
80,0,within_state,S054,Trait_LDA,0.2363636363636364,0.17565552683520014,0.04444444444444462
80,0,within_state,S054,State_LDA,0.2631818181818182,0.18306878306878308,0.06589785831960449
80,0,within_state,S054,Joint_LDA,0.16272727272727275,0.10557371096586783,-0.008526187576126665
80,0,within_state,S057,Raw,0.3457575757575757,0.25288073666516026,0.1790989660265878
80,0,within_state,S057,Trait_LDA,0.3457575757575757,0.25288073666516026,0.1790989660265878
80,0,within_state,S057,State_LDA,0.34505050505050505,0.2485131508319914,0.17329862402380058
80,0,within_state,S057,Joint_LDA,0.24242424242424238,0.12777284826974267,0.06964091403699668
80,0,within_state,S058,Raw,0.3428282828282828,0.217061077304485,0.17630057803468213
80,0,within_state,S058,Trait_LDA,0.3428282828282828,0.217061077304485,0.17630057803468213
80,0,within_state,S058,State_LDA,0.32646464646464646,0.23625140291806956,0.16950959488272932
80,0,within_state,S058,Joint_LDA,0.16777777777777778,0.09657145913564398,-0.0010752688172044333
80,0,within_state,S059,Raw,0.14188034188034188,0.12205910031996987,0.01015228426395931
80,0,within_state,S059,Trait_LDA,0.14188034188034188,0.12205910031996987,0.01015228426395931
80,0,within_state,S059,State_LDA,0.14871794871794872,0.1300583474496518,0.009314140558848383
80,0,within_state,S059,Joint_LDA,0.21538461538461537,0.07083333333333333,0.049167005282405585
80,0,within_state,S060,Raw,0.32222222222222224,0.2532920536635707,0.18377088305489242
80,0,within_state,S060,Trait_LDA,0.32222222222222224,0.2532920536635707,0.18377088305489242
80,0,within_state,S060,State_LDA,0.32222222222222224,0.2691086691086691,0.19560956487651904
80,0,within_state,S060,Joint_LDA,0.16994949494949493,0.11949746160272477,0.034214618973561484
80,0,within_state,S061,Raw,0.41656565656565653,0.31403318903318905,0.26037735849056587
80,0,within_state,S061,Trait_LDA,0.41656565656565653,0.31403318903318905,0.26037735849056587
80,0,within_state,S061,State_LDA,0.3721212121212122,0.2686202686202686,0.20000000000000018
80,0,within_state,S061,Joint_LDA,0.35797979797979795,0.23026392961876832,0.20030063885757232
80,0,within_state,S062,Raw,0.25575757575757574,0.1882728979503173,0.06743940990516328
80,0,within_state,S062,Trait_LDA,0.25575757575757574,0.1882728979503173,0.06743940990516328
80,0,within_state,S062,State_LDA,0.2872727272727273,0.2127680311890838,0.10321668434075637
80,0,within_state,S062,Joint_LDA,0.2309090909090909,0.11038961038961038,0.031097134870719856
80,0,within_state,S063,Raw,0.11333333333333333,0.07863247863247863,-0.024325351577346943
80,0,within_state,S063,Trait_LDA,0.11333333333333333,0.07863247863247863,-0.024325351577346943
80,0,within_state,S063,State_LDA,0.16,0.12121212121212122,0.0325047801147228
80,0,within_state,S063,Joint_LDA,0.21000000000000002,0.10846560846560845,0.04275444570563758
80,0,within_state,S064,Raw,0.34161616161616165,0.27669657234874623,0.19738863287250386
80,0,within_state,S064,Trait_LDA,0.34161616161616165,0.27669657234874623,0.19738863287250386
80,0,within_state,S064,State_LDA,0.32161616161616163,0.25918237623043117,0.17341040462427737
80,0,within_state,S064,Joint_LDA,0.18383838383838386,0.10336538461538462,0.046362608367885194
80,0,within_state,S065,Raw,0.21636363636363637,0.14633819339701692,0.023111417730251715
80,0,within_state,S065,Trait_LDA,0.21636363636363637,0.14633819339701692,0.023111417730251715
80,0,within_state,S065,State_LDA,0.2015151515151515,0.10649529538063213,-0.007513661202185773
80,0,within_state,S065,Joint_LDA,0.20833333333333331,0.12681159420289856,0.06284530386740328
80,0,within_state,S066,Raw,0.26,0.18199956905839257,0.1155378486055777
80,0,within_state,S066,Trait_LDA,0.26,0.18199956905839257,0.1155378486055777
80,0,within_state,S066,State_LDA,0.3022222222222222,0.21605038236617183,0.1515151515151517
80,0,within_state,S066,Joint_LDA,0.19555555555555557,0.0963327859879584,0.06066536203522521
80,0,within_state,S067,Raw,0.14545454545454545,0.09707602339181286,-0.0625
80,0,within_state,S067,Trait_LDA,0.14545454545454545,0.09707602339181286,-0.0625
80,0,within_state,S067,State_LDA,0.12727272727272726,0.0873015873015873,-0.08333333333333326
80,0,within_state,S067,Joint_LDA,0.18181818181818182,0.10522800468452642,-0.016883573689764564
80,0,within_state,S069,Raw,0.32727272727272727,0.23239991003148897,0.20035971223021576
80,0,within_state,S069,Trait_LDA,0.32727272727272727,0.23239991003148897,0.20035971223021576
80,0,within_state,S069,State_LDA,0.3090909090909091,0.2253393665158371,0.18947742623533592
80,0,within_state,S069,Joint_LDA,0.22626262626262625,0.13685636856368563,0.08523537803138381
80,0,within_state,S071,Raw,0.18222222222222223,0.1346058996645468,0.005728314238952592
80,0,within_state,S071,Trait_LDA,0.18222222222222223,0.1346058996645468,0.005728314238952592
80,0,within_state,S071,State_LDA,0.22222222222222224,0.16542207792207794,0.053403995108030955
80,0,within_state,S071,Joint_LDA,0.2311111111111111,0.1095611740773031,0.05378973105134466
80,0,within_state,S072,Raw,0.21111111111111108,0.18347763347763346,0.07470564352415732
80,0,within_state,S072,Trait_LDA,0.21111111111111108,0.18347763347763346,0.07470564352415732
80,0,within_state,S072,State_LDA,0.2333333333333333,0.19487577639751552,0.09878542510121469
80,0,within_state,S072,Joint_LDA,0.19333333333333333,0.14833333333333334,0.06607929515418509
80,0,within_state,S074,Raw,0.28857808857808853,0.22882352941176473,0.14131994261119063
80,0,within_state,S074,Trait_LDA,0.28857808857808853,0.22882352941176473,0.14131994261119063
80,0,within_state,S074,State_LDA,0.32214452214452216,0.257833651855391,0.1807402084081925
80,0,within_state,S074,Joint_LDA,0.2,0.07142857142857142,0.052959501557632405
80,0,within_state,S075,Raw,0.2927272727272728,0.21902534113060432,0.13096139288417874
80,0,within_state,S075,Trait_LDA,0.2927272727272728,0.21902534113060432,0.13096139288417874
80,0,within_state,S075,State_LDA,0.23454545454545456,0.16765873015873015,0.05557684936757368
80,0,within_state,S075,Joint_LDA,0.18363636363636365,0.09365079365079365,0.03700934579439241
80,0,within_state,S076,Raw,0.18666666666666668,0.15644257703081232,0.05003909304143872
80,0,within_state,S076,Trait_LDA,0.18666666666666668,0.15644257703081232,0.05003909304143872
80,0,within_state,S076,State_LDA,0.2066666666666667,0.1611456176673568,0.06382978723404253
80,0,within_state,S076,Joint_LDA,0.21555555555555558,0.13366013071895425,0.07620528771384139
80,0,within_state,S077,Raw,0.24,0.16954150081085065,0.057048561999056946
80,0,within_state,S077,Trait_LDA,0.24,0.16954150081085065,0.057048561999056946
80,0,within_state,S077,State_LDA,0.28444444444444444,0.20705741626794258,0.11173445535296866
80,0,within_state,S077,Joint_LDA,0.2,0.09610215053763442,0.03669724770642191
80,0,within_state,S078,Raw,0.1522222222222222,0.11105743424584004,-0.037644787644787625
80,0,within_state,S078,Trait_LDA,0.1522222222222222,0.11105743424584004,-0.037644787644787625
80,0,within_state,S078,State_LDA,0.17722222222222223,0.12499999999999999,-0.013024602026049381
80,0,within_state,S078,Joint_LDA,0.215,0.11617405582922824,0.037536092396535214
80,0,within_state,S079,Raw,0.2688888888888889,0.194510582010582,0.0947907771135782
80,0,within_state,S079,Trait_LDA,0.2688888888888889,0.194510582010582,0.0947907771135782
80,0,within_state,S079,State_LDA,0.2066666666666667,0.15138888888888888,0.02731540759709794
80,0,within_state,S079,Joint_LDA,0.20444444444444443,0.1027077497665733,0.024400684931506822
80,0,within_state,S080,Raw,0.1993939393939394,0.1469293924466338,0.022099447513812098
80,0,within_state,S080,Trait_LDA,0.1993939393939394,0.1469293924466338,0.022099447513812098
80,0,within_state,S080,State_LDA,0.2572727272727272,0.18494708994708997,0.09168662333219291
80,0,within_state,S080,Joint_LDA,0.2533333333333333,0.14160401002506265,0.09847198641765709
80,0,within_state,S081,Raw,0.2665151515151515,0.2051441241685144,0.06666666666666665
80,0,within_state,S081,Trait_LDA,0.2665151515151515,0.2051441241685144,0.06666666666666665
80,0,within_state,S081,State_LDA,0.2696969696969697,0.23112475759534581,0.06888361045130631
80,0,within_state,S081,Joint_LDA,0.19166666666666665,0.07977207977207977,-0.012307692307692353
80,0,within_state,S082,Raw,0.33999999999999997,0.22762564796033355,0.16566866267465086
80,0,within_state,S082,Trait_LDA,0.33999999999999997,0.22762564796033355,0.16566866267465086
80,0,within_state,S082,State_LDA,0.36,0.23358585858585856,0.18108651911468798
80,0,within_state,S082,Joint_LDA,0.24000000000000005,0.14540382437754154,0.05964214711729632
80,0,within_state,S083,Raw,0.2319191919191919,0.17476266360977108,0.042079207920792006
80,0,within_state,S083,Trait_LDA,0.2319191919191919,0.17476266360977108,0.042079207920792006
80,0,within_state,S083,State_LDA,0.2137373737373737,0.15462205530117246,0.021013597033374465
80,0,within_state,S083,Joint_LDA,0.1511111111111111,0.08333333333333333,0.003924646781789609
80,0,within_state,S084,Raw,0.2583333333333333,0.1934355118565645,0.0987415295256533
80,0,within_state,S084,Trait_LDA,0.2583333333333333,0.1934355118565645,0.0987415295256533
80,0,within_state,S084,State_LDA,0.30277777777777776,0.21958041958041954,0.13909224011713028
80,0,within_state,S084,Joint_LDA,0.18055555555555552,0.11997863247863248,0.03134040501446489
80,0,within_state,S085,Raw,0.26564102564102565,0.15793650793650793,0.04979442667884881
80,0,within_state,S085,Trait_LDA,0.26564102564102565,0.15793650793650793,0.04979442667884881
80,0,within_state,S085,State_LDA,0.261025641025641,0.1382716049382716,0.06558849955076362
80,0,within_state,S085,Joint_LDA,0.258974358974359,0.11435997400909681,0.05033407572383064
80,0,within_state,S086,Raw,0.3401320901320901,0.22976190476190475,0.16800000000000004
80,0,within_state,S086,Trait_LDA,0.3401320901320901,0.22976190476190475,0.16800000000000004
80,0,within_state,S086,State_LDA,0.35273892773892773,0.23344827586206895,0.1837360951285002
80,0,within_state,S086,Joint_LDA,0.254040404040404,0.1469638242894057,0.10582992944671354
80,0,within_state,S087,Raw,0.16246031746031744,0.10297619047619049,-0.02951475737868936
80,0,within_state,S087,Trait_LDA,0.16246031746031744,0.10297619047619049,-0.02951475737868936
80,0,within_state,S087,State_LDA,0.20468253968253966,0.14175184134861554,0.025360517155644025
80,0,within_state,S087,Joint_LDA,0.13968253968253969,0.06874999999999999,-0.0019020446980502204
80,0,within_state,S089,Raw,0.4139860139860139,0.4031849040923451,0.20661157024793397
80,0,within_state,S089,Trait_LDA,0.4139860139860139,0.4031849040923451,0.20661157024793397
80,0,within_state,S089,State_LDA,0.43578088578088575,0.4062885154061625,0.23491773308957953
80,0,within_state,S089,Joint_LDA,0.32960372960372963,0.2282799298581221,0.08961845607808339
80,0,within_state,S093,Raw,0.2011111111111111,0.14444444444444446,0.034120734908136496
80,0,within_state,S093,Trait_LDA,0.2011111111111111,0.14444444444444446,0.034120734908136496
80,0,within_state,S093,State_LDA,0.2011111111111111,0.14091415830546264,0.028291210863825023
80,0,within_state,S093,Joint_LDA,0.17555555555555555,0.07386363636363637,0.015745148297326872
80,0,within_state,S094,Raw,0.21333333333333332,0.15668976920911906,0.05981848184818506
80,0,within_state,S094,Trait_LDA,0.21333333333333332,0.15668976920911906,0.05981848184818506
80,0,within_state,S094,State_LDA,0.23333333333333334,0.1730296384901648,0.07787903893951953
80,0,within_state,S094,Joint_LDA,0.16666666666666666,0.1128968253968254,0.023341523341523285
80,0,within_state,S095,Raw,0.1665151515151515,0.12462042788129744,-0.010906355772847043
80,0,within_state,S095,Trait_LDA,0.1665151515151515,0.12462042788129744,-0.010906355772847043
80,0,within_state,S095,State_LDA,0.11651515151515153,0.09206183344114378,-0.0646387832699622
80,0,within_state,S095,Joint_LDA,0.21136363636363636,0.08518518518518518,0.03976650857351327
80,0,within_state,S098,Raw,0.28136363636363637,0.21592851592851595,0.1421763304209691
80,0,within_state,S098,Trait_LDA,0.28136363636363637,0.21592851592851595,0.1421763304209691
80,0,within_state,S098,State_LDA,0.2231818181818182,0.1617283950617284,0.07342378292098961
80,0,within_state,S098,Joint_LDA,0.16499999999999998,0.08912037037037036,0.021588280647648284
80,0,within_state,S101,Raw,0.4478787878787879,0.32080411407199627,0.2921665490472829
80,0,within_state,S101,Trait_LDA,0.4478787878787879,0.32080411407199627,0.2921665490472829
80,0,within_state,S101,State_LDA,0.48939393939393944,0.3623737373737374,0.33591276820260296
80,0,within_state,S101,Joint_LDA,0.26181818181818184,0.1421788088454755,0.08226754234358802
80,0,within_state,S102,Raw,0.286060606060606,0.22992868645042555,0.1426607081471296
80,0,within_state,S102,Trait_LDA,0.286060606060606,0.22992868645042555,0.1426607081471296
80,0,within_state,S102,State_LDA,0.2678787878787879,0.2129183135704875,0.12452830188679231
80,0,within_state,S102,Joint_LDA,0.19636363636363635,0.1334175084175084,0.04950495049504955
80,0,within_state,S103,Raw,0.1716783216783217,0.11759406465288817,-0.01673640167364021
80,0,within_state,S103,Trait_LDA,0.1716783216783217,0.11759406465288817,-0.01673640167364021
80,0,within_state,S103,State_LDA,0.1966783216783217,0.1299719887955182,0.012058212058211892
80,0,within_state,S103,Joint_LDA,0.18246753246753247,0.0893806485911749,-0.013983220135837193
80,0,within_state,S104,Raw,0.32272727272727275,0.24915824915824913,0.16317991631799178
80,0,within_state,S104,Trait_LDA,0.32272727272727275,0.24915824915824913,0.16317991631799178
80,0,within_state,S104,State_LDA,0.29772727272727273,0.22520189362294626,0.13227016885553478
80,0,within_state,S104,Joint_LDA,0.275,0.1775048480930834,0.0714285714285714
80,0,within_state,S105,Raw,0.2533333333333333,0.1634920634920635,0.07308377896613205
80,0,within_state,S105,Trait_LDA,0.2533333333333333,0.1634920634920635,0.07308377896613205
80,0,within_state,S105,State_LDA,0.27555555555555555,0.1591245791245791,0.09058295964125562
80,0,within_state,S105,Joint_LDA,0.2733333333333333,0.21677655677655677,0.07985480943738643
80,0,within_state,S107,Raw,0.18857142857142856,0.12333965844402277,0.0035650623885917776
80,0,within_state,S107,Trait_LDA,0.18857142857142856,0.12333965844402277,0.0035650623885917776
80,0,within_state,S107,State_LDA,0.2257142857142857,0.13885116015846066,0.02630405706642891
80,0,within_state,S107,Joint_LDA,0.1,0.0574712643678161,-0.059843885516045026
80,0,within_state,S108,Raw,0.23666666666666666,0.16325757575757574,0.07766990291262144
80,0,within_state,S108,Trait_LDA,0.23666666666666666,0.16325757575757574,0.07766990291262144
80,0,within_state,S108,State_LDA,0.22777777777777777,0.1360153256704981,0.07367280606717219
80,0,within_state,S108,Joint_LDA,0.18,0.12114624505928853,-0.02051473330846698
80,0,within_state,S109,Raw,0.26454545454545453,0.20252599090318388,0.12251655629139069
80,0,within_state,S109,Trait_LDA,0.26454545454545453,0.20252599090318388,0.12251655629139069
80,0,within_state,S109,State_LDA,0.21636363636363637,0.15061728395061727,0.06470588235294095
80,0,within_state,S109,Joint_LDA,0.15,0.08632478632478634,-0.002055076037813519
80,1,within_state,S001,Raw,0.2855555555555556,0.20969089390142023,0.10855565777368914
80,1,within_state,S001,Trait_LDA,0.2855555555555556,0.20969089390142023,0.10855565777368914
80,1,within_state,S001,State_LDA,0.2855555555555556,0.21403050108932462,0.10773480662983448
80,1,within_state,S001,Joint_LDA,0.25277777777777777,0.1555207244862417,0.05642923219241436
80,1,within_state,S002,Raw,0.4590909090909091,0.3287789987789988,0.2834302325581395
80,1,within_state,S002,Trait_LDA,0.4590909090909091,0.3287789987789988,0.2834302325581395
80,1,within_state,S002,State_LDA,0.4027272727272727,0.2924691358024691,0.22302679217958
80,1,within_state,S002,Joint_LDA,0.32636363636363636,0.22193586464686207,0.15359357898577142
80,1,within_state,S003,Raw,0.28828282828282825,0.21287477954144618,0.14029736942432336
80,1,within_state,S003,Trait_LDA,0.28828282828282825,0.21287477954144618,0.14029736942432336
80,1,within_state,S003,State_LDA,0.26747474747474753,0.21191626409017714,0.12665406427221182
80,1,within_state,S003,Joint_LDA,0.2311111111111111,0.12452107279693486,0.08541194255479967
80,1,within_state,S004,Raw,0.3007575757575757,0.21347813979392924,0.13444553483807653
80,1,within_state,S004,Trait_LDA,0.3007575757575757,0.21347813979392924,0.13444553483807653
80,1,within_state,S004,State_LDA,0.31590909090909086,0.21031746031746032,0.13571778539931412
80,1,within_state,S004,Joint_LDA,0.24722222222222223,0.12953712953712954,0.06264945002391209
80,1,within_state,S005,Raw,0.2381818181818182,0.15215686274509804,0.06630476929042273
80,1,within_state,S005,Trait_LDA,0.2381818181818182,0.15215686274509804,0.06630476929042273
80,1,within_state,S005,State_LDA,0.22000000000000003,0.1305141411403271,0.04570100697134016
80,1,within_state,S005,Joint_LDA,0.2505050505050505,0.1246376811594203,0.08909426987060998
80,1,within_state,S007,Raw,0.4381818181818182,0.3363361426441922,0.314086956521739
80,1,within_state,S007,Trait_LDA,0.4381818181818182,0.3363361426441922,0.314086956521739
80,1,within_state,S007,State_LDA,0.443030303030303,0.3457777690102317,0.31646447140381284
80,1,within_state,S007,Joint_LDA,0.30333333333333334,0.180339985218034,0.17602217602217596
80,1,within_state,S009,Raw,0.3088888888888889,0.20675381263616557,0.17801784875528415
80,1,within_state,S009,Trait_LDA,0.3088888888888889,0.20675381263616557,0.17801784875528415
80,1,within_state,S009,State_LDA,0.22666666666666666,0.14309764309764308,0.048316251830161194
80,1,within_state,S009,Joint_LDA,0.10888888888888888,0.05992063492063491,-0.05359596885020612
80,1,within_state,S010,Raw,0.15936507936507938,0.09401629072681704,-0.03130287648054142
80,1,within_state,S010,Trait_LDA,0.15936507936507938,0.09401629072681704,-0.03130287648054142
80,1,within_state,S010,State_LDA,0.1707936507936508,0.0892156862745098,-0.028460543337645472
80,1,within_state,S010,Joint_LDA,0.23428571428571426,0.10820624546114743,0.05709557302441037
80,1,within_state,S011,Raw,0.21818181818181817,0.14664664664664664,0.03581363004172455
80,1,within_state,S011,Trait_LDA,0.21818181818181817,0.14664664664664664,0.03581363004172455
80,1,within_state,S011,State_LDA,0.2363636363636364,0.18312849860837477,0.056328233657857996
80,1,within_state,S011,Joint_LDA,0.12727272727272726,0.07995642701525055,-0.042828008157715924
80,1,within_state,S012,Raw,0.27575757575757576,0.1714119214119214,0.10024252223120445
80,1,within_state,S012,Trait_LDA,0.27575757575757576,0.1714119214119214,0.10024252223120445
80,1,within_state,S012,State_LDA,0.2606060606060606,0.16110432777099443,0.09327902240325858
80,1,within_state,S012,Joint_LDA,0.2,0.05405405405405406,0.024285154719937196
80,1,within_state,S014,Raw,0.17636363636363636,0.14768526667840168,0.043090638930163405
80,1,within_state,S014,Trait_LDA,0.17636363636363636,0.14768526667840168,0.043090638930163405
80,1,within_state,S014,State_LDA,0.23621212121212123,0.20443234893362772,0.10748702742772431
80,1,within_state,S014,Joint_LDA,0.215,0.10982905982905983,0.06327272727272737
80,1,within_state,S015,Raw,0.33571428571428574,0.20211988304093564,0.13978494623655913
80,1,within_state,S015,Trait_LDA,0.33571428571428574,0.20211988304093564,0.13978494623655913
80,1,within_state,S015,State_LDA,0.2904761904761905,0.16787037037037036,0.09919571045576392
80,1,within_state,S015,Joint_LDA,0.13428571428571429,0.05555555555555556,-0.007762879322512406
80,1,within_state,S016,Raw,0.21833333333333332,0.1412037037037037,0.05413598960589017
80,1,within_state,S016,Trait_LDA,0.21833333333333332,0.1412037037037037,0.05413598960589017
80,1,within_state,S016,State_LDA,0.2583333333333333,0.17010511838098044,0.10189982728842817
80,1,within_state,S016,Joint_LDA,0.225,0.1364522417153996,0.06825938566552892
80,1,within_state,S018,Raw,0.26862914862914866,0.17773226375376913,0.07972270363951495
80,1,within_state,S018,Trait_LDA,0.26862914862914866,0.17773226375376913,0.07972270363951495
80,1,within_state,S018,State_LDA,0.2482251082251082,0.1777940697295536,0.08803763440860213
80,1,within_state,S018,Joint_LDA,0.12484848484848485,0.08101135190918472,-0.020561357702350014
80,1,within_state,S019,Raw,0.21151515151515152,0.15215924426450744,0.01833180568285986
80,1,within_state,S019,Trait_LDA,0.21151515151515152,0.15215924426450744,0.01833180568285986
80,1,within_state,S019,State_LDA,0.17818181818181816,0.1256132756132756,-0.008275862068965578
80,1,within_state,S019,Joint_LDA,0.22000000000000003,0.11538461538461538,0.07712193020249902
80,1,within_state,S021,Raw,0.3919191919191919,0.2575661886006713,0.18930957683741667
80,1,within_state,S021,Trait_LDA,0.3919191919191919,0.2575661886006713,0.18930957683741667
80,1,within_state,S021,State_LDA,0.43232323232323233,0.2984472049689441,0.2453825857519788
80,1,within_state,S021,Joint_LDA,0.39722222222222225,0.2496296296296296,0.19611307420494695
80,1,within_state,S024,Raw,0.3205555555555556,0.25119883497165446,0.18612521150592232
80,1,within_state,S024,Trait_LDA,0.3205555555555556,0.25119883497165446,0.18612521150592232
80,1,within_state,S024,State_LDA,0.2811111111111111,0.21881532640046572,0.14394259181089075
80,1,within_state,S024,Joint_LDA,0.17777777777777776,0.06201550387596899,0.03622577927548454
80,1,within_state,S025,Raw,0.15757575757575756,0.11508771929824561,0.0117647058823529
80,1,within_state,S025,Trait_LDA,0.15757575757575756,0.11508771929824561,0.0117647058823529
80,1,within_state,S025,State_LDA,0.1575757575757576,0.11294117647058825,0.01969365426695846
80,1,within_state,S025,Joint_LDA,0.16565656565656567,0.09080459770114942,0.021477975973789643
80,1,within_state,S026,Raw,0.28888888888888886,0.21954244585823535,0.15025906735751293
80,1,within_state,S026,Trait_LDA,0.28888888888888886,0.21954244585823535,0.15025906735751293
80,1,within_state,S026,State_LDA,0.27444444444444444,0.22208729226717908,0.13814584096738736
80,1,within_state,S026,Joint_LDA,0.22666666666666666,0.15025062656641605,0.08396946564885499
80,1,within_state,S027,Raw,0.2482828282828283,0.20592592592592593,0.07308377896613194
80,1,within_state,S027,Trait_LDA,0.2482828282828283,0.20592592592592593,0.07308377896613194
80,1,within_state,S027,State_LDA,0.3112842712842713,0.20763673890608872,0.13257243195785762
80,1,within_state,S027,Joint_LDA,0.2,0.05555555555555555,0.04137648504711189
80,1,within_state,S028,Raw,0.10454545454545454,0.08132650466746576,-0.08225108225108224
80,1,within_state,S028,Trait_LDA,0.10454545454545454,0.08132650466746576,-0.08225108225108224
80,1,within_state,S028,State_LDA,0.16590909090909092,0.1324915824915825,-0.009371339320577876
80,1,within_state,S028,Joint_LDA,0.175,0.05303030303030303,0.017491626349088185
80,1,within_state,S029,Raw,0.2782051282051282,0.21133159475264737,0.1076345431789737
80,1,within_state,S029,Trait_LDA,0.2782051282051282,0.21133159475264737,0.1076345431789737
80,1,within_state,S029,State_LDA,0.2382051282051282,0.19497354497354494,0.0840258541089568
80,1,within_state,S029,Joint_LDA,0.16153846153846155,0.10504549214226633,0.04836374167390678
80,1,within_state,S030,Raw,0.39454545454545453,0.283922973578146,0.22443079147090716
80,1,within_state,S030,Trait_LDA,0.39454545454545453,0.283922973578146,0.22443079147090716
80,1,within_state,S030,State_LDA,0.31999999999999995,0.23007662835249043,0.1473646468268195
80,1,within_state,S030,Joint_LDA,0.1781818181818182,0.07123034227567067,0.006988120195667191
80,1,within_state,S032,Raw,0.25826839826839826,0.19533799533799534,0.10576096302665516
80,1,within_state,S032,Trait_LDA,0.25826839826839826,0.19533799533799534,0.10576096302665516
80,1,within_state,S032,State_LDA,0.25826839826839826,0.19913419913419914,0.10652920962199319
80,1,within_state,S032,Joint_LDA,0.22507936507936507,0.15203089244851256,0.07869798104655945
80,1,within_state,S033,Raw,0.4143589743589744,0.31256317488201546,0.27164622816796724
80,1,within_state,S033,Trait_LDA,0.4143589743589744,0.31256317488201546,0.27164622816796724
80,1,within_state,S033,State_LDA,0.4114529914529915,0.29806763285024157,0.2787878787878787
80,1,within_state,S033,Joint_LDA,0.24222222222222226,0.13636363636363638,0.06075288855758476
80,1,within_state,S034,Raw,0.3887445887445887,0.2821523304281925,0.22416107382550332
80,1,within_state,S034,Trait_LDA,0.3887445887445887,0.2821523304281925,0.22416107382550332
80,1,within_state,S034,State_LDA,0.3220779220779221,0.24175824175824176,0.16467463479415678
80,1,within_state,S034,Joint_LDA,0.2698412698412699,0.13770180436847104,0.11535125758889853
80,1,within_state,S035,Raw,0.4163636363636363,0.26159420289855073,0.2611615962070327
80,1,within_state,S035,Trait_LDA,0.4163636363636363,0.26159420289855073,0.2611615962070327
80,1,within_state,S035,State_LDA,0.35454545454545455,0.22803195352214958,0.18371440032089836
80,1,within_state,S035,Joint_LDA,0.35353535353535354,0.24195475113122172,0.17810985460420026
80,1,within_state,S037,Raw,0.15833333333333333,0.12674362674362674,0.01373521556657753
80,1,within_state,S037,Trait_LDA,0.15833333333333333,0.12674362674362674,0.01373521556657753
80,1,within_state,S037,State_LDA,0.15,0.1095068330362448,0.012982054219167649
80,1,within_state,S037,Joint_LDA,0.195,0.10742705570291777,0.05982905982905984
80,1,within_state,S039,Raw,0.24606060606060604,0.1660894660894661,0.0595382746051033
80,1,within_state,S039,Trait_LDA,0.24606060606060604,0.1660894660894661,0.0595382746051033
80,1,within_state,S039,State_LDA,0.19454545454545452,0.13870370370370372,0.006134969325153228
80,1,within_state,S039,Joint_LDA,0.21818181818181817,0.05933484504913076,0.016660209221232125
80,1,within_state,S040,Raw,0.37272727272727274,0.2750793650793651,0.21544869367663766
80,1,within_state,S040,Trait_LDA,0.37272727272727274,0.2750793650793651,0.21544869367663766
80,1,within_state,S040,State_LDA,0.33535353535353535,0.24426646325959825,0.16704805491990848
80,1,within_state,S040,Joint_LDA,0.2,0.1043360433604336,0.041165755919854385
80,1,within_state,S041,Raw,0.2127272727272727,0.16710696710696712,0.06189624329159216
80,1,within_state,S041,Trait_LDA,0.2127272727272727,0.16710696710696712,0.06189624329159216
80,1,within_state,S041,State_LDA,0.24464646464646464,0.19170147591200223,0.10332499106185189
80,1,within_state,S041,Joint_LDA,0.18222222222222223,0.08170731707317073,0.03661971830985922
80,1,within_state,S042,Raw,0.3665151515151515,0.28086419753086417,0.2265910012160519
80,1,within_state,S042,Trait_LDA,0.3665151515151515,0.28086419753086417,0.2265910012160519
80,1,within_state,S042,State_LDA,0.277070707070707,0.2120718462823726,0.12900575184880858
80,1,within_state,S042,Joint_LDA,0.2583333333333333,0.13315696649029982,0.1045856798069188
80,1,within_state,S043,Raw,0.1953146853146853,0.1550893362438354,0.015435501653803918
80,1,within_state,S043,Trait_LDA,0.1953146853146853,0.1550893362438354,0.015435501653803918
80,1,within_state,S043,State_LDA,0.26706293706293704,0.20693542568542567,0.08510638297872342
80,1,within_state,S043,Joint_LDA,0.19545454545454546,0.0910010111223458,0.03528988116672671
80,1,within_state,S044,Raw,0.35363247863247865,0.28793652444768064,0.18540804813839795
80,1,within_state,S044,Trait_LDA,0.35363247863247865,0.28793652444768064,0.18540804813839795
80,1,within_state,S044,State_LDA,0.3215811965811966,0.21824032176973351,0.14798206278026904
80,1,within_state,S044,Joint_LDA,0.1,0.03809523809523809,-0.08982683982683981
80,1,within_state,S045,Raw,0.2822222222222222,0.22685185185185186,0.15254237288135597
80,1,within_state,S045,Trait_LDA,0.2822222222222222,0.22685185185185186,0.15254237288135597
80,1,within_state,S045,State_LDA,0.3155555555555555,0.23931623931623935,0.162401116798511
80,1,within_state,S045,Joint_LDA,0.25999999999999995,0.1767857142857143,0.11268855368234243
80,1,within_state,S046,Raw,0.17398989898989897,0.14259259259259258,0.03221535745807602
80,1,within_state,S046,Trait_LDA,0.17398989898989897,0.14259259259259258,0.03221535745807602
80,1,within_state,S046,State_LDA,0.12398989898989898,0.09928989139515454,-0.009234828496042402
80,1,within_state,S046,Joint_LDA,0.04722222222222222,0.03671497584541063,-0.07622739018087832
80,1,within_state,S047,Raw,0.27936507936507937,0.2192760942760943,0.15257422021796307
80,1,within_state,S047,Trait_LDA,0.27936507936507937,0.2192760942760943,0.15257422021796307
80,1,within_state,S047,State_LDA,0.30158730158730157,0.23886104149262044,0.17541229385307333
80,1,within_state,S047,Joint_LDA,0.14444444444444443,0.08764367816091954,0.003328402366863936
80,1,within_state,S048,Raw,0.29267676767676765,0.18761022927689594,0.12266450040617394
80,1,within_state,S048,Trait_LDA,0.29267676767676765,0.18761022927689594,0.12266450040617394
80,1,within_state,S048,State_LDA,0.2063131313131313,0.13024002704530088,0.05639396346306602
80,1,within_state,S048,Joint_LDA,0.20303030303030303,0.12365423623030114,0.03914590747330948
80,1,within_state,S049,Raw,0.23666666666666666,0.20331232492997198,0.08639228772710417
80,1,within_state,S049,Trait_LDA,0.23666666666666666,0.20331232492997198,0.08639228772710417
80,1,within_state,S049,State_LDA,0.2677777777777778,0.22084883926989188,0.09850517439632045
80,1,within_state,S049,Joint_LDA,0.24,0.108843537414966,0.0755685986793837
80,1,within_state,S050,Raw,0.3375757575757576,0.25814666196313607,0.165335463258786
80,1,within_state,S050,Trait_LDA,0.3375757575757576,0.25814666196313607,0.165335463258786
80,1,within_state,S050,State_LDA,0.37757575757575756,0.2840295538505257,0.20894926088693577
80,1,within_state,S050,Joint_LDA,0.2202020202020202,0.11081242532855436,0.051724137931034475
80,1,within_state,S051,Raw,0.2721212121212121,0.2133772507685551,0.12597547380156093
80,1,within_state,S051,Trait_LDA,0.2721212121212121,0.2133772507685551,0.12597547380156093
80,1,within_state,S051,State_LDA,0.28808080808080805,0.22474747474747478,0.14583333333333348
80,1,within_state,S051,Joint_LDA,0.2202020202020202,0.1313131313131313,0.08163265306122447
80,1,within_state,S053,Raw,0.4159090909090909,0.34599567099567097,0.22388059701492546
80,1,within_state,S053,Trait_LDA,0.4159090909090909,0.34599567099567097,0.22388059701492546
80,1,within_state,S053,State_LDA,0.39217171717171717,0.32528243686138425,0.199637845178814
80,1,within_state,S053,Joint_LDA,0.23939393939393935,0.1734453781512605,0.03442028985507262
80,1,within_state,S055,Raw,0.4002020202020202,0.29368686868686866,0.23544973544973546
80,1,within_state,S055,Trait_LDA,0.4002020202020202,0.29368686868686866,0.23544973544973546
80,1,within_state,S055,State_LDA,0.40727272727272723,0.2986111111111111,0.24427480916030542
80,1,within_state,S055,Joint_LDA,0.16666666666666669,0.041666666666666664,0.017587939698492594
80,1,within_state,S057,Raw,0.3457575757575757,0.25288073666516026,0.1790989660265878
80,1,within_state,S057,Trait_LDA,0.3457575757575757,0.25288073666516026,0.1790989660265878
80,1,within_state,S057,State_LDA,0.34505050505050505,0.2485131508319914,0.17329862402380058
80,1,within_state,S057,Joint_LDA,0.24242424242424238,0.12777284826974267,0.06964091403699668
80,1,within_state,S059,Raw,0.14188034188034188,0.12205910031996987,0.01015228426395931
80,1,within_state,S059,Trait_LDA,0.14188034188034188,0.12205910031996987,0.01015228426395931
80,1,within_state,S059,State_LDA,0.14871794871794872,0.1300583474496518,0.009314140558848383
80,1,within_state,S059,Joint_LDA,0.21538461538461537,0.07083333333333333,0.049167005282405585
80,1,within_state,S060,Raw,0.32222222222222224,0.2532920536635707,0.18377088305489242
80,1,within_state,S060,Trait_LDA,0.32222222222222224,0.2532920536635707,0.18377088305489242
80,1,within_state,S060,State_LDA,0.32222222222222224,0.2691086691086691,0.19560956487651904
80,1,within_state,S060,Joint_LDA,0.16994949494949493,0.11949746160272477,0.034214618973561484
80,1,within_state,S061,Raw,0.41656565656565653,0.31403318903318905,0.26037735849056587
80,1,within_state,S061,Trait_LDA,0.41656565656565653,0.31403318903318905,0.26037735849056587
80,1,within_state,S061,State_LDA,0.3721212121212122,0.2686202686202686,0.20000000000000018
80,1,within_state,S061,Joint_LDA,0.35797979797979795,0.23026392961876832,0.20030063885757232
80,1,within_state,S062,Raw,0.25575757575757574,0.1882728979503173,0.06743940990516328
80,1,within_state,S062,Trait_LDA,0.25575757575757574,0.1882728979503173,0.06743940990516328
80,1,within_state,S062,State_LDA,0.2872727272727273,0.2127680311890838,0.10321668434075637
80,1,within_state,S062,Joint_LDA,0.2309090909090909,0.11038961038961038,0.031097134870719856
80,1,within_state,S063,Raw,0.11333333333333333,0.07863247863247863,-0.024325351577346943
80,1,within_state,S063,Trait_LDA,0.11333333333333333,0.07863247863247863,-0.024325351577346943
80,1,within_state,S063,State_LDA,0.16,0.12121212121212122,0.0325047801147228
80,1,within_state,S063,Joint_LDA,0.21000000000000002,0.10846560846560845,0.04275444570563758
80,1,within_state,S064,Raw,0.34161616161616165,0.27669657234874623,0.19738863287250386
80,1,within_state,S064,Trait_LDA,0.34161616161616165,0.27669657234874623,0.19738863287250386
80,1,within_state,S064,State_LDA,0.32161616161616163,0.25918237623043117,0.17341040462427737
80,1,within_state,S064,Joint_LDA,0.18383838383838386,0.10336538461538462,0.046362608367885194
80,1,within_state,S065,Raw,0.21636363636363637,0.14633819339701692,0.023111417730251715
80,1,within_state,S065,Trait_LDA,0.21636363636363637,0.14633819339701692,0.023111417730251715
80,1,within_state,S065,State_LDA,0.2015151515151515,0.10649529538063213,-0.007513661202185773
80,1,within_state,S065,Joint_LDA,0.20833333333333331,0.12681159420289856,0.06284530386740328
80,1,within_state,S066,Raw,0.26,0.18199956905839257,0.1155378486055777
80,1,within_state,S066,Trait_LDA,0.26,0.18199956905839257,0.1155378486055777
80,1,within_state,S066,State_LDA,0.3022222222222222,0.21605038236617183,0.1515151515151517
80,1,within_state,S066,Joint_LDA,0.19555555555555557,0.0963327859879584,0.06066536203522521
80,1,within_state,S067,Raw,0.14545454545454545,0.09707602339181286,-0.0625
80,1,within_state,S067,Trait_LDA,0.14545454545454545,0.09707602339181286,-0.0625
80,1,within_state,S067,State_LDA,0.12727272727272726,0.0873015873015873,-0.08333333333333326
80,1,within_state,S067,Joint_LDA,0.18181818181818182,0.10522800468452642,-0.016883573689764564
80,1,within_state,S068,Raw,0.20909090909090908,0.12797619047619047,0.027027027027026973
80,1,within_state,S068,Trait_LDA,0.20909090909090908,0.12797619047619047,0.027027027027026973
80,1,within_state,S068,State_LDA,0.18409090909090908,0.12068797742422031,-0.006628003314001818
80,1,within_state,S068,Joint_LDA,0.26565656565656565,0.16254617789144643,0.09061748195669617
80,1,within_state,S069,Raw,0.32727272727272727,0.23239991003148897,0.20035971223021576
80,1,within_state,S069,Trait_LDA,0.32727272727272727,0.23239991003148897,0.20035971223021576
80,1,within_state,S069,State_LDA,0.3090909090909091,0.2253393665158371,0.18947742623533592
80,1,within_state,S069,Joint_LDA,0.22626262626262625,0.13685636856368563,0.08523537803138381
80,1,within_state,S070,Raw,0.34285714285714286,0.20138248847926268,0.15484633569739958
80,1,within_state,S070,Trait_LDA,0.34285714285714286,0.20138248847926268,0.15484633569739958
80,1,within_state,S070,State_LDA,0.36103896103896105,0.22757296466973886,0.1800706159278147
80,1,within_state,S070,Joint_LDA,0.4415584415584415,0.35634540897698785,0.2681451612903226
80,1,within_state,S073,Raw,0.22828282828282828,0.1626642771804062,0.0777439024390244
80,1,within_state,S073,Trait_LDA,0.22828282828282828,0.1626642771804062,0.0777439024390244
80,1,within_state,S073,State_LDA,0.2363636363636364,0.15404040404040406,0.08194233687405161
80,1,within_state,S073,Joint_LDA,0.2505050505050505,0.15505050505050505,0.10518350359440032
80,1,within_state,S074,Raw,0.28857808857808853,0.22882352941176473,0.14131994261119063
80,1,within_state,S074,Trait_LDA,0.28857808857808853,0.22882352941176473,0.14131994261119063
80,1,within_state,S074,State_LDA,0.32214452214452216,0.257833651855391,0.1807402084081925
80,1,within_state,S074,Joint_LDA,0.2,0.07142857142857142,0.052959501557632405
80,1,within_state,S075,Raw,0.2927272727272728,0.21902534113060432,0.13096139288417874
80,1,within_state,S075,Trait_LDA,0.2927272727272728,0.21902534113060432,0.13096139288417874
80,1,within_state,S075,State_LDA,0.23454545454545456,0.16765873015873015,0.05557684936757368
80,1,within_state,S075,Joint_LDA,0.18363636363636365,0.09365079365079365,0.03700934579439241
80,1,within_state,S076,Raw,0.18666666666666668,0.15644257703081232,0.05003909304143872
80,1,within_state,S076,Trait_LDA,0.18666666666666668,0.15644257703081232,0.05003909304143872
80,1,within_state,S076,State_LDA,0.2066666666666667,0.1611456176673568,0.06382978723404253
80,1,within_state,S076,Joint_LDA,0.21555555555555558,0.13366013071895425,0.07620528771384139
80,1,within_state,S079,Raw,0.2688888888888889,0.194510582010582,0.0947907771135782
80,1,within_state,S079,Trait_LDA,0.2688888888888889,0.194510582010582,0.0947907771135782
80,1,within_state,S079,State_LDA,0.2066666666666667,0.15138888888888888,0.02731540759709794
80,1,within_state,S079,Joint_LDA,0.20444444444444443,0.1027077497665733,0.024400684931506822
80,1,within_state,S080,Raw,0.1993939393939394,0.1469293924466338,0.022099447513812098
80,1,within_state,S080,Trait_LDA,0.1993939393939394,0.1469293924466338,0.022099447513812098
80,1,within_state,S080,State_LDA,0.2572727272727272,0.18494708994708997,0.09168662333219291
80,1,within_state,S080,Joint_LDA,0.2533333333333333,0.14160401002506265,0.09847198641765709
80,1,within_state,S081,Raw,0.2665151515151515,0.2051441241685144,0.06666666666666665
80,1,within_state,S081,Trait_LDA,0.2665151515151515,0.2051441241685144,0.06666666666666665
80,1,within_state,S081,State_LDA,0.2696969696969697,0.23112475759534581,0.06888361045130631
80,1,within_state,S081,Joint_LDA,0.19166666666666665,0.07977207977207977,-0.012307692307692353
80,1,within_state,S082,Raw,0.33999999999999997,0.22762564796033355,0.16566866267465086
80,1,within_state,S082,Trait_LDA,0.33999999999999997,0.22762564796033355,0.16566866267465086
80,1,within_state,S082,State_LDA,0.36,0.23358585858585856,0.18108651911468798
80,1,within_state,S082,Joint_LDA,0.24000000000000005,0.14540382437754154,0.05964214711729632
80,1,within_state,S083,Raw,0.2319191919191919,0.17476266360977108,0.042079207920792006
80,1,within_state,S083,Trait_LDA,0.2319191919191919,0.17476266360977108,0.042079207920792006
80,1,within_state,S083,State_LDA,0.2137373737373737,0.15462205530117246,0.021013597033374465
80,1,within_state,S083,Joint_LDA,0.1511111111111111,0.08333333333333333,0.003924646781789609
80,1,within_state,S084,Raw,0.2583333333333333,0.1934355118565645,0.0987415295256533
80,1,within_state,S084,Trait_LDA,0.2583333333333333,0.1934355118565645,0.0987415295256533
80,1,within_state,S084,State_LDA,0.30277777777777776,0.21958041958041954,0.13909224011713028
80,1,within_state,S084,Joint_LDA,0.18055555555555552,0.11997863247863248,0.03134040501446489
80,1,within_state,S085,Raw,0.26564102564102565,0.15793650793650793,0.04979442667884881
80,1,within_state,S085,Trait_LDA,0.26564102564102565,0.15793650793650793,0.04979442667884881
80,1,within_state,S085,State_LDA,0.261025641025641,0.1382716049382716,0.06558849955076362
80,1,within_state,S085,Joint_LDA,0.258974358974359,0.11435997400909681,0.05033407572383064
80,1,within_state,S089,Raw,0.4139860139860139,0.4031849040923451,0.20661157024793397
80,1,within_state,S089,Trait_LDA,0.4139860139860139,0.4031849040923451,0.20661157024793397
80,1,within_state,S089,State_LDA,0.43578088578088575,0.4062885154061625,0.23491773308957953
80,1,within_state,S089,Joint_LDA,0.32960372960372963,0.2282799298581221,0.08961845607808339
80,1,within_state,S095,Raw,0.1665151515151515,0.12462042788129744,-0.010906355772847043
80,1,within_state,S095,Trait_LDA,0.1665151515151515,0.12462042788129744,-0.010906355772847043
80,1,within_state,S095,State_LDA,0.11651515151515153,0.09206183344114378,-0.0646387832699622
80,1,within_state,S095,Joint_LDA,0.21136363636363636,0.08518518518518518,0.03976650857351327
80,1,within_state,S096,Raw,0.29000000000000004,0.19613541554284888,0.11571976298361786
80,1,within_state,S096,Trait_LDA,0.29000000000000004,0.19613541554284888,0.11571976298361786
80,1,within_state,S096,State_LDA,0.3466666666666667,0.2457331940090561,0.16872138076787613
80,1,within_state,S096,Joint_LDA,0.2166666666666667,0.14277414669571534,0.0666442275328174
80,1,within_state,S097,Raw,0.22176767676767678,0.1638095238095238,0.025000000000000022
80,1,within_state,S097,Trait_LDA,0.22176767676767678,0.1638095238095238,0.025000000000000022
80,1,within_state,S097,State_LDA,0.24176767676767677,0.16013071895424835,0.05160142348754437
80,1,within_state,S097,Joint_LDA,0.17803030303030304,0.11464148877941982,0.01421800947867291
80,1,within_state,S098,Raw,0.28136363636363637,0.21592851592851595,0.1421763304209691
80,1,within_state,S098,Trait_LDA,0.28136363636363637,0.21592851592851595,0.1421763304209691
80,1,within_state,S098,State_LDA,0.2231818181818182,0.1617283950617284,0.07342378292098961
80,1,within_state,S098,Joint_LDA,0.16499999999999998,0.08912037037037036,0.021588280647648284
80,1,within_state,S099,Raw,0.22691197691197687,0.14657097288676238,0.03301886792452824
80,1,within_state,S099,Trait_LDA,0.22691197691197687,0.14657097288676238,0.03301886792452824
80,1,within_state,S099,State_LDA,0.20468975468975467,0.1318536239588871,0.013157894736842035
80,1,within_state,S099,Joint_LDA,0.2,0.05982905982905983,0.04060687193217316
80,1,within_state,S101,Raw,0.4478787878787879,0.32080411407199627,0.2921665490472829
80,1,within_state,S101,Trait_LDA,0.4478787878787879,0.32080411407199627,0.2921665490472829
80,1,within_state,S101,State_LDA,0.48939393939393944,0.3623737373737374,0.33591276820260296
80,1,within_state,S101,Joint_LDA,0.26181818181818184,0.1421788088454755,0.08226754234358802
80,1,within_state,S102,Raw,0.286060606060606,0.22992868645042555,0.1426607081471296
80,1,within_state,S102,Trait_LDA,0.286060606060606,0.22992868645042555,0.1426607081471296
80,1,within_state,S102,State_LDA,0.2678787878787879,0.2129183135704875,0.12452830188679231
80,1,within_state,S102,Joint_LDA,0.19636363636363635,0.1334175084175084,0.04950495049504955
80,1,within_state,S105,Raw,0.2533333333333333,0.1634920634920635,0.07308377896613205
80,1,within_state,S105,Trait_LDA,0.2533333333333333,0.1634920634920635,0.07308377896613205
80,1,within_state,S105,State_LDA,0.27555555555555555,0.1591245791245791,0.09058295964125562
80,1,within_state,S105,Joint_LDA,0.2733333333333333,0.21677655677655677,0.07985480943738643
80,1,within_state,S106,Raw,0.2761072261072261,0.1809462915601023,0.09832134292565953
80,1,within_state,S106,Trait_LDA,0.2761072261072261,0.1809462915601023,0.09832134292565953
80,1,within_state,S106,State_LDA,0.212004662004662,0.1465873319449757,0.016867469879518038
80,1,within_state,S106,Joint_LDA,0.2,0.05970149253731343,0.005973715651135025
80,1,within_state,S107,Raw,0.18857142857142856,0.12333965844402277,0.0035650623885917776
80,1,within_state,S107,Trait_LDA,0.18857142857142856,0.12333965844402277,0.0035650623885917776
80,1,within_state,S107,State_LDA,0.2257142857142857,0.13885116015846066,0.02630405706642891
80,1,within_state,S107,Joint_LDA,0.1,0.0574712643678161,-0.059843885516045026
80,1,within_state,S108,Raw,0.23666666666666666,0.16325757575757574,0.07766990291262144
80,1,within_state,S108,Trait_LDA,0.23666666666666666,0.16325757575757574,0.07766990291262144
80,1,within_state,S108,State_LDA,0.22777777777777777,0.1360153256704981,0.07367280606717219
80,1,within_state,S108,Joint_LDA,0.18,0.12114624505928853,-0.02051473330846698
80,1,within_state,S109,Raw,0.26454545454545453,0.20252599090318388,0.12251655629139069
80,1,within_state,S109,Trait_LDA,0.26454545454545453,0.20252599090318388,0.12251655629139069
80,1,within_state,S109,State_LDA,0.21636363636363637,0.15061728395061727,0.06470588235294095
80,1,within_state,S109,Joint_LDA,0.15,0.08632478632478634,-0.002055076037813519
80,2,within_state,S001,Raw,0.2855555555555556,0.20969089390142023,0.10855565777368914
80,2,within_state,S001,Trait_LDA,0.2855555555555556,0.20969089390142023,0.10855565777368914
80,2,within_state,S001,State_LDA,0.2855555555555556,0.21403050108932462,0.10773480662983448
80,2,within_state,S001,Joint_LDA,0.25277777777777777,0.1555207244862417,0.05642923219241436
80,2,within_state,S002,Raw,0.4590909090909091,0.3287789987789988,0.2834302325581395
80,2,within_state,S002,Trait_LDA,0.4590909090909091,0.3287789987789988,0.2834302325581395
80,2,within_state,S002,State_LDA,0.4027272727272727,0.2924691358024691,0.22302679217958
80,2,within_state,S002,Joint_LDA,0.32636363636363636,0.22193586464686207,0.15359357898577142
80,2,within_state,S003,Raw,0.28828282828282825,0.21287477954144618,0.14029736942432336
80,2,within_state,S003,Trait_LDA,0.28828282828282825,0.21287477954144618,0.14029736942432336
80,2,within_state,S003,State_LDA,0.26747474747474753,0.21191626409017714,0.12665406427221182
80,2,within_state,S003,Joint_LDA,0.2311111111111111,0.12452107279693486,0.08541194255479967
80,2,within_state,S004,Raw,0.3007575757575757,0.21347813979392924,0.13444553483807653
80,2,within_state,S004,Trait_LDA,0.3007575757575757,0.21347813979392924,0.13444553483807653
80,2,within_state,S004,State_LDA,0.31590909090909086,0.21031746031746032,0.13571778539931412
80,2,within_state,S004,Joint_LDA,0.24722222222222223,0.12953712953712954,0.06264945002391209
80,2,within_state,S005,Raw,0.2381818181818182,0.15215686274509804,0.06630476929042273
80,2,within_state,S005,Trait_LDA,0.2381818181818182,0.15215686274509804,0.06630476929042273
80,2,within_state,S005,State_LDA,0.22000000000000003,0.1305141411403271,0.04570100697134016
80,2,within_state,S005,Joint_LDA,0.2505050505050505,0.1246376811594203,0.08909426987060998
80,2,within_state,S006,Raw,0.3088888888888889,0.2326468344774981,0.1508064516129034
80,2,within_state,S006,Trait_LDA,0.3088888888888889,0.2326468344774981,0.1508064516129034
80,2,within_state,S006,State_LDA,0.3511111111111111,0.25169657234874626,0.18780487804878065
80,2,within_state,S006,Joint_LDA,0.31333333333333335,0.18563594019983473,0.15217391304347838
80,2,within_state,S007,Raw,0.4381818181818182,0.3363361426441922,0.314086956521739
80,2,within_state,S007,Trait_LDA,0.4381818181818182,0.3363361426441922,0.314086956521739
80,2,within_state,S007,State_LDA,0.443030303030303,0.3457777690102317,0.31646447140381284
80,2,within_state,S007,Joint_LDA,0.30333333333333334,0.180339985218034,0.17602217602217596
80,2,within_state,S008,Raw,0.3005050505050505,0.19871356891213834,0.12797739200645952
80,2,within_state,S008,Trait_LDA,0.3005050505050505,0.19871356891213834,0.12797739200645952
80,2,within_state,S008,State_LDA,0.29242424242424236,0.2114960860877376,0.1258599757183324
80,2,within_state,S008,Joint_LDA,0.2833333333333333,0.12380952380952381,0.0949720670391061
80,2,within_state,S012,Raw,0.27575757575757576,0.1714119214119214,0.10024252223120445
80,2,within_state,S012,Trait_LDA,0.27575757575757576,0.1714119214119214,0.10024252223120445
80,2,within_state,S012,State_LDA,0.2606060606060606,0.16110432777099443,0.09327902240325858
80,2,within_state,S012,Joint_LDA,0.2,0.05405405405405406,0.024285154719937196
80,2,within_state,S013,Raw,0.2708313908313908,0.1966490299823633,0.08530465949820776
80,2,within_state,S013,Trait_LDA,0.2708313908313908,0.1966490299823633,0.08530465949820776
80,2,within_state,S013,State_LDA,0.228034188034188,0.15020743145743146,0.055240793201133065
80,2,within_state,S013,Joint_LDA,0.2208080808080808,0.14444444444444446,0.07687097866576365
80,2,within_state,S014,Raw,0.17636363636363636,0.14768526667840168,0.043090638930163405
80,2,within_state,S014,Trait_LDA,0.17636363636363636,0.14768526667840168,0.043090638930163405
80,2,within_state,S014,State_LDA,0.23621212121212123,0.20443234893362772,0.10748702742772431
80,2,within_state,S014,Joint_LDA,0.215,0.10982905982905983,0.06327272727272737
80,2,within_state,S016,Raw,0.21833333333333332,0.1412037037037037,0.05413598960589017
80,2,within_state,S016,Trait_LDA,0.21833333333333332,0.1412037037037037,0.05413598960589017
80,2,within_state,S016,State_LDA,0.2583333333333333,0.17010511838098044,0.10189982728842817
80,2,within_state,S016,Joint_LDA,0.225,0.1364522417153996,0.06825938566552892
80,2,within_state,S017,Raw,0.31967754467754467,0.2111111111111111,0.16209476309226944
80,2,within_state,S017,Trait_LDA,0.31967754467754467,0.2111111111111111,0.16209476309226944
80,2,within_state,S017,State_LDA,0.31563714063714066,0.23423721340388004,0.15698924731182795
80,2,within_state,S017,Joint_LDA,0.19166666666666665,0.10644257703081232,0.0561797752808989
80,2,within_state,S018,Raw,0.26862914862914866,0.17773226375376913,0.07972270363951495
80,2,within_state,S018,Trait_LDA,0.26862914862914866,0.17773226375376913,0.07972270363951495
80,2,within_state,S018,State_LDA,0.2482251082251082,0.1777940697295536,0.08803763440860213
80,2,within_state,S018,Joint_LDA,0.12484848484848485,0.08101135190918472,-0.020561357702350014
80,2,within_state,S019,Raw,0.21151515151515152,0.15215924426450744,0.01833180568285986
80,2,within_state,S019,Trait_LDA,0.21151515151515152,0.15215924426450744,0.01833180568285986
80,2,within_state,S019,State_LDA,0.17818181818181816,0.1256132756132756,-0.008275862068965578
80,2,within_state,S019,Joint_LDA,0.22000000000000003,0.11538461538461538,0.07712193020249902
80,2,within_state,S020,Raw,0.2176262626262626,0.15802003410059676,0.05670529801324509
80,2,within_state,S020,Trait_LDA,0.2176262626262626,0.15802003410059676,0.05670529801324509
80,2,within_state,S020,State_LDA,0.26262626262626265,0.1915219421101774,0.1039175257731959
80,2,within_state,S020,Joint_LDA,0.2,0.06060606060606061,0.05017921146953408
80,2,within_state,S021,Raw,0.3919191919191919,0.2575661886006713,0.18930957683741667
80,2,within_state,S021,Trait_LDA,0.3919191919191919,0.2575661886006713,0.18930957683741667
80,2,within_state,S021,State_LDA,0.43232323232323233,0.2984472049689441,0.2453825857519788
80,2,within_state,S021,Joint_LDA,0.39722222222222225,0.2496296296296296,0.19611307420494695
80,2,within_state,S023,Raw,0.2633838383838384,0.18892400264949283,0.07747603833865813
80,2,within_state,S023,Trait_LDA,0.2633838383838384,0.18892400264949283,0.07747603833865813
80,2,within_state,S023,State_LDA,0.35227272727272724,0.24340393905611293,0.16097952629466072
80,2,within_state,S023,Joint_LDA,0.15,0.044444444444444446,-0.024714828897338448
80,2,within_state,S024,Raw,0.3205555555555556,0.25119883497165446,0.18612521150592232
80,2,within_state,S024,Trait_LDA,0.3205555555555556,0.25119883497165446,0.18612521150592232
80,2,within_state,S024,State_LDA,0.2811111111111111,0.21881532640046572,0.14394259181089075
80,2,within_state,S024,Joint_LDA,0.17777777777777776,0.06201550387596899,0.03622577927548454
80,2,within_state,S026,Raw,0.28888888888888886,0.21954244585823535,0.15025906735751293
80,2,within_state,S026,Trait_LDA,0.28888888888888886,0.21954244585823535,0.15025906735751293
80,2,within_state,S026,State_LDA,0.27444444444444444,0.22208729226717908,0.13814584096738736
80,2,within_state,S026,Joint_LDA,0.22666666666666666,0.15025062656641605,0.08396946564885499
80,2,within_state,S027,Raw,0.2482828282828283,0.20592592592592593,0.07308377896613194
80,2,within_state,S027,Trait_LDA,0.2482828282828283,0.20592592592592593,0.07308377896613194
80,2,within_state,S027,State_LDA,0.3112842712842713,0.20763673890608872,0.13257243195785762
80,2,within_state,S027,Joint_LDA,0.2,0.05555555555555555,0.04137648504711189
80,2,within_state,S028,Raw,0.10454545454545454,0.08132650466746576,-0.08225108225108224
80,2,within_state,S028,Trait_LDA,0.10454545454545454,0.08132650466746576,-0.08225108225108224
80,2,within_state,S028,State_LDA,0.16590909090909092,0.1324915824915825,-0.009371339320577876
80,2,within_state,S028,Joint_LDA,0.175,0.05303030303030303,0.017491626349088185
80,2,within_state,S030,Raw,0.39454545454545453,0.283922973578146,0.22443079147090716
80,2,within_state,S030,Trait_LDA,0.39454545454545453,0.283922973578146,0.22443079147090716
80,2,within_state,S030,State_LDA,0.31999999999999995,0.23007662835249043,0.1473646468268195
80,2,within_state,S030,Joint_LDA,0.1781818181818182,0.07123034227567067,0.006988120195667191
80,2,within_state,S031,Raw,0.28095238095238095,0.17341269841269838,0.08582246529238546
80,2,within_state,S031,Trait_LDA,0.28095238095238095,0.17341269841269838,0.08582246529238546
80,2,within_state,S031,State_LDA,0.25873015873015875,0.15941286909028843,0.0843274372686138
80,2,within_state,S031,Joint_LDA,0.17142857142857143,0.046511627906976744,-0.019230769230769384
80,2,within_state,S032,Raw,0.25826839826839826,0.19533799533799534,0.10576096302665516
80,2,within_state,S032,Trait_LDA,0.25826839826839826,0.19533799533799534,0.10576096302665516
80,2,within_state,S032,State_LDA,0.25826839826839826,0.19913419913419914,0.10652920962199319
80,2,within_state,S032,Joint_LDA,0.22507936507936507,0.15203089244851256,0.07869798104655945
80,2,within_state,S033,Raw,0.4143589743589744,0.31256317488201546,0.27164622816796724
80,2,within_state,S033,Trait_LDA,0.4143589743589744,0.31256317488201546,0.27164622816796724
80,2,within_state,S033,State_LDA,0.4114529914529915,0.29806763285024157,0.2787878787878787
80,2,within_state,S033,Joint_LDA,0.24222222222222226,0.13636363636363638,0.06075288855758476
80,2,within_state,S034,Raw,0.3887445887445887,0.2821523304281925,0.22416107382550332
80,2,within_state,S034,Trait_LDA,0.3887445887445887,0.2821523304281925,0.22416107382550332
80,2,within_state,S034,State_LDA,0.3220779220779221,0.24175824175824176,0.16467463479415678
80,2,within_state,S034,Joint_LDA,0.2698412698412699,0.13770180436847104,0.11535125758889853
80,2,within_state,S035,Raw,0.4163636363636363,0.26159420289855073,0.2611615962070327
80,2,within_state,S035,Trait_LDA,0.4163636363636363,0.26159420289855073,0.2611615962070327
80,2,within_state,S035,State_LDA,0.35454545454545455,0.22803195352214958,0.18371440032089836
80,2,within_state,S035,Joint_LDA,0.35353535353535354,0.24195475113122172,0.17810985460420026
80,2,within_state,S036,Raw,0.17493894993894993,0.12557998933928616,-0.009025270758122872
80,2,within_state,S036,Trait_LDA,0.17493894993894993,0.12557998933928616,-0.009025270758122872
80,2,within_state,S036,State_LDA,0.25757020757020754,0.18501221001221002,0.07349665924276161
80,2,within_state,S036,Joint_LDA,0.19682539682539685,0.08608058608058607,0.020967051775780954
80,2,within_state,S037,Raw,0.15833333333333333,0.12674362674362674,0.01373521556657753
80,2,within_state,S037,Trait_LDA,0.15833333333333333,0.12674362674362674,0.01373521556657753
80,2,within_state,S037,State_LDA,0.15,0.1095068330362448,0.012982054219167649
80,2,within_state,S037,Joint_LDA,0.195,0.10742705570291777,0.05982905982905984
80,2,within_state,S040,Raw,0.37272727272727274,0.2750793650793651,0.21544869367663766
80,2,within_state,S040,Trait_LDA,0.37272727272727274,0.2750793650793651,0.21544869367663766
80,2,within_state,S040,State_LDA,0.33535353535353535,0.24426646325959825,0.16704805491990848
80,2,within_state,S040,Joint_LDA,0.2,0.1043360433604336,0.041165755919854385
80,2,within_state,S043,Raw,0.1953146853146853,0.1550893362438354,0.015435501653803918
80,2,within_state,S043,Trait_LDA,0.1953146853146853,0.1550893362438354,0.015435501653803918
80,2,within_state,S043,State_LDA,0.26706293706293704,0.20693542568542567,0.08510638297872342
80,2,within_state,S043,Joint_LDA,0.19545454545454546,0.0910010111223458,0.03528988116672671
80,2,within_state,S045,Raw,0.2822222222222222,0.22685185185185186,0.15254237288135597
80,2,within_state,S045,Trait_LDA,0.2822222222222222,0.22685185185185186,0.15254237288135597
80,2,within_state,S045,State_LDA,0.3155555555555555,0.23931623931623935,0.162401116798511
80,2,within_state,S045,Joint_LDA,0.25999999999999995,0.1767857142857143,0.11268855368234243
80,2,within_state,S046,Raw,0.17398989898989897,0.14259259259259258,0.03221535745807602
80,2,within_state,S046,Trait_LDA,0.17398989898989897,0.14259259259259258,0.03221535745807602
80,2,within_state,S046,State_LDA,0.12398989898989898,0.09928989139515454,-0.009234828496042402
80,2,within_state,S046,Joint_LDA,0.04722222222222222,0.03671497584541063,-0.07622739018087832
80,2,within_state,S048,Raw,0.29267676767676765,0.18761022927689594,0.12266450040617394
80,2,within_state,S048,Trait_LDA,0.29267676767676765,0.18761022927689594,0.12266450040617394
80,2,within_state,S048,State_LDA,0.2063131313131313,0.13024002704530088,0.05639396346306602
80,2,within_state,S048,Joint_LDA,0.20303030303030303,0.12365423623030114,0.03914590747330948
80,2,within_state,S049,Raw,0.23666666666666666,0.20331232492997198,0.08639228772710417
80,2,within_state,S049,Trait_LDA,0.23666666666666666,0.20331232492997198,0.08639228772710417
80,2,within_state,S049,State_LDA,0.2677777777777778,0.22084883926989188,0.09850517439632045
80,2,within_state,S049,Joint_LDA,0.24,0.108843537414966,0.0755685986793837
80,2,within_state,S050,Raw,0.3375757575757576,0.25814666196313607,0.165335463258786
80,2,within_state,S050,Trait_LDA,0.3375757575757576,0.25814666196313607,0.165335463258786
80,2,within_state,S050,State_LDA,0.37757575757575756,0.2840295538505257,0.20894926088693577
80,2,within_state,S050,Joint_LDA,0.2202020202020202,0.11081242532855436,0.051724137931034475
80,2,within_state,S051,Raw,0.2721212121212121,0.2133772507685551,0.12597547380156093
80,2,within_state,S051,Trait_LDA,0.2721212121212121,0.2133772507685551,0.12597547380156093
80,2,within_state,S051,State_LDA,0.28808080808080805,0.22474747474747478,0.14583333333333348
80,2,within_state,S051,Joint_LDA,0.2202020202020202,0.1313131313131313,0.08163265306122447
80,2,within_state,S052,Raw,0.18441558441558442,0.14717741935483872,0.005543710021321813
80,2,within_state,S052,Trait_LDA,0.18441558441558442,0.14717741935483872,0.005543710021321813
80,2,within_state,S052,State_LDA,0.2207792207792208,0.17231379731379728,0.05074626865671639
80,2,within_state,S052,Joint_LDA,0.24155844155844158,0.11213235294117647,0.06822938467978246
80,2,within_state,S053,Raw,0.4159090909090909,0.34599567099567097,0.22388059701492546
80,2,within_state,S053,Trait_LDA,0.4159090909090909,0.34599567099567097,0.22388059701492546
80,2,within_state,S053,State_LDA,0.39217171717171717,0.32528243686138425,0.199637845178814
80,2,within_state,S053,Joint_LDA,0.23939393939393935,0.1734453781512605,0.03442028985507262
80,2,within_state,S054,Raw,0.2363636363636364,0.17565552683520014,0.04444444444444462
80,2,within_state,S054,Trait_LDA,0.2363636363636364,0.17565552683520014,0.04444444444444462
80,2,within_state,S054,State_LDA,0.2631818181818182,0.18306878306878308,0.06589785831960449
80,2,within_state,S054,Joint_LDA,0.16272727272727275,0.10557371096586783,-0.008526187576126665
80,2,within_state,S055,Raw,0.4002020202020202,0.29368686868686866,0.23544973544973546
80,2,within_state,S055,Trait_LDA,0.4002020202020202,0.29368686868686866,0.23544973544973546
80,2,within_state,S055,State_LDA,0.40727272727272723,0.2986111111111111,0.24427480916030542
80,2,within_state,S055,Joint_LDA,0.16666666666666669,0.041666666666666664,0.017587939698492594
80,2,within_state,S056,Raw,0.3255011655011655,0.25925561029009303,0.1920529801324503
80,2,within_state,S056,Trait_LDA,0.3255011655011655,0.25925561029009303,0.1920529801324503
80,2,within_state,S056,State_LDA,0.3482983682983683,0.2690562613430127,0.2065355329949239
80,2,within_state,S056,Joint_LDA,0.2418181818181818,0.13202614379084968,0.09377901578458692
80,2,within_state,S057,Raw,0.3457575757575757,0.25288073666516026,0.1790989660265878
80,2,within_state,S057,Trait_LDA,0.3457575757575757,0.25288073666516026,0.1790989660265878
80,2,within_state,S057,State_LDA,0.34505050505050505,0.2485131508319914,0.17329862402380058
80,2,within_state,S057,Joint_LDA,0.24242424242424238,0.12777284826974267,0.06964091403699668
80,2,within_state,S059,Raw,0.14188034188034188,0.12205910031996987,0.01015228426395931
80,2,within_state,S059,Trait_LDA,0.14188034188034188,0.12205910031996987,0.01015228426395931
80,2,within_state,S059,State_LDA,0.14871794871794872,0.1300583474496518,0.009314140558848383
80,2,within_state,S059,Joint_LDA,0.21538461538461537,0.07083333333333333,0.049167005282405585
80,2,within_state,S060,Raw,0.32222222222222224,0.2532920536635707,0.18377088305489242
80,2,within_state,S060,Trait_LDA,0.32222222222222224,0.2532920536635707,0.18377088305489242
80,2,within_state,S060,State_LDA,0.32222222222222224,0.2691086691086691,0.19560956487651904
80,2,within_state,S060,Joint_LDA,0.16994949494949493,0.11949746160272477,0.034214618973561484
80,2,within_state,S063,Raw,0.11333333333333333,0.07863247863247863,-0.024325351577346943
80,2,within_state,S063,Trait_LDA,0.11333333333333333,0.07863247863247863,-0.024325351577346943
80,2,within_state,S063,State_LDA,0.16,0.12121212121212122,0.0325047801147228
80,2,within_state,S063,Joint_LDA,0.21000000000000002,0.10846560846560845,0.04275444570563758
80,2,within_state,S064,Raw,0.34161616161616165,0.27669657234874623,0.19738863287250386
80,2,within_state,S064,Trait_LDA,0.34161616161616165,0.27669657234874623,0.19738863287250386
80,2,within_state,S064,State_LDA,0.32161616161616163,0.25918237623043117,0.17341040462427737
80,2,within_state,S064,Joint_LDA,0.18383838383838386,0.10336538461538462,0.046362608367885194
80,2,within_state,S065,Raw,0.21636363636363637,0.14633819339701692,0.023111417730251715
80,2,within_state,S065,Trait_LDA,0.21636363636363637,0.14633819339701692,0.023111417730251715
80,2,within_state,S065,State_LDA,0.2015151515151515,0.10649529538063213,-0.007513661202185773
80,2,within_state,S065,Joint_LDA,0.20833333333333331,0.12681159420289856,0.06284530386740328
80,2,within_state,S066,Raw,0.26,0.18199956905839257,0.1155378486055777
80,2,within_state,S066,Trait_LDA,0.26,0.18199956905839257,0.1155378486055777
80,2,within_state,S066,State_LDA,0.3022222222222222,0.21605038236617183,0.1515151515151517
80,2,within_state,S066,Joint_LDA,0.19555555555555557,0.0963327859879584,0.06066536203522521
80,2,within_state,S067,Raw,0.14545454545454545,0.09707602339181286,-0.0625
80,2,within_state,S067,Trait_LDA,0.14545454545454545,0.09707602339181286,-0.0625
80,2,within_state,S067,State_LDA,0.12727272727272726,0.0873015873015873,-0.08333333333333326
80,2,within_state,S067,Joint_LDA,0.18181818181818182,0.10522800468452642,-0.016883573689764564
80,2,within_state,S068,Raw,0.20909090909090908,0.12797619047619047,0.027027027027026973
80,2,within_state,S068,Trait_LDA,0.20909090909090908,0.12797619047619047,0.027027027027026973
80,2,within_state,S068,State_LDA,0.18409090909090908,0.12068797742422031,-0.006628003314001818
80,2,within_state,S068,Joint_LDA,0.26565656565656565,0.16254617789144643,0.09061748195669617
80,2,within_state,S069,Raw,0.32727272727272727,0.23239991003148897,0.20035971223021576
80,2,within_state,S069,Trait_LDA,0.32727272727272727,0.23239991003148897,0.20035971223021576
80,2,within_state,S069,State_LDA,0.3090909090909091,0.2253393665158371,0.18947742623533592
80,2,within_state,S069,Joint_LDA,0.22626262626262625,0.13685636856368563,0.08523537803138381
80,2,within_state,S071,Raw,0.18222222222222223,0.1346058996645468,0.005728314238952592
80,2,within_state,S071,Trait_LDA,0.18222222222222223,0.1346058996645468,0.005728314238952592
80,2,within_state,S071,State_LDA,0.22222222222222224,0.16542207792207794,0.053403995108030955
80,2,within_state,S071,Joint_LDA,0.2311111111111111,0.1095611740773031,0.05378973105134466
80,2,within_state,S072,Raw,0.21111111111111108,0.18347763347763346,0.07470564352415732
80,2,within_state,S072,Trait_LDA,0.21111111111111108,0.18347763347763346,0.07470564352415732
80,2,within_state,S072,State_LDA,0.2333333333333333,0.19487577639751552,0.09878542510121469
80,2,within_state,S072,Joint_LDA,0.19333333333333333,0.14833333333333334,0.06607929515418509
80,2,within_state,S073,Raw,0.22828282828282828,0.1626642771804062,0.0777439024390244
80,2,within_state,S073,Trait_LDA,0.22828282828282828,0.1626642771804062,0.0777439024390244
80,2,within_state,S073,State_LDA,0.2363636363636364,0.15404040404040406,0.08194233687405161
80,2,within_state,S073,Joint_LDA,0.2505050505050505,0.15505050505050505,0.10518350359440032
80,2,within_state,S074,Raw,0.28857808857808853,0.22882352941176473,0.14131994261119063
80,2,within_state,S074,Trait_LDA,0.28857808857808853,0.22882352941176473,0.14131994261119063
80,2,within_state,S074,State_LDA,0.32214452214452216,0.257833651855391,0.1807402084081925
80,2,within_state,S074,Joint_LDA,0.2,0.07142857142857142,0.052959501557632405
80,2,within_state,S076,Raw,0.18666666666666668,0.15644257703081232,0.05003909304143872
80,2,within_state,S076,Trait_LDA,0.18666666666666668,0.15644257703081232,0.05003909304143872
80,2,within_state,S076,State_LDA,0.2066666666666667,0.1611456176673568,0.06382978723404253
80,2,within_state,S076,Joint_LDA,0.21555555555555558,0.13366013071895425,0.07620528771384139
80,2,within_state,S077,Raw,0.24,0.16954150081085065,0.057048561999056946
80,2,within_state,S077,Trait_LDA,0.24,0.16954150081085065,0.057048561999056946
80,2,within_state,S077,State_LDA,0.28444444444444444,0.20705741626794258,0.11173445535296866
80,2,within_state,S077,Joint_LDA,0.2,0.09610215053763442,0.03669724770642191
80,2,within_state,S078,Raw,0.1522222222222222,0.11105743424584004,-0.037644787644787625
80,2,within_state,S078,Trait_LDA,0.1522222222222222,0.11105743424584004,-0.037644787644787625
80,2,within_state,S078,State_LDA,0.17722222222222223,0.12499999999999999,-0.013024602026049381
80,2,within_state,S078,Joint_LDA,0.215,0.11617405582922824,0.037536092396535214
80,2,within_state,S079,Raw,0.2688888888888889,0.194510582010582,0.0947907771135782
80,2,within_state,S079,Trait_LDA,0.2688888888888889,0.194510582010582,0.0947907771135782
80,2,within_state,S079,State_LDA,0.2066666666666667,0.15138888888888888,0.02731540759709794
80,2,within_state,S079,Joint_LDA,0.20444444444444443,0.1027077497665733,0.024400684931506822
80,2,within_state,S080,Raw,0.1993939393939394,0.1469293924466338,0.022099447513812098
80,2,within_state,S080,Trait_LDA,0.1993939393939394,0.1469293924466338,0.022099447513812098
80,2,within_state,S080,State_LDA,0.2572727272727272,0.18494708994708997,0.09168662333219291
80,2,within_state,S080,Joint_LDA,0.2533333333333333,0.14160401002506265,0.09847198641765709
80,2,within_state,S081,Raw,0.2665151515151515,0.2051441241685144,0.06666666666666665
80,2,within_state,S081,Trait_LDA,0.2665151515151515,0.2051441241685144,0.06666666666666665
80,2,within_state,S081,State_LDA,0.2696969696969697,0.23112475759534581,0.06888361045130631
80,2,within_state,S081,Joint_LDA,0.19166666666666665,0.07977207977207977,-0.012307692307692353
80,2,within_state,S082,Raw,0.33999999999999997,0.22762564796033355,0.16566866267465086
80,2,within_state,S082,Trait_LDA,0.33999999999999997,0.22762564796033355,0.16566866267465086
80,2,within_state,S082,State_LDA,0.36,0.23358585858585856,0.18108651911468798
80,2,within_state,S082,Joint_LDA,0.24000000000000005,0.14540382437754154,0.05964214711729632
80,2,within_state,S085,Raw,0.26564102564102565,0.15793650793650793,0.04979442667884881
80,2,within_state,S085,Trait_LDA,0.26564102564102565,0.15793650793650793,0.04979442667884881
80,2,within_state,S085,State_LDA,0.261025641025641,0.1382716049382716,0.06558849955076362
80,2,within_state,S085,Joint_LDA,0.258974358974359,0.11435997400909681,0.05033407572383064
80,2,within_state,S086,Raw,0.3401320901320901,0.22976190476190475,0.16800000000000004
80,2,within_state,S086,Trait_LDA,0.3401320901320901,0.22976190476190475,0.16800000000000004
80,2,within_state,S086,State_LDA,0.35273892773892773,0.23344827586206895,0.1837360951285002
80,2,within_state,S086,Joint_LDA,0.254040404040404,0.1469638242894057,0.10582992944671354
80,2,within_state,S091,Raw,0.3841414141414142,0.26313431428032447,0.20654627539503378
80,2,within_state,S091,Trait_LDA,0.3841414141414142,0.26313431428032447,0.20654627539503378
80,2,within_state,S091,State_LDA,0.3915151515151515,0.27546296296296297,0.23253275109170302
80,2,within_state,S091,Joint_LDA,0.13333333333333333,0.046511627906976744,-0.015368494586098569
80,2,within_state,S093,Raw,0.2011111111111111,0.14444444444444446,0.034120734908136496
80,2,within_state,S093,Trait_LDA,0.2011111111111111,0.14444444444444446,0.034120734908136496
80,2,within_state,S093,State_LDA,0.2011111111111111,0.14091415830546264,0.028291210863825023
80,2,within_state,S093,Joint_LDA,0.17555555555555555,0.07386363636363637,0.015745148297326872
80,2,within_state,S094,Raw,0.21333333333333332,0.15668976920911906,0.05981848184818506
80,2,within_state,S094,Trait_LDA,0.21333333333333332,0.15668976920911906,0.05981848184818506
80,2,within_state,S094,State_LDA,0.23333333333333334,0.1730296384901648,0.07787903893951953
80,2,within_state,S094,Joint_LDA,0.16666666666666666,0.1128968253968254,0.023341523341523285
80,2,within_state,S095,Raw,0.1665151515151515,0.12462042788129744,-0.010906355772847043
80,2,within_state,S095,Trait_LDA,0.1665151515151515,0.12462042788129744,-0.010906355772847043
80,2,within_state,S095,State_LDA,0.11651515151515153,0.09206183344114378,-0.0646387832699622
80,2,within_state,S095,Joint_LDA,0.21136363636363636,0.08518518518518518,0.03976650857351327
80,2,within_state,S097,Raw,0.22176767676767678,0.1638095238095238,0.025000000000000022
80,2,within_state,S097,Trait_LDA,0.22176767676767678,0.1638095238095238,0.025000000000000022
80,2,within_state,S097,State_LDA,0.24176767676767677,0.16013071895424835,0.05160142348754437
80,2,within_state,S097,Joint_LDA,0.17803030303030304,0.11464148877941982,0.01421800947867291
80,2,within_state,S098,Raw,0.28136363636363637,0.21592851592851595,0.1421763304209691
80,2,within_state,S098,Trait_LDA,0.28136363636363637,0.21592851592851595,0.1421763304209691
80,2,within_state,S098,State_LDA,0.2231818181818182,0.1617283950617284,0.07342378292098961
80,2,within_state,S098,Joint_LDA,0.16499999999999998,0.08912037037037036,0.021588280647648284
80,2,within_state,S099,Raw,0.22691197691197687,0.14657097288676238,0.03301886792452824
80,2,within_state,S099,Trait_LDA,0.22691197691197687,0.14657097288676238,0.03301886792452824
80,2,within_state,S099,State_LDA,0.20468975468975467,0.1318536239588871,0.013157894736842035
80,2,within_state,S099,Joint_LDA,0.2,0.05982905982905983,0.04060687193217316
80,2,within_state,S101,Raw,0.4478787878787879,0.32080411407199627,0.2921665490472829
80,2,within_state,S101,Trait_LDA,0.4478787878787879,0.32080411407199627,0.2921665490472829
80,2,within_state,S101,State_LDA,0.48939393939393944,0.3623737373737374,0.33591276820260296
80,2,within_state,S101,Joint_LDA,0.26181818181818184,0.1421788088454755,0.08226754234358802
80,2,within_state,S102,Raw,0.286060606060606,0.22992868645042555,0.1426607081471296
80,2,within_state,S102,Trait_LDA,0.286060606060606,0.22992868645042555,0.1426607081471296
80,2,within_state,S102,State_LDA,0.2678787878787879,0.2129183135704875,0.12452830188679231
80,2,within_state,S102,Joint_LDA,0.19636363636363635,0.1334175084175084,0.04950495049504955
80,2,within_state,S103,Raw,0.1716783216783217,0.11759406465288817,-0.01673640167364021
80,2,within_state,S103,Trait_LDA,0.1716783216783217,0.11759406465288817,-0.01673640167364021
80,2,within_state,S103,State_LDA,0.1966783216783217,0.1299719887955182,0.012058212058211892
80,2,within_state,S103,Joint_LDA,0.18246753246753247,0.0893806485911749,-0.013983220135837193
80,2,within_state,S105,Raw,0.2533333333333333,0.1634920634920635,0.07308377896613205
80,2,within_state,S105,Trait_LDA,0.2533333333333333,0.1634920634920635,0.07308377896613205
80,2,within_state,S105,State_LDA,0.27555555555555555,0.1591245791245791,0.09058295964125562
80,2,within_state,S105,Joint_LDA,0.2733333333333333,0.21677655677655677,0.07985480943738643
80,2,within_state,S106,Raw,0.2761072261072261,0.1809462915601023,0.09832134292565953
80,2,within_state,S106,Trait_LDA,0.2761072261072261,0.1809462915601023,0.09832134292565953
80,2,within_state,S106,State_LDA,0.212004662004662,0.1465873319449757,0.016867469879518038
80,2,within_state,S106,Joint_LDA,0.2,0.05970149253731343,0.005973715651135025
80,2,within_state,S107,Raw,0.18857142857142856,0.12333965844402277,0.0035650623885917776
80,2,within_state,S107,Trait_LDA,0.18857142857142856,0.12333965844402277,0.0035650623885917776
80,2,within_state,S107,State_LDA,0.2257142857142857,0.13885116015846066,0.02630405706642891
80,2,within_state,S107,Joint_LDA,0.1,0.0574712643678161,-0.059843885516045026
80,2,within_state,S108,Raw,0.23666666666666666,0.16325757575757574,0.07766990291262144
80,2,within_state,S108,Trait_LDA,0.23666666666666666,0.16325757575757574,0.07766990291262144
80,2,within_state,S108,State_LDA,0.22777777777777777,0.1360153256704981,0.07367280606717219
80,2,within_state,S108,Joint_LDA,0.18,0.12114624505928853,-0.02051473330846698
80,3,within_state,S002,Raw,0.4590909090909091,0.3287789987789988,0.2834302325581395
80,3,within_state,S002,Trait_LDA,0.4590909090909091,0.3287789987789988,0.2834302325581395
80,3,within_state,S002,State_LDA,0.4027272727272727,0.2924691358024691,0.22302679217958
80,3,within_state,S002,Joint_LDA,0.32636363636363636,0.22193586464686207,0.15359357898577142
80,3,within_state,S004,Raw,0.3007575757575757,0.21347813979392924,0.13444553483807653
80,3,within_state,S004,Trait_LDA,0.3007575757575757,0.21347813979392924,0.13444553483807653
80,3,within_state,S004,State_LDA,0.31590909090909086,0.21031746031746032,0.13571778539931412
80,3,within_state,S004,Joint_LDA,0.24722222222222223,0.12953712953712954,0.06264945002391209
80,3,within_state,S006,Raw,0.3088888888888889,0.2326468344774981,0.1508064516129034
80,3,within_state,S006,Trait_LDA,0.3088888888888889,0.2326468344774981,0.1508064516129034
80,3,within_state,S006,State_LDA,0.3511111111111111,0.25169657234874626,0.18780487804878065
80,3,within_state,S006,Joint_LDA,0.31333333333333335,0.18563594019983473,0.15217391304347838
80,3,within_state,S009,Raw,0.3088888888888889,0.20675381263616557,0.17801784875528415
80,3,within_state,S009,Trait_LDA,0.3088888888888889,0.20675381263616557,0.17801784875528415
80,3,within_state,S009,State_LDA,0.22666666666666666,0.14309764309764308,0.048316251830161194
80,3,within_state,S009,Joint_LDA,0.10888888888888888,0.05992063492063491,-0.05359596885020612
80,3,within_state,S011,Raw,0.21818181818181817,0.14664664664664664,0.03581363004172455
80,3,within_state,S011,Trait_LDA,0.21818181818181817,0.14664664664664664,0.03581363004172455
80,3,within_state,S011,State_LDA,0.2363636363636364,0.18312849860837477,0.056328233657857996
80,3,within_state,S011,Joint_LDA,0.12727272727272726,0.07995642701525055,-0.042828008157715924
80,3,within_state,S012,Raw,0.27575757575757576,0.1714119214119214,0.10024252223120445
80,3,within_state,S012,Trait_LDA,0.27575757575757576,0.1714119214119214,0.10024252223120445
80,3,within_state,S012,State_LDA,0.2606060606060606,0.16110432777099443,0.09327902240325858
80,3,within_state,S012,Joint_LDA,0.2,0.05405405405405406,0.024285154719937196
80,3,within_state,S013,Raw,0.2708313908313908,0.1966490299823633,0.08530465949820776
80,3,within_state,S013,Trait_LDA,0.2708313908313908,0.1966490299823633,0.08530465949820776
80,3,within_state,S013,State_LDA,0.228034188034188,0.15020743145743146,0.055240793201133065
80,3,within_state,S013,Joint_LDA,0.2208080808080808,0.14444444444444446,0.07687097866576365
80,3,within_state,S016,Raw,0.21833333333333332,0.1412037037037037,0.05413598960589017
80,3,within_state,S016,Trait_LDA,0.21833333333333332,0.1412037037037037,0.05413598960589017
80,3,within_state,S016,State_LDA,0.2583333333333333,0.17010511838098044,0.10189982728842817
80,3,within_state,S016,Joint_LDA,0.225,0.1364522417153996,0.06825938566552892
80,3,within_state,S018,Raw,0.26862914862914866,0.17773226375376913,0.07972270363951495
80,3,within_state,S018,Trait_LDA,0.26862914862914866,0.17773226375376913,0.07972270363951495
80,3,within_state,S018,State_LDA,0.2482251082251082,0.1777940697295536,0.08803763440860213
80,3,within_state,S018,Joint_LDA,0.12484848484848485,0.08101135190918472,-0.020561357702350014
80,3,within_state,S020,Raw,0.2176262626262626,0.15802003410059676,0.05670529801324509
80,3,within_state,S020,Trait_LDA,0.2176262626262626,0.15802003410059676,0.05670529801324509
80,3,within_state,S020,State_LDA,0.26262626262626265,0.1915219421101774,0.1039175257731959
80,3,within_state,S020,Joint_LDA,0.2,0.06060606060606061,0.05017921146953408
80,3,within_state,S021,Raw,0.3919191919191919,0.2575661886006713,0.18930957683741667
80,3,within_state,S021,Trait_LDA,0.3919191919191919,0.2575661886006713,0.18930957683741667
80,3,within_state,S021,State_LDA,0.43232323232323233,0.2984472049689441,0.2453825857519788
80,3,within_state,S021,Joint_LDA,0.39722222222222225,0.2496296296296296,0.19611307420494695
80,3,within_state,S022,Raw,0.4727272727272728,0.3946265172735761,0.3527260638297871
80,3,within_state,S022,Trait_LDA,0.4727272727272728,0.3946265172735761,0.3527260638297871
80,3,within_state,S022,State_LDA,0.43636363636363634,0.34406162464985995,0.303306342780027
80,3,within_state,S022,Joint_LDA,0.23636363636363633,0.1699756182514803,0.10102683007618407
80,3,within_state,S023,Raw,0.2633838383838384,0.18892400264949283,0.07747603833865813
80,3,within_state,S023,Trait_LDA,0.2633838383838384,0.18892400264949283,0.07747603833865813
80,3,within_state,S023,State_LDA,0.35227272727272724,0.24340393905611293,0.16097952629466072
80,3,within_state,S023,Joint_LDA,0.15,0.044444444444444446,-0.024714828897338448
80,3,within_state,S024,Raw,0.3205555555555556,0.25119883497165446,0.18612521150592232
80,3,within_state,S024,Trait_LDA,0.3205555555555556,0.25119883497165446,0.18612521150592232
80,3,within_state,S024,State_LDA,0.2811111111111111,0.21881532640046572,0.14394259181089075
80,3,within_state,S024,Joint_LDA,0.17777777777777776,0.06201550387596899,0.03622577927548454
80,3,within_state,S025,Raw,0.15757575757575756,0.11508771929824561,0.0117647058823529
80,3,within_state,S025,Trait_LDA,0.15757575757575756,0.11508771929824561,0.0117647058823529
80,3,within_state,S025,State_LDA,0.1575757575757576,0.11294117647058825,0.01969365426695846
80,3,within_state,S025,Joint_LDA,0.16565656565656567,0.09080459770114942,0.021477975973789643
80,3,within_state,S026,Raw,0.28888888888888886,0.21954244585823535,0.15025906735751293
80,3,within_state,S026,Trait_LDA,0.28888888888888886,0.21954244585823535,0.15025906735751293
80,3,within_state,S026,State_LDA,0.27444444444444444,0.22208729226717908,0.13814584096738736
80,3,within_state,S026,Joint_LDA,0.22666666666666666,0.15025062656641605,0.08396946564885499
80,3,within_state,S027,Raw,0.2482828282828283,0.20592592592592593,0.07308377896613194
80,3,within_state,S027,Trait_LDA,0.2482828282828283,0.20592592592592593,0.07308377896613194
80,3,within_state,S027,State_LDA,0.3112842712842713,0.20763673890608872,0.13257243195785762
80,3,within_state,S027,Joint_LDA,0.2,0.05555555555555555,0.04137648504711189
80,3,within_state,S028,Raw,0.10454545454545454,0.08132650466746576,-0.08225108225108224
80,3,within_state,S028,Trait_LDA,0.10454545454545454,0.08132650466746576,-0.08225108225108224
80,3,within_state,S028,State_LDA,0.16590909090909092,0.1324915824915825,-0.009371339320577876
80,3,within_state,S028,Joint_LDA,0.175,0.05303030303030303,0.017491626349088185
80,3,within_state,S029,Raw,0.2782051282051282,0.21133159475264737,0.1076345431789737
80,3,within_state,S029,Trait_LDA,0.2782051282051282,0.21133159475264737,0.1076345431789737
80,3,within_state,S029,State_LDA,0.2382051282051282,0.19497354497354494,0.0840258541089568
80,3,within_state,S029,Joint_LDA,0.16153846153846155,0.10504549214226633,0.04836374167390678
80,3,within_state,S030,Raw,0.39454545454545453,0.283922973578146,0.22443079147090716
80,3,within_state,S030,Trait_LDA,0.39454545454545453,0.283922973578146,0.22443079147090716
80,3,within_state,S030,State_LDA,0.31999999999999995,0.23007662835249043,0.1473646468268195
80,3,within_state,S030,Joint_LDA,0.1781818181818182,0.07123034227567067,0.006988120195667191
80,3,within_state,S031,Raw,0.28095238095238095,0.17341269841269838,0.08582246529238546
80,3,within_state,S031,Trait_LDA,0.28095238095238095,0.17341269841269838,0.08582246529238546
80,3,within_state,S031,State_LDA,0.25873015873015875,0.15941286909028843,0.0843274372686138
80,3,within_state,S031,Joint_LDA,0.17142857142857143,0.046511627906976744,-0.019230769230769384
80,3,within_state,S032,Raw,0.25826839826839826,0.19533799533799534,0.10576096302665516
80,3,within_state,S032,Trait_LDA,0.25826839826839826,0.19533799533799534,0.10576096302665516
80,3,within_state,S032,State_LDA,0.25826839826839826,0.19913419913419914,0.10652920962199319
80,3,within_state,S032,Joint_LDA,0.22507936507936507,0.15203089244851256,0.07869798104655945
80,3,within_state,S033,Raw,0.4143589743589744,0.31256317488201546,0.27164622816796724
80,3,within_state,S033,Trait_LDA,0.4143589743589744,0.31256317488201546,0.27164622816796724
80,3,within_state,S033,State_LDA,0.4114529914529915,0.29806763285024157,0.2787878787878787
80,3,within_state,S033,Joint_LDA,0.24222222222222226,0.13636363636363638,0.06075288855758476
80,3,within_state,S036,Raw,0.17493894993894993,0.12557998933928616,-0.009025270758122872
80,3,within_state,S036,Trait_LDA,0.17493894993894993,0.12557998933928616,-0.009025270758122872
80,3,within_state,S036,State_LDA,0.25757020757020754,0.18501221001221002,0.07349665924276161
80,3,within_state,S036,Joint_LDA,0.19682539682539685,0.08608058608058607,0.020967051775780954
80,3,within_state,S037,Raw,0.15833333333333333,0.12674362674362674,0.01373521556657753
80,3,within_state,S037,Trait_LDA,0.15833333333333333,0.12674362674362674,0.01373521556657753
80,3,within_state,S037,State_LDA,0.15,0.1095068330362448,0.012982054219167649
80,3,within_state,S037,Joint_LDA,0.195,0.10742705570291777,0.05982905982905984
80,3,within_state,S040,Raw,0.37272727272727274,0.2750793650793651,0.21544869367663766
80,3,within_state,S040,Trait_LDA,0.37272727272727274,0.2750793650793651,0.21544869367663766
80,3,within_state,S040,State_LDA,0.33535353535353535,0.24426646325959825,0.16704805491990848
80,3,within_state,S040,Joint_LDA,0.2,0.1043360433604336,0.041165755919854385
80,3,within_state,S041,Raw,0.2127272727272727,0.16710696710696712,0.06189624329159216
80,3,within_state,S041,Trait_LDA,0.2127272727272727,0.16710696710696712,0.06189624329159216
80,3,within_state,S041,State_LDA,0.24464646464646464,0.19170147591200223,0.10332499106185189
80,3,within_state,S041,Joint_LDA,0.18222222222222223,0.08170731707317073,0.03661971830985922
80,3,within_state,S042,Raw,0.3665151515151515,0.28086419753086417,0.2265910012160519
80,3,within_state,S042,Trait_LDA,0.3665151515151515,0.28086419753086417,0.2265910012160519
80,3,within_state,S042,State_LDA,0.277070707070707,0.2120718462823726,0.12900575184880858
80,3,within_state,S042,Joint_LDA,0.2583333333333333,0.13315696649029982,0.1045856798069188
80,3,within_state,S043,Raw,0.1953146853146853,0.1550893362438354,0.015435501653803918
80,3,within_state,S043,Trait_LDA,0.1953146853146853,0.1550893362438354,0.015435501653803918
80,3,within_state,S043,State_LDA,0.26706293706293704,0.20693542568542567,0.08510638297872342
80,3,within_state,S043,Joint_LDA,0.19545454545454546,0.0910010111223458,0.03528988116672671
80,3,within_state,S044,Raw,0.35363247863247865,0.28793652444768064,0.18540804813839795
80,3,within_state,S044,Trait_LDA,0.35363247863247865,0.28793652444768064,0.18540804813839795
80,3,within_state,S044,State_LDA,0.3215811965811966,0.21824032176973351,0.14798206278026904
80,3,within_state,S044,Joint_LDA,0.1,0.03809523809523809,-0.08982683982683981
80,3,within_state,S046,Raw,0.17398989898989897,0.14259259259259258,0.03221535745807602
80,3,within_state,S046,Trait_LDA,0.17398989898989897,0.14259259259259258,0.03221535745807602
80,3,within_state,S046,State_LDA,0.12398989898989898,0.09928989139515454,-0.009234828496042402
80,3,within_state,S046,Joint_LDA,0.04722222222222222,0.03671497584541063,-0.07622739018087832
80,3,within_state,S047,Raw,0.27936507936507937,0.2192760942760943,0.15257422021796307
80,3,within_state,S047,Trait_LDA,0.27936507936507937,0.2192760942760943,0.15257422021796307
80,3,within_state,S047,State_LDA,0.30158730158730157,0.23886104149262044,0.17541229385307333
80,3,within_state,S047,Joint_LDA,0.14444444444444443,0.08764367816091954,0.003328402366863936
80,3,within_state,S048,Raw,0.29267676767676765,0.18761022927689594,0.12266450040617394
80,3,within_state,S048,Trait_LDA,0.29267676767676765,0.18761022927689594,0.12266450040617394
80,3,within_state,S048,State_LDA,0.2063131313131313,0.13024002704530088,0.05639396346306602
80,3,within_state,S048,Joint_LDA,0.20303030303030303,0.12365423623030114,0.03914590747330948
80,3,within_state,S049,Raw,0.23666666666666666,0.20331232492997198,0.08639228772710417
80,3,within_state,S049,Trait_LDA,0.23666666666666666,0.20331232492997198,0.08639228772710417
80,3,within_state,S049,State_LDA,0.2677777777777778,0.22084883926989188,0.09850517439632045
80,3,within_state,S049,Joint_LDA,0.24,0.108843537414966,0.0755685986793837
80,3,within_state,S050,Raw,0.3375757575757576,0.25814666196313607,0.165335463258786
80,3,within_state,S050,Trait_LDA,0.3375757575757576,0.25814666196313607,0.165335463258786
80,3,within_state,S050,State_LDA,0.37757575757575756,0.2840295538505257,0.20894926088693577
80,3,within_state,S050,Joint_LDA,0.2202020202020202,0.11081242532855436,0.051724137931034475
80,3,within_state,S051,Raw,0.2721212121212121,0.2133772507685551,0.12597547380156093
80,3,within_state,S051,Trait_LDA,0.2721212121212121,0.2133772507685551,0.12597547380156093
80,3,within_state,S051,State_LDA,0.28808080808080805,0.22474747474747478,0.14583333333333348
80,3,within_state,S051,Joint_LDA,0.2202020202020202,0.1313131313131313,0.08163265306122447
80,3,within_state,S052,Raw,0.18441558441558442,0.14717741935483872,0.005543710021321813
80,3,within_state,S052,Trait_LDA,0.18441558441558442,0.14717741935483872,0.005543710021321813
80,3,within_state,S052,State_LDA,0.2207792207792208,0.17231379731379728,0.05074626865671639
80,3,within_state,S052,Joint_LDA,0.24155844155844158,0.11213235294117647,0.06822938467978246
80,3,within_state,S053,Raw,0.4159090909090909,0.34599567099567097,0.22388059701492546
80,3,within_state,S053,Trait_LDA,0.4159090909090909,0.34599567099567097,0.22388059701492546
80,3,within_state,S053,State_LDA,0.39217171717171717,0.32528243686138425,0.199637845178814
80,3,within_state,S053,Joint_LDA,0.23939393939393935,0.1734453781512605,0.03442028985507262
80,3,within_state,S054,Raw,0.2363636363636364,0.17565552683520014,0.04444444444444462
80,3,within_state,S054,Trait_LDA,0.2363636363636364,0.17565552683520014,0.04444444444444462
80,3,within_state,S054,State_LDA,0.2631818181818182,0.18306878306878308,0.06589785831960449
80,3,within_state,S054,Joint_LDA,0.16272727272727275,0.10557371096586783,-0.008526187576126665
80,3,within_state,S055,Raw,0.4002020202020202,0.29368686868686866,0.23544973544973546
80,3,within_state,S055,Trait_LDA,0.4002020202020202,0.29368686868686866,0.23544973544973546
80,3,within_state,S055,State_LDA,0.40727272727272723,0.2986111111111111,0.24427480916030542
80,3,within_state,S055,Joint_LDA,0.16666666666666669,0.041666666666666664,0.017587939698492594
80,3,within_state,S057,Raw,0.3457575757575757,0.25288073666516026,0.1790989660265878
80,3,within_state,S057,Trait_LDA,0.3457575757575757,0.25288073666516026,0.1790989660265878
80,3,within_state,S057,State_LDA,0.34505050505050505,0.2485131508319914,0.17329862402380058
80,3,within_state,S057,Joint_LDA,0.24242424242424238,0.12777284826974267,0.06964091403699668
80,3,within_state,S058,Raw,0.3428282828282828,0.217061077304485,0.17630057803468213
80,3,within_state,S058,Trait_LDA,0.3428282828282828,0.217061077304485,0.17630057803468213
80,3,within_state,S058,State_LDA,0.32646464646464646,0.23625140291806956,0.16950959488272932
80,3,within_state,S058,Joint_LDA,0.16777777777777778,0.09657145913564398,-0.0010752688172044333
80,3,within_state,S059,Raw,0.14188034188034188,0.12205910031996987,0.01015228426395931
80,3,within_state,S059,Trait_LDA,0.14188034188034188,0.12205910031996987,0.01015228426395931
80,3,within_state,S059,State_LDA,0.14871794871794872,0.1300583474496518,0.009314140558848383
80,3,within_state,S059,Joint_LDA,0.21538461538461537,0.07083333333333333,0.049167005282405585
80,3,within_state,S060,Raw,0.32222222222222224,0.2532920536635707,0.18377088305489242
80,3,within_state,S060,Trait_LDA,0.32222222222222224,0.2532920536635707,0.18377088305489242
80,3,within_state,S060,State_LDA,0.32222222222222224,0.2691086691086691,0.19560956487651904
80,3,within_state,S060,Joint_LDA,0.16994949494949493,0.11949746160272477,0.034214618973561484
80,3,within_state,S061,Raw,0.41656565656565653,0.31403318903318905,0.26037735849056587
80,3,within_state,S061,Trait_LDA,0.41656565656565653,0.31403318903318905,0.26037735849056587
80,3,within_state,S061,State_LDA,0.3721212121212122,0.2686202686202686,0.20000000000000018
80,3,within_state,S061,Joint_LDA,0.35797979797979795,0.23026392961876832,0.20030063885757232
80,3,within_state,S062,Raw,0.25575757575757574,0.1882728979503173,0.06743940990516328
80,3,within_state,S062,Trait_LDA,0.25575757575757574,0.1882728979503173,0.06743940990516328
80,3,within_state,S062,State_LDA,0.2872727272727273,0.2127680311890838,0.10321668434075637
80,3,within_state,S062,Joint_LDA,0.2309090909090909,0.11038961038961038,0.031097134870719856
80,3,within_state,S063,Raw,0.11333333333333333,0.07863247863247863,-0.024325351577346943
80,3,within_state,S063,Trait_LDA,0.11333333333333333,0.07863247863247863,-0.024325351577346943
80,3,within_state,S063,State_LDA,0.16,0.12121212121212122,0.0325047801147228
80,3,within_state,S063,Joint_LDA,0.21000000000000002,0.10846560846560845,0.04275444570563758
80,3,within_state,S064,Raw,0.34161616161616165,0.27669657234874623,0.19738863287250386
80,3,within_state,S064,Trait_LDA,0.34161616161616165,0.27669657234874623,0.19738863287250386
80,3,within_state,S064,State_LDA,0.32161616161616163,0.25918237623043117,0.17341040462427737
80,3,within_state,S064,Joint_LDA,0.18383838383838386,0.10336538461538462,0.046362608367885194
80,3,within_state,S065,Raw,0.21636363636363637,0.14633819339701692,0.023111417730251715
80,3,within_state,S065,Trait_LDA,0.21636363636363637,0.14633819339701692,0.023111417730251715
80,3,within_state,S065,State_LDA,0.2015151515151515,0.10649529538063213,-0.007513661202185773
80,3,within_state,S065,Joint_LDA,0.20833333333333331,0.12681159420289856,0.06284530386740328
80,3,within_state,S066,Raw,0.26,0.18199956905839257,0.1155378486055777
80,3,within_state,S066,Trait_LDA,0.26,0.18199956905839257,0.1155378486055777
80,3,within_state,S066,State_LDA,0.3022222222222222,0.21605038236617183,0.1515151515151517
80,3,within_state,S066,Joint_LDA,0.19555555555555557,0.0963327859879584,0.06066536203522521
80,3,within_state,S067,Raw,0.14545454545454545,0.09707602339181286,-0.0625
80,3,within_state,S067,Trait_LDA,0.14545454545454545,0.09707602339181286,-0.0625
80,3,within_state,S067,State_LDA,0.12727272727272726,0.0873015873015873,-0.08333333333333326
80,3,within_state,S067,Joint_LDA,0.18181818181818182,0.10522800468452642,-0.016883573689764564
80,3,within_state,S068,Raw,0.20909090909090908,0.12797619047619047,0.027027027027026973
80,3,within_state,S068,Trait_LDA,0.20909090909090908,0.12797619047619047,0.027027027027026973
80,3,within_state,S068,State_LDA,0.18409090909090908,0.12068797742422031,-0.006628003314001818
80,3,within_state,S068,Joint_LDA,0.26565656565656565,0.16254617789144643,0.09061748195669617
80,3,within_state,S070,Raw,0.34285714285714286,0.20138248847926268,0.15484633569739958
80,3,within_state,S070,Trait_LDA,0.34285714285714286,0.20138248847926268,0.15484633569739958
80,3,within_state,S070,State_LDA,0.36103896103896105,0.22757296466973886,0.1800706159278147
80,3,within_state,S070,Joint_LDA,0.4415584415584415,0.35634540897698785,0.2681451612903226
80,3,within_state,S072,Raw,0.21111111111111108,0.18347763347763346,0.07470564352415732
80,3,within_state,S072,Trait_LDA,0.21111111111111108,0.18347763347763346,0.07470564352415732
80,3,within_state,S072,State_LDA,0.2333333333333333,0.19487577639751552,0.09878542510121469
80,3,within_state,S072,Joint_LDA,0.19333333333333333,0.14833333333333334,0.06607929515418509
80,3,within_state,S073,Raw,0.22828282828282828,0.1626642771804062,0.0777439024390244
80,3,within_state,S073,Trait_LDA,0.22828282828282828,0.1626642771804062,0.0777439024390244
80,3,within_state,S073,State_LDA,0.2363636363636364,0.15404040404040406,0.08194233687405161
80,3,within_state,S073,Joint_LDA,0.2505050505050505,0.15505050505050505,0.10518350359440032
80,3,within_state,S075,Raw,0.2927272727272728,0.21902534113060432,0.13096139288417874
80,3,within_state,S075,Trait_LDA,0.2927272727272728,0.21902534113060432,0.13096139288417874
80,3,within_state,S075,State_LDA,0.23454545454545456,0.16765873015873015,0.05557684936757368
80,3,within_state,S075,Joint_LDA,0.18363636363636365,0.09365079365079365,0.03700934579439241
80,3,within_state,S076,Raw,0.18666666666666668,0.15644257703081232,0.05003909304143872
80,3,within_state,S076,Trait_LDA,0.18666666666666668,0.15644257703081232,0.05003909304143872
80,3,within_state,S076,State_LDA,0.2066666666666667,0.1611456176673568,0.06382978723404253
80,3,within_state,S076,Joint_LDA,0.21555555555555558,0.13366013071895425,0.07620528771384139
80,3,within_state,S078,Raw,0.1522222222222222,0.11105743424584004,-0.037644787644787625
80,3,within_state,S078,Trait_LDA,0.1522222222222222,0.11105743424584004,-0.037644787644787625
80,3,within_state,S078,State_LDA,0.17722222222222223,0.12499999999999999,-0.013024602026049381
80,3,within_state,S078,Joint_LDA,0.215,0.11617405582922824,0.037536092396535214
80,3,within_state,S079,Raw,0.2688888888888889,0.194510582010582,0.0947907771135782
80,3,within_state,S079,Trait_LDA,0.2688888888888889,0.194510582010582,0.0947907771135782
80,3,within_state,S079,State_LDA,0.2066666666666667,0.15138888888888888,0.02731540759709794
80,3,within_state,S079,Joint_LDA,0.20444444444444443,0.1027077497665733,0.024400684931506822
80,3,within_state,S080,Raw,0.1993939393939394,0.1469293924466338,0.022099447513812098
80,3,within_state,S080,Trait_LDA,0.1993939393939394,0.1469293924466338,0.022099447513812098
80,3,within_state,S080,State_LDA,0.2572727272727272,0.18494708994708997,0.09168662333219291
80,3,within_state,S080,Joint_LDA,0.2533333333333333,0.14160401002506265,0.09847198641765709
80,3,within_state,S082,Raw,0.33999999999999997,0.22762564796033355,0.16566866267465086
80,3,within_state,S082,Trait_LDA,0.33999999999999997,0.22762564796033355,0.16566866267465086
80,3,within_state,S082,State_LDA,0.36,0.23358585858585856,0.18108651911468798
80,3,within_state,S082,Joint_LDA,0.24000000000000005,0.14540382437754154,0.05964214711729632
80,3,within_state,S083,Raw,0.2319191919191919,0.17476266360977108,0.042079207920792006
80,3,within_state,S083,Trait_LDA,0.2319191919191919,0.17476266360977108,0.042079207920792006
80,3,within_state,S083,State_LDA,0.2137373737373737,0.15462205530117246,0.021013597033374465
80,3,within_state,S083,Joint_LDA,0.1511111111111111,0.08333333333333333,0.003924646781789609
80,3,within_state,S084,Raw,0.2583333333333333,0.1934355118565645,0.0987415295256533
80,3,within_state,S084,Trait_LDA,0.2583333333333333,0.1934355118565645,0.0987415295256533
80,3,within_state,S084,State_LDA,0.30277777777777776,0.21958041958041954,0.13909224011713028
80,3,within_state,S084,Joint_LDA,0.18055555555555552,0.11997863247863248,0.03134040501446489
80,3,within_state,S086,Raw,0.3401320901320901,0.22976190476190475,0.16800000000000004
80,3,within_state,S086,Trait_LDA,0.3401320901320901,0.22976190476190475,0.16800000000000004
80,3,within_state,S086,State_LDA,0.35273892773892773,0.23344827586206895,0.1837360951285002
80,3,within_state,S086,Joint_LDA,0.254040404040404,0.1469638242894057,0.10582992944671354
80,3,within_state,S087,Raw,0.16246031746031744,0.10297619047619049,-0.02951475737868936
80,3,within_state,S087,Trait_LDA,0.16246031746031744,0.10297619047619049,-0.02951475737868936
80,3,within_state,S087,State_LDA,0.20468253968253966,0.14175184134861554,0.025360517155644025
80,3,within_state,S087,Joint_LDA,0.13968253968253969,0.06874999999999999,-0.0019020446980502204
80,3,within_state,S089,Raw,0.4139860139860139,0.4031849040923451,0.20661157024793397
80,3,within_state,S089,Trait_LDA,0.4139860139860139,0.4031849040923451,0.20661157024793397
80,3,within_state,S089,State_LDA,0.43578088578088575,0.4062885154061625,0.23491773308957953
80,3,within_state,S089,Joint_LDA,0.32960372960372963,0.2282799298581221,0.08961845607808339
80,3,within_state,S091,Raw,0.3841414141414142,0.26313431428032447,0.20654627539503378
80,3,within_state,S091,Trait_LDA,0.3841414141414142,0.26313431428032447,0.20654627539503378
80,3,within_state,S091,State_LDA,0.3915151515151515,0.27546296296296297,0.23253275109170302
80,3,within_state,S091,Joint_LDA,0.13333333333333333,0.046511627906976744,-0.015368494586098569
80,3,within_state,S093,Raw,0.2011111111111111,0.14444444444444446,0.034120734908136496
80,3,within_state,S093,Trait_LDA,0.2011111111111111,0.14444444444444446,0.034120734908136496
80,3,within_state,S093,State_LDA,0.2011111111111111,0.14091415830546264,0.028291210863825023
80,3,within_state,S093,Joint_LDA,0.17555555555555555,0.07386363636363637,0.015745148297326872
80,3,within_state,S095,Raw,0.1665151515151515,0.12462042788129744,-0.010906355772847043
80,3,within_state,S095,Trait_LDA,0.1665151515151515,0.12462042788129744,-0.010906355772847043
80,3,within_state,S095,State_LDA,0.11651515151515153,0.09206183344114378,-0.0646387832699622
80,3,within_state,S095,Joint_LDA,0.21136363636363636,0.08518518518518518,0.03976650857351327
80,3,within_state,S096,Raw,0.29000000000000004,0.19613541554284888,0.11571976298361786
80,3,within_state,S096,Trait_LDA,0.29000000000000004,0.19613541554284888,0.11571976298361786
80,3,within_state,S096,State_LDA,0.3466666666666667,0.2457331940090561,0.16872138076787613
80,3,within_state,S096,Joint_LDA,0.2166666666666667,0.14277414669571534,0.0666442275328174
80,3,within_state,S097,Raw,0.22176767676767678,0.1638095238095238,0.025000000000000022
80,3,within_state,S097,Trait_LDA,0.22176767676767678,0.1638095238095238,0.025000000000000022
80,3,within_state,S097,State_LDA,0.24176767676767677,0.16013071895424835,0.05160142348754437
80,3,within_state,S097,Joint_LDA,0.17803030303030304,0.11464148877941982,0.01421800947867291
80,3,within_state,S098,Raw,0.28136363636363637,0.21592851592851595,0.1421763304209691
80,3,within_state,S098,Trait_LDA,0.28136363636363637,0.21592851592851595,0.1421763304209691
80,3,within_state,S098,State_LDA,0.2231818181818182,0.1617283950617284,0.07342378292098961
80,3,within_state,S098,Joint_LDA,0.16499999999999998,0.08912037037037036,0.021588280647648284
80,3,within_state,S099,Raw,0.22691197691197687,0.14657097288676238,0.03301886792452824
80,3,within_state,S099,Trait_LDA,0.22691197691197687,0.14657097288676238,0.03301886792452824
80,3,within_state,S099,State_LDA,0.20468975468975467,0.1318536239588871,0.013157894736842035
80,3,within_state,S099,Joint_LDA,0.2,0.05982905982905983,0.04060687193217316
80,3,within_state,S101,Raw,0.4478787878787879,0.32080411407199627,0.2921665490472829
80,3,within_state,S101,Trait_LDA,0.4478787878787879,0.32080411407199627,0.2921665490472829
80,3,within_state,S101,State_LDA,0.48939393939393944,0.3623737373737374,0.33591276820260296
80,3,within_state,S101,Joint_LDA,0.26181818181818184,0.1421788088454755,0.08226754234358802
80,3,within_state,S102,Raw,0.286060606060606,0.22992868645042555,0.1426607081471296
80,3,within_state,S102,Trait_LDA,0.286060606060606,0.22992868645042555,0.1426607081471296
80,3,within_state,S102,State_LDA,0.2678787878787879,0.2129183135704875,0.12452830188679231
80,3,within_state,S102,Joint_LDA,0.19636363636363635,0.1334175084175084,0.04950495049504955
80,3,within_state,S103,Raw,0.1716783216783217,0.11759406465288817,-0.01673640167364021
80,3,within_state,S103,Trait_LDA,0.1716783216783217,0.11759406465288817,-0.01673640167364021
80,3,within_state,S103,State_LDA,0.1966783216783217,0.1299719887955182,0.012058212058211892
80,3,within_state,S103,Joint_LDA,0.18246753246753247,0.0893806485911749,-0.013983220135837193
80,3,within_state,S104,Raw,0.32272727272727275,0.24915824915824913,0.16317991631799178
80,3,within_state,S104,Trait_LDA,0.32272727272727275,0.24915824915824913,0.16317991631799178
80,3,within_state,S104,State_LDA,0.29772727272727273,0.22520189362294626,0.13227016885553478
80,3,within_state,S104,Joint_LDA,0.275,0.1775048480930834,0.0714285714285714
80,3,within_state,S105,Raw,0.2533333333333333,0.1634920634920635,0.07308377896613205
80,3,within_state,S105,Trait_LDA,0.2533333333333333,0.1634920634920635,0.07308377896613205
80,3,within_state,S105,State_LDA,0.27555555555555555,0.1591245791245791,0.09058295964125562
80,3,within_state,S105,Joint_LDA,0.2733333333333333,0.21677655677655677,0.07985480943738643
80,3,within_state,S108,Raw,0.23666666666666666,0.16325757575757574,0.07766990291262144
80,3,within_state,S108,Trait_LDA,0.23666666666666666,0.16325757575757574,0.07766990291262144
80,3,within_state,S108,State_LDA,0.22777777777777777,0.1360153256704981,0.07367280606717219
80,3,within_state,S108,Joint_LDA,0.18,0.12114624505928853,-0.02051473330846698
80,3,within_state,S109,Raw,0.26454545454545453,0.20252599090318388,0.12251655629139069
80,3,within_state,S109,Trait_LDA,0.26454545454545453,0.20252599090318388,0.12251655629139069
80,3,within_state,S109,State_LDA,0.21636363636363637,0.15061728395061727,0.06470588235294095
80,3,within_state,S109,Joint_LDA,0.15,0.08632478632478634,-0.002055076037813519
80,4,within_state,S001,Raw,0.2855555555555556,0.20969089390142023,0.10855565777368914
80,4,within_state,S001,Trait_LDA,0.2855555555555556,0.20969089390142023,0.10855565777368914
80,4,within_state,S001,State_LDA,0.2855555555555556,0.21403050108932462,0.10773480662983448
80,4,within_state,S001,Joint_LDA,0.25277777777777777,0.1555207244862417,0.05642923219241436
80,4,within_state,S002,Raw,0.4590909090909091,0.3287789987789988,0.2834302325581395
80,4,within_state,S002,Trait_LDA,0.4590909090909091,0.3287789987789988,0.2834302325581395
80,4,within_state,S002,State_LDA,0.4027272727272727,0.2924691358024691,0.22302679217958
80,4,within_state,S002,Joint_LDA,0.32636363636363636,0.22193586464686207,0.15359357898577142
80,4,within_state,S003,Raw,0.28828282828282825,0.21287477954144618,0.14029736942432336
80,4,within_state,S003,Trait_LDA,0.28828282828282825,0.21287477954144618,0.14029736942432336
80,4,within_state,S003,State_LDA,0.26747474747474753,0.21191626409017714,0.12665406427221182
80,4,within_state,S003,Joint_LDA,0.2311111111111111,0.12452107279693486,0.08541194255479967
80,4,within_state,S004,Raw,0.3007575757575757,0.21347813979392924,0.13444553483807653
80,4,within_state,S004,Trait_LDA,0.3007575757575757,0.21347813979392924,0.13444553483807653
80,4,within_state,S004,State_LDA,0.31590909090909086,0.21031746031746032,0.13571778539931412
80,4,within_state,S004,Joint_LDA,0.24722222222222223,0.12953712953712954,0.06264945002391209
80,4,within_state,S005,Raw,0.2381818181818182,0.15215686274509804,0.06630476929042273
80,4,within_state,S005,Trait_LDA,0.2381818181818182,0.15215686274509804,0.06630476929042273
80,4,within_state,S005,State_LDA,0.22000000000000003,0.1305141411403271,0.04570100697134016
80,4,within_state,S005,Joint_LDA,0.2505050505050505,0.1246376811594203,0.08909426987060998
80,4,within_state,S007,Raw,0.4381818181818182,0.3363361426441922,0.314086956521739
80,4,within_state,S007,Trait_LDA,0.4381818181818182,0.3363361426441922,0.314086956521739
80,4,within_state,S007,State_LDA,0.443030303030303,0.3457777690102317,0.31646447140381284
80,4,within_state,S007,Joint_LDA,0.30333333333333334,0.180339985218034,0.17602217602217596
80,4,within_state,S008,Raw,0.3005050505050505,0.19871356891213834,0.12797739200645952
80,4,within_state,S008,Trait_LDA,0.3005050505050505,0.19871356891213834,0.12797739200645952
80,4,within_state,S008,State_LDA,0.29242424242424236,0.2114960860877376,0.1258599757183324
80,4,within_state,S008,Joint_LDA,0.2833333333333333,0.12380952380952381,0.0949720670391061
80,4,within_state,S009,Raw,0.3088888888888889,0.20675381263616557,0.17801784875528415
80,4,within_state,S009,Trait_LDA,0.3088888888888889,0.20675381263616557,0.17801784875528415
80,4,within_state,S009,State_LDA,0.22666666666666666,0.14309764309764308,0.048316251830161194
80,4,within_state,S009,Joint_LDA,0.10888888888888888,0.05992063492063491,-0.05359596885020612
80,4,within_state,S010,Raw,0.15936507936507938,0.09401629072681704,-0.03130287648054142
80,4,within_state,S010,Trait_LDA,0.15936507936507938,0.09401629072681704,-0.03130287648054142
80,4,within_state,S010,State_LDA,0.1707936507936508,0.0892156862745098,-0.028460543337645472
80,4,within_state,S010,Joint_LDA,0.23428571428571426,0.10820624546114743,0.05709557302441037
80,4,within_state,S014,Raw,0.17636363636363636,0.14768526667840168,0.043090638930163405
80,4,within_state,S014,Trait_LDA,0.17636363636363636,0.14768526667840168,0.043090638930163405
80,4,within_state,S014,State_LDA,0.23621212121212123,0.20443234893362772,0.10748702742772431
80,4,within_state,S014,Joint_LDA,0.215,0.10982905982905983,0.06327272727272737
80,4,within_state,S016,Raw,0.21833333333333332,0.1412037037037037,0.05413598960589017
80,4,within_state,S016,Trait_LDA,0.21833333333333332,0.1412037037037037,0.05413598960589017
80,4,within_state,S016,State_LDA,0.2583333333333333,0.17010511838098044,0.10189982728842817
80,4,within_state,S016,Joint_LDA,0.225,0.1364522417153996,0.06825938566552892
80,4,within_state,S017,Raw,0.31967754467754467,0.2111111111111111,0.16209476309226944
80,4,within_state,S017,Trait_LDA,0.31967754467754467,0.2111111111111111,0.16209476309226944
80,4,within_state,S017,State_LDA,0.31563714063714066,0.23423721340388004,0.15698924731182795
80,4,within_state,S017,Joint_LDA,0.19166666666666665,0.10644257703081232,0.0561797752808989
80,4,within_state,S018,Raw,0.26862914862914866,0.17773226375376913,0.07972270363951495
80,4,within_state,S018,Trait_LDA,0.26862914862914866,0.17773226375376913,0.07972270363951495
80,4,within_state,S018,State_LDA,0.2482251082251082,0.1777940697295536,0.08803763440860213
80,4,within_state,S018,Joint_LDA,0.12484848484848485,0.08101135190918472,-0.020561357702350014
80,4,within_state,S021,Raw,0.3919191919191919,0.2575661886006713,0.18930957683741667
80,4,within_state,S021,Trait_LDA,0.3919191919191919,0.2575661886006713,0.18930957683741667
80,4,within_state,S021,State_LDA,0.43232323232323233,0.2984472049689441,0.2453825857519788
80,4,within_state,S021,Joint_LDA,0.39722222222222225,0.2496296296296296,0.19611307420494695
80,4,within_state,S022,Raw,0.4727272727272728,0.3946265172735761,0.3527260638297871
80,4,within_state,S022,Trait_LDA,0.4727272727272728,0.3946265172735761,0.3527260638297871
80,4,within_state,S022,State_LDA,0.43636363636363634,0.34406162464985995,0.303306342780027
80,4,within_state,S022,Joint_LDA,0.23636363636363633,0.1699756182514803,0.10102683007618407
80,4,within_state,S025,Raw,0.15757575757575756,0.11508771929824561,0.0117647058823529
80,4,within_state,S025,Trait_LDA,0.15757575757575756,0.11508771929824561,0.0117647058823529
80,4,within_state,S025,State_LDA,0.1575757575757576,0.11294117647058825,0.01969365426695846
80,4,within_state,S025,Joint_LDA,0.16565656565656567,0.09080459770114942,0.021477975973789643
80,4,within_state,S026,Raw,0.28888888888888886,0.21954244585823535,0.15025906735751293
80,4,within_state,S026,Trait_LDA,0.28888888888888886,0.21954244585823535,0.15025906735751293
80,4,within_state,S026,State_LDA,0.27444444444444444,0.22208729226717908,0.13814584096738736
80,4,within_state,S026,Joint_LDA,0.22666666666666666,0.15025062656641605,0.08396946564885499
80,4,within_state,S027,Raw,0.2482828282828283,0.20592592592592593,0.07308377896613194
80,4,within_state,S027,Trait_LDA,0.2482828282828283,0.20592592592592593,0.07308377896613194
80,4,within_state,S027,State_LDA,0.3112842712842713,0.20763673890608872,0.13257243195785762
80,4,within_state,S027,Joint_LDA,0.2,0.05555555555555555,0.04137648504711189
80,4,within_state,S028,Raw,0.10454545454545454,0.08132650466746576,-0.08225108225108224
80,4,within_state,S028,Trait_LDA,0.10454545454545454,0.08132650466746576,-0.08225108225108224
80,4,within_state,S028,State_LDA,0.16590909090909092,0.1324915824915825,-0.009371339320577876
80,4,within_state,S028,Joint_LDA,0.175,0.05303030303030303,0.017491626349088185
80,4,within_state,S029,Raw,0.2782051282051282,0.21133159475264737,0.1076345431789737
80,4,within_state,S029,Trait_LDA,0.2782051282051282,0.21133159475264737,0.1076345431789737
80,4,within_state,S029,State_LDA,0.2382051282051282,0.19497354497354494,0.0840258541089568
80,4,within_state,S029,Joint_LDA,0.16153846153846155,0.10504549214226633,0.04836374167390678
80,4,within_state,S030,Raw,0.39454545454545453,0.283922973578146,0.22443079147090716
80,4,within_state,S030,Trait_LDA,0.39454545454545453,0.283922973578146,0.22443079147090716
80,4,within_state,S030,State_LDA,0.31999999999999995,0.23007662835249043,0.1473646468268195
80,4,within_state,S030,Joint_LDA,0.1781818181818182,0.07123034227567067,0.006988120195667191
80,4,within_state,S032,Raw,0.25826839826839826,0.19533799533799534,0.10576096302665516
80,4,within_state,S032,Trait_LDA,0.25826839826839826,0.19533799533799534,0.10576096302665516
80,4,within_state,S032,State_LDA,0.25826839826839826,0.19913419913419914,0.10652920962199319
80,4,within_state,S032,Joint_LDA,0.22507936507936507,0.15203089244851256,0.07869798104655945
80,4,within_state,S033,Raw,0.4143589743589744,0.31256317488201546,0.27164622816796724
80,4,within_state,S033,Trait_LDA,0.4143589743589744,0.31256317488201546,0.27164622816796724
80,4,within_state,S033,State_LDA,0.4114529914529915,0.29806763285024157,0.2787878787878787
80,4,within_state,S033,Joint_LDA,0.24222222222222226,0.13636363636363638,0.06075288855758476
80,4,within_state,S034,Raw,0.3887445887445887,0.2821523304281925,0.22416107382550332
80,4,within_state,S034,Trait_LDA,0.3887445887445887,0.2821523304281925,0.22416107382550332
80,4,within_state,S034,State_LDA,0.3220779220779221,0.24175824175824176,0.16467463479415678
80,4,within_state,S034,Joint_LDA,0.2698412698412699,0.13770180436847104,0.11535125758889853
80,4,within_state,S037,Raw,0.15833333333333333,0.12674362674362674,0.01373521556657753
80,4,within_state,S037,Trait_LDA,0.15833333333333333,0.12674362674362674,0.01373521556657753
80,4,within_state,S037,State_LDA,0.15,0.1095068330362448,0.012982054219167649
80,4,within_state,S037,Joint_LDA,0.195,0.10742705570291777,0.05982905982905984
80,4,within_state,S039,Raw,0.24606060606060604,0.1660894660894661,0.0595382746051033
80,4,within_state,S039,Trait_LDA,0.24606060606060604,0.1660894660894661,0.0595382746051033
80,4,within_state,S039,State_LDA,0.19454545454545452,0.13870370370370372,0.006134969325153228
80,4,within_state,S039,Joint_LDA,0.21818181818181817,0.05933484504913076,0.016660209221232125
80,4,within_state,S040,Raw,0.37272727272727274,0.2750793650793651,0.21544869367663766
80,4,within_state,S040,Trait_LDA,0.37272727272727274,0.2750793650793651,0.21544869367663766
80,4,within_state,S040,State_LDA,0.33535353535353535,0.24426646325959825,0.16704805491990848
80,4,within_state,S040,Joint_LDA,0.2,0.1043360433604336,0.041165755919854385
80,4,within_state,S041,Raw,0.2127272727272727,0.16710696710696712,0.06189624329159216
80,4,within_state,S041,Trait_LDA,0.2127272727272727,0.16710696710696712,0.06189624329159216
80,4,within_state,S041,State_LDA,0.24464646464646464,0.19170147591200223,0.10332499106185189
80,4,within_state,S041,Joint_LDA,0.18222222222222223,0.08170731707317073,0.03661971830985922
80,4,within_state,S042,Raw,0.3665151515151515,0.28086419753086417,0.2265910012160519
80,4,within_state,S042,Trait_LDA,0.3665151515151515,0.28086419753086417,0.2265910012160519
80,4,within_state,S042,State_LDA,0.277070707070707,0.2120718462823726,0.12900575184880858
80,4,within_state,S042,Joint_LDA,0.2583333333333333,0.13315696649029982,0.1045856798069188
80,4,within_state,S044,Raw,0.35363247863247865,0.28793652444768064,0.18540804813839795
80,4,within_state,S044,Trait_LDA,0.35363247863247865,0.28793652444768064,0.18540804813839795
80,4,within_state,S044,State_LDA,0.3215811965811966,0.21824032176973351,0.14798206278026904
80,4,within_state,S044,Joint_LDA,0.1,0.03809523809523809,-0.08982683982683981
80,4,within_state,S045,Raw,0.2822222222222222,0.22685185185185186,0.15254237288135597
80,4,within_state,S045,Trait_LDA,0.2822222222222222,0.22685185185185186,0.15254237288135597
80,4,within_state,S045,State_LDA,0.3155555555555555,0.23931623931623935,0.162401116798511
80,4,within_state,S045,Joint_LDA,0.25999999999999995,0.1767857142857143,0.11268855368234243
80,4,within_state,S046,Raw,0.17398989898989897,0.14259259259259258,0.03221535745807602
80,4,within_state,S046,Trait_LDA,0.17398989898989897,0.14259259259259258,0.03221535745807602
80,4,within_state,S046,State_LDA,0.12398989898989898,0.09928989139515454,-0.009234828496042402
80,4,within_state,S046,Joint_LDA,0.04722222222222222,0.03671497584541063,-0.07622739018087832
80,4,within_state,S048,Raw,0.29267676767676765,0.18761022927689594,0.12266450040617394
80,4,within_state,S048,Trait_LDA,0.29267676767676765,0.18761022927689594,0.12266450040617394
80,4,within_state,S048,State_LDA,0.2063131313131313,0.13024002704530088,0.05639396346306602
80,4,within_state,S048,Joint_LDA,0.20303030303030303,0.12365423623030114,0.03914590747330948
80,4,within_state,S049,Raw,0.23666666666666666,0.20331232492997198,0.08639228772710417
80,4,within_state,S049,Trait_LDA,0.23666666666666666,0.20331232492997198,0.08639228772710417
80,4,within_state,S049,State_LDA,0.2677777777777778,0.22084883926989188,0.09850517439632045
80,4,within_state,S049,Joint_LDA,0.24,0.108843537414966,0.0755685986793837
80,4,within_state,S051,Raw,0.2721212121212121,0.2133772507685551,0.12597547380156093
80,4,within_state,S051,Trait_LDA,0.2721212121212121,0.2133772507685551,0.12597547380156093
80,4,within_state,S051,State_LDA,0.28808080808080805,0.22474747474747478,0.14583333333333348
80,4,within_state,S051,Joint_LDA,0.2202020202020202,0.1313131313131313,0.08163265306122447
80,4,within_state,S052,Raw,0.18441558441558442,0.14717741935483872,0.005543710021321813
80,4,within_state,S052,Trait_LDA,0.18441558441558442,0.14717741935483872,0.005543710021321813
80,4,within_state,S052,State_LDA,0.2207792207792208,0.17231379731379728,0.05074626865671639
80,4,within_state,S052,Joint_LDA,0.24155844155844158,0.11213235294117647,0.06822938467978246
80,4,within_state,S053,Raw,0.4159090909090909,0.34599567099567097,0.22388059701492546
80,4,within_state,S053,Trait_LDA,0.4159090909090909,0.34599567099567097,0.22388059701492546
80,4,within_state,S053,State_LDA,0.39217171717171717,0.32528243686138425,0.199637845178814
80,4,within_state,S053,Joint_LDA,0.23939393939393935,0.1734453781512605,0.03442028985507262
80,4,within_state,S054,Raw,0.2363636363636364,0.17565552683520014,0.04444444444444462
80,4,within_state,S054,Trait_LDA,0.2363636363636364,0.17565552683520014,0.04444444444444462
80,4,within_state,S054,State_LDA,0.2631818181818182,0.18306878306878308,0.06589785831960449
80,4,within_state,S054,Joint_LDA,0.16272727272727275,0.10557371096586783,-0.008526187576126665
80,4,within_state,S055,Raw,0.4002020202020202,0.29368686868686866,0.23544973544973546
80,4,within_state,S055,Trait_LDA,0.4002020202020202,0.29368686868686866,0.23544973544973546
80,4,within_state,S055,State_LDA,0.40727272727272723,0.2986111111111111,0.24427480916030542
80,4,within_state,S055,Joint_LDA,0.16666666666666669,0.041666666666666664,0.017587939698492594
80,4,within_state,S056,Raw,0.3255011655011655,0.25925561029009303,0.1920529801324503
80,4,within_state,S056,Trait_LDA,0.3255011655011655,0.25925561029009303,0.1920529801324503
80,4,within_state,S056,State_LDA,0.3482983682983683,0.2690562613430127,0.2065355329949239
80,4,within_state,S056,Joint_LDA,0.2418181818181818,0.13202614379084968,0.09377901578458692
80,4,within_state,S057,Raw,0.3457575757575757,0.25288073666516026,0.1790989660265878
80,4,within_state,S057,Trait_LDA,0.3457575757575757,0.25288073666516026,0.1790989660265878
80,4,within_state,S057,State_LDA,0.34505050505050505,0.2485131508319914,0.17329862402380058
80,4,within_state,S057,Joint_LDA,0.24242424242424238,0.12777284826974267,0.06964091403699668
80,4,within_state,S058,Raw,0.3428282828282828,0.217061077304485,0.17630057803468213
80,4,within_state,S058,Trait_LDA,0.3428282828282828,0.217061077304485,0.17630057803468213
80,4,within_state,S058,State_LDA,0.32646464646464646,0.23625140291806956,0.16950959488272932
80,4,within_state,S058,Joint_LDA,0.16777777777777778,0.09657145913564398,-0.0010752688172044333
80,4,within_state,S059,Raw,0.14188034188034188,0.12205910031996987,0.01015228426395931
80,4,within_state,S059,Trait_LDA,0.14188034188034188,0.12205910031996987,0.01015228426395931
80,4,within_state,S059,State_LDA,0.14871794871794872,0.1300583474496518,0.009314140558848383
80,4,within_state,S059,Joint_LDA,0.21538461538461537,0.07083333333333333,0.049167005282405585
80,4,within_state,S060,Raw,0.32222222222222224,0.2532920536635707,0.18377088305489242
80,4,within_state,S060,Trait_LDA,0.32222222222222224,0.2532920536635707,0.18377088305489242
80,4,within_state,S060,State_LDA,0.32222222222222224,0.2691086691086691,0.19560956487651904
80,4,within_state,S060,Joint_LDA,0.16994949494949493,0.11949746160272477,0.034214618973561484
80,4,within_state,S061,Raw,0.41656565656565653,0.31403318903318905,0.26037735849056587
80,4,within_state,S061,Trait_LDA,0.41656565656565653,0.31403318903318905,0.26037735849056587
80,4,within_state,S061,State_LDA,0.3721212121212122,0.2686202686202686,0.20000000000000018
80,4,within_state,S061,Joint_LDA,0.35797979797979795,0.23026392961876832,0.20030063885757232
80,4,within_state,S063,Raw,0.11333333333333333,0.07863247863247863,-0.024325351577346943
80,4,within_state,S063,Trait_LDA,0.11333333333333333,0.07863247863247863,-0.024325351577346943
80,4,within_state,S063,State_LDA,0.16,0.12121212121212122,0.0325047801147228
80,4,within_state,S063,Joint_LDA,0.21000000000000002,0.10846560846560845,0.04275444570563758
80,4,within_state,S064,Raw,0.34161616161616165,0.27669657234874623,0.19738863287250386
80,4,within_state,S064,Trait_LDA,0.34161616161616165,0.27669657234874623,0.19738863287250386
80,4,within_state,S064,State_LDA,0.32161616161616163,0.25918237623043117,0.17341040462427737
80,4,within_state,S064,Joint_LDA,0.18383838383838386,0.10336538461538462,0.046362608367885194
80,4,within_state,S065,Raw,0.21636363636363637,0.14633819339701692,0.023111417730251715
80,4,within_state,S065,Trait_LDA,0.21636363636363637,0.14633819339701692,0.023111417730251715
80,4,within_state,S065,State_LDA,0.2015151515151515,0.10649529538063213,-0.007513661202185773
80,4,within_state,S065,Joint_LDA,0.20833333333333331,0.12681159420289856,0.06284530386740328
80,4,within_state,S066,Raw,0.26,0.18199956905839257,0.1155378486055777
80,4,within_state,S066,Trait_LDA,0.26,0.18199956905839257,0.1155378486055777
80,4,within_state,S066,State_LDA,0.3022222222222222,0.21605038236617183,0.1515151515151517
80,4,within_state,S066,Joint_LDA,0.19555555555555557,0.0963327859879584,0.06066536203522521
80,4,within_state,S067,Raw,0.14545454545454545,0.09707602339181286,-0.0625
80,4,within_state,S067,Trait_LDA,0.14545454545454545,0.09707602339181286,-0.0625
80,4,within_state,S067,State_LDA,0.12727272727272726,0.0873015873015873,-0.08333333333333326
80,4,within_state,S067,Joint_LDA,0.18181818181818182,0.10522800468452642,-0.016883573689764564
80,4,within_state,S068,Raw,0.20909090909090908,0.12797619047619047,0.027027027027026973
80,4,within_state,S068,Trait_LDA,0.20909090909090908,0.12797619047619047,0.027027027027026973
80,4,within_state,S068,State_LDA,0.18409090909090908,0.12068797742422031,-0.006628003314001818
80,4,within_state,S068,Joint_LDA,0.26565656565656565,0.16254617789144643,0.09061748195669617
80,4,within_state,S069,Raw,0.32727272727272727,0.23239991003148897,0.20035971223021576
80,4,within_state,S069,Trait_LDA,0.32727272727272727,0.23239991003148897,0.20035971223021576
80,4,within_state,S069,State_LDA,0.3090909090909091,0.2253393665158371,0.18947742623533592
80,4,within_state,S069,Joint_LDA,0.22626262626262625,0.13685636856368563,0.08523537803138381
80,4,within_state,S070,Raw,0.34285714285714286,0.20138248847926268,0.15484633569739958
80,4,within_state,S070,Trait_LDA,0.34285714285714286,0.20138248847926268,0.15484633569739958
80,4,within_state,S070,State_LDA,0.36103896103896105,0.22757296466973886,0.1800706159278147
80,4,within_state,S070,Joint_LDA,0.4415584415584415,0.35634540897698785,0.2681451612903226
80,4,within_state,S072,Raw,0.21111111111111108,0.18347763347763346,0.07470564352415732
80,4,within_state,S072,Trait_LDA,0.21111111111111108,0.18347763347763346,0.07470564352415732
80,4,within_state,S072,State_LDA,0.2333333333333333,0.19487577639751552,0.09878542510121469
80,4,within_state,S072,Joint_LDA,0.19333333333333333,0.14833333333333334,0.06607929515418509
80,4,within_state,S073,Raw,0.22828282828282828,0.1626642771804062,0.0777439024390244
80,4,within_state,S073,Trait_LDA,0.22828282828282828,0.1626642771804062,0.0777439024390244
80,4,within_state,S073,State_LDA,0.2363636363636364,0.15404040404040406,0.08194233687405161
80,4,within_state,S073,Joint_LDA,0.2505050505050505,0.15505050505050505,0.10518350359440032
80,4,within_state,S074,Raw,0.28857808857808853,0.22882352941176473,0.14131994261119063
80,4,within_state,S074,Trait_LDA,0.28857808857808853,0.22882352941176473,0.14131994261119063
80,4,within_state,S074,State_LDA,0.32214452214452216,0.257833651855391,0.1807402084081925
80,4,within_state,S074,Joint_LDA,0.2,0.07142857142857142,0.052959501557632405
80,4,within_state,S076,Raw,0.18666666666666668,0.15644257703081232,0.05003909304143872
80,4,within_state,S076,Trait_LDA,0.18666666666666668,0.15644257703081232,0.05003909304143872
80,4,within_state,S076,State_LDA,0.2066666666666667,0.1611456176673568,0.06382978723404253
80,4,within_state,S076,Joint_LDA,0.21555555555555558,0.13366013071895425,0.07620528771384139
80,4,within_state,S079,Raw,0.2688888888888889,0.194510582010582,0.0947907771135782
80,4,within_state,S079,Trait_LDA,0.2688888888888889,0.194510582010582,0.0947907771135782
80,4,within_state,S079,State_LDA,0.2066666666666667,0.15138888888888888,0.02731540759709794
80,4,within_state,S079,Joint_LDA,0.20444444444444443,0.1027077497665733,0.024400684931506822
80,4,within_state,S080,Raw,0.1993939393939394,0.1469293924466338,0.022099447513812098
80,4,within_state,S080,Trait_LDA,0.1993939393939394,0.1469293924466338,0.022099447513812098
80,4,within_state,S080,State_LDA,0.2572727272727272,0.18494708994708997,0.09168662333219291
80,4,within_state,S080,Joint_LDA,0.2533333333333333,0.14160401002506265,0.09847198641765709
80,4,within_state,S081,Raw,0.2665151515151515,0.2051441241685144,0.06666666666666665
80,4,within_state,S081,Trait_LDA,0.2665151515151515,0.2051441241685144,0.06666666666666665
80,4,within_state,S081,State_LDA,0.2696969696969697,0.23112475759534581,0.06888361045130631
80,4,within_state,S081,Joint_LDA,0.19166666666666665,0.07977207977207977,-0.012307692307692353
80,4,within_state,S083,Raw,0.2319191919191919,0.17476266360977108,0.042079207920792006
80,4,within_state,S083,Trait_LDA,0.2319191919191919,0.17476266360977108,0.042079207920792006
80,4,within_state,S083,State_LDA,0.2137373737373737,0.15462205530117246,0.021013597033374465
80,4,within_state,S083,Joint_LDA,0.1511111111111111,0.08333333333333333,0.003924646781789609
80,4,within_state,S084,Raw,0.2583333333333333,0.1934355118565645,0.0987415295256533
80,4,within_state,S084,Trait_LDA,0.2583333333333333,0.1934355118565645,0.0987415295256533
80,4,within_state,S084,State_LDA,0.30277777777777776,0.21958041958041954,0.13909224011713028
80,4,within_state,S084,Joint_LDA,0.18055555555555552,0.11997863247863248,0.03134040501446489
80,4,within_state,S085,Raw,0.26564102564102565,0.15793650793650793,0.04979442667884881
80,4,within_state,S085,Trait_LDA,0.26564102564102565,0.15793650793650793,0.04979442667884881
80,4,within_state,S085,State_LDA,0.261025641025641,0.1382716049382716,0.06558849955076362
80,4,within_state,S085,Joint_LDA,0.258974358974359,0.11435997400909681,0.05033407572383064
80,4,within_state,S086,Raw,0.3401320901320901,0.22976190476190475,0.16800000000000004
80,4,within_state,S086,Trait_LDA,0.3401320901320901,0.22976190476190475,0.16800000000000004
80,4,within_state,S086,State_LDA,0.35273892773892773,0.23344827586206895,0.1837360951285002
80,4,within_state,S086,Joint_LDA,0.254040404040404,0.1469638242894057,0.10582992944671354
80,4,within_state,S089,Raw,0.4139860139860139,0.4031849040923451,0.20661157024793397
80,4,within_state,S089,Trait_LDA,0.4139860139860139,0.4031849040923451,0.20661157024793397
80,4,within_state,S089,State_LDA,0.43578088578088575,0.4062885154061625,0.23491773308957953
80,4,within_state,S089,Joint_LDA,0.32960372960372963,0.2282799298581221,0.08961845607808339
80,4,within_state,S091,Raw,0.3841414141414142,0.26313431428032447,0.20654627539503378
80,4,within_state,S091,Trait_LDA,0.3841414141414142,0.26313431428032447,0.20654627539503378
80,4,within_state,S091,State_LDA,0.3915151515151515,0.27546296296296297,0.23253275109170302
80,4,within_state,S091,Joint_LDA,0.13333333333333333,0.046511627906976744,-0.015368494586098569
80,4,within_state,S093,Raw,0.2011111111111111,0.14444444444444446,0.034120734908136496
80,4,within_state,S093,Trait_LDA,0.2011111111111111,0.14444444444444446,0.034120734908136496
80,4,within_state,S093,State_LDA,0.2011111111111111,0.14091415830546264,0.028291210863825023
80,4,within_state,S093,Joint_LDA,0.17555555555555555,0.07386363636363637,0.015745148297326872
80,4,within_state,S094,Raw,0.21333333333333332,0.15668976920911906,0.05981848184818506
80,4,within_state,S094,Trait_LDA,0.21333333333333332,0.15668976920911906,0.05981848184818506
80,4,within_state,S094,State_LDA,0.23333333333333334,0.1730296384901648,0.07787903893951953
80,4,within_state,S094,Joint_LDA,0.16666666666666666,0.1128968253968254,0.023341523341523285
80,4,within_state,S095,Raw,0.1665151515151515,0.12462042788129744,-0.010906355772847043
80,4,within_state,S095,Trait_LDA,0.1665151515151515,0.12462042788129744,-0.010906355772847043
80,4,within_state,S095,State_LDA,0.11651515151515153,0.09206183344114378,-0.0646387832699622
80,4,within_state,S095,Joint_LDA,0.21136363636363636,0.08518518518518518,0.03976650857351327
80,4,within_state,S096,Raw,0.29000000000000004,0.19613541554284888,0.11571976298361786
80,4,within_state,S096,Trait_LDA,0.29000000000000004,0.19613541554284888,0.11571976298361786
80,4,within_state,S096,State_LDA,0.3466666666666667,0.2457331940090561,0.16872138076787613
80,4,within_state,S096,Joint_LDA,0.2166666666666667,0.14277414669571534,0.0666442275328174
80,4,within_state,S097,Raw,0.22176767676767678,0.1638095238095238,0.025000000000000022
80,4,within_state,S097,Trait_LDA,0.22176767676767678,0.1638095238095238,0.025000000000000022
80,4,within_state,S097,State_LDA,0.24176767676767677,0.16013071895424835,0.05160142348754437
80,4,within_state,S097,Joint_LDA,0.17803030303030304,0.11464148877941982,0.01421800947867291
80,4,within_state,S098,Raw,0.28136363636363637,0.21592851592851595,0.1421763304209691
80,4,within_state,S098,Trait_LDA,0.28136363636363637,0.21592851592851595,0.1421763304209691
80,4,within_state,S098,State_LDA,0.2231818181818182,0.1617283950617284,0.07342378292098961
80,4,within_state,S098,Joint_LDA,0.16499999999999998,0.08912037037037036,0.021588280647648284
80,4,within_state,S101,Raw,0.4478787878787879,0.32080411407199627,0.2921665490472829
80,4,within_state,S101,Trait_LDA,0.4478787878787879,0.32080411407199627,0.2921665490472829
80,4,within_state,S101,State_LDA,0.48939393939393944,0.3623737373737374,0.33591276820260296
80,4,within_state,S101,Joint_LDA,0.26181818181818184,0.1421788088454755,0.08226754234358802
80,4,within_state,S102,Raw,0.286060606060606,0.22992868645042555,0.1426607081471296
80,4,within_state,S102,Trait_LDA,0.286060606060606,0.22992868645042555,0.1426607081471296
80,4,within_state,S102,State_LDA,0.2678787878787879,0.2129183135704875,0.12452830188679231
80,4,within_state,S102,Joint_LDA,0.19636363636363635,0.1334175084175084,0.04950495049504955
80,4,within_state,S103,Raw,0.1716783216783217,0.11759406465288817,-0.01673640167364021
80,4,within_state,S103,Trait_LDA,0.1716783216783217,0.11759406465288817,-0.01673640167364021
80,4,within_state,S103,State_LDA,0.1966783216783217,0.1299719887955182,0.012058212058211892
80,4,within_state,S103,Joint_LDA,0.18246753246753247,0.0893806485911749,-0.013983220135837193
80,4,within_state,S105,Raw,0.2533333333333333,0.1634920634920635,0.07308377896613205
80,4,within_state,S105,Trait_LDA,0.2533333333333333,0.1634920634920635,0.07308377896613205
80,4,within_state,S105,State_LDA,0.27555555555555555,0.1591245791245791,0.09058295964125562
80,4,within_state,S105,Joint_LDA,0.2733333333333333,0.21677655677655677,0.07985480943738643
80,4,within_state,S106,Raw,0.2761072261072261,0.1809462915601023,0.09832134292565953
80,4,within_state,S106,Trait_LDA,0.2761072261072261,0.1809462915601023,0.09832134292565953
80,4,within_state,S106,State_LDA,0.212004662004662,0.1465873319449757,0.016867469879518038
80,4,within_state,S106,Joint_LDA,0.2,0.05970149253731343,0.005973715651135025
80,4,within_state,S107,Raw,0.18857142857142856,0.12333965844402277,0.0035650623885917776
80,4,within_state,S107,Trait_LDA,0.18857142857142856,0.12333965844402277,0.0035650623885917776
80,4,within_state,S107,State_LDA,0.2257142857142857,0.13885116015846066,0.02630405706642891
80,4,within_state,S107,Joint_LDA,0.1,0.0574712643678161,-0.059843885516045026
80,4,within_state,S108,Raw,0.23666666666666666,0.16325757575757574,0.07766990291262144
80,4,within_state,S108,Trait_LDA,0.23666666666666666,0.16325757575757574,0.07766990291262144
80,4,within_state,S108,State_LDA,0.22777777777777777,0.1360153256704981,0.07367280606717219
80,4,within_state,S108,Joint_LDA,0.18,0.12114624505928853,-0.02051473330846698
80,4,within_state,S109,Raw,0.26454545454545453,0.20252599090318388,0.12251655629139069
80,4,within_state,S109,Trait_LDA,0.26454545454545453,0.20252599090318388,0.12251655629139069
80,4,within_state,S109,State_LDA,0.21636363636363637,0.15061728395061727,0.06470588235294095
80,4,within_state,S109,Joint_LDA,0.15,0.08632478632478634,-0.002055076037813519
80,5,within_state,S001,Raw,0.2855555555555556,0.20969089390142023,0.10855565777368914
80,5,within_state,S001,Trait_LDA,0.2855555555555556,0.20969089390142023,0.10855565777368914
80,5,within_state,S001,State_LDA,0.2855555555555556,0.21403050108932462,0.10773480662983448
80,5,within_state,S001,Joint_LDA,0.25277777777777777,0.1555207244862417,0.05642923219241436
80,5,within_state,S002,Raw,0.4590909090909091,0.3287789987789988,0.2834302325581395
80,5,within_state,S002,Trait_LDA,0.4590909090909091,0.3287789987789988,0.2834302325581395
80,5,within_state,S002,State_LDA,0.4027272727272727,0.2924691358024691,0.22302679217958
80,5,within_state,S002,Joint_LDA,0.32636363636363636,0.22193586464686207,0.15359357898577142
80,5,within_state,S003,Raw,0.28828282828282825,0.21287477954144618,0.14029736942432336
80,5,within_state,S003,Trait_LDA,0.28828282828282825,0.21287477954144618,0.14029736942432336
80,5,within_state,S003,State_LDA,0.26747474747474753,0.21191626409017714,0.12665406427221182
80,5,within_state,S003,Joint_LDA,0.2311111111111111,0.12452107279693486,0.08541194255479967
80,5,within_state,S004,Raw,0.3007575757575757,0.21347813979392924,0.13444553483807653
80,5,within_state,S004,Trait_LDA,0.3007575757575757,0.21347813979392924,0.13444553483807653
80,5,within_state,S004,State_LDA,0.31590909090909086,0.21031746031746032,0.13571778539931412
80,5,within_state,S004,Joint_LDA,0.24722222222222223,0.12953712953712954,0.06264945002391209
80,5,within_state,S005,Raw,0.2381818181818182,0.15215686274509804,0.06630476929042273
80,5,within_state,S005,Trait_LDA,0.2381818181818182,0.15215686274509804,0.06630476929042273
80,5,within_state,S005,State_LDA,0.22000000000000003,0.1305141411403271,0.04570100697134016
80,5,within_state,S005,Joint_LDA,0.2505050505050505,0.1246376811594203,0.08909426987060998
80,5,within_state,S006,Raw,0.3088888888888889,0.2326468344774981,0.1508064516129034
80,5,within_state,S006,Trait_LDA,0.3088888888888889,0.2326468344774981,0.1508064516129034
80,5,within_state,S006,State_LDA,0.3511111111111111,0.25169657234874626,0.18780487804878065
80,5,within_state,S006,Joint_LDA,0.31333333333333335,0.18563594019983473,0.15217391304347838
80,5,within_state,S008,Raw,0.3005050505050505,0.19871356891213834,0.12797739200645952
80,5,within_state,S008,Trait_LDA,0.3005050505050505,0.19871356891213834,0.12797739200645952
80,5,within_state,S008,State_LDA,0.29242424242424236,0.2114960860877376,0.1258599757183324
80,5,within_state,S008,Joint_LDA,0.2833333333333333,0.12380952380952381,0.0949720670391061
80,5,within_state,S009,Raw,0.3088888888888889,0.20675381263616557,0.17801784875528415
80,5,within_state,S009,Trait_LDA,0.3088888888888889,0.20675381263616557,0.17801784875528415
80,5,within_state,S009,State_LDA,0.22666666666666666,0.14309764309764308,0.048316251830161194
80,5,within_state,S009,Joint_LDA,0.10888888888888888,0.05992063492063491,-0.05359596885020612
80,5,within_state,S011,Raw,0.21818181818181817,0.14664664664664664,0.03581363004172455
80,5,within_state,S011,Trait_LDA,0.21818181818181817,0.14664664664664664,0.03581363004172455
80,5,within_state,S011,State_LDA,0.2363636363636364,0.18312849860837477,0.056328233657857996
80,5,within_state,S011,Joint_LDA,0.12727272727272726,0.07995642701525055,-0.042828008157715924
80,5,within_state,S012,Raw,0.27575757575757576,0.1714119214119214,0.10024252223120445
80,5,within_state,S012,Trait_LDA,0.27575757575757576,0.1714119214119214,0.10024252223120445
80,5,within_state,S012,State_LDA,0.2606060606060606,0.16110432777099443,0.09327902240325858
80,5,within_state,S012,Joint_LDA,0.2,0.05405405405405406,0.024285154719937196
80,5,within_state,S013,Raw,0.2708313908313908,0.1966490299823633,0.08530465949820776
80,5,within_state,S013,Trait_LDA,0.2708313908313908,0.1966490299823633,0.08530465949820776
80,5,within_state,S013,State_LDA,0.228034188034188,0.15020743145743146,0.055240793201133065
80,5,within_state,S013,Joint_LDA,0.2208080808080808,0.14444444444444446,0.07687097866576365
80,5,within_state,S014,Raw,0.17636363636363636,0.14768526667840168,0.043090638930163405
80,5,within_state,S014,Trait_LDA,0.17636363636363636,0.14768526667840168,0.043090638930163405
80,5,within_state,S014,State_LDA,0.23621212121212123,0.20443234893362772,0.10748702742772431
80,5,within_state,S014,Joint_LDA,0.215,0.10982905982905983,0.06327272727272737
80,5,within_state,S015,Raw,0.33571428571428574,0.20211988304093564,0.13978494623655913
80,5,within_state,S015,Trait_LDA,0.33571428571428574,0.20211988304093564,0.13978494623655913
80,5,within_state,S015,State_LDA,0.2904761904761905,0.16787037037037036,0.09919571045576392
80,5,within_state,S015,Joint_LDA,0.13428571428571429,0.05555555555555556,-0.007762879322512406
80,5,within_state,S016,Raw,0.21833333333333332,0.1412037037037037,0.05413598960589017
80,5,within_state,S016,Trait_LDA,0.21833333333333332,0.1412037037037037,0.05413598960589017
80,5,within_state,S016,State_LDA,0.2583333333333333,0.17010511838098044,0.10189982728842817
80,5,within_state,S016,Joint_LDA,0.225,0.1364522417153996,0.06825938566552892
80,5,within_state,S017,Raw,0.31967754467754467,0.2111111111111111,0.16209476309226944
80,5,within_state,S017,Trait_LDA,0.31967754467754467,0.2111111111111111,0.16209476309226944
80,5,within_state,S017,State_LDA,0.31563714063714066,0.23423721340388004,0.15698924731182795
80,5,within_state,S017,Joint_LDA,0.19166666666666665,0.10644257703081232,0.0561797752808989
80,5,within_state,S018,Raw,0.26862914862914866,0.17773226375376913,0.07972270363951495
80,5,within_state,S018,Trait_LDA,0.26862914862914866,0.17773226375376913,0.07972270363951495
80,5,within_state,S018,State_LDA,0.2482251082251082,0.1777940697295536,0.08803763440860213
80,5,within_state,S018,Joint_LDA,0.12484848484848485,0.08101135190918472,-0.020561357702350014
80,5,within_state,S019,Raw,0.21151515151515152,0.15215924426450744,0.01833180568285986
80,5,within_state,S019,Trait_LDA,0.21151515151515152,0.15215924426450744,0.01833180568285986
80,5,within_state,S019,State_LDA,0.17818181818181816,0.1256132756132756,-0.008275862068965578
80,5,within_state,S019,Joint_LDA,0.22000000000000003,0.11538461538461538,0.07712193020249902
80,5,within_state,S020,Raw,0.2176262626262626,0.15802003410059676,0.05670529801324509
80,5,within_state,S020,Trait_LDA,0.2176262626262626,0.15802003410059676,0.05670529801324509
80,5,within_state,S020,State_LDA,0.26262626262626265,0.1915219421101774,0.1039175257731959
80,5,within_state,S020,Joint_LDA,0.2,0.06060606060606061,0.05017921146953408
80,5,within_state,S021,Raw,0.3919191919191919,0.2575661886006713,0.18930957683741667
80,5,within_state,S021,Trait_LDA,0.3919191919191919,0.2575661886006713,0.18930957683741667
80,5,within_state,S021,State_LDA,0.43232323232323233,0.2984472049689441,0.2453825857519788
80,5,within_state,S021,Joint_LDA,0.39722222222222225,0.2496296296296296,0.19611307420494695
80,5,within_state,S022,Raw,0.4727272727272728,0.3946265172735761,0.3527260638297871
80,5,within_state,S022,Trait_LDA,0.4727272727272728,0.3946265172735761,0.3527260638297871
80,5,within_state,S022,State_LDA,0.43636363636363634,0.34406162464985995,0.303306342780027
80,5,within_state,S022,Joint_LDA,0.23636363636363633,0.1699756182514803,0.10102683007618407
80,5,within_state,S023,Raw,0.2633838383838384,0.18892400264949283,0.07747603833865813
80,5,within_state,S023,Trait_LDA,0.2633838383838384,0.18892400264949283,0.07747603833865813
80,5,within_state,S023,State_LDA,0.35227272727272724,0.24340393905611293,0.16097952629466072
80,5,within_state,S023,Joint_LDA,0.15,0.044444444444444446,-0.024714828897338448
80,5,within_state,S025,Raw,0.15757575757575756,0.11508771929824561,0.0117647058823529
80,5,within_state,S025,Trait_LDA,0.15757575757575756,0.11508771929824561,0.0117647058823529
80,5,within_state,S025,State_LDA,0.1575757575757576,0.11294117647058825,0.01969365426695846
80,5,within_state,S025,Joint_LDA,0.16565656565656567,0.09080459770114942,0.021477975973789643
80,5,within_state,S026,Raw,0.28888888888888886,0.21954244585823535,0.15025906735751293
80,5,within_state,S026,Trait_LDA,0.28888888888888886,0.21954244585823535,0.15025906735751293
80,5,within_state,S026,State_LDA,0.27444444444444444,0.22208729226717908,0.13814584096738736
80,5,within_state,S026,Joint_LDA,0.22666666666666666,0.15025062656641605,0.08396946564885499
80,5,within_state,S028,Raw,0.10454545454545454,0.08132650466746576,-0.08225108225108224
80,5,within_state,S028,Trait_LDA,0.10454545454545454,0.08132650466746576,-0.08225108225108224
80,5,within_state,S028,State_LDA,0.16590909090909092,0.1324915824915825,-0.009371339320577876
80,5,within_state,S028,Joint_LDA,0.175,0.05303030303030303,0.017491626349088185
80,5,within_state,S029,Raw,0.2782051282051282,0.21133159475264737,0.1076345431789737
80,5,within_state,S029,Trait_LDA,0.2782051282051282,0.21133159475264737,0.1076345431789737
80,5,within_state,S029,State_LDA,0.2382051282051282,0.19497354497354494,0.0840258541089568
80,5,within_state,S029,Joint_LDA,0.16153846153846155,0.10504549214226633,0.04836374167390678
80,5,within_state,S032,Raw,0.25826839826839826,0.19533799533799534,0.10576096302665516
80,5,within_state,S032,Trait_LDA,0.25826839826839826,0.19533799533799534,0.10576096302665516
80,5,within_state,S032,State_LDA,0.25826839826839826,0.19913419913419914,0.10652920962199319
80,5,within_state,S032,Joint_LDA,0.22507936507936507,0.15203089244851256,0.07869798104655945
80,5,within_state,S033,Raw,0.4143589743589744,0.31256317488201546,0.27164622816796724
80,5,within_state,S033,Trait_LDA,0.4143589743589744,0.31256317488201546,0.27164622816796724
80,5,within_state,S033,State_LDA,0.4114529914529915,0.29806763285024157,0.2787878787878787
80,5,within_state,S033,Joint_LDA,0.24222222222222226,0.13636363636363638,0.06075288855758476
80,5,within_state,S034,Raw,0.3887445887445887,0.2821523304281925,0.22416107382550332
80,5,within_state,S034,Trait_LDA,0.3887445887445887,0.2821523304281925,0.22416107382550332
80,5,within_state,S034,State_LDA,0.3220779220779221,0.24175824175824176,0.16467463479415678
80,5,within_state,S034,Joint_LDA,0.2698412698412699,0.13770180436847104,0.11535125758889853
80,5,within_state,S035,Raw,0.4163636363636363,0.26159420289855073,0.2611615962070327
80,5,within_state,S035,Trait_LDA,0.4163636363636363,0.26159420289855073,0.2611615962070327
80,5,within_state,S035,State_LDA,0.35454545454545455,0.22803195352214958,0.18371440032089836
80,5,within_state,S035,Joint_LDA,0.35353535353535354,0.24195475113122172,0.17810985460420026
80,5,within_state,S036,Raw,0.17493894993894993,0.12557998933928616,-0.009025270758122872
80,5,within_state,S036,Trait_LDA,0.17493894993894993,0.12557998933928616,-0.009025270758122872
80,5,within_state,S036,State_LDA,0.25757020757020754,0.18501221001221002,0.07349665924276161
80,5,within_state,S036,Joint_LDA,0.19682539682539685,0.08608058608058607,0.020967051775780954
80,5,within_state,S039,Raw,0.24606060606060604,0.1660894660894661,0.0595382746051033
80,5,within_state,S039,Trait_LDA,0.24606060606060604,0.1660894660894661,0.0595382746051033
80,5,within_state,S039,State_LDA,0.19454545454545452,0.13870370370370372,0.006134969325153228
80,5,within_state,S039,Joint_LDA,0.21818181818181817,0.05933484504913076,0.016660209221232125
80,5,within_state,S040,Raw,0.37272727272727274,0.2750793650793651,0.21544869367663766
80,5,within_state,S040,Trait_LDA,0.37272727272727274,0.2750793650793651,0.21544869367663766
80,5,within_state,S040,State_LDA,0.33535353535353535,0.24426646325959825,0.16704805491990848
80,5,within_state,S040,Joint_LDA,0.2,0.1043360433604336,0.041165755919854385
80,5,within_state,S041,Raw,0.2127272727272727,0.16710696710696712,0.06189624329159216
80,5,within_state,S041,Trait_LDA,0.2127272727272727,0.16710696710696712,0.06189624329159216
80,5,within_state,S041,State_LDA,0.24464646464646464,0.19170147591200223,0.10332499106185189
80,5,within_state,S041,Joint_LDA,0.18222222222222223,0.08170731707317073,0.03661971830985922
80,5,within_state,S044,Raw,0.35363247863247865,0.28793652444768064,0.18540804813839795
80,5,within_state,S044,Trait_LDA,0.35363247863247865,0.28793652444768064,0.18540804813839795
80,5,within_state,S044,State_LDA,0.3215811965811966,0.21824032176973351,0.14798206278026904
80,5,within_state,S044,Joint_LDA,0.1,0.03809523809523809,-0.08982683982683981
80,5,within_state,S046,Raw,0.17398989898989897,0.14259259259259258,0.03221535745807602
80,5,within_state,S046,Trait_LDA,0.17398989898989897,0.14259259259259258,0.03221535745807602
80,5,within_state,S046,State_LDA,0.12398989898989898,0.09928989139515454,-0.009234828496042402
80,5,within_state,S046,Joint_LDA,0.04722222222222222,0.03671497584541063,-0.07622739018087832
80,5,within_state,S047,Raw,0.27936507936507937,0.2192760942760943,0.15257422021796307
80,5,within_state,S047,Trait_LDA,0.27936507936507937,0.2192760942760943,0.15257422021796307
80,5,within_state,S047,State_LDA,0.30158730158730157,0.23886104149262044,0.17541229385307333
80,5,within_state,S047,Joint_LDA,0.14444444444444443,0.08764367816091954,0.003328402366863936
80,5,within_state,S048,Raw,0.29267676767676765,0.18761022927689594,0.12266450040617394
80,5,within_state,S048,Trait_LDA,0.29267676767676765,0.18761022927689594,0.12266450040617394
80,5,within_state,S048,State_LDA,0.2063131313131313,0.13024002704530088,0.05639396346306602
80,5,within_state,S048,Joint_LDA,0.20303030303030303,0.12365423623030114,0.03914590747330948
80,5,within_state,S049,Raw,0.23666666666666666,0.20331232492997198,0.08639228772710417
80,5,within_state,S049,Trait_LDA,0.23666666666666666,0.20331232492997198,0.08639228772710417
80,5,within_state,S049,State_LDA,0.2677777777777778,0.22084883926989188,0.09850517439632045
80,5,within_state,S049,Joint_LDA,0.24,0.108843537414966,0.0755685986793837
80,5,within_state,S050,Raw,0.3375757575757576,0.25814666196313607,0.165335463258786
80,5,within_state,S050,Trait_LDA,0.3375757575757576,0.25814666196313607,0.165335463258786
80,5,within_state,S050,State_LDA,0.37757575757575756,0.2840295538505257,0.20894926088693577
80,5,within_state,S050,Joint_LDA,0.2202020202020202,0.11081242532855436,0.051724137931034475
80,5,within_state,S053,Raw,0.4159090909090909,0.34599567099567097,0.22388059701492546
80,5,within_state,S053,Trait_LDA,0.4159090909090909,0.34599567099567097,0.22388059701492546
80,5,within_state,S053,State_LDA,0.39217171717171717,0.32528243686138425,0.199637845178814
80,5,within_state,S053,Joint_LDA,0.23939393939393935,0.1734453781512605,0.03442028985507262
80,5,within_state,S054,Raw,0.2363636363636364,0.17565552683520014,0.04444444444444462
80,5,within_state,S054,Trait_LDA,0.2363636363636364,0.17565552683520014,0.04444444444444462
80,5,within_state,S054,State_LDA,0.2631818181818182,0.18306878306878308,0.06589785831960449
80,5,within_state,S054,Joint_LDA,0.16272727272727275,0.10557371096586783,-0.008526187576126665
80,5,within_state,S055,Raw,0.4002020202020202,0.29368686868686866,0.23544973544973546
80,5,within_state,S055,Trait_LDA,0.4002020202020202,0.29368686868686866,0.23544973544973546
80,5,within_state,S055,State_LDA,0.40727272727272723,0.2986111111111111,0.24427480916030542
80,5,within_state,S055,Joint_LDA,0.16666666666666669,0.041666666666666664,0.017587939698492594
80,5,within_state,S056,Raw,0.3255011655011655,0.25925561029009303,0.1920529801324503
80,5,within_state,S056,Trait_LDA,0.3255011655011655,0.25925561029009303,0.1920529801324503
80,5,within_state,S056,State_LDA,0.3482983682983683,0.2690562613430127,0.2065355329949239
80,5,within_state,S056,Joint_LDA,0.2418181818181818,0.13202614379084968,0.09377901578458692
80,5,within_state,S057,Raw,0.3457575757575757,0.25288073666516026,0.1790989660265878
80,5,within_state,S057,Trait_LDA,0.3457575757575757,0.25288073666516026,0.1790989660265878
80,5,within_state,S057,State_LDA,0.34505050505050505,0.2485131508319914,0.17329862402380058
80,5,within_state,S057,Joint_LDA,0.24242424242424238,0.12777284826974267,0.06964091403699668
80,5,within_state,S059,Raw,0.14188034188034188,0.12205910031996987,0.01015228426395931
80,5,within_state,S059,Trait_LDA,0.14188034188034188,0.12205910031996987,0.01015228426395931
80,5,within_state,S059,State_LDA,0.14871794871794872,0.1300583474496518,0.009314140558848383
80,5,within_state,S059,Joint_LDA,0.21538461538461537,0.07083333333333333,0.049167005282405585
80,5,within_state,S060,Raw,0.32222222222222224,0.2532920536635707,0.18377088305489242
80,5,within_state,S060,Trait_LDA,0.32222222222222224,0.2532920536635707,0.18377088305489242
80,5,within_state,S060,State_LDA,0.32222222222222224,0.2691086691086691,0.19560956487651904
80,5,within_state,S060,Joint_LDA,0.16994949494949493,0.11949746160272477,0.034214618973561484
80,5,within_state,S061,Raw,0.41656565656565653,0.31403318903318905,0.26037735849056587
80,5,within_state,S061,Trait_LDA,0.41656565656565653,0.31403318903318905,0.26037735849056587
80,5,within_state,S061,State_LDA,0.3721212121212122,0.2686202686202686,0.20000000000000018
80,5,within_state,S061,Joint_LDA,0.35797979797979795,0.23026392961876832,0.20030063885757232
80,5,within_state,S062,Raw,0.25575757575757574,0.1882728979503173,0.06743940990516328
80,5,within_state,S062,Trait_LDA,0.25575757575757574,0.1882728979503173,0.06743940990516328
80,5,within_state,S062,State_LDA,0.2872727272727273,0.2127680311890838,0.10321668434075637
80,5,within_state,S062,Joint_LDA,0.2309090909090909,0.11038961038961038,0.031097134870719856
80,5,within_state,S064,Raw,0.34161616161616165,0.27669657234874623,0.19738863287250386
80,5,within_state,S064,Trait_LDA,0.34161616161616165,0.27669657234874623,0.19738863287250386
80,5,within_state,S064,State_LDA,0.32161616161616163,0.25918237623043117,0.17341040462427737
80,5,within_state,S064,Joint_LDA,0.18383838383838386,0.10336538461538462,0.046362608367885194
80,5,within_state,S065,Raw,0.21636363636363637,0.14633819339701692,0.023111417730251715
80,5,within_state,S065,Trait_LDA,0.21636363636363637,0.14633819339701692,0.023111417730251715
80,5,within_state,S065,State_LDA,0.2015151515151515,0.10649529538063213,-0.007513661202185773
80,5,within_state,S065,Joint_LDA,0.20833333333333331,0.12681159420289856,0.06284530386740328
80,5,within_state,S067,Raw,0.14545454545454545,0.09707602339181286,-0.0625
80,5,within_state,S067,Trait_LDA,0.14545454545454545,0.09707602339181286,-0.0625
80,5,within_state,S067,State_LDA,0.12727272727272726,0.0873015873015873,-0.08333333333333326
80,5,within_state,S067,Joint_LDA,0.18181818181818182,0.10522800468452642,-0.016883573689764564
80,5,within_state,S069,Raw,0.32727272727272727,0.23239991003148897,0.20035971223021576
80,5,within_state,S069,Trait_LDA,0.32727272727272727,0.23239991003148897,0.20035971223021576
80,5,within_state,S069,State_LDA,0.3090909090909091,0.2253393665158371,0.18947742623533592
80,5,within_state,S069,Joint_LDA,0.22626262626262625,0.13685636856368563,0.08523537803138381
80,5,within_state,S070,Raw,0.34285714285714286,0.20138248847926268,0.15484633569739958
80,5,within_state,S070,Trait_LDA,0.34285714285714286,0.20138248847926268,0.15484633569739958
80,5,within_state,S070,State_LDA,0.36103896103896105,0.22757296466973886,0.1800706159278147
80,5,within_state,S070,Joint_LDA,0.4415584415584415,0.35634540897698785,0.2681451612903226
80,5,within_state,S071,Raw,0.18222222222222223,0.1346058996645468,0.005728314238952592
80,5,within_state,S071,Trait_LDA,0.18222222222222223,0.1346058996645468,0.005728314238952592
80,5,within_state,S071,State_LDA,0.22222222222222224,0.16542207792207794,0.053403995108030955
80,5,within_state,S071,Joint_LDA,0.2311111111111111,0.1095611740773031,0.05378973105134466
80,5,within_state,S072,Raw,0.21111111111111108,0.18347763347763346,0.07470564352415732
80,5,within_state,S072,Trait_LDA,0.21111111111111108,0.18347763347763346,0.07470564352415732
80,5,within_state,S072,State_LDA,0.2333333333333333,0.19487577639751552,0.09878542510121469
80,5,within_state,S072,Joint_LDA,0.19333333333333333,0.14833333333333334,0.06607929515418509
80,5,within_state,S073,Raw,0.22828282828282828,0.1626642771804062,0.0777439024390244
80,5,within_state,S073,Trait_LDA,0.22828282828282828,0.1626642771804062,0.0777439024390244
80,5,within_state,S073,State_LDA,0.2363636363636364,0.15404040404040406,0.08194233687405161
80,5,within_state,S073,Joint_LDA,0.2505050505050505,0.15505050505050505,0.10518350359440032
80,5,within_state,S074,Raw,0.28857808857808853,0.22882352941176473,0.14131994261119063
80,5,within_state,S074,Trait_LDA,0.28857808857808853,0.22882352941176473,0.14131994261119063
80,5,within_state,S074,State_LDA,0.32214452214452216,0.257833651855391,0.1807402084081925
80,5,within_state,S074,Joint_LDA,0.2,0.07142857142857142,0.052959501557632405
80,5,within_state,S075,Raw,0.2927272727272728,0.21902534113060432,0.13096139288417874
80,5,within_state,S075,Trait_LDA,0.2927272727272728,0.21902534113060432,0.13096139288417874
80,5,within_state,S075,State_LDA,0.23454545454545456,0.16765873015873015,0.05557684936757368
80,5,within_state,S075,Joint_LDA,0.18363636363636365,0.09365079365079365,0.03700934579439241
80,5,within_state,S076,Raw,0.18666666666666668,0.15644257703081232,0.05003909304143872
80,5,within_state,S076,Trait_LDA,0.18666666666666668,0.15644257703081232,0.05003909304143872
80,5,within_state,S076,State_LDA,0.2066666666666667,0.1611456176673568,0.06382978723404253
80,5,within_state,S076,Joint_LDA,0.21555555555555558,0.13366013071895425,0.07620528771384139
80,5,within_state,S077,Raw,0.24,0.16954150081085065,0.057048561999056946
80,5,within_state,S077,Trait_LDA,0.24,0.16954150081085065,0.057048561999056946
80,5,within_state,S077,State_LDA,0.28444444444444444,0.20705741626794258,0.11173445535296866
80,5,within_state,S077,Joint_LDA,0.2,0.09610215053763442,0.03669724770642191
80,5,within_state,S079,Raw,0.2688888888888889,0.194510582010582,0.0947907771135782
80,5,within_state,S079,Trait_LDA,0.2688888888888889,0.194510582010582,0.0947907771135782
80,5,within_state,S079,State_LDA,0.2066666666666667,0.15138888888888888,0.02731540759709794
80,5,within_state,S079,Joint_LDA,0.20444444444444443,0.1027077497665733,0.024400684931506822
80,5,within_state,S080,Raw,0.1993939393939394,0.1469293924466338,0.022099447513812098
80,5,within_state,S080,Trait_LDA,0.1993939393939394,0.1469293924466338,0.022099447513812098
80,5,within_state,S080,State_LDA,0.2572727272727272,0.18494708994708997,0.09168662333219291
80,5,within_state,S080,Joint_LDA,0.2533333333333333,0.14160401002506265,0.09847198641765709
80,5,within_state,S082,Raw,0.33999999999999997,0.22762564796033355,0.16566866267465086
80,5,within_state,S082,Trait_LDA,0.33999999999999997,0.22762564796033355,0.16566866267465086
80,5,within_state,S082,State_LDA,0.36,0.23358585858585856,0.18108651911468798
80,5,within_state,S082,Joint_LDA,0.24000000000000005,0.14540382437754154,0.05964214711729632
80,5,within_state,S083,Raw,0.2319191919191919,0.17476266360977108,0.042079207920792006
80,5,within_state,S083,Trait_LDA,0.2319191919191919,0.17476266360977108,0.042079207920792006
80,5,within_state,S083,State_LDA,0.2137373737373737,0.15462205530117246,0.021013597033374465
80,5,within_state,S083,Joint_LDA,0.1511111111111111,0.08333333333333333,0.003924646781789609
80,5,within_state,S084,Raw,0.2583333333333333,0.1934355118565645,0.0987415295256533
80,5,within_state,S084,Trait_LDA,0.2583333333333333,0.1934355118565645,0.0987415295256533
80,5,within_state,S084,State_LDA,0.30277777777777776,0.21958041958041954,0.13909224011713028
80,5,within_state,S084,Joint_LDA,0.18055555555555552,0.11997863247863248,0.03134040501446489
80,5,within_state,S086,Raw,0.3401320901320901,0.22976190476190475,0.16800000000000004
80,5,within_state,S086,Trait_LDA,0.3401320901320901,0.22976190476190475,0.16800000000000004
80,5,within_state,S086,State_LDA,0.35273892773892773,0.23344827586206895,0.1837360951285002
80,5,within_state,S086,Joint_LDA,0.254040404040404,0.1469638242894057,0.10582992944671354
80,5,within_state,S087,Raw,0.16246031746031744,0.10297619047619049,-0.02951475737868936
80,5,within_state,S087,Trait_LDA,0.16246031746031744,0.10297619047619049,-0.02951475737868936
80,5,within_state,S087,State_LDA,0.20468253968253966,0.14175184134861554,0.025360517155644025
80,5,within_state,S087,Joint_LDA,0.13968253968253969,0.06874999999999999,-0.0019020446980502204
80,5,within_state,S089,Raw,0.4139860139860139,0.4031849040923451,0.20661157024793397
80,5,within_state,S089,Trait_LDA,0.4139860139860139,0.4031849040923451,0.20661157024793397
80,5,within_state,S089,State_LDA,0.43578088578088575,0.4062885154061625,0.23491773308957953
80,5,within_state,S089,Joint_LDA,0.32960372960372963,0.2282799298581221,0.08961845607808339
80,5,within_state,S093,Raw,0.2011111111111111,0.14444444444444446,0.034120734908136496
80,5,within_state,S093,Trait_LDA,0.2011111111111111,0.14444444444444446,0.034120734908136496
80,5,within_state,S093,State_LDA,0.2011111111111111,0.14091415830546264,0.028291210863825023
80,5,within_state,S093,Joint_LDA,0.17555555555555555,0.07386363636363637,0.015745148297326872
80,5,within_state,S094,Raw,0.21333333333333332,0.15668976920911906,0.05981848184818506
80,5,within_state,S094,Trait_LDA,0.21333333333333332,0.15668976920911906,0.05981848184818506
80,5,within_state,S094,State_LDA,0.23333333333333334,0.1730296384901648,0.07787903893951953
80,5,within_state,S094,Joint_LDA,0.16666666666666666,0.1128968253968254,0.023341523341523285
80,5,within_state,S095,Raw,0.1665151515151515,0.12462042788129744,-0.010906355772847043
80,5,within_state,S095,Trait_LDA,0.1665151515151515,0.12462042788129744,-0.010906355772847043
80,5,within_state,S095,State_LDA,0.11651515151515153,0.09206183344114378,-0.0646387832699622
80,5,within_state,S095,Joint_LDA,0.21136363636363636,0.08518518518518518,0.03976650857351327
80,5,within_state,S096,Raw,0.29000000000000004,0.19613541554284888,0.11571976298361786
80,5,within_state,S096,Trait_LDA,0.29000000000000004,0.19613541554284888,0.11571976298361786
80,5,within_state,S096,State_LDA,0.3466666666666667,0.2457331940090561,0.16872138076787613
80,5,within_state,S096,Joint_LDA,0.2166666666666667,0.14277414669571534,0.0666442275328174
80,5,within_state,S098,Raw,0.28136363636363637,0.21592851592851595,0.1421763304209691
80,5,within_state,S098,Trait_LDA,0.28136363636363637,0.21592851592851595,0.1421763304209691
80,5,within_state,S098,State_LDA,0.2231818181818182,0.1617283950617284,0.07342378292098961
80,5,within_state,S098,Joint_LDA,0.16499999999999998,0.08912037037037036,0.021588280647648284
80,5,within_state,S101,Raw,0.4478787878787879,0.32080411407199627,0.2921665490472829
80,5,within_state,S101,Trait_LDA,0.4478787878787879,0.32080411407199627,0.2921665490472829
80,5,within_state,S101,State_LDA,0.48939393939393944,0.3623737373737374,0.33591276820260296
80,5,within_state,S101,Joint_LDA,0.26181818181818184,0.1421788088454755,0.08226754234358802
80,5,within_state,S102,Raw,0.286060606060606,0.22992868645042555,0.1426607081471296
80,5,within_state,S102,Trait_LDA,0.286060606060606,0.22992868645042555,0.1426607081471296
80,5,within_state,S102,State_LDA,0.2678787878787879,0.2129183135704875,0.12452830188679231
80,5,within_state,S102,Joint_LDA,0.19636363636363635,0.1334175084175084,0.04950495049504955
80,5,within_state,S103,Raw,0.1716783216783217,0.11759406465288817,-0.01673640167364021
80,5,within_state,S103,Trait_LDA,0.1716783216783217,0.11759406465288817,-0.01673640167364021
80,5,within_state,S103,State_LDA,0.1966783216783217,0.1299719887955182,0.012058212058211892
80,5,within_state,S103,Joint_LDA,0.18246753246753247,0.0893806485911749,-0.013983220135837193
80,5,within_state,S106,Raw,0.2761072261072261,0.1809462915601023,0.09832134292565953
80,5,within_state,S106,Trait_LDA,0.2761072261072261,0.1809462915601023,0.09832134292565953
80,5,within_state,S106,State_LDA,0.212004662004662,0.1465873319449757,0.016867469879518038
80,5,within_state,S106,Joint_LDA,0.2,0.05970149253731343,0.005973715651135025
80,5,within_state,S107,Raw,0.18857142857142856,0.12333965844402277,0.0035650623885917776
80,5,within_state,S107,Trait_LDA,0.18857142857142856,0.12333965844402277,0.0035650623885917776
80,5,within_state,S107,State_LDA,0.2257142857142857,0.13885116015846066,0.02630405706642891
80,5,within_state,S107,Joint_LDA,0.1,0.0574712643678161,-0.059843885516045026
80,5,within_state,S108,Raw,0.23666666666666666,0.16325757575757574,0.07766990291262144
80,5,within_state,S108,Trait_LDA,0.23666666666666666,0.16325757575757574,0.07766990291262144
80,5,within_state,S108,State_LDA,0.22777777777777777,0.1360153256704981,0.07367280606717219
80,5,within_state,S108,Joint_LDA,0.18,0.12114624505928853,-0.02051473330846698
80,5,within_state,S109,Raw,0.26454545454545453,0.20252599090318388,0.12251655629139069
80,5,within_state,S109,Trait_LDA,0.26454545454545453,0.20252599090318388,0.12251655629139069
80,5,within_state,S109,State_LDA,0.21636363636363637,0.15061728395061727,0.06470588235294095
80,5,within_state,S109,Joint_LDA,0.15,0.08632478632478634,-0.002055076037813519
80,6,within_state,S001,Raw,0.2855555555555556,0.20969089390142023,0.10855565777368914
80,6,within_state,S001,Trait_LDA,0.2855555555555556,0.20969089390142023,0.10855565777368914
80,6,within_state,S001,State_LDA,0.2855555555555556,0.21403050108932462,0.10773480662983448
80,6,within_state,S001,Joint_LDA,0.25277777777777777,0.1555207244862417,0.05642923219241436
80,6,within_state,S002,Raw,0.4590909090909091,0.3287789987789988,0.2834302325581395
80,6,within_state,S002,Trait_LDA,0.4590909090909091,0.3287789987789988,0.2834302325581395
80,6,within_state,S002,State_LDA,0.4027272727272727,0.2924691358024691,0.22302679217958
80,6,within_state,S002,Joint_LDA,0.32636363636363636,0.22193586464686207,0.15359357898577142
80,6,within_state,S003,Raw,0.28828282828282825,0.21287477954144618,0.14029736942432336
80,6,within_state,S003,Trait_LDA,0.28828282828282825,0.21287477954144618,0.14029736942432336
80,6,within_state,S003,State_LDA,0.26747474747474753,0.21191626409017714,0.12665406427221182
80,6,within_state,S003,Joint_LDA,0.2311111111111111,0.12452107279693486,0.08541194255479967
80,6,within_state,S004,Raw,0.3007575757575757,0.21347813979392924,0.13444553483807653
80,6,within_state,S004,Trait_LDA,0.3007575757575757,0.21347813979392924,0.13444553483807653
80,6,within_state,S004,State_LDA,0.31590909090909086,0.21031746031746032,0.13571778539931412
80,6,within_state,S004,Joint_LDA,0.24722222222222223,0.12953712953712954,0.06264945002391209
80,6,within_state,S005,Raw,0.2381818181818182,0.15215686274509804,0.06630476929042273
80,6,within_state,S005,Trait_LDA,0.2381818181818182,0.15215686274509804,0.06630476929042273
80,6,within_state,S005,State_LDA,0.22000000000000003,0.1305141411403271,0.04570100697134016
80,6,within_state,S005,Joint_LDA,0.2505050505050505,0.1246376811594203,0.08909426987060998
80,6,within_state,S006,Raw,0.3088888888888889,0.2326468344774981,0.1508064516129034
80,6,within_state,S006,Trait_LDA,0.3088888888888889,0.2326468344774981,0.1508064516129034
80,6,within_state,S006,State_LDA,0.3511111111111111,0.25169657234874626,0.18780487804878065
80,6,within_state,S006,Joint_LDA,0.31333333333333335,0.18563594019983473,0.15217391304347838
80,6,within_state,S007,Raw,0.4381818181818182,0.3363361426441922,0.314086956521739
80,6,within_state,S007,Trait_LDA,0.4381818181818182,0.3363361426441922,0.314086956521739
80,6,within_state,S007,State_LDA,0.443030303030303,0.3457777690102317,0.31646447140381284
80,6,within_state,S007,Joint_LDA,0.30333333333333334,0.180339985218034,0.17602217602217596
80,6,within_state,S010,Raw,0.15936507936507938,0.09401629072681704,-0.03130287648054142
80,6,within_state,S010,Trait_LDA,0.15936507936507938,0.09401629072681704,-0.03130287648054142
80,6,within_state,S010,State_LDA,0.1707936507936508,0.0892156862745098,-0.028460543337645472
80,6,within_state,S010,Joint_LDA,0.23428571428571426,0.10820624546114743,0.05709557302441037
80,6,within_state,S011,Raw,0.21818181818181817,0.14664664664664664,0.03581363004172455
80,6,within_state,S011,Trait_LDA,0.21818181818181817,0.14664664664664664,0.03581363004172455
80,6,within_state,S011,State_LDA,0.2363636363636364,0.18312849860837477,0.056328233657857996
80,6,within_state,S011,Joint_LDA,0.12727272727272726,0.07995642701525055,-0.042828008157715924
80,6,within_state,S012,Raw,0.27575757575757576,0.1714119214119214,0.10024252223120445
80,6,within_state,S012,Trait_LDA,0.27575757575757576,0.1714119214119214,0.10024252223120445
80,6,within_state,S012,State_LDA,0.2606060606060606,0.16110432777099443,0.09327902240325858
80,6,within_state,S012,Joint_LDA,0.2,0.05405405405405406,0.024285154719937196
80,6,within_state,S013,Raw,0.2708313908313908,0.1966490299823633,0.08530465949820776
80,6,within_state,S013,Trait_LDA,0.2708313908313908,0.1966490299823633,0.08530465949820776
80,6,within_state,S013,State_LDA,0.228034188034188,0.15020743145743146,0.055240793201133065
80,6,within_state,S013,Joint_LDA,0.2208080808080808,0.14444444444444446,0.07687097866576365
80,6,within_state,S014,Raw,0.17636363636363636,0.14768526667840168,0.043090638930163405
80,6,within_state,S014,Trait_LDA,0.17636363636363636,0.14768526667840168,0.043090638930163405
80,6,within_state,S014,State_LDA,0.23621212121212123,0.20443234893362772,0.10748702742772431
80,6,within_state,S014,Joint_LDA,0.215,0.10982905982905983,0.06327272727272737
80,6,within_state,S016,Raw,0.21833333333333332,0.1412037037037037,0.05413598960589017
80,6,within_state,S016,Trait_LDA,0.21833333333333332,0.1412037037037037,0.05413598960589017
80,6,within_state,S016,State_LDA,0.2583333333333333,0.17010511838098044,0.10189982728842817
80,6,within_state,S016,Joint_LDA,0.225,0.1364522417153996,0.06825938566552892
80,6,within_state,S018,Raw,0.26862914862914866,0.17773226375376913,0.07972270363951495
80,6,within_state,S018,Trait_LDA,0.26862914862914866,0.17773226375376913,0.07972270363951495
80,6,within_state,S018,State_LDA,0.2482251082251082,0.1777940697295536,0.08803763440860213
80,6,within_state,S018,Joint_LDA,0.12484848484848485,0.08101135190918472,-0.020561357702350014
80,6,within_state,S019,Raw,0.21151515151515152,0.15215924426450744,0.01833180568285986
80,6,within_state,S019,Trait_LDA,0.21151515151515152,0.15215924426450744,0.01833180568285986
80,6,within_state,S019,State_LDA,0.17818181818181816,0.1256132756132756,-0.008275862068965578
80,6,within_state,S019,Joint_LDA,0.22000000000000003,0.11538461538461538,0.07712193020249902
80,6,within_state,S020,Raw,0.2176262626262626,0.15802003410059676,0.05670529801324509
80,6,within_state,S020,Trait_LDA,0.2176262626262626,0.15802003410059676,0.05670529801324509
80,6,within_state,S020,State_LDA,0.26262626262626265,0.1915219421101774,0.1039175257731959
80,6,within_state,S020,Joint_LDA,0.2,0.06060606060606061,0.05017921146953408
80,6,within_state,S021,Raw,0.3919191919191919,0.2575661886006713,0.18930957683741667
80,6,within_state,S021,Trait_LDA,0.3919191919191919,0.2575661886006713,0.18930957683741667
80,6,within_state,S021,State_LDA,0.43232323232323233,0.2984472049689441,0.2453825857519788
80,6,within_state,S021,Joint_LDA,0.39722222222222225,0.2496296296296296,0.19611307420494695
80,6,within_state,S022,Raw,0.4727272727272728,0.3946265172735761,0.3527260638297871
80,6,within_state,S022,Trait_LDA,0.4727272727272728,0.3946265172735761,0.3527260638297871
80,6,within_state,S022,State_LDA,0.43636363636363634,0.34406162464985995,0.303306342780027
80,6,within_state,S022,Joint_LDA,0.23636363636363633,0.1699756182514803,0.10102683007618407
80,6,within_state,S023,Raw,0.2633838383838384,0.18892400264949283,0.07747603833865813
80,6,within_state,S023,Trait_LDA,0.2633838383838384,0.18892400264949283,0.07747603833865813
80,6,within_state,S023,State_LDA,0.35227272727272724,0.24340393905611293,0.16097952629466072
80,6,within_state,S023,Joint_LDA,0.15,0.044444444444444446,-0.024714828897338448
80,6,within_state,S024,Raw,0.3205555555555556,0.25119883497165446,0.18612521150592232
80,6,within_state,S024,Trait_LDA,0.3205555555555556,0.25119883497165446,0.18612521150592232
80,6,within_state,S024,State_LDA,0.2811111111111111,0.21881532640046572,0.14394259181089075
80,6,within_state,S024,Joint_LDA,0.17777777777777776,0.06201550387596899,0.03622577927548454
80,6,within_state,S025,Raw,0.15757575757575756,0.11508771929824561,0.0117647058823529
80,6,within_state,S025,Trait_LDA,0.15757575757575756,0.11508771929824561,0.0117647058823529
80,6,within_state,S025,State_LDA,0.1575757575757576,0.11294117647058825,0.01969365426695846
80,6,within_state,S025,Joint_LDA,0.16565656565656567,0.09080459770114942,0.021477975973789643
80,6,within_state,S027,Raw,0.2482828282828283,0.20592592592592593,0.07308377896613194
80,6,within_state,S027,Trait_LDA,0.2482828282828283,0.20592592592592593,0.07308377896613194
80,6,within_state,S027,State_LDA,0.3112842712842713,0.20763673890608872,0.13257243195785762
80,6,within_state,S027,Joint_LDA,0.2,0.05555555555555555,0.04137648504711189
80,6,within_state,S029,Raw,0.2782051282051282,0.21133159475264737,0.1076345431789737
80,6,within_state,S029,Trait_LDA,0.2782051282051282,0.21133159475264737,0.1076345431789737
80,6,within_state,S029,State_LDA,0.2382051282051282,0.19497354497354494,0.0840258541089568
80,6,within_state,S029,Joint_LDA,0.16153846153846155,0.10504549214226633,0.04836374167390678
80,6,within_state,S030,Raw,0.39454545454545453,0.283922973578146,0.22443079147090716
80,6,within_state,S030,Trait_LDA,0.39454545454545453,0.283922973578146,0.22443079147090716
80,6,within_state,S030,State_LDA,0.31999999999999995,0.23007662835249043,0.1473646468268195
80,6,within_state,S030,Joint_LDA,0.1781818181818182,0.07123034227567067,0.006988120195667191
80,6,within_state,S031,Raw,0.28095238095238095,0.17341269841269838,0.08582246529238546
80,6,within_state,S031,Trait_LDA,0.28095238095238095,0.17341269841269838,0.08582246529238546
80,6,within_state,S031,State_LDA,0.25873015873015875,0.15941286909028843,0.0843274372686138
80,6,within_state,S031,Joint_LDA,0.17142857142857143,0.046511627906976744,-0.019230769230769384
80,6,within_state,S032,Raw,0.25826839826839826,0.19533799533799534,0.10576096302665516
80,6,within_state,S032,Trait_LDA,0.25826839826839826,0.19533799533799534,0.10576096302665516
80,6,within_state,S032,State_LDA,0.25826839826839826,0.19913419913419914,0.10652920962199319
80,6,within_state,S032,Joint_LDA,0.22507936507936507,0.15203089244851256,0.07869798104655945
80,6,within_state,S033,Raw,0.4143589743589744,0.31256317488201546,0.27164622816796724
80,6,within_state,S033,Trait_LDA,0.4143589743589744,0.31256317488201546,0.27164622816796724
80,6,within_state,S033,State_LDA,0.4114529914529915,0.29806763285024157,0.2787878787878787
80,6,within_state,S033,Joint_LDA,0.24222222222222226,0.13636363636363638,0.06075288855758476
80,6,within_state,S034,Raw,0.3887445887445887,0.2821523304281925,0.22416107382550332
80,6,within_state,S034,Trait_LDA,0.3887445887445887,0.2821523304281925,0.22416107382550332
80,6,within_state,S034,State_LDA,0.3220779220779221,0.24175824175824176,0.16467463479415678
80,6,within_state,S034,Joint_LDA,0.2698412698412699,0.13770180436847104,0.11535125758889853
80,6,within_state,S035,Raw,0.4163636363636363,0.26159420289855073,0.2611615962070327
80,6,within_state,S035,Trait_LDA,0.4163636363636363,0.26159420289855073,0.2611615962070327
80,6,within_state,S035,State_LDA,0.35454545454545455,0.22803195352214958,0.18371440032089836
80,6,within_state,S035,Joint_LDA,0.35353535353535354,0.24195475113122172,0.17810985460420026
80,6,within_state,S036,Raw,0.17493894993894993,0.12557998933928616,-0.009025270758122872
80,6,within_state,S036,Trait_LDA,0.17493894993894993,0.12557998933928616,-0.009025270758122872
80,6,within_state,S036,State_LDA,0.25757020757020754,0.18501221001221002,0.07349665924276161
80,6,within_state,S036,Joint_LDA,0.19682539682539685,0.08608058608058607,0.020967051775780954
80,6,within_state,S037,Raw,0.15833333333333333,0.12674362674362674,0.01373521556657753
80,6,within_state,S037,Trait_LDA,0.15833333333333333,0.12674362674362674,0.01373521556657753
80,6,within_state,S037,State_LDA,0.15,0.1095068330362448,0.012982054219167649
80,6,within_state,S037,Joint_LDA,0.195,0.10742705570291777,0.05982905982905984
80,6,within_state,S038,Raw,0.22222222222222224,0.1272727272727273,0.04788418708240516
80,6,within_state,S038,Trait_LDA,0.22222222222222224,0.1272727272727273,0.04788418708240516
80,6,within_state,S038,State_LDA,0.2,0.10894660894660894,0.04376367614879639
80,6,within_state,S038,Joint_LDA,0.21666666666666665,0.12916666666666668,0.06557377049180335
80,6,within_state,S039,Raw,0.24606060606060604,0.1660894660894661,0.0595382746051033
80,6,within_state,S039,Trait_LDA,0.24606060606060604,0.1660894660894661,0.0595382746051033
80,6,within_state,S039,State_LDA,0.19454545454545452,0.13870370370370372,0.006134969325153228
80,6,within_state,S039,Joint_LDA,0.21818181818181817,0.05933484504913076,0.016660209221232125
80,6,within_state,S040,Raw,0.37272727272727274,0.2750793650793651,0.21544869367663766
80,6,within_state,S040,Trait_LDA,0.37272727272727274,0.2750793650793651,0.21544869367663766
80,6,within_state,S040,State_LDA,0.33535353535353535,0.24426646325959825,0.16704805491990848
80,6,within_state,S040,Joint_LDA,0.2,0.1043360433604336,0.041165755919854385
80,6,within_state,S043,Raw,0.1953146853146853,0.1550893362438354,0.015435501653803918
80,6,within_state,S043,Trait_LDA,0.1953146853146853,0.1550893362438354,0.015435501653803918
80,6,within_state,S043,State_LDA,0.26706293706293704,0.20693542568542567,0.08510638297872342
80,6,within_state,S043,Joint_LDA,0.19545454545454546,0.0910010111223458,0.03528988116672671
80,6,within_state,S044,Raw,0.35363247863247865,0.28793652444768064,0.18540804813839795
80,6,within_state,S044,Trait_LDA,0.35363247863247865,0.28793652444768064,0.18540804813839795
80,6,within_state,S044,State_LDA,0.3215811965811966,0.21824032176973351,0.14798206278026904
80,6,within_state,S044,Joint_LDA,0.1,0.03809523809523809,-0.08982683982683981
80,6,within_state,S045,Raw,0.2822222222222222,0.22685185185185186,0.15254237288135597
80,6,within_state,S045,Trait_LDA,0.2822222222222222,0.22685185185185186,0.15254237288135597
80,6,within_state,S045,State_LDA,0.3155555555555555,0.23931623931623935,0.162401116798511
80,6,within_state,S045,Joint_LDA,0.25999999999999995,0.1767857142857143,0.11268855368234243
80,6,within_state,S046,Raw,0.17398989898989897,0.14259259259259258,0.03221535745807602
80,6,within_state,S046,Trait_LDA,0.17398989898989897,0.14259259259259258,0.03221535745807602
80,6,within_state,S046,State_LDA,0.12398989898989898,0.09928989139515454,-0.009234828496042402
80,6,within_state,S046,Joint_LDA,0.04722222222222222,0.03671497584541063,-0.07622739018087832
80,6,within_state,S047,Raw,0.27936507936507937,0.2192760942760943,0.15257422021796307
80,6,within_state,S047,Trait_LDA,0.27936507936507937,0.2192760942760943,0.15257422021796307
80,6,within_state,S047,State_LDA,0.30158730158730157,0.23886104149262044,0.17541229385307333
80,6,within_state,S047,Joint_LDA,0.14444444444444443,0.08764367816091954,0.003328402366863936
80,6,within_state,S048,Raw,0.29267676767676765,0.18761022927689594,0.12266450040617394
80,6,within_state,S048,Trait_LDA,0.29267676767676765,0.18761022927689594,0.12266450040617394
80,6,within_state,S048,State_LDA,0.2063131313131313,0.13024002704530088,0.05639396346306602
80,6,within_state,S048,Joint_LDA,0.20303030303030303,0.12365423623030114,0.03914590747330948
80,6,within_state,S049,Raw,0.23666666666666666,0.20331232492997198,0.08639228772710417
80,6,within_state,S049,Trait_LDA,0.23666666666666666,0.20331232492997198,0.08639228772710417
80,6,within_state,S049,State_LDA,0.2677777777777778,0.22084883926989188,0.09850517439632045
80,6,within_state,S049,Joint_LDA,0.24,0.108843537414966,0.0755685986793837
80,6,within_state,S052,Raw,0.18441558441558442,0.14717741935483872,0.005543710021321813
80,6,within_state,S052,Trait_LDA,0.18441558441558442,0.14717741935483872,0.005543710021321813
80,6,within_state,S052,State_LDA,0.2207792207792208,0.17231379731379728,0.05074626865671639
80,6,within_state,S052,Joint_LDA,0.24155844155844158,0.11213235294117647,0.06822938467978246
80,6,within_state,S053,Raw,0.4159090909090909,0.34599567099567097,0.22388059701492546
80,6,within_state,S053,Trait_LDA,0.4159090909090909,0.34599567099567097,0.22388059701492546
80,6,within_state,S053,State_LDA,0.39217171717171717,0.32528243686138425,0.199637845178814
80,6,within_state,S053,Joint_LDA,0.23939393939393935,0.1734453781512605,0.03442028985507262
80,6,within_state,S054,Raw,0.2363636363636364,0.17565552683520014,0.04444444444444462
80,6,within_state,S054,Trait_LDA,0.2363636363636364,0.17565552683520014,0.04444444444444462
80,6,within_state,S054,State_LDA,0.2631818181818182,0.18306878306878308,0.06589785831960449
80,6,within_state,S054,Joint_LDA,0.16272727272727275,0.10557371096586783,-0.008526187576126665
80,6,within_state,S055,Raw,0.4002020202020202,0.29368686868686866,0.23544973544973546
80,6,within_state,S055,Trait_LDA,0.4002020202020202,0.29368686868686866,0.23544973544973546
80,6,within_state,S055,State_LDA,0.40727272727272723,0.2986111111111111,0.24427480916030542
80,6,within_state,S055,Joint_LDA,0.16666666666666669,0.041666666666666664,0.017587939698492594
80,6,within_state,S056,Raw,0.3255011655011655,0.25925561029009303,0.1920529801324503
80,6,within_state,S056,Trait_LDA,0.3255011655011655,0.25925561029009303,0.1920529801324503
80,6,within_state,S056,State_LDA,0.3482983682983683,0.2690562613430127,0.2065355329949239
80,6,within_state,S056,Joint_LDA,0.2418181818181818,0.13202614379084968,0.09377901578458692
80,6,within_state,S057,Raw,0.3457575757575757,0.25288073666516026,0.1790989660265878
80,6,within_state,S057,Trait_LDA,0.3457575757575757,0.25288073666516026,0.1790989660265878
80,6,within_state,S057,State_LDA,0.34505050505050505,0.2485131508319914,0.17329862402380058
80,6,within_state,S057,Joint_LDA,0.24242424242424238,0.12777284826974267,0.06964091403699668
80,6,within_state,S058,Raw,0.3428282828282828,0.217061077304485,0.17630057803468213
80,6,within_state,S058,Trait_LDA,0.3428282828282828,0.217061077304485,0.17630057803468213
80,6,within_state,S058,State_LDA,0.32646464646464646,0.23625140291806956,0.16950959488272932
80,6,within_state,S058,Joint_LDA,0.16777777777777778,0.09657145913564398,-0.0010752688172044333
80,6,within_state,S060,Raw,0.32222222222222224,0.2532920536635707,0.18377088305489242
80,6,within_state,S060,Trait_LDA,0.32222222222222224,0.2532920536635707,0.18377088305489242
80,6,within_state,S060,State_LDA,0.32222222222222224,0.2691086691086691,0.19560956487651904
80,6,within_state,S060,Joint_LDA,0.16994949494949493,0.11949746160272477,0.034214618973561484
80,6,within_state,S062,Raw,0.25575757575757574,0.1882728979503173,0.06743940990516328
80,6,within_state,S062,Trait_LDA,0.25575757575757574,0.1882728979503173,0.06743940990516328
80,6,within_state,S062,State_LDA,0.2872727272727273,0.2127680311890838,0.10321668434075637
80,6,within_state,S062,Joint_LDA,0.2309090909090909,0.11038961038961038,0.031097134870719856
80,6,within_state,S064,Raw,0.34161616161616165,0.27669657234874623,0.19738863287250386
80,6,within_state,S064,Trait_LDA,0.34161616161616165,0.27669657234874623,0.19738863287250386
80,6,within_state,S064,State_LDA,0.32161616161616163,0.25918237623043117,0.17341040462427737
80,6,within_state,S064,Joint_LDA,0.18383838383838386,0.10336538461538462,0.046362608367885194
80,6,within_state,S065,Raw,0.21636363636363637,0.14633819339701692,0.023111417730251715
80,6,within_state,S065,Trait_LDA,0.21636363636363637,0.14633819339701692,0.023111417730251715
80,6,within_state,S065,State_LDA,0.2015151515151515,0.10649529538063213,-0.007513661202185773
80,6,within_state,S065,Joint_LDA,0.20833333333333331,0.12681159420289856,0.06284530386740328
80,6,within_state,S066,Raw,0.26,0.18199956905839257,0.1155378486055777
80,6,within_state,S066,Trait_LDA,0.26,0.18199956905839257,0.1155378486055777
80,6,within_state,S066,State_LDA,0.3022222222222222,0.21605038236617183,0.1515151515151517
80,6,within_state,S066,Joint_LDA,0.19555555555555557,0.0963327859879584,0.06066536203522521
80,6,within_state,S067,Raw,0.14545454545454545,0.09707602339181286,-0.0625
80,6,within_state,S067,Trait_LDA,0.14545454545454545,0.09707602339181286,-0.0625
80,6,within_state,S067,State_LDA,0.12727272727272726,0.0873015873015873,-0.08333333333333326
80,6,within_state,S067,Joint_LDA,0.18181818181818182,0.10522800468452642,-0.016883573689764564
80,6,within_state,S068,Raw,0.20909090909090908,0.12797619047619047,0.027027027027026973
80,6,within_state,S068,Trait_LDA,0.20909090909090908,0.12797619047619047,0.027027027027026973
80,6,within_state,S068,State_LDA,0.18409090909090908,0.12068797742422031,-0.006628003314001818
80,6,within_state,S068,Joint_LDA,0.26565656565656565,0.16254617789144643,0.09061748195669617
80,6,within_state,S070,Raw,0.34285714285714286,0.20138248847926268,0.15484633569739958
80,6,within_state,S070,Trait_LDA,0.34285714285714286,0.20138248847926268,0.15484633569739958
80,6,within_state,S070,State_LDA,0.36103896103896105,0.22757296466973886,0.1800706159278147
80,6,within_state,S070,Joint_LDA,0.4415584415584415,0.35634540897698785,0.2681451612903226
80,6,within_state,S073,Raw,0.22828282828282828,0.1626642771804062,0.0777439024390244
80,6,within_state,S073,Trait_LDA,0.22828282828282828,0.1626642771804062,0.0777439024390244
80,6,within_state,S073,State_LDA,0.2363636363636364,0.15404040404040406,0.08194233687405161
80,6,within_state,S073,Joint_LDA,0.2505050505050505,0.15505050505050505,0.10518350359440032
80,6,within_state,S074,Raw,0.28857808857808853,0.22882352941176473,0.14131994261119063
80,6,within_state,S074,Trait_LDA,0.28857808857808853,0.22882352941176473,0.14131994261119063
80,6,within_state,S074,State_LDA,0.32214452214452216,0.257833651855391,0.1807402084081925
80,6,within_state,S074,Joint_LDA,0.2,0.07142857142857142,0.052959501557632405
80,6,within_state,S075,Raw,0.2927272727272728,0.21902534113060432,0.13096139288417874
80,6,within_state,S075,Trait_LDA,0.2927272727272728,0.21902534113060432,0.13096139288417874
80,6,within_state,S075,State_LDA,0.23454545454545456,0.16765873015873015,0.05557684936757368
80,6,within_state,S075,Joint_LDA,0.18363636363636365,0.09365079365079365,0.03700934579439241
80,6,within_state,S076,Raw,0.18666666666666668,0.15644257703081232,0.05003909304143872
80,6,within_state,S076,Trait_LDA,0.18666666666666668,0.15644257703081232,0.05003909304143872
80,6,within_state,S076,State_LDA,0.2066666666666667,0.1611456176673568,0.06382978723404253
80,6,within_state,S076,Joint_LDA,0.21555555555555558,0.13366013071895425,0.07620528771384139
80,6,within_state,S077,Raw,0.24,0.16954150081085065,0.057048561999056946
80,6,within_state,S077,Trait_LDA,0.24,0.16954150081085065,0.057048561999056946
80,6,within_state,S077,State_LDA,0.28444444444444444,0.20705741626794258,0.11173445535296866
80,6,within_state,S077,Joint_LDA,0.2,0.09610215053763442,0.03669724770642191
80,6,within_state,S078,Raw,0.1522222222222222,0.11105743424584004,-0.037644787644787625
80,6,within_state,S078,Trait_LDA,0.1522222222222222,0.11105743424584004,-0.037644787644787625
80,6,within_state,S078,State_LDA,0.17722222222222223,0.12499999999999999,-0.013024602026049381
80,6,within_state,S078,Joint_LDA,0.215,0.11617405582922824,0.037536092396535214
80,6,within_state,S079,Raw,0.2688888888888889,0.194510582010582,0.0947907771135782
80,6,within_state,S079,Trait_LDA,0.2688888888888889,0.194510582010582,0.0947907771135782
80,6,within_state,S079,State_LDA,0.2066666666666667,0.15138888888888888,0.02731540759709794
80,6,within_state,S079,Joint_LDA,0.20444444444444443,0.1027077497665733,0.024400684931506822
80,6,within_state,S080,Raw,0.1993939393939394,0.1469293924466338,0.022099447513812098
80,6,within_state,S080,Trait_LDA,0.1993939393939394,0.1469293924466338,0.022099447513812098
80,6,within_state,S080,State_LDA,0.2572727272727272,0.18494708994708997,0.09168662333219291
80,6,within_state,S080,Joint_LDA,0.2533333333333333,0.14160401002506265,0.09847198641765709
80,6,within_state,S081,Raw,0.2665151515151515,0.2051441241685144,0.06666666666666665
80,6,within_state,S081,Trait_LDA,0.2665151515151515,0.2051441241685144,0.06666666666666665
80,6,within_state,S081,State_LDA,0.2696969696969697,0.23112475759534581,0.06888361045130631
80,6,within_state,S081,Joint_LDA,0.19166666666666665,0.07977207977207977,-0.012307692307692353
80,6,within_state,S082,Raw,0.33999999999999997,0.22762564796033355,0.16566866267465086
80,6,within_state,S082,Trait_LDA,0.33999999999999997,0.22762564796033355,0.16566866267465086
80,6,within_state,S082,State_LDA,0.36,0.23358585858585856,0.18108651911468798
80,6,within_state,S082,Joint_LDA,0.24000000000000005,0.14540382437754154,0.05964214711729632
80,6,within_state,S083,Raw,0.2319191919191919,0.17476266360977108,0.042079207920792006
80,6,within_state,S083,Trait_LDA,0.2319191919191919,0.17476266360977108,0.042079207920792006
80,6,within_state,S083,State_LDA,0.2137373737373737,0.15462205530117246,0.021013597033374465
80,6,within_state,S083,Joint_LDA,0.1511111111111111,0.08333333333333333,0.003924646781789609
80,6,within_state,S087,Raw,0.16246031746031744,0.10297619047619049,-0.02951475737868936
80,6,within_state,S087,Trait_LDA,0.16246031746031744,0.10297619047619049,-0.02951475737868936
80,6,within_state,S087,State_LDA,0.20468253968253966,0.14175184134861554,0.025360517155644025
80,6,within_state,S087,Joint_LDA,0.13968253968253969,0.06874999999999999,-0.0019020446980502204
80,6,within_state,S089,Raw,0.4139860139860139,0.4031849040923451,0.20661157024793397
80,6,within_state,S089,Trait_LDA,0.4139860139860139,0.4031849040923451,0.20661157024793397
80,6,within_state,S089,State_LDA,0.43578088578088575,0.4062885154061625,0.23491773308957953
80,6,within_state,S089,Joint_LDA,0.32960372960372963,0.2282799298581221,0.08961845607808339
80,6,within_state,S093,Raw,0.2011111111111111,0.14444444444444446,0.034120734908136496
80,6,within_state,S093,Trait_LDA,0.2011111111111111,0.14444444444444446,0.034120734908136496
80,6,within_state,S093,State_LDA,0.2011111111111111,0.14091415830546264,0.028291210863825023
80,6,within_state,S093,Joint_LDA,0.17555555555555555,0.07386363636363637,0.015745148297326872
80,6,within_state,S098,Raw,0.28136363636363637,0.21592851592851595,0.1421763304209691
80,6,within_state,S098,Trait_LDA,0.28136363636363637,0.21592851592851595,0.1421763304209691
80,6,within_state,S098,State_LDA,0.2231818181818182,0.1617283950617284,0.07342378292098961
80,6,within_state,S098,Joint_LDA,0.16499999999999998,0.08912037037037036,0.021588280647648284
80,6,within_state,S099,Raw,0.22691197691197687,0.14657097288676238,0.03301886792452824
80,6,within_state,S099,Trait_LDA,0.22691197691197687,0.14657097288676238,0.03301886792452824
80,6,within_state,S099,State_LDA,0.20468975468975467,0.1318536239588871,0.013157894736842035
80,6,within_state,S099,Joint_LDA,0.2,0.05982905982905983,0.04060687193217316
80,6,within_state,S101,Raw,0.4478787878787879,0.32080411407199627,0.2921665490472829
80,6,within_state,S101,Trait_LDA,0.4478787878787879,0.32080411407199627,0.2921665490472829
80,6,within_state,S101,State_LDA,0.48939393939393944,0.3623737373737374,0.33591276820260296
80,6,within_state,S101,Joint_LDA,0.26181818181818184,0.1421788088454755,0.08226754234358802
80,6,within_state,S102,Raw,0.286060606060606,0.22992868645042555,0.1426607081471296
80,6,within_state,S102,Trait_LDA,0.286060606060606,0.22992868645042555,0.1426607081471296
80,6,within_state,S102,State_LDA,0.2678787878787879,0.2129183135704875,0.12452830188679231
80,6,within_state,S102,Joint_LDA,0.19636363636363635,0.1334175084175084,0.04950495049504955
80,6,within_state,S103,Raw,0.1716783216783217,0.11759406465288817,-0.01673640167364021
80,6,within_state,S103,Trait_LDA,0.1716783216783217,0.11759406465288817,-0.01673640167364021
80,6,within_state,S103,State_LDA,0.1966783216783217,0.1299719887955182,0.012058212058211892
80,6,within_state,S103,Joint_LDA,0.18246753246753247,0.0893806485911749,-0.013983220135837193
80,6,within_state,S104,Raw,0.32272727272727275,0.24915824915824913,0.16317991631799178
80,6,within_state,S104,Trait_LDA,0.32272727272727275,0.24915824915824913,0.16317991631799178
80,6,within_state,S104,State_LDA,0.29772727272727273,0.22520189362294626,0.13227016885553478
80,6,within_state,S104,Joint_LDA,0.275,0.1775048480930834,0.0714285714285714
80,6,within_state,S105,Raw,0.2533333333333333,0.1634920634920635,0.07308377896613205
80,6,within_state,S105,Trait_LDA,0.2533333333333333,0.1634920634920635,0.07308377896613205
80,6,within_state,S105,State_LDA,0.27555555555555555,0.1591245791245791,0.09058295964125562
80,6,within_state,S105,Joint_LDA,0.2733333333333333,0.21677655677655677,0.07985480943738643
80,6,within_state,S106,Raw,0.2761072261072261,0.1809462915601023,0.09832134292565953
80,6,within_state,S106,Trait_LDA,0.2761072261072261,0.1809462915601023,0.09832134292565953
80,6,within_state,S106,State_LDA,0.212004662004662,0.1465873319449757,0.016867469879518038
80,6,within_state,S106,Joint_LDA,0.2,0.05970149253731343,0.005973715651135025
80,6,within_state,S107,Raw,0.18857142857142856,0.12333965844402277,0.0035650623885917776
80,6,within_state,S107,Trait_LDA,0.18857142857142856,0.12333965844402277,0.0035650623885917776
80,6,within_state,S107,State_LDA,0.2257142857142857,0.13885116015846066,0.02630405706642891
80,6,within_state,S107,Joint_LDA,0.1,0.0574712643678161,-0.059843885516045026
80,6,within_state,S109,Raw,0.26454545454545453,0.20252599090318388,0.12251655629139069
80,6,within_state,S109,Trait_LDA,0.26454545454545453,0.20252599090318388,0.12251655629139069
80,6,within_state,S109,State_LDA,0.21636363636363637,0.15061728395061727,0.06470588235294095
80,6,within_state,S109,Joint_LDA,0.15,0.08632478632478634,-0.002055076037813519
80,7,within_state,S001,Raw,0.2855555555555556,0.20969089390142023,0.10855565777368914
80,7,within_state,S001,Trait_LDA,0.2855555555555556,0.20969089390142023,0.10855565777368914
80,7,within_state,S001,State_LDA,0.2855555555555556,0.21403050108932462,0.10773480662983448
80,7,within_state,S001,Joint_LDA,0.25277777777777777,0.1555207244862417,0.05642923219241436
80,7,within_state,S002,Raw,0.4590909090909091,0.3287789987789988,0.2834302325581395
80,7,within_state,S002,Trait_LDA,0.4590909090909091,0.3287789987789988,0.2834302325581395
80,7,within_state,S002,State_LDA,0.4027272727272727,0.2924691358024691,0.22302679217958
80,7,within_state,S002,Joint_LDA,0.32636363636363636,0.22193586464686207,0.15359357898577142
80,7,within_state,S003,Raw,0.28828282828282825,0.21287477954144618,0.14029736942432336
80,7,within_state,S003,Trait_LDA,0.28828282828282825,0.21287477954144618,0.14029736942432336
80,7,within_state,S003,State_LDA,0.26747474747474753,0.21191626409017714,0.12665406427221182
80,7,within_state,S003,Joint_LDA,0.2311111111111111,0.12452107279693486,0.08541194255479967
80,7,within_state,S005,Raw,0.2381818181818182,0.15215686274509804,0.06630476929042273
80,7,within_state,S005,Trait_LDA,0.2381818181818182,0.15215686274509804,0.06630476929042273
80,7,within_state,S005,State_LDA,0.22000000000000003,0.1305141411403271,0.04570100697134016
80,7,within_state,S005,Joint_LDA,0.2505050505050505,0.1246376811594203,0.08909426987060998
80,7,within_state,S006,Raw,0.3088888888888889,0.2326468344774981,0.1508064516129034
80,7,within_state,S006,Trait_LDA,0.3088888888888889,0.2326468344774981,0.1508064516129034
80,7,within_state,S006,State_LDA,0.3511111111111111,0.25169657234874626,0.18780487804878065
80,7,within_state,S006,Joint_LDA,0.31333333333333335,0.18563594019983473,0.15217391304347838
80,7,within_state,S008,Raw,0.3005050505050505,0.19871356891213834,0.12797739200645952
80,7,within_state,S008,Trait_LDA,0.3005050505050505,0.19871356891213834,0.12797739200645952
80,7,within_state,S008,State_LDA,0.29242424242424236,0.2114960860877376,0.1258599757183324
80,7,within_state,S008,Joint_LDA,0.2833333333333333,0.12380952380952381,0.0949720670391061
80,7,within_state,S009,Raw,0.3088888888888889,0.20675381263616557,0.17801784875528415
80,7,within_state,S009,Trait_LDA,0.3088888888888889,0.20675381263616557,0.17801784875528415
80,7,within_state,S009,State_LDA,0.22666666666666666,0.14309764309764308,0.048316251830161194
80,7,within_state,S009,Joint_LDA,0.10888888888888888,0.05992063492063491,-0.05359596885020612
80,7,within_state,S010,Raw,0.15936507936507938,0.09401629072681704,-0.03130287648054142
80,7,within_state,S010,Trait_LDA,0.15936507936507938,0.09401629072681704,-0.03130287648054142
80,7,within_state,S010,State_LDA,0.1707936507936508,0.0892156862745098,-0.028460543337645472
80,7,within_state,S010,Joint_LDA,0.23428571428571426,0.10820624546114743,0.05709557302441037
80,7,within_state,S012,Raw,0.27575757575757576,0.1714119214119214,0.10024252223120445
80,7,within_state,S012,Trait_LDA,0.27575757575757576,0.1714119214119214,0.10024252223120445
80,7,within_state,S012,State_LDA,0.2606060606060606,0.16110432777099443,0.09327902240325858
80,7,within_state,S012,Joint_LDA,0.2,0.05405405405405406,0.024285154719937196
80,7,within_state,S013,Raw,0.2708313908313908,0.1966490299823633,0.08530465949820776
80,7,within_state,S013,Trait_LDA,0.2708313908313908,0.1966490299823633,0.08530465949820776
80,7,within_state,S013,State_LDA,0.228034188034188,0.15020743145743146,0.055240793201133065
80,7,within_state,S013,Joint_LDA,0.2208080808080808,0.14444444444444446,0.07687097866576365
80,7,within_state,S014,Raw,0.17636363636363636,0.14768526667840168,0.043090638930163405
80,7,within_state,S014,Trait_LDA,0.17636363636363636,0.14768526667840168,0.043090638930163405
80,7,within_state,S014,State_LDA,0.23621212121212123,0.20443234893362772,0.10748702742772431
80,7,within_state,S014,Joint_LDA,0.215,0.10982905982905983,0.06327272727272737
80,7,within_state,S015,Raw,0.33571428571428574,0.20211988304093564,0.13978494623655913
80,7,within_state,S015,Trait_LDA,0.33571428571428574,0.20211988304093564,0.13978494623655913
80,7,within_state,S015,State_LDA,0.2904761904761905,0.16787037037037036,0.09919571045576392
80,7,within_state,S015,Joint_LDA,0.13428571428571429,0.05555555555555556,-0.007762879322512406
80,7,within_state,S017,Raw,0.31967754467754467,0.2111111111111111,0.16209476309226944
80,7,within_state,S017,Trait_LDA,0.31967754467754467,0.2111111111111111,0.16209476309226944
80,7,within_state,S017,State_LDA,0.31563714063714066,0.23423721340388004,0.15698924731182795
80,7,within_state,S017,Joint_LDA,0.19166666666666665,0.10644257703081232,0.0561797752808989
80,7,within_state,S018,Raw,0.26862914862914866,0.17773226375376913,0.07972270363951495
80,7,within_state,S018,Trait_LDA,0.26862914862914866,0.17773226375376913,0.07972270363951495
80,7,within_state,S018,State_LDA,0.2482251082251082,0.1777940697295536,0.08803763440860213
80,7,within_state,S018,Joint_LDA,0.12484848484848485,0.08101135190918472,-0.020561357702350014
80,7,within_state,S019,Raw,0.21151515151515152,0.15215924426450744,0.01833180568285986
80,7,within_state,S019,Trait_LDA,0.21151515151515152,0.15215924426450744,0.01833180568285986
80,7,within_state,S019,State_LDA,0.17818181818181816,0.1256132756132756,-0.008275862068965578
80,7,within_state,S019,Joint_LDA,0.22000000000000003,0.11538461538461538,0.07712193020249902
80,7,within_state,S021,Raw,0.3919191919191919,0.2575661886006713,0.18930957683741667
80,7,within_state,S021,Trait_LDA,0.3919191919191919,0.2575661886006713,0.18930957683741667
80,7,within_state,S021,State_LDA,0.43232323232323233,0.2984472049689441,0.2453825857519788
80,7,within_state,S021,Joint_LDA,0.39722222222222225,0.2496296296296296,0.19611307420494695
80,7,within_state,S022,Raw,0.4727272727272728,0.3946265172735761,0.3527260638297871
80,7,within_state,S022,Trait_LDA,0.4727272727272728,0.3946265172735761,0.3527260638297871
80,7,within_state,S022,State_LDA,0.43636363636363634,0.34406162464985995,0.303306342780027
80,7,within_state,S022,Joint_LDA,0.23636363636363633,0.1699756182514803,0.10102683007618407
80,7,within_state,S023,Raw,0.2633838383838384,0.18892400264949283,0.07747603833865813
80,7,within_state,S023,Trait_LDA,0.2633838383838384,0.18892400264949283,0.07747603833865813
80,7,within_state,S023,State_LDA,0.35227272727272724,0.24340393905611293,0.16097952629466072
80,7,within_state,S023,Joint_LDA,0.15,0.044444444444444446,-0.024714828897338448
80,7,within_state,S024,Raw,0.3205555555555556,0.25119883497165446,0.18612521150592232
80,7,within_state,S024,Trait_LDA,0.3205555555555556,0.25119883497165446,0.18612521150592232
80,7,within_state,S024,State_LDA,0.2811111111111111,0.21881532640046572,0.14394259181089075
80,7,within_state,S024,Joint_LDA,0.17777777777777776,0.06201550387596899,0.03622577927548454
80,7,within_state,S026,Raw,0.28888888888888886,0.21954244585823535,0.15025906735751293
80,7,within_state,S026,Trait_LDA,0.28888888888888886,0.21954244585823535,0.15025906735751293
80,7,within_state,S026,State_LDA,0.27444444444444444,0.22208729226717908,0.13814584096738736
80,7,within_state,S026,Joint_LDA,0.22666666666666666,0.15025062656641605,0.08396946564885499
80,7,within_state,S028,Raw,0.10454545454545454,0.08132650466746576,-0.08225108225108224
80,7,within_state,S028,Trait_LDA,0.10454545454545454,0.08132650466746576,-0.08225108225108224
80,7,within_state,S028,State_LDA,0.16590909090909092,0.1324915824915825,-0.009371339320577876
80,7,within_state,S028,Joint_LDA,0.175,0.05303030303030303,0.017491626349088185
80,7,within_state,S029,Raw,0.2782051282051282,0.21133159475264737,0.1076345431789737
80,7,within_state,S029,Trait_LDA,0.2782051282051282,0.21133159475264737,0.1076345431789737
80,7,within_state,S029,State_LDA,0.2382051282051282,0.19497354497354494,0.0840258541089568
80,7,within_state,S029,Joint_LDA,0.16153846153846155,0.10504549214226633,0.04836374167390678
80,7,within_state,S030,Raw,0.39454545454545453,0.283922973578146,0.22443079147090716
80,7,within_state,S030,Trait_LDA,0.39454545454545453,0.283922973578146,0.22443079147090716
80,7,within_state,S030,State_LDA,0.31999999999999995,0.23007662835249043,0.1473646468268195
80,7,within_state,S030,Joint_LDA,0.1781818181818182,0.07123034227567067,0.006988120195667191
80,7,within_state,S031,Raw,0.28095238095238095,0.17341269841269838,0.08582246529238546
80,7,within_state,S031,Trait_LDA,0.28095238095238095,0.17341269841269838,0.08582246529238546
80,7,within_state,S031,State_LDA,0.25873015873015875,0.15941286909028843,0.0843274372686138
80,7,within_state,S031,Joint_LDA,0.17142857142857143,0.046511627906976744,-0.019230769230769384
80,7,within_state,S033,Raw,0.4143589743589744,0.31256317488201546,0.27164622816796724
80,7,within_state,S033,Trait_LDA,0.4143589743589744,0.31256317488201546,0.27164622816796724
80,7,within_state,S033,State_LDA,0.4114529914529915,0.29806763285024157,0.2787878787878787
80,7,within_state,S033,Joint_LDA,0.24222222222222226,0.13636363636363638,0.06075288855758476
80,7,within_state,S037,Raw,0.15833333333333333,0.12674362674362674,0.01373521556657753
80,7,within_state,S037,Trait_LDA,0.15833333333333333,0.12674362674362674,0.01373521556657753
80,7,within_state,S037,State_LDA,0.15,0.1095068330362448,0.012982054219167649
80,7,within_state,S037,Joint_LDA,0.195,0.10742705570291777,0.05982905982905984
80,7,within_state,S039,Raw,0.24606060606060604,0.1660894660894661,0.0595382746051033
80,7,within_state,S039,Trait_LDA,0.24606060606060604,0.1660894660894661,0.0595382746051033
80,7,within_state,S039,State_LDA,0.19454545454545452,0.13870370370370372,0.006134969325153228
80,7,within_state,S039,Joint_LDA,0.21818181818181817,0.05933484504913076,0.016660209221232125
80,7,within_state,S040,Raw,0.37272727272727274,0.2750793650793651,0.21544869367663766
80,7,within_state,S040,Trait_LDA,0.37272727272727274,0.2750793650793651,0.21544869367663766
80,7,within_state,S040,State_LDA,0.33535353535353535,0.24426646325959825,0.16704805491990848
80,7,within_state,S040,Joint_LDA,0.2,0.1043360433604336,0.041165755919854385
80,7,within_state,S041,Raw,0.2127272727272727,0.16710696710696712,0.06189624329159216
80,7,within_state,S041,Trait_LDA,0.2127272727272727,0.16710696710696712,0.06189624329159216
80,7,within_state,S041,State_LDA,0.24464646464646464,0.19170147591200223,0.10332499106185189
80,7,within_state,S041,Joint_LDA,0.18222222222222223,0.08170731707317073,0.03661971830985922
80,7,within_state,S042,Raw,0.3665151515151515,0.28086419753086417,0.2265910012160519
80,7,within_state,S042,Trait_LDA,0.3665151515151515,0.28086419753086417,0.2265910012160519
80,7,within_state,S042,State_LDA,0.277070707070707,0.2120718462823726,0.12900575184880858
80,7,within_state,S042,Joint_LDA,0.2583333333333333,0.13315696649029982,0.1045856798069188
80,7,within_state,S043,Raw,0.1953146853146853,0.1550893362438354,0.015435501653803918
80,7,within_state,S043,Trait_LDA,0.1953146853146853,0.1550893362438354,0.015435501653803918
80,7,within_state,S043,State_LDA,0.26706293706293704,0.20693542568542567,0.08510638297872342
80,7,within_state,S043,Joint_LDA,0.19545454545454546,0.0910010111223458,0.03528988116672671
80,7,within_state,S044,Raw,0.35363247863247865,0.28793652444768064,0.18540804813839795
80,7,within_state,S044,Trait_LDA,0.35363247863247865,0.28793652444768064,0.18540804813839795
80,7,within_state,S044,State_LDA,0.3215811965811966,0.21824032176973351,0.14798206278026904
80,7,within_state,S044,Joint_LDA,0.1,0.03809523809523809,-0.08982683982683981
80,7,within_state,S045,Raw,0.2822222222222222,0.22685185185185186,0.15254237288135597
80,7,within_state,S045,Trait_LDA,0.2822222222222222,0.22685185185185186,0.15254237288135597
80,7,within_state,S045,State_LDA,0.3155555555555555,0.23931623931623935,0.162401116798511
80,7,within_state,S045,Joint_LDA,0.25999999999999995,0.1767857142857143,0.11268855368234243
80,7,within_state,S047,Raw,0.27936507936507937,0.2192760942760943,0.15257422021796307
80,7,within_state,S047,Trait_LDA,0.27936507936507937,0.2192760942760943,0.15257422021796307
80,7,within_state,S047,State_LDA,0.30158730158730157,0.23886104149262044,0.17541229385307333
80,7,within_state,S047,Joint_LDA,0.14444444444444443,0.08764367816091954,0.003328402366863936
80,7,within_state,S049,Raw,0.23666666666666666,0.20331232492997198,0.08639228772710417
80,7,within_state,S049,Trait_LDA,0.23666666666666666,0.20331232492997198,0.08639228772710417
80,7,within_state,S049,State_LDA,0.2677777777777778,0.22084883926989188,0.09850517439632045
80,7,within_state,S049,Joint_LDA,0.24,0.108843537414966,0.0755685986793837
80,7,within_state,S050,Raw,0.3375757575757576,0.25814666196313607,0.165335463258786
80,7,within_state,S050,Trait_LDA,0.3375757575757576,0.25814666196313607,0.165335463258786
80,7,within_state,S050,State_LDA,0.37757575757575756,0.2840295538505257,0.20894926088693577
80,7,within_state,S050,Joint_LDA,0.2202020202020202,0.11081242532855436,0.051724137931034475
80,7,within_state,S051,Raw,0.2721212121212121,0.2133772507685551,0.12597547380156093
80,7,within_state,S051,Trait_LDA,0.2721212121212121,0.2133772507685551,0.12597547380156093
80,7,within_state,S051,State_LDA,0.28808080808080805,0.22474747474747478,0.14583333333333348
80,7,within_state,S051,Joint_LDA,0.2202020202020202,0.1313131313131313,0.08163265306122447
80,7,within_state,S052,Raw,0.18441558441558442,0.14717741935483872,0.005543710021321813
80,7,within_state,S052,Trait_LDA,0.18441558441558442,0.14717741935483872,0.005543710021321813
80,7,within_state,S052,State_LDA,0.2207792207792208,0.17231379731379728,0.05074626865671639
80,7,within_state,S052,Joint_LDA,0.24155844155844158,0.11213235294117647,0.06822938467978246
80,7,within_state,S053,Raw,0.4159090909090909,0.34599567099567097,0.22388059701492546
80,7,within_state,S053,Trait_LDA,0.4159090909090909,0.34599567099567097,0.22388059701492546
80,7,within_state,S053,State_LDA,0.39217171717171717,0.32528243686138425,0.199637845178814
80,7,within_state,S053,Joint_LDA,0.23939393939393935,0.1734453781512605,0.03442028985507262
80,7,within_state,S054,Raw,0.2363636363636364,0.17565552683520014,0.04444444444444462
80,7,within_state,S054,Trait_LDA,0.2363636363636364,0.17565552683520014,0.04444444444444462
80,7,within_state,S054,State_LDA,0.2631818181818182,0.18306878306878308,0.06589785831960449
80,7,within_state,S054,Joint_LDA,0.16272727272727275,0.10557371096586783,-0.008526187576126665
80,7,within_state,S055,Raw,0.4002020202020202,0.29368686868686866,0.23544973544973546
80,7,within_state,S055,Trait_LDA,0.4002020202020202,0.29368686868686866,0.23544973544973546
80,7,within_state,S055,State_LDA,0.40727272727272723,0.2986111111111111,0.24427480916030542
80,7,within_state,S055,Joint_LDA,0.16666666666666669,0.041666666666666664,0.017587939698492594
80,7,within_state,S056,Raw,0.3255011655011655,0.25925561029009303,0.1920529801324503
80,7,within_state,S056,Trait_LDA,0.3255011655011655,0.25925561029009303,0.1920529801324503
80,7,within_state,S056,State_LDA,0.3482983682983683,0.2690562613430127,0.2065355329949239
80,7,within_state,S056,Joint_LDA,0.2418181818181818,0.13202614379084968,0.09377901578458692
80,7,within_state,S058,Raw,0.3428282828282828,0.217061077304485,0.17630057803468213
80,7,within_state,S058,Trait_LDA,0.3428282828282828,0.217061077304485,0.17630057803468213
80,7,within_state,S058,State_LDA,0.32646464646464646,0.23625140291806956,0.16950959488272932
80,7,within_state,S058,Joint_LDA,0.16777777777777778,0.09657145913564398,-0.0010752688172044333
80,7,within_state,S059,Raw,0.14188034188034188,0.12205910031996987,0.01015228426395931
80,7,within_state,S059,Trait_LDA,0.14188034188034188,0.12205910031996987,0.01015228426395931
80,7,within_state,S059,State_LDA,0.14871794871794872,0.1300583474496518,0.009314140558848383
80,7,within_state,S059,Joint_LDA,0.21538461538461537,0.07083333333333333,0.049167005282405585
80,7,within_state,S060,Raw,0.32222222222222224,0.2532920536635707,0.18377088305489242
80,7,within_state,S060,Trait_LDA,0.32222222222222224,0.2532920536635707,0.18377088305489242
80,7,within_state,S060,State_LDA,0.32222222222222224,0.2691086691086691,0.19560956487651904
80,7,within_state,S060,Joint_LDA,0.16994949494949493,0.11949746160272477,0.034214618973561484
80,7,within_state,S062,Raw,0.25575757575757574,0.1882728979503173,0.06743940990516328
80,7,within_state,S062,Trait_LDA,0.25575757575757574,0.1882728979503173,0.06743940990516328
80,7,within_state,S062,State_LDA,0.2872727272727273,0.2127680311890838,0.10321668434075637
80,7,within_state,S062,Joint_LDA,0.2309090909090909,0.11038961038961038,0.031097134870719856
80,7,within_state,S063,Raw,0.11333333333333333,0.07863247863247863,-0.024325351577346943
80,7,within_state,S063,Trait_LDA,0.11333333333333333,0.07863247863247863,-0.024325351577346943
80,7,within_state,S063,State_LDA,0.16,0.12121212121212122,0.0325047801147228
80,7,within_state,S063,Joint_LDA,0.21000000000000002,0.10846560846560845,0.04275444570563758
80,7,within_state,S064,Raw,0.34161616161616165,0.27669657234874623,0.19738863287250386
80,7,within_state,S064,Trait_LDA,0.34161616161616165,0.27669657234874623,0.19738863287250386
80,7,within_state,S064,State_LDA,0.32161616161616163,0.25918237623043117,0.17341040462427737
80,7,within_state,S064,Joint_LDA,0.18383838383838386,0.10336538461538462,0.046362608367885194
80,7,within_state,S065,Raw,0.21636363636363637,0.14633819339701692,0.023111417730251715
80,7,within_state,S065,Trait_LDA,0.21636363636363637,0.14633819339701692,0.023111417730251715
80,7,within_state,S065,State_LDA,0.2015151515151515,0.10649529538063213,-0.007513661202185773
80,7,within_state,S065,Joint_LDA,0.20833333333333331,0.12681159420289856,0.06284530386740328
80,7,within_state,S067,Raw,0.14545454545454545,0.09707602339181286,-0.0625
80,7,within_state,S067,Trait_LDA,0.14545454545454545,0.09707602339181286,-0.0625
80,7,within_state,S067,State_LDA,0.12727272727272726,0.0873015873015873,-0.08333333333333326
80,7,within_state,S067,Joint_LDA,0.18181818181818182,0.10522800468452642,-0.016883573689764564
80,7,within_state,S068,Raw,0.20909090909090908,0.12797619047619047,0.027027027027026973
80,7,within_state,S068,Trait_LDA,0.20909090909090908,0.12797619047619047,0.027027027027026973
80,7,within_state,S068,State_LDA,0.18409090909090908,0.12068797742422031,-0.006628003314001818
80,7,within_state,S068,Joint_LDA,0.26565656565656565,0.16254617789144643,0.09061748195669617
80,7,within_state,S069,Raw,0.32727272727272727,0.23239991003148897,0.20035971223021576
80,7,within_state,S069,Trait_LDA,0.32727272727272727,0.23239991003148897,0.20035971223021576
80,7,within_state,S069,State_LDA,0.3090909090909091,0.2253393665158371,0.18947742623533592
80,7,within_state,S069,Joint_LDA,0.22626262626262625,0.13685636856368563,0.08523537803138381
80,7,within_state,S070,Raw,0.34285714285714286,0.20138248847926268,0.15484633569739958
80,7,within_state,S070,Trait_LDA,0.34285714285714286,0.20138248847926268,0.15484633569739958
80,7,within_state,S070,State_LDA,0.36103896103896105,0.22757296466973886,0.1800706159278147
80,7,within_state,S070,Joint_LDA,0.4415584415584415,0.35634540897698785,0.2681451612903226
80,7,within_state,S071,Raw,0.18222222222222223,0.1346058996645468,0.005728314238952592
80,7,within_state,S071,Trait_LDA,0.18222222222222223,0.1346058996645468,0.005728314238952592
80,7,within_state,S071,State_LDA,0.22222222222222224,0.16542207792207794,0.053403995108030955
80,7,within_state,S071,Joint_LDA,0.2311111111111111,0.1095611740773031,0.05378973105134466
80,7,within_state,S073,Raw,0.22828282828282828,0.1626642771804062,0.0777439024390244
80,7,within_state,S073,Trait_LDA,0.22828282828282828,0.1626642771804062,0.0777439024390244
80,7,within_state,S073,State_LDA,0.2363636363636364,0.15404040404040406,0.08194233687405161
80,7,within_state,S073,Joint_LDA,0.2505050505050505,0.15505050505050505,0.10518350359440032
80,7,within_state,S075,Raw,0.2927272727272728,0.21902534113060432,0.13096139288417874
80,7,within_state,S075,Trait_LDA,0.2927272727272728,0.21902534113060432,0.13096139288417874
80,7,within_state,S075,State_LDA,0.23454545454545456,0.16765873015873015,0.05557684936757368
80,7,within_state,S075,Joint_LDA,0.18363636363636365,0.09365079365079365,0.03700934579439241
80,7,within_state,S077,Raw,0.24,0.16954150081085065,0.057048561999056946
80,7,within_state,S077,Trait_LDA,0.24,0.16954150081085065,0.057048561999056946
80,7,within_state,S077,State_LDA,0.28444444444444444,0.20705741626794258,0.11173445535296866
80,7,within_state,S077,Joint_LDA,0.2,0.09610215053763442,0.03669724770642191
80,7,within_state,S078,Raw,0.1522222222222222,0.11105743424584004,-0.037644787644787625
80,7,within_state,S078,Trait_LDA,0.1522222222222222,0.11105743424584004,-0.037644787644787625
80,7,within_state,S078,State_LDA,0.17722222222222223,0.12499999999999999,-0.013024602026049381
80,7,within_state,S078,Joint_LDA,0.215,0.11617405582922824,0.037536092396535214
80,7,within_state,S079,Raw,0.2688888888888889,0.194510582010582,0.0947907771135782
80,7,within_state,S079,Trait_LDA,0.2688888888888889,0.194510582010582,0.0947907771135782
80,7,within_state,S079,State_LDA,0.2066666666666667,0.15138888888888888,0.02731540759709794
80,7,within_state,S079,Joint_LDA,0.20444444444444443,0.1027077497665733,0.024400684931506822
80,7,within_state,S080,Raw,0.1993939393939394,0.1469293924466338,0.022099447513812098
80,7,within_state,S080,Trait_LDA,0.1993939393939394,0.1469293924466338,0.022099447513812098
80,7,within_state,S080,State_LDA,0.2572727272727272,0.18494708994708997,0.09168662333219291
80,7,within_state,S080,Joint_LDA,0.2533333333333333,0.14160401002506265,0.09847198641765709
80,7,within_state,S081,Raw,0.2665151515151515,0.2051441241685144,0.06666666666666665
80,7,within_state,S081,Trait_LDA,0.2665151515151515,0.2051441241685144,0.06666666666666665
80,7,within_state,S081,State_LDA,0.2696969696969697,0.23112475759534581,0.06888361045130631
80,7,within_state,S081,Joint_LDA,0.19166666666666665,0.07977207977207977,-0.012307692307692353
80,7,within_state,S083,Raw,0.2319191919191919,0.17476266360977108,0.042079207920792006
80,7,within_state,S083,Trait_LDA,0.2319191919191919,0.17476266360977108,0.042079207920792006
80,7,within_state,S083,State_LDA,0.2137373737373737,0.15462205530117246,0.021013597033374465
80,7,within_state,S083,Joint_LDA,0.1511111111111111,0.08333333333333333,0.003924646781789609
80,7,within_state,S084,Raw,0.2583333333333333,0.1934355118565645,0.0987415295256533
80,7,within_state,S084,Trait_LDA,0.2583333333333333,0.1934355118565645,0.0987415295256533
80,7,within_state,S084,State_LDA,0.30277777777777776,0.21958041958041954,0.13909224011713028
80,7,within_state,S084,Joint_LDA,0.18055555555555552,0.11997863247863248,0.03134040501446489
80,7,within_state,S085,Raw,0.26564102564102565,0.15793650793650793,0.04979442667884881
80,7,within_state,S085,Trait_LDA,0.26564102564102565,0.15793650793650793,0.04979442667884881
80,7,within_state,S085,State_LDA,0.261025641025641,0.1382716049382716,0.06558849955076362
80,7,within_state,S085,Joint_LDA,0.258974358974359,0.11435997400909681,0.05033407572383064
80,7,within_state,S089,Raw,0.4139860139860139,0.4031849040923451,0.20661157024793397
80,7,within_state,S089,Trait_LDA,0.4139860139860139,0.4031849040923451,0.20661157024793397
80,7,within_state,S089,State_LDA,0.43578088578088575,0.4062885154061625,0.23491773308957953
80,7,within_state,S089,Joint_LDA,0.32960372960372963,0.2282799298581221,0.08961845607808339
80,7,within_state,S091,Raw,0.3841414141414142,0.26313431428032447,0.20654627539503378
80,7,within_state,S091,Trait_LDA,0.3841414141414142,0.26313431428032447,0.20654627539503378
80,7,within_state,S091,State_LDA,0.3915151515151515,0.27546296296296297,0.23253275109170302
80,7,within_state,S091,Joint_LDA,0.13333333333333333,0.046511627906976744,-0.015368494586098569
80,7,within_state,S093,Raw,0.2011111111111111,0.14444444444444446,0.034120734908136496
80,7,within_state,S093,Trait_LDA,0.2011111111111111,0.14444444444444446,0.034120734908136496
80,7,within_state,S093,State_LDA,0.2011111111111111,0.14091415830546264,0.028291210863825023
80,7,within_state,S093,Joint_LDA,0.17555555555555555,0.07386363636363637,0.015745148297326872
80,7,within_state,S094,Raw,0.21333333333333332,0.15668976920911906,0.05981848184818506
80,7,within_state,S094,Trait_LDA,0.21333333333333332,0.15668976920911906,0.05981848184818506
80,7,within_state,S094,State_LDA,0.23333333333333334,0.1730296384901648,0.07787903893951953
80,7,within_state,S094,Joint_LDA,0.16666666666666666,0.1128968253968254,0.023341523341523285
80,7,within_state,S095,Raw,0.1665151515151515,0.12462042788129744,-0.010906355772847043
80,7,within_state,S095,Trait_LDA,0.1665151515151515,0.12462042788129744,-0.010906355772847043
80,7,within_state,S095,State_LDA,0.11651515151515153,0.09206183344114378,-0.0646387832699622
80,7,within_state,S095,Joint_LDA,0.21136363636363636,0.08518518518518518,0.03976650857351327
80,7,within_state,S096,Raw,0.29000000000000004,0.19613541554284888,0.11571976298361786
80,7,within_state,S096,Trait_LDA,0.29000000000000004,0.19613541554284888,0.11571976298361786
80,7,within_state,S096,State_LDA,0.3466666666666667,0.2457331940090561,0.16872138076787613
80,7,within_state,S096,Joint_LDA,0.2166666666666667,0.14277414669571534,0.0666442275328174
80,7,within_state,S098,Raw,0.28136363636363637,0.21592851592851595,0.1421763304209691
80,7,within_state,S098,Trait_LDA,0.28136363636363637,0.21592851592851595,0.1421763304209691
80,7,within_state,S098,State_LDA,0.2231818181818182,0.1617283950617284,0.07342378292098961
80,7,within_state,S098,Joint_LDA,0.16499999999999998,0.08912037037037036,0.021588280647648284
80,7,within_state,S099,Raw,0.22691197691197687,0.14657097288676238,0.03301886792452824
80,7,within_state,S099,Trait_LDA,0.22691197691197687,0.14657097288676238,0.03301886792452824
80,7,within_state,S099,State_LDA,0.20468975468975467,0.1318536239588871,0.013157894736842035
80,7,within_state,S099,Joint_LDA,0.2,0.05982905982905983,0.04060687193217316
80,7,within_state,S101,Raw,0.4478787878787879,0.32080411407199627,0.2921665490472829
80,7,within_state,S101,Trait_LDA,0.4478787878787879,0.32080411407199627,0.2921665490472829
80,7,within_state,S101,State_LDA,0.48939393939393944,0.3623737373737374,0.33591276820260296
80,7,within_state,S101,Joint_LDA,0.26181818181818184,0.1421788088454755,0.08226754234358802
80,7,within_state,S102,Raw,0.286060606060606,0.22992868645042555,0.1426607081471296
80,7,within_state,S102,Trait_LDA,0.286060606060606,0.22992868645042555,0.1426607081471296
80,7,within_state,S102,State_LDA,0.2678787878787879,0.2129183135704875,0.12452830188679231
80,7,within_state,S102,Joint_LDA,0.19636363636363635,0.1334175084175084,0.04950495049504955
80,7,within_state,S103,Raw,0.1716783216783217,0.11759406465288817,-0.01673640167364021
80,7,within_state,S103,Trait_LDA,0.1716783216783217,0.11759406465288817,-0.01673640167364021
80,7,within_state,S103,State_LDA,0.1966783216783217,0.1299719887955182,0.012058212058211892
80,7,within_state,S103,Joint_LDA,0.18246753246753247,0.0893806485911749,-0.013983220135837193
80,7,within_state,S104,Raw,0.32272727272727275,0.24915824915824913,0.16317991631799178
80,7,within_state,S104,Trait_LDA,0.32272727272727275,0.24915824915824913,0.16317991631799178
80,7,within_state,S104,State_LDA,0.29772727272727273,0.22520189362294626,0.13227016885553478
80,7,within_state,S104,Joint_LDA,0.275,0.1775048480930834,0.0714285714285714
80,7,within_state,S105,Raw,0.2533333333333333,0.1634920634920635,0.07308377896613205
80,7,within_state,S105,Trait_LDA,0.2533333333333333,0.1634920634920635,0.07308377896613205
80,7,within_state,S105,State_LDA,0.27555555555555555,0.1591245791245791,0.09058295964125562
80,7,within_state,S105,Joint_LDA,0.2733333333333333,0.21677655677655677,0.07985480943738643
80,7,within_state,S106,Raw,0.2761072261072261,0.1809462915601023,0.09832134292565953
80,7,within_state,S106,Trait_LDA,0.2761072261072261,0.1809462915601023,0.09832134292565953
80,7,within_state,S106,State_LDA,0.212004662004662,0.1465873319449757,0.016867469879518038
80,7,within_state,S106,Joint_LDA,0.2,0.05970149253731343,0.005973715651135025
80,7,within_state,S108,Raw,0.23666666666666666,0.16325757575757574,0.07766990291262144
80,7,within_state,S108,Trait_LDA,0.23666666666666666,0.16325757575757574,0.07766990291262144
80,7,within_state,S108,State_LDA,0.22777777777777777,0.1360153256704981,0.07367280606717219
80,7,within_state,S108,Joint_LDA,0.18,0.12114624505928853,-0.02051473330846698
80,7,within_state,S109,Raw,0.26454545454545453,0.20252599090318388,0.12251655629139069
80,7,within_state,S109,Trait_LDA,0.26454545454545453,0.20252599090318388,0.12251655629139069
80,7,within_state,S109,State_LDA,0.21636363636363637,0.15061728395061727,0.06470588235294095
80,7,within_state,S109,Joint_LDA,0.15,0.08632478632478634,-0.002055076037813519
80,8,within_state,S001,Raw,0.2855555555555556,0.20969089390142023,0.10855565777368914
80,8,within_state,S001,Trait_LDA,0.2855555555555556,0.20969089390142023,0.10855565777368914
80,8,within_state,S001,State_LDA,0.2855555555555556,0.21403050108932462,0.10773480662983448
80,8,within_state,S001,Joint_LDA,0.25277777777777777,0.1555207244862417,0.05642923219241436
80,8,within_state,S003,Raw,0.28828282828282825,0.21287477954144618,0.14029736942432336
80,8,within_state,S003,Trait_LDA,0.28828282828282825,0.21287477954144618,0.14029736942432336
80,8,within_state,S003,State_LDA,0.26747474747474753,0.21191626409017714,0.12665406427221182
80,8,within_state,S003,Joint_LDA,0.2311111111111111,0.12452107279693486,0.08541194255479967
80,8,within_state,S004,Raw,0.3007575757575757,0.21347813979392924,0.13444553483807653
80,8,within_state,S004,Trait_LDA,0.3007575757575757,0.21347813979392924,0.13444553483807653
80,8,within_state,S004,State_LDA,0.31590909090909086,0.21031746031746032,0.13571778539931412
80,8,within_state,S004,Joint_LDA,0.24722222222222223,0.12953712953712954,0.06264945002391209
80,8,within_state,S005,Raw,0.2381818181818182,0.15215686274509804,0.06630476929042273
80,8,within_state,S005,Trait_LDA,0.2381818181818182,0.15215686274509804,0.06630476929042273
80,8,within_state,S005,State_LDA,0.22000000000000003,0.1305141411403271,0.04570100697134016
80,8,within_state,S005,Joint_LDA,0.2505050505050505,0.1246376811594203,0.08909426987060998
80,8,within_state,S007,Raw,0.4381818181818182,0.3363361426441922,0.314086956521739
80,8,within_state,S007,Trait_LDA,0.4381818181818182,0.3363361426441922,0.314086956521739
80,8,within_state,S007,State_LDA,0.443030303030303,0.3457777690102317,0.31646447140381284
80,8,within_state,S007,Joint_LDA,0.30333333333333334,0.180339985218034,0.17602217602217596
80,8,within_state,S008,Raw,0.3005050505050505,0.19871356891213834,0.12797739200645952
80,8,within_state,S008,Trait_LDA,0.3005050505050505,0.19871356891213834,0.12797739200645952
80,8,within_state,S008,State_LDA,0.29242424242424236,0.2114960860877376,0.1258599757183324
80,8,within_state,S008,Joint_LDA,0.2833333333333333,0.12380952380952381,0.0949720670391061
80,8,within_state,S009,Raw,0.3088888888888889,0.20675381263616557,0.17801784875528415
80,8,within_state,S009,Trait_LDA,0.3088888888888889,0.20675381263616557,0.17801784875528415
80,8,within_state,S009,State_LDA,0.22666666666666666,0.14309764309764308,0.048316251830161194
80,8,within_state,S009,Joint_LDA,0.10888888888888888,0.05992063492063491,-0.05359596885020612
80,8,within_state,S010,Raw,0.15936507936507938,0.09401629072681704,-0.03130287648054142
80,8,within_state,S010,Trait_LDA,0.15936507936507938,0.09401629072681704,-0.03130287648054142
80,8,within_state,S010,State_LDA,0.1707936507936508,0.0892156862745098,-0.028460543337645472
80,8,within_state,S010,Joint_LDA,0.23428571428571426,0.10820624546114743,0.05709557302441037
80,8,within_state,S011,Raw,0.21818181818181817,0.14664664664664664,0.03581363004172455
80,8,within_state,S011,Trait_LDA,0.21818181818181817,0.14664664664664664,0.03581363004172455
80,8,within_state,S011,State_LDA,0.2363636363636364,0.18312849860837477,0.056328233657857996
80,8,within_state,S011,Joint_LDA,0.12727272727272726,0.07995642701525055,-0.042828008157715924
80,8,within_state,S012,Raw,0.27575757575757576,0.1714119214119214,0.10024252223120445
80,8,within_state,S012,Trait_LDA,0.27575757575757576,0.1714119214119214,0.10024252223120445
80,8,within_state,S012,State_LDA,0.2606060606060606,0.16110432777099443,0.09327902240325858
80,8,within_state,S012,Joint_LDA,0.2,0.05405405405405406,0.024285154719937196
80,8,within_state,S014,Raw,0.17636363636363636,0.14768526667840168,0.043090638930163405
80,8,within_state,S014,Trait_LDA,0.17636363636363636,0.14768526667840168,0.043090638930163405
80,8,within_state,S014,State_LDA,0.23621212121212123,0.20443234893362772,0.10748702742772431
80,8,within_state,S014,Joint_LDA,0.215,0.10982905982905983,0.06327272727272737
80,8,within_state,S017,Raw,0.31967754467754467,0.2111111111111111,0.16209476309226944
80,8,within_state,S017,Trait_LDA,0.31967754467754467,0.2111111111111111,0.16209476309226944
80,8,within_state,S017,State_LDA,0.31563714063714066,0.23423721340388004,0.15698924731182795
80,8,within_state,S017,Joint_LDA,0.19166666666666665,0.10644257703081232,0.0561797752808989
80,8,within_state,S018,Raw,0.26862914862914866,0.17773226375376913,0.07972270363951495
80,8,within_state,S018,Trait_LDA,0.26862914862914866,0.17773226375376913,0.07972270363951495
80,8,within_state,S018,State_LDA,0.2482251082251082,0.1777940697295536,0.08803763440860213
80,8,within_state,S018,Joint_LDA,0.12484848484848485,0.08101135190918472,-0.020561357702350014
80,8,within_state,S019,Raw,0.21151515151515152,0.15215924426450744,0.01833180568285986
80,8,within_state,S019,Trait_LDA,0.21151515151515152,0.15215924426450744,0.01833180568285986
80,8,within_state,S019,State_LDA,0.17818181818181816,0.1256132756132756,-0.008275862068965578
80,8,within_state,S019,Joint_LDA,0.22000000000000003,0.11538461538461538,0.07712193020249902
80,8,within_state,S020,Raw,0.2176262626262626,0.15802003410059676,0.05670529801324509
80,8,within_state,S020,Trait_LDA,0.2176262626262626,0.15802003410059676,0.05670529801324509
80,8,within_state,S020,State_LDA,0.26262626262626265,0.1915219421101774,0.1039175257731959
80,8,within_state,S020,Joint_LDA,0.2,0.06060606060606061,0.05017921146953408
80,8,within_state,S021,Raw,0.3919191919191919,0.2575661886006713,0.18930957683741667
80,8,within_state,S021,Trait_LDA,0.3919191919191919,0.2575661886006713,0.18930957683741667
80,8,within_state,S021,State_LDA,0.43232323232323233,0.2984472049689441,0.2453825857519788
80,8,within_state,S021,Joint_LDA,0.39722222222222225,0.2496296296296296,0.19611307420494695
80,8,within_state,S022,Raw,0.4727272727272728,0.3946265172735761,0.3527260638297871
80,8,within_state,S022,Trait_LDA,0.4727272727272728,0.3946265172735761,0.3527260638297871
80,8,within_state,S022,State_LDA,0.43636363636363634,0.34406162464985995,0.303306342780027
80,8,within_state,S022,Joint_LDA,0.23636363636363633,0.1699756182514803,0.10102683007618407
80,8,within_state,S023,Raw,0.2633838383838384,0.18892400264949283,0.07747603833865813
80,8,within_state,S023,Trait_LDA,0.2633838383838384,0.18892400264949283,0.07747603833865813
80,8,within_state,S023,State_LDA,0.35227272727272724,0.24340393905611293,0.16097952629466072
80,8,within_state,S023,Joint_LDA,0.15,0.044444444444444446,-0.024714828897338448
80,8,within_state,S024,Raw,0.3205555555555556,0.25119883497165446,0.18612521150592232
80,8,within_state,S024,Trait_LDA,0.3205555555555556,0.25119883497165446,0.18612521150592232
80,8,within_state,S024,State_LDA,0.2811111111111111,0.21881532640046572,0.14394259181089075
80,8,within_state,S024,Joint_LDA,0.17777777777777776,0.06201550387596899,0.03622577927548454
80,8,within_state,S025,Raw,0.15757575757575756,0.11508771929824561,0.0117647058823529
80,8,within_state,S025,Trait_LDA,0.15757575757575756,0.11508771929824561,0.0117647058823529
80,8,within_state,S025,State_LDA,0.1575757575757576,0.11294117647058825,0.01969365426695846
80,8,within_state,S025,Joint_LDA,0.16565656565656567,0.09080459770114942,0.021477975973789643
80,8,within_state,S026,Raw,0.28888888888888886,0.21954244585823535,0.15025906735751293
80,8,within_state,S026,Trait_LDA,0.28888888888888886,0.21954244585823535,0.15025906735751293
80,8,within_state,S026,State_LDA,0.27444444444444444,0.22208729226717908,0.13814584096738736
80,8,within_state,S026,Joint_LDA,0.22666666666666666,0.15025062656641605,0.08396946564885499
80,8,within_state,S027,Raw,0.2482828282828283,0.20592592592592593,0.07308377896613194
80,8,within_state,S027,Trait_LDA,0.2482828282828283,0.20592592592592593,0.07308377896613194
80,8,within_state,S027,State_LDA,0.3112842712842713,0.20763673890608872,0.13257243195785762
80,8,within_state,S027,Joint_LDA,0.2,0.05555555555555555,0.04137648504711189
80,8,within_state,S028,Raw,0.10454545454545454,0.08132650466746576,-0.08225108225108224
80,8,within_state,S028,Trait_LDA,0.10454545454545454,0.08132650466746576,-0.08225108225108224
80,8,within_state,S028,State_LDA,0.16590909090909092,0.1324915824915825,-0.009371339320577876
80,8,within_state,S028,Joint_LDA,0.175,0.05303030303030303,0.017491626349088185
80,8,within_state,S029,Raw,0.2782051282051282,0.21133159475264737,0.1076345431789737
80,8,within_state,S029,Trait_LDA,0.2782051282051282,0.21133159475264737,0.1076345431789737
80,8,within_state,S029,State_LDA,0.2382051282051282,0.19497354497354494,0.0840258541089568
80,8,within_state,S029,Joint_LDA,0.16153846153846155,0.10504549214226633,0.04836374167390678
80,8,within_state,S030,Raw,0.39454545454545453,0.283922973578146,0.22443079147090716
80,8,within_state,S030,Trait_LDA,0.39454545454545453,0.283922973578146,0.22443079147090716
80,8,within_state,S030,State_LDA,0.31999999999999995,0.23007662835249043,0.1473646468268195
80,8,within_state,S030,Joint_LDA,0.1781818181818182,0.07123034227567067,0.006988120195667191
80,8,within_state,S031,Raw,0.28095238095238095,0.17341269841269838,0.08582246529238546
80,8,within_state,S031,Trait_LDA,0.28095238095238095,0.17341269841269838,0.08582246529238546
80,8,within_state,S031,State_LDA,0.25873015873015875,0.15941286909028843,0.0843274372686138
80,8,within_state,S031,Joint_LDA,0.17142857142857143,0.046511627906976744,-0.019230769230769384
80,8,within_state,S032,Raw,0.25826839826839826,0.19533799533799534,0.10576096302665516
80,8,within_state,S032,Trait_LDA,0.25826839826839826,0.19533799533799534,0.10576096302665516
80,8,within_state,S032,State_LDA,0.25826839826839826,0.19913419913419914,0.10652920962199319
80,8,within_state,S032,Joint_LDA,0.22507936507936507,0.15203089244851256,0.07869798104655945
80,8,within_state,S033,Raw,0.4143589743589744,0.31256317488201546,0.27164622816796724
80,8,within_state,S033,Trait_LDA,0.4143589743589744,0.31256317488201546,0.27164622816796724
80,8,within_state,S033,State_LDA,0.4114529914529915,0.29806763285024157,0.2787878787878787
80,8,within_state,S033,Joint_LDA,0.24222222222222226,0.13636363636363638,0.06075288855758476
80,8,within_state,S034,Raw,0.3887445887445887,0.2821523304281925,0.22416107382550332
80,8,within_state,S034,Trait_LDA,0.3887445887445887,0.2821523304281925,0.22416107382550332
80,8,within_state,S034,State_LDA,0.3220779220779221,0.24175824175824176,0.16467463479415678
80,8,within_state,S034,Joint_LDA,0.2698412698412699,0.13770180436847104,0.11535125758889853
80,8,within_state,S035,Raw,0.4163636363636363,0.26159420289855073,0.2611615962070327
80,8,within_state,S035,Trait_LDA,0.4163636363636363,0.26159420289855073,0.2611615962070327
80,8,within_state,S035,State_LDA,0.35454545454545455,0.22803195352214958,0.18371440032089836
80,8,within_state,S035,Joint_LDA,0.35353535353535354,0.24195475113122172,0.17810985460420026
80,8,within_state,S036,Raw,0.17493894993894993,0.12557998933928616,-0.009025270758122872
80,8,within_state,S036,Trait_LDA,0.17493894993894993,0.12557998933928616,-0.009025270758122872
80,8,within_state,S036,State_LDA,0.25757020757020754,0.18501221001221002,0.07349665924276161
80,8,within_state,S036,Joint_LDA,0.19682539682539685,0.08608058608058607,0.020967051775780954
80,8,within_state,S038,Raw,0.22222222222222224,0.1272727272727273,0.04788418708240516
80,8,within_state,S038,Trait_LDA,0.22222222222222224,0.1272727272727273,0.04788418708240516
80,8,within_state,S038,State_LDA,0.2,0.10894660894660894,0.04376367614879639
80,8,within_state,S038,Joint_LDA,0.21666666666666665,0.12916666666666668,0.06557377049180335
80,8,within_state,S039,Raw,0.24606060606060604,0.1660894660894661,0.0595382746051033
80,8,within_state,S039,Trait_LDA,0.24606060606060604,0.1660894660894661,0.0595382746051033
80,8,within_state,S039,State_LDA,0.19454545454545452,0.13870370370370372,0.006134969325153228
80,8,within_state,S039,Joint_LDA,0.21818181818181817,0.05933484504913076,0.016660209221232125
80,8,within_state,S041,Raw,0.2127272727272727,0.16710696710696712,0.06189624329159216
80,8,within_state,S041,Trait_LDA,0.2127272727272727,0.16710696710696712,0.06189624329159216
80,8,within_state,S041,State_LDA,0.24464646464646464,0.19170147591200223,0.10332499106185189
80,8,within_state,S041,Joint_LDA,0.18222222222222223,0.08170731707317073,0.03661971830985922
80,8,within_state,S042,Raw,0.3665151515151515,0.28086419753086417,0.2265910012160519
80,8,within_state,S042,Trait_LDA,0.3665151515151515,0.28086419753086417,0.2265910012160519
80,8,within_state,S042,State_LDA,0.277070707070707,0.2120718462823726,0.12900575184880858
80,8,within_state,S042,Joint_LDA,0.2583333333333333,0.13315696649029982,0.1045856798069188
80,8,within_state,S044,Raw,0.35363247863247865,0.28793652444768064,0.18540804813839795
80,8,within_state,S044,Trait_LDA,0.35363247863247865,0.28793652444768064,0.18540804813839795
80,8,within_state,S044,State_LDA,0.3215811965811966,0.21824032176973351,0.14798206278026904
80,8,within_state,S044,Joint_LDA,0.1,0.03809523809523809,-0.08982683982683981
80,8,within_state,S047,Raw,0.27936507936507937,0.2192760942760943,0.15257422021796307
80,8,within_state,S047,Trait_LDA,0.27936507936507937,0.2192760942760943,0.15257422021796307
80,8,within_state,S047,State_LDA,0.30158730158730157,0.23886104149262044,0.17541229385307333
80,8,within_state,S047,Joint_LDA,0.14444444444444443,0.08764367816091954,0.003328402366863936
80,8,within_state,S048,Raw,0.29267676767676765,0.18761022927689594,0.12266450040617394
80,8,within_state,S048,Trait_LDA,0.29267676767676765,0.18761022927689594,0.12266450040617394
80,8,within_state,S048,State_LDA,0.2063131313131313,0.13024002704530088,0.05639396346306602
80,8,within_state,S048,Joint_LDA,0.20303030303030303,0.12365423623030114,0.03914590747330948
80,8,within_state,S051,Raw,0.2721212121212121,0.2133772507685551,0.12597547380156093
80,8,within_state,S051,Trait_LDA,0.2721212121212121,0.2133772507685551,0.12597547380156093
80,8,within_state,S051,State_LDA,0.28808080808080805,0.22474747474747478,0.14583333333333348
80,8,within_state,S051,Joint_LDA,0.2202020202020202,0.1313131313131313,0.08163265306122447
80,8,within_state,S053,Raw,0.4159090909090909,0.34599567099567097,0.22388059701492546
80,8,within_state,S053,Trait_LDA,0.4159090909090909,0.34599567099567097,0.22388059701492546
80,8,within_state,S053,State_LDA,0.39217171717171717,0.32528243686138425,0.199637845178814
80,8,within_state,S053,Joint_LDA,0.23939393939393935,0.1734453781512605,0.03442028985507262
80,8,within_state,S054,Raw,0.2363636363636364,0.17565552683520014,0.04444444444444462
80,8,within_state,S054,Trait_LDA,0.2363636363636364,0.17565552683520014,0.04444444444444462
80,8,within_state,S054,State_LDA,0.2631818181818182,0.18306878306878308,0.06589785831960449
80,8,within_state,S054,Joint_LDA,0.16272727272727275,0.10557371096586783,-0.008526187576126665
80,8,within_state,S055,Raw,0.4002020202020202,0.29368686868686866,0.23544973544973546
80,8,within_state,S055,Trait_LDA,0.4002020202020202,0.29368686868686866,0.23544973544973546
80,8,within_state,S055,State_LDA,0.40727272727272723,0.2986111111111111,0.24427480916030542
80,8,within_state,S055,Joint_LDA,0.16666666666666669,0.041666666666666664,0.017587939698492594
80,8,within_state,S056,Raw,0.3255011655011655,0.25925561029009303,0.1920529801324503
80,8,within_state,S056,Trait_LDA,0.3255011655011655,0.25925561029009303,0.1920529801324503
80,8,within_state,S056,State_LDA,0.3482983682983683,0.2690562613430127,0.2065355329949239
80,8,within_state,S056,Joint_LDA,0.2418181818181818,0.13202614379084968,0.09377901578458692
80,8,within_state,S057,Raw,0.3457575757575757,0.25288073666516026,0.1790989660265878
80,8,within_state,S057,Trait_LDA,0.3457575757575757,0.25288073666516026,0.1790989660265878
80,8,within_state,S057,State_LDA,0.34505050505050505,0.2485131508319914,0.17329862402380058
80,8,within_state,S057,Joint_LDA,0.24242424242424238,0.12777284826974267,0.06964091403699668
80,8,within_state,S058,Raw,0.3428282828282828,0.217061077304485,0.17630057803468213
80,8,within_state,S058,Trait_LDA,0.3428282828282828,0.217061077304485,0.17630057803468213
80,8,within_state,S058,State_LDA,0.32646464646464646,0.23625140291806956,0.16950959488272932
80,8,within_state,S058,Joint_LDA,0.16777777777777778,0.09657145913564398,-0.0010752688172044333
80,8,within_state,S059,Raw,0.14188034188034188,0.12205910031996987,0.01015228426395931
80,8,within_state,S059,Trait_LDA,0.14188034188034188,0.12205910031996987,0.01015228426395931
80,8,within_state,S059,State_LDA,0.14871794871794872,0.1300583474496518,0.009314140558848383
80,8,within_state,S059,Joint_LDA,0.21538461538461537,0.07083333333333333,0.049167005282405585
80,8,within_state,S060,Raw,0.32222222222222224,0.2532920536635707,0.18377088305489242
80,8,within_state,S060,Trait_LDA,0.32222222222222224,0.2532920536635707,0.18377088305489242
80,8,within_state,S060,State_LDA,0.32222222222222224,0.2691086691086691,0.19560956487651904
80,8,within_state,S060,Joint_LDA,0.16994949494949493,0.11949746160272477,0.034214618973561484
80,8,within_state,S061,Raw,0.41656565656565653,0.31403318903318905,0.26037735849056587
80,8,within_state,S061,Trait_LDA,0.41656565656565653,0.31403318903318905,0.26037735849056587
80,8,within_state,S061,State_LDA,0.3721212121212122,0.2686202686202686,0.20000000000000018
80,8,within_state,S061,Joint_LDA,0.35797979797979795,0.23026392961876832,0.20030063885757232
80,8,within_state,S062,Raw,0.25575757575757574,0.1882728979503173,0.06743940990516328
80,8,within_state,S062,Trait_LDA,0.25575757575757574,0.1882728979503173,0.06743940990516328
80,8,within_state,S062,State_LDA,0.2872727272727273,0.2127680311890838,0.10321668434075637
80,8,within_state,S062,Joint_LDA,0.2309090909090909,0.11038961038961038,0.031097134870719856
80,8,within_state,S063,Raw,0.11333333333333333,0.07863247863247863,-0.024325351577346943
80,8,within_state,S063,Trait_LDA,0.11333333333333333,0.07863247863247863,-0.024325351577346943
80,8,within_state,S063,State_LDA,0.16,0.12121212121212122,0.0325047801147228
80,8,within_state,S063,Joint_LDA,0.21000000000000002,0.10846560846560845,0.04275444570563758
80,8,within_state,S064,Raw,0.34161616161616165,0.27669657234874623,0.19738863287250386
80,8,within_state,S064,Trait_LDA,0.34161616161616165,0.27669657234874623,0.19738863287250386
80,8,within_state,S064,State_LDA,0.32161616161616163,0.25918237623043117,0.17341040462427737
80,8,within_state,S064,Joint_LDA,0.18383838383838386,0.10336538461538462,0.046362608367885194
80,8,within_state,S065,Raw,0.21636363636363637,0.14633819339701692,0.023111417730251715
80,8,within_state,S065,Trait_LDA,0.21636363636363637,0.14633819339701692,0.023111417730251715
80,8,within_state,S065,State_LDA,0.2015151515151515,0.10649529538063213,-0.007513661202185773
80,8,within_state,S065,Joint_LDA,0.20833333333333331,0.12681159420289856,0.06284530386740328
80,8,within_state,S066,Raw,0.26,0.18199956905839257,0.1155378486055777
80,8,within_state,S066,Trait_LDA,0.26,0.18199956905839257,0.1155378486055777
80,8,within_state,S066,State_LDA,0.3022222222222222,0.21605038236617183,0.1515151515151517
80,8,within_state,S066,Joint_LDA,0.19555555555555557,0.0963327859879584,0.06066536203522521
80,8,within_state,S067,Raw,0.14545454545454545,0.09707602339181286,-0.0625
80,8,within_state,S067,Trait_LDA,0.14545454545454545,0.09707602339181286,-0.0625
80,8,within_state,S067,State_LDA,0.12727272727272726,0.0873015873015873,-0.08333333333333326
80,8,within_state,S067,Joint_LDA,0.18181818181818182,0.10522800468452642,-0.016883573689764564
80,8,within_state,S068,Raw,0.20909090909090908,0.12797619047619047,0.027027027027026973
80,8,within_state,S068,Trait_LDA,0.20909090909090908,0.12797619047619047,0.027027027027026973
80,8,within_state,S068,State_LDA,0.18409090909090908,0.12068797742422031,-0.006628003314001818
80,8,within_state,S068,Joint_LDA,0.26565656565656565,0.16254617789144643,0.09061748195669617
80,8,within_state,S069,Raw,0.32727272727272727,0.23239991003148897,0.20035971223021576
80,8,within_state,S069,Trait_LDA,0.32727272727272727,0.23239991003148897,0.20035971223021576
80,8,within_state,S069,State_LDA,0.3090909090909091,0.2253393665158371,0.18947742623533592
80,8,within_state,S069,Joint_LDA,0.22626262626262625,0.13685636856368563,0.08523537803138381
80,8,within_state,S070,Raw,0.34285714285714286,0.20138248847926268,0.15484633569739958
80,8,within_state,S070,Trait_LDA,0.34285714285714286,0.20138248847926268,0.15484633569739958
80,8,within_state,S070,State_LDA,0.36103896103896105,0.22757296466973886,0.1800706159278147
80,8,within_state,S070,Joint_LDA,0.4415584415584415,0.35634540897698785,0.2681451612903226
80,8,within_state,S071,Raw,0.18222222222222223,0.1346058996645468,0.005728314238952592
80,8,within_state,S071,Trait_LDA,0.18222222222222223,0.1346058996645468,0.005728314238952592
80,8,within_state,S071,State_LDA,0.22222222222222224,0.16542207792207794,0.053403995108030955
80,8,within_state,S071,Joint_LDA,0.2311111111111111,0.1095611740773031,0.05378973105134466
80,8,within_state,S072,Raw,0.21111111111111108,0.18347763347763346,0.07470564352415732
80,8,within_state,S072,Trait_LDA,0.21111111111111108,0.18347763347763346,0.07470564352415732
80,8,within_state,S072,State_LDA,0.2333333333333333,0.19487577639751552,0.09878542510121469
80,8,within_state,S072,Joint_LDA,0.19333333333333333,0.14833333333333334,0.06607929515418509
80,8,within_state,S075,Raw,0.2927272727272728,0.21902534113060432,0.13096139288417874
80,8,within_state,S075,Trait_LDA,0.2927272727272728,0.21902534113060432,0.13096139288417874
80,8,within_state,S075,State_LDA,0.23454545454545456,0.16765873015873015,0.05557684936757368
80,8,within_state,S075,Joint_LDA,0.18363636363636365,0.09365079365079365,0.03700934579439241
80,8,within_state,S076,Raw,0.18666666666666668,0.15644257703081232,0.05003909304143872
80,8,within_state,S076,Trait_LDA,0.18666666666666668,0.15644257703081232,0.05003909304143872
80,8,within_state,S076,State_LDA,0.2066666666666667,0.1611456176673568,0.06382978723404253
80,8,within_state,S076,Joint_LDA,0.21555555555555558,0.13366013071895425,0.07620528771384139
80,8,within_state,S078,Raw,0.1522222222222222,0.11105743424584004,-0.037644787644787625
80,8,within_state,S078,Trait_LDA,0.1522222222222222,0.11105743424584004,-0.037644787644787625
80,8,within_state,S078,State_LDA,0.17722222222222223,0.12499999999999999,-0.013024602026049381
80,8,within_state,S078,Joint_LDA,0.215,0.11617405582922824,0.037536092396535214
80,8,within_state,S080,Raw,0.1993939393939394,0.1469293924466338,0.022099447513812098
80,8,within_state,S080,Trait_LDA,0.1993939393939394,0.1469293924466338,0.022099447513812098
80,8,within_state,S080,State_LDA,0.2572727272727272,0.18494708994708997,0.09168662333219291
80,8,within_state,S080,Joint_LDA,0.2533333333333333,0.14160401002506265,0.09847198641765709
80,8,within_state,S082,Raw,0.33999999999999997,0.22762564796033355,0.16566866267465086
80,8,within_state,S082,Trait_LDA,0.33999999999999997,0.22762564796033355,0.16566866267465086
80,8,within_state,S082,State_LDA,0.36,0.23358585858585856,0.18108651911468798
80,8,within_state,S082,Joint_LDA,0.24000000000000005,0.14540382437754154,0.05964214711729632
80,8,within_state,S083,Raw,0.2319191919191919,0.17476266360977108,0.042079207920792006
80,8,within_state,S083,Trait_LDA,0.2319191919191919,0.17476266360977108,0.042079207920792006
80,8,within_state,S083,State_LDA,0.2137373737373737,0.15462205530117246,0.021013597033374465
80,8,within_state,S083,Joint_LDA,0.1511111111111111,0.08333333333333333,0.003924646781789609
80,8,within_state,S085,Raw,0.26564102564102565,0.15793650793650793,0.04979442667884881
80,8,within_state,S085,Trait_LDA,0.26564102564102565,0.15793650793650793,0.04979442667884881
80,8,within_state,S085,State_LDA,0.261025641025641,0.1382716049382716,0.06558849955076362
80,8,within_state,S085,Joint_LDA,0.258974358974359,0.11435997400909681,0.05033407572383064
80,8,within_state,S086,Raw,0.3401320901320901,0.22976190476190475,0.16800000000000004
80,8,within_state,S086,Trait_LDA,0.3401320901320901,0.22976190476190475,0.16800000000000004
80,8,within_state,S086,State_LDA,0.35273892773892773,0.23344827586206895,0.1837360951285002
80,8,within_state,S086,Joint_LDA,0.254040404040404,0.1469638242894057,0.10582992944671354
80,8,within_state,S089,Raw,0.4139860139860139,0.4031849040923451,0.20661157024793397
80,8,within_state,S089,Trait_LDA,0.4139860139860139,0.4031849040923451,0.20661157024793397
80,8,within_state,S089,State_LDA,0.43578088578088575,0.4062885154061625,0.23491773308957953
80,8,within_state,S089,Joint_LDA,0.32960372960372963,0.2282799298581221,0.08961845607808339
80,8,within_state,S091,Raw,0.3841414141414142,0.26313431428032447,0.20654627539503378
80,8,within_state,S091,Trait_LDA,0.3841414141414142,0.26313431428032447,0.20654627539503378
80,8,within_state,S091,State_LDA,0.3915151515151515,0.27546296296296297,0.23253275109170302
80,8,within_state,S091,Joint_LDA,0.13333333333333333,0.046511627906976744,-0.015368494586098569
80,8,within_state,S095,Raw,0.1665151515151515,0.12462042788129744,-0.010906355772847043
80,8,within_state,S095,Trait_LDA,0.1665151515151515,0.12462042788129744,-0.010906355772847043
80,8,within_state,S095,State_LDA,0.11651515151515153,0.09206183344114378,-0.0646387832699622
80,8,within_state,S095,Joint_LDA,0.21136363636363636,0.08518518518518518,0.03976650857351327
80,8,within_state,S096,Raw,0.29000000000000004,0.19613541554284888,0.11571976298361786
80,8,within_state,S096,Trait_LDA,0.29000000000000004,0.19613541554284888,0.11571976298361786
80,8,within_state,S096,State_LDA,0.3466666666666667,0.2457331940090561,0.16872138076787613
80,8,within_state,S096,Joint_LDA,0.2166666666666667,0.14277414669571534,0.0666442275328174
80,8,within_state,S097,Raw,0.22176767676767678,0.1638095238095238,0.025000000000000022
80,8,within_state,S097,Trait_LDA,0.22176767676767678,0.1638095238095238,0.025000000000000022
80,8,within_state,S097,State_LDA,0.24176767676767677,0.16013071895424835,0.05160142348754437
80,8,within_state,S097,Joint_LDA,0.17803030303030304,0.11464148877941982,0.01421800947867291
80,8,within_state,S098,Raw,0.28136363636363637,0.21592851592851595,0.1421763304209691
80,8,within_state,S098,Trait_LDA,0.28136363636363637,0.21592851592851595,0.1421763304209691
80,8,within_state,S098,State_LDA,0.2231818181818182,0.1617283950617284,0.07342378292098961
80,8,within_state,S098,Joint_LDA,0.16499999999999998,0.08912037037037036,0.021588280647648284
80,8,within_state,S099,Raw,0.22691197691197687,0.14657097288676238,0.03301886792452824
80,8,within_state,S099,Trait_LDA,0.22691197691197687,0.14657097288676238,0.03301886792452824
80,8,within_state,S099,State_LDA,0.20468975468975467,0.1318536239588871,0.013157894736842035
80,8,within_state,S099,Joint_LDA,0.2,0.05982905982905983,0.04060687193217316
80,8,within_state,S102,Raw,0.286060606060606,0.22992868645042555,0.1426607081471296
80,8,within_state,S102,Trait_LDA,0.286060606060606,0.22992868645042555,0.1426607081471296
80,8,within_state,S102,State_LDA,0.2678787878787879,0.2129183135704875,0.12452830188679231
80,8,within_state,S102,Joint_LDA,0.19636363636363635,0.1334175084175084,0.04950495049504955
80,8,within_state,S103,Raw,0.1716783216783217,0.11759406465288817,-0.01673640167364021
80,8,within_state,S103,Trait_LDA,0.1716783216783217,0.11759406465288817,-0.01673640167364021
80,8,within_state,S103,State_LDA,0.1966783216783217,0.1299719887955182,0.012058212058211892
80,8,within_state,S103,Joint_LDA,0.18246753246753247,0.0893806485911749,-0.013983220135837193
80,8,within_state,S104,Raw,0.32272727272727275,0.24915824915824913,0.16317991631799178
80,8,within_state,S104,Trait_LDA,0.32272727272727275,0.24915824915824913,0.16317991631799178
80,8,within_state,S104,State_LDA,0.29772727272727273,0.22520189362294626,0.13227016885553478
80,8,within_state,S104,Joint_LDA,0.275,0.1775048480930834,0.0714285714285714
80,8,within_state,S106,Raw,0.2761072261072261,0.1809462915601023,0.09832134292565953
80,8,within_state,S106,Trait_LDA,0.2761072261072261,0.1809462915601023,0.09832134292565953
80,8,within_state,S106,State_LDA,0.212004662004662,0.1465873319449757,0.016867469879518038
80,8,within_state,S106,Joint_LDA,0.2,0.05970149253731343,0.005973715651135025
80,8,within_state,S107,Raw,0.18857142857142856,0.12333965844402277,0.0035650623885917776
80,8,within_state,S107,Trait_LDA,0.18857142857142856,0.12333965844402277,0.0035650623885917776
80,8,within_state,S107,State_LDA,0.2257142857142857,0.13885116015846066,0.02630405706642891
80,8,within_state,S107,Joint_LDA,0.1,0.0574712643678161,-0.059843885516045026
80,8,within_state,S108,Raw,0.23666666666666666,0.16325757575757574,0.07766990291262144
80,8,within_state,S108,Trait_LDA,0.23666666666666666,0.16325757575757574,0.07766990291262144
80,8,within_state,S108,State_LDA,0.22777777777777777,0.1360153256704981,0.07367280606717219
80,8,within_state,S108,Joint_LDA,0.18,0.12114624505928853,-0.02051473330846698
80,9,within_state,S001,Raw,0.2855555555555556,0.20969089390142023,0.10855565777368914
80,9,within_state,S001,Trait_LDA,0.2855555555555556,0.20969089390142023,0.10855565777368914
80,9,within_state,S001,State_LDA,0.2855555555555556,0.21403050108932462,0.10773480662983448
80,9,within_state,S001,Joint_LDA,0.25277777777777777,0.1555207244862417,0.05642923219241436
80,9,within_state,S002,Raw,0.4590909090909091,0.3287789987789988,0.2834302325581395
80,9,within_state,S002,Trait_LDA,0.4590909090909091,0.3287789987789988,0.2834302325581395
80,9,within_state,S002,State_LDA,0.4027272727272727,0.2924691358024691,0.22302679217958
80,9,within_state,S002,Joint_LDA,0.32636363636363636,0.22193586464686207,0.15359357898577142
80,9,within_state,S004,Raw,0.3007575757575757,0.21347813979392924,0.13444553483807653
80,9,within_state,S004,Trait_LDA,0.3007575757575757,0.21347813979392924,0.13444553483807653
80,9,within_state,S004,State_LDA,0.31590909090909086,0.21031746031746032,0.13571778539931412
80,9,within_state,S004,Joint_LDA,0.24722222222222223,0.12953712953712954,0.06264945002391209
80,9,within_state,S006,Raw,0.3088888888888889,0.2326468344774981,0.1508064516129034
80,9,within_state,S006,Trait_LDA,0.3088888888888889,0.2326468344774981,0.1508064516129034
80,9,within_state,S006,State_LDA,0.3511111111111111,0.25169657234874626,0.18780487804878065
80,9,within_state,S006,Joint_LDA,0.31333333333333335,0.18563594019983473,0.15217391304347838
80,9,within_state,S008,Raw,0.3005050505050505,0.19871356891213834,0.12797739200645952
80,9,within_state,S008,Trait_LDA,0.3005050505050505,0.19871356891213834,0.12797739200645952
80,9,within_state,S008,State_LDA,0.29242424242424236,0.2114960860877376,0.1258599757183324
80,9,within_state,S008,Joint_LDA,0.2833333333333333,0.12380952380952381,0.0949720670391061
80,9,within_state,S009,Raw,0.3088888888888889,0.20675381263616557,0.17801784875528415
80,9,within_state,S009,Trait_LDA,0.3088888888888889,0.20675381263616557,0.17801784875528415
80,9,within_state,S009,State_LDA,0.22666666666666666,0.14309764309764308,0.048316251830161194
80,9,within_state,S009,Joint_LDA,0.10888888888888888,0.05992063492063491,-0.05359596885020612
80,9,within_state,S010,Raw,0.15936507936507938,0.09401629072681704,-0.03130287648054142
80,9,within_state,S010,Trait_LDA,0.15936507936507938,0.09401629072681704,-0.03130287648054142
80,9,within_state,S010,State_LDA,0.1707936507936508,0.0892156862745098,-0.028460543337645472
80,9,within_state,S010,Joint_LDA,0.23428571428571426,0.10820624546114743,0.05709557302441037
80,9,within_state,S011,Raw,0.21818181818181817,0.14664664664664664,0.03581363004172455
80,9,within_state,S011,Trait_LDA,0.21818181818181817,0.14664664664664664,0.03581363004172455
80,9,within_state,S011,State_LDA,0.2363636363636364,0.18312849860837477,0.056328233657857996
80,9,within_state,S011,Joint_LDA,0.12727272727272726,0.07995642701525055,-0.042828008157715924
80,9,within_state,S012,Raw,0.27575757575757576,0.1714119214119214,0.10024252223120445
80,9,within_state,S012,Trait_LDA,0.27575757575757576,0.1714119214119214,0.10024252223120445
80,9,within_state,S012,State_LDA,0.2606060606060606,0.16110432777099443,0.09327902240325858
80,9,within_state,S012,Joint_LDA,0.2,0.05405405405405406,0.024285154719937196
80,9,within_state,S013,Raw,0.2708313908313908,0.1966490299823633,0.08530465949820776
80,9,within_state,S013,Trait_LDA,0.2708313908313908,0.1966490299823633,0.08530465949820776
80,9,within_state,S013,State_LDA,0.228034188034188,0.15020743145743146,0.055240793201133065
80,9,within_state,S013,Joint_LDA,0.2208080808080808,0.14444444444444446,0.07687097866576365
80,9,within_state,S014,Raw,0.17636363636363636,0.14768526667840168,0.043090638930163405
80,9,within_state,S014,Trait_LDA,0.17636363636363636,0.14768526667840168,0.043090638930163405
80,9,within_state,S014,State_LDA,0.23621212121212123,0.20443234893362772,0.10748702742772431
80,9,within_state,S014,Joint_LDA,0.215,0.10982905982905983,0.06327272727272737
80,9,within_state,S015,Raw,0.33571428571428574,0.20211988304093564,0.13978494623655913
80,9,within_state,S015,Trait_LDA,0.33571428571428574,0.20211988304093564,0.13978494623655913
80,9,within_state,S015,State_LDA,0.2904761904761905,0.16787037037037036,0.09919571045576392
80,9,within_state,S015,Joint_LDA,0.13428571428571429,0.05555555555555556,-0.007762879322512406
80,9,within_state,S016,Raw,0.21833333333333332,0.1412037037037037,0.05413598960589017
80,9,within_state,S016,Trait_LDA,0.21833333333333332,0.1412037037037037,0.05413598960589017
80,9,within_state,S016,State_LDA,0.2583333333333333,0.17010511838098044,0.10189982728842817
80,9,within_state,S016,Joint_LDA,0.225,0.1364522417153996,0.06825938566552892
80,9,within_state,S017,Raw,0.31967754467754467,0.2111111111111111,0.16209476309226944
80,9,within_state,S017,Trait_LDA,0.31967754467754467,0.2111111111111111,0.16209476309226944
80,9,within_state,S017,State_LDA,0.31563714063714066,0.23423721340388004,0.15698924731182795
80,9,within_state,S017,Joint_LDA,0.19166666666666665,0.10644257703081232,0.0561797752808989
80,9,within_state,S019,Raw,0.21151515151515152,0.15215924426450744,0.01833180568285986
80,9,within_state,S019,Trait_LDA,0.21151515151515152,0.15215924426450744,0.01833180568285986
80,9,within_state,S019,State_LDA,0.17818181818181816,0.1256132756132756,-0.008275862068965578
80,9,within_state,S019,Joint_LDA,0.22000000000000003,0.11538461538461538,0.07712193020249902
80,9,within_state,S023,Raw,0.2633838383838384,0.18892400264949283,0.07747603833865813
80,9,within_state,S023,Trait_LDA,0.2633838383838384,0.18892400264949283,0.07747603833865813
80,9,within_state,S023,State_LDA,0.35227272727272724,0.24340393905611293,0.16097952629466072
80,9,within_state,S023,Joint_LDA,0.15,0.044444444444444446,-0.024714828897338448
80,9,within_state,S025,Raw,0.15757575757575756,0.11508771929824561,0.0117647058823529
80,9,within_state,S025,Trait_LDA,0.15757575757575756,0.11508771929824561,0.0117647058823529
80,9,within_state,S025,State_LDA,0.1575757575757576,0.11294117647058825,0.01969365426695846
80,9,within_state,S025,Joint_LDA,0.16565656565656567,0.09080459770114942,0.021477975973789643
80,9,within_state,S026,Raw,0.28888888888888886,0.21954244585823535,0.15025906735751293
80,9,within_state,S026,Trait_LDA,0.28888888888888886,0.21954244585823535,0.15025906735751293
80,9,within_state,S026,State_LDA,0.27444444444444444,0.22208729226717908,0.13814584096738736
80,9,within_state,S026,Joint_LDA,0.22666666666666666,0.15025062656641605,0.08396946564885499
80,9,within_state,S027,Raw,0.2482828282828283,0.20592592592592593,0.07308377896613194
80,9,within_state,S027,Trait_LDA,0.2482828282828283,0.20592592592592593,0.07308377896613194
80,9,within_state,S027,State_LDA,0.3112842712842713,0.20763673890608872,0.13257243195785762
80,9,within_state,S027,Joint_LDA,0.2,0.05555555555555555,0.04137648504711189
80,9,within_state,S028,Raw,0.10454545454545454,0.08132650466746576,-0.08225108225108224
80,9,within_state,S028,Trait_LDA,0.10454545454545454,0.08132650466746576,-0.08225108225108224
80,9,within_state,S028,State_LDA,0.16590909090909092,0.1324915824915825,-0.009371339320577876
80,9,within_state,S028,Joint_LDA,0.175,0.05303030303030303,0.017491626349088185
80,9,within_state,S030,Raw,0.39454545454545453,0.283922973578146,0.22443079147090716
80,9,within_state,S030,Trait_LDA,0.39454545454545453,0.283922973578146,0.22443079147090716
80,9,within_state,S030,State_LDA,0.31999999999999995,0.23007662835249043,0.1473646468268195
80,9,within_state,S030,Joint_LDA,0.1781818181818182,0.07123034227567067,0.006988120195667191
80,9,within_state,S031,Raw,0.28095238095238095,0.17341269841269838,0.08582246529238546
80,9,within_state,S031,Trait_LDA,0.28095238095238095,0.17341269841269838,0.08582246529238546
80,9,within_state,S031,State_LDA,0.25873015873015875,0.15941286909028843,0.0843274372686138
80,9,within_state,S031,Joint_LDA,0.17142857142857143,0.046511627906976744,-0.019230769230769384
80,9,within_state,S032,Raw,0.25826839826839826,0.19533799533799534,0.10576096302665516
80,9,within_state,S032,Trait_LDA,0.25826839826839826,0.19533799533799534,0.10576096302665516
80,9,within_state,S032,State_LDA,0.25826839826839826,0.19913419913419914,0.10652920962199319
80,9,within_state,S032,Joint_LDA,0.22507936507936507,0.15203089244851256,0.07869798104655945
80,9,within_state,S033,Raw,0.4143589743589744,0.31256317488201546,0.27164622816796724
80,9,within_state,S033,Trait_LDA,0.4143589743589744,0.31256317488201546,0.27164622816796724
80,9,within_state,S033,State_LDA,0.4114529914529915,0.29806763285024157,0.2787878787878787
80,9,within_state,S033,Joint_LDA,0.24222222222222226,0.13636363636363638,0.06075288855758476
80,9,within_state,S035,Raw,0.4163636363636363,0.26159420289855073,0.2611615962070327
80,9,within_state,S035,Trait_LDA,0.4163636363636363,0.26159420289855073,0.2611615962070327
80,9,within_state,S035,State_LDA,0.35454545454545455,0.22803195352214958,0.18371440032089836
80,9,within_state,S035,Joint_LDA,0.35353535353535354,0.24195475113122172,0.17810985460420026
80,9,within_state,S036,Raw,0.17493894993894993,0.12557998933928616,-0.009025270758122872
80,9,within_state,S036,Trait_LDA,0.17493894993894993,0.12557998933928616,-0.009025270758122872
80,9,within_state,S036,State_LDA,0.25757020757020754,0.18501221001221002,0.07349665924276161
80,9,within_state,S036,Joint_LDA,0.19682539682539685,0.08608058608058607,0.020967051775780954
80,9,within_state,S037,Raw,0.15833333333333333,0.12674362674362674,0.01373521556657753
80,9,within_state,S037,Trait_LDA,0.15833333333333333,0.12674362674362674,0.01373521556657753
80,9,within_state,S037,State_LDA,0.15,0.1095068330362448,0.012982054219167649
80,9,within_state,S037,Joint_LDA,0.195,0.10742705570291777,0.05982905982905984
80,9,within_state,S038,Raw,0.22222222222222224,0.1272727272727273,0.04788418708240516
80,9,within_state,S038,Trait_LDA,0.22222222222222224,0.1272727272727273,0.04788418708240516
80,9,within_state,S038,State_LDA,0.2,0.10894660894660894,0.04376367614879639
80,9,within_state,S038,Joint_LDA,0.21666666666666665,0.12916666666666668,0.06557377049180335
80,9,within_state,S039,Raw,0.24606060606060604,0.1660894660894661,0.0595382746051033
80,9,within_state,S039,Trait_LDA,0.24606060606060604,0.1660894660894661,0.0595382746051033
80,9,within_state,S039,State_LDA,0.19454545454545452,0.13870370370370372,0.006134969325153228
80,9,within_state,S039,Joint_LDA,0.21818181818181817,0.05933484504913076,0.016660209221232125
80,9,within_state,S040,Raw,0.37272727272727274,0.2750793650793651,0.21544869367663766
80,9,within_state,S040,Trait_LDA,0.37272727272727274,0.2750793650793651,0.21544869367663766
80,9,within_state,S040,State_LDA,0.33535353535353535,0.24426646325959825,0.16704805491990848
80,9,within_state,S040,Joint_LDA,0.2,0.1043360433604336,0.041165755919854385
80,9,within_state,S041,Raw,0.2127272727272727,0.16710696710696712,0.06189624329159216
80,9,within_state,S041,Trait_LDA,0.2127272727272727,0.16710696710696712,0.06189624329159216
80,9,within_state,S041,State_LDA,0.24464646464646464,0.19170147591200223,0.10332499106185189
80,9,within_state,S041,Joint_LDA,0.18222222222222223,0.08170731707317073,0.03661971830985922
80,9,within_state,S042,Raw,0.3665151515151515,0.28086419753086417,0.2265910012160519
80,9,within_state,S042,Trait_LDA,0.3665151515151515,0.28086419753086417,0.2265910012160519
80,9,within_state,S042,State_LDA,0.277070707070707,0.2120718462823726,0.12900575184880858
80,9,within_state,S042,Joint_LDA,0.2583333333333333,0.13315696649029982,0.1045856798069188
80,9,within_state,S043,Raw,0.1953146853146853,0.1550893362438354,0.015435501653803918
80,9,within_state,S043,Trait_LDA,0.1953146853146853,0.1550893362438354,0.015435501653803918
80,9,within_state,S043,State_LDA,0.26706293706293704,0.20693542568542567,0.08510638297872342
80,9,within_state,S043,Joint_LDA,0.19545454545454546,0.0910010111223458,0.03528988116672671
80,9,within_state,S044,Raw,0.35363247863247865,0.28793652444768064,0.18540804813839795
80,9,within_state,S044,Trait_LDA,0.35363247863247865,0.28793652444768064,0.18540804813839795
80,9,within_state,S044,State_LDA,0.3215811965811966,0.21824032176973351,0.14798206278026904
80,9,within_state,S044,Joint_LDA,0.1,0.03809523809523809,-0.08982683982683981
80,9,within_state,S046,Raw,0.17398989898989897,0.14259259259259258,0.03221535745807602
80,9,within_state,S046,Trait_LDA,0.17398989898989897,0.14259259259259258,0.03221535745807602
80,9,within_state,S046,State_LDA,0.12398989898989898,0.09928989139515454,-0.009234828496042402
80,9,within_state,S046,Joint_LDA,0.04722222222222222,0.03671497584541063,-0.07622739018087832
80,9,within_state,S048,Raw,0.29267676767676765,0.18761022927689594,0.12266450040617394
80,9,within_state,S048,Trait_LDA,0.29267676767676765,0.18761022927689594,0.12266450040617394
80,9,within_state,S048,State_LDA,0.2063131313131313,0.13024002704530088,0.05639396346306602
80,9,within_state,S048,Joint_LDA,0.20303030303030303,0.12365423623030114,0.03914590747330948
80,9,within_state,S049,Raw,0.23666666666666666,0.20331232492997198,0.08639228772710417
80,9,within_state,S049,Trait_LDA,0.23666666666666666,0.20331232492997198,0.08639228772710417
80,9,within_state,S049,State_LDA,0.2677777777777778,0.22084883926989188,0.09850517439632045
80,9,within_state,S049,Joint_LDA,0.24,0.108843537414966,0.0755685986793837
80,9,within_state,S050,Raw,0.3375757575757576,0.25814666196313607,0.165335463258786
80,9,within_state,S050,Trait_LDA,0.3375757575757576,0.25814666196313607,0.165335463258786
80,9,within_state,S050,State_LDA,0.37757575757575756,0.2840295538505257,0.20894926088693577
80,9,within_state,S050,Joint_LDA,0.2202020202020202,0.11081242532855436,0.051724137931034475
80,9,within_state,S051,Raw,0.2721212121212121,0.2133772507685551,0.12597547380156093
80,9,within_state,S051,Trait_LDA,0.2721212121212121,0.2133772507685551,0.12597547380156093
80,9,within_state,S051,State_LDA,0.28808080808080805,0.22474747474747478,0.14583333333333348
80,9,within_state,S051,Joint_LDA,0.2202020202020202,0.1313131313131313,0.08163265306122447
80,9,within_state,S055,Raw,0.4002020202020202,0.29368686868686866,0.23544973544973546
80,9,within_state,S055,Trait_LDA,0.4002020202020202,0.29368686868686866,0.23544973544973546
80,9,within_state,S055,State_LDA,0.40727272727272723,0.2986111111111111,0.24427480916030542
80,9,within_state,S055,Joint_LDA,0.16666666666666669,0.041666666666666664,0.017587939698492594
80,9,within_state,S056,Raw,0.3255011655011655,0.25925561029009303,0.1920529801324503
80,9,within_state,S056,Trait_LDA,0.3255011655011655,0.25925561029009303,0.1920529801324503
80,9,within_state,S056,State_LDA,0.3482983682983683,0.2690562613430127,0.2065355329949239
80,9,within_state,S056,Joint_LDA,0.2418181818181818,0.13202614379084968,0.09377901578458692
80,9,within_state,S057,Raw,0.3457575757575757,0.25288073666516026,0.1790989660265878
80,9,within_state,S057,Trait_LDA,0.3457575757575757,0.25288073666516026,0.1790989660265878
80,9,within_state,S057,State_LDA,0.34505050505050505,0.2485131508319914,0.17329862402380058
80,9,within_state,S057,Joint_LDA,0.24242424242424238,0.12777284826974267,0.06964091403699668
80,9,within_state,S058,Raw,0.3428282828282828,0.217061077304485,0.17630057803468213
80,9,within_state,S058,Trait_LDA,0.3428282828282828,0.217061077304485,0.17630057803468213
80,9,within_state,S058,State_LDA,0.32646464646464646,0.23625140291806956,0.16950959488272932
80,9,within_state,S058,Joint_LDA,0.16777777777777778,0.09657145913564398,-0.0010752688172044333
80,9,within_state,S059,Raw,0.14188034188034188,0.12205910031996987,0.01015228426395931
80,9,within_state,S059,Trait_LDA,0.14188034188034188,0.12205910031996987,0.01015228426395931
80,9,within_state,S059,State_LDA,0.14871794871794872,0.1300583474496518,0.009314140558848383
80,9,within_state,S059,Joint_LDA,0.21538461538461537,0.07083333333333333,0.049167005282405585
80,9,within_state,S060,Raw,0.32222222222222224,0.2532920536635707,0.18377088305489242
80,9,within_state,S060,Trait_LDA,0.32222222222222224,0.2532920536635707,0.18377088305489242
80,9,within_state,S060,State_LDA,0.32222222222222224,0.2691086691086691,0.19560956487651904
80,9,within_state,S060,Joint_LDA,0.16994949494949493,0.11949746160272477,0.034214618973561484
80,9,within_state,S061,Raw,0.41656565656565653,0.31403318903318905,0.26037735849056587
80,9,within_state,S061,Trait_LDA,0.41656565656565653,0.31403318903318905,0.26037735849056587
80,9,within_state,S061,State_LDA,0.3721212121212122,0.2686202686202686,0.20000000000000018
80,9,within_state,S061,Joint_LDA,0.35797979797979795,0.23026392961876832,0.20030063885757232
80,9,within_state,S063,Raw,0.11333333333333333,0.07863247863247863,-0.024325351577346943
80,9,within_state,S063,Trait_LDA,0.11333333333333333,0.07863247863247863,-0.024325351577346943
80,9,within_state,S063,State_LDA,0.16,0.12121212121212122,0.0325047801147228
80,9,within_state,S063,Joint_LDA,0.21000000000000002,0.10846560846560845,0.04275444570563758
80,9,within_state,S064,Raw,0.34161616161616165,0.27669657234874623,0.19738863287250386
80,9,within_state,S064,Trait_LDA,0.34161616161616165,0.27669657234874623,0.19738863287250386
80,9,within_state,S064,State_LDA,0.32161616161616163,0.25918237623043117,0.17341040462427737
80,9,within_state,S064,Joint_LDA,0.18383838383838386,0.10336538461538462,0.046362608367885194
80,9,within_state,S065,Raw,0.21636363636363637,0.14633819339701692,0.023111417730251715
80,9,within_state,S065,Trait_LDA,0.21636363636363637,0.14633819339701692,0.023111417730251715
80,9,within_state,S065,State_LDA,0.2015151515151515,0.10649529538063213,-0.007513661202185773
80,9,within_state,S065,Joint_LDA,0.20833333333333331,0.12681159420289856,0.06284530386740328
80,9,within_state,S066,Raw,0.26,0.18199956905839257,0.1155378486055777
80,9,within_state,S066,Trait_LDA,0.26,0.18199956905839257,0.1155378486055777
80,9,within_state,S066,State_LDA,0.3022222222222222,0.21605038236617183,0.1515151515151517
80,9,within_state,S066,Joint_LDA,0.19555555555555557,0.0963327859879584,0.06066536203522521
80,9,within_state,S067,Raw,0.14545454545454545,0.09707602339181286,-0.0625
80,9,within_state,S067,Trait_LDA,0.14545454545454545,0.09707602339181286,-0.0625
80,9,within_state,S067,State_LDA,0.12727272727272726,0.0873015873015873,-0.08333333333333326
80,9,within_state,S067,Joint_LDA,0.18181818181818182,0.10522800468452642,-0.016883573689764564
80,9,within_state,S069,Raw,0.32727272727272727,0.23239991003148897,0.20035971223021576
80,9,within_state,S069,Trait_LDA,0.32727272727272727,0.23239991003148897,0.20035971223021576
80,9,within_state,S069,State_LDA,0.3090909090909091,0.2253393665158371,0.18947742623533592
80,9,within_state,S069,Joint_LDA,0.22626262626262625,0.13685636856368563,0.08523537803138381
80,9,within_state,S070,Raw,0.34285714285714286,0.20138248847926268,0.15484633569739958
80,9,within_state,S070,Trait_LDA,0.34285714285714286,0.20138248847926268,0.15484633569739958
80,9,within_state,S070,State_LDA,0.36103896103896105,0.22757296466973886,0.1800706159278147
80,9,within_state,S070,Joint_LDA,0.4415584415584415,0.35634540897698785,0.2681451612903226
80,9,within_state,S071,Raw,0.18222222222222223,0.1346058996645468,0.005728314238952592
80,9,within_state,S071,Trait_LDA,0.18222222222222223,0.1346058996645468,0.005728314238952592
80,9,within_state,S071,State_LDA,0.22222222222222224,0.16542207792207794,0.053403995108030955
80,9,within_state,S071,Joint_LDA,0.2311111111111111,0.1095611740773031,0.05378973105134466
80,9,within_state,S072,Raw,0.21111111111111108,0.18347763347763346,0.07470564352415732
80,9,within_state,S072,Trait_LDA,0.21111111111111108,0.18347763347763346,0.07470564352415732
80,9,within_state,S072,State_LDA,0.2333333333333333,0.19487577639751552,0.09878542510121469
80,9,within_state,S072,Joint_LDA,0.19333333333333333,0.14833333333333334,0.06607929515418509
80,9,within_state,S074,Raw,0.28857808857808853,0.22882352941176473,0.14131994261119063
80,9,within_state,S074,Trait_LDA,0.28857808857808853,0.22882352941176473,0.14131994261119063
80,9,within_state,S074,State_LDA,0.32214452214452216,0.257833651855391,0.1807402084081925
80,9,within_state,S074,Joint_LDA,0.2,0.07142857142857142,0.052959501557632405
80,9,within_state,S075,Raw,0.2927272727272728,0.21902534113060432,0.13096139288417874
80,9,within_state,S075,Trait_LDA,0.2927272727272728,0.21902534113060432,0.13096139288417874
80,9,within_state,S075,State_LDA,0.23454545454545456,0.16765873015873015,0.05557684936757368
80,9,within_state,S075,Joint_LDA,0.18363636363636365,0.09365079365079365,0.03700934579439241
80,9,within_state,S076,Raw,0.18666666666666668,0.15644257703081232,0.05003909304143872
80,9,within_state,S076,Trait_LDA,0.18666666666666668,0.15644257703081232,0.05003909304143872
80,9,within_state,S076,State_LDA,0.2066666666666667,0.1611456176673568,0.06382978723404253
80,9,within_state,S076,Joint_LDA,0.21555555555555558,0.13366013071895425,0.07620528771384139
80,9,within_state,S077,Raw,0.24,0.16954150081085065,0.057048561999056946
80,9,within_state,S077,Trait_LDA,0.24,0.16954150081085065,0.057048561999056946
80,9,within_state,S077,State_LDA,0.28444444444444444,0.20705741626794258,0.11173445535296866
80,9,within_state,S077,Joint_LDA,0.2,0.09610215053763442,0.03669724770642191
80,9,within_state,S078,Raw,0.1522222222222222,0.11105743424584004,-0.037644787644787625
80,9,within_state,S078,Trait_LDA,0.1522222222222222,0.11105743424584004,-0.037644787644787625
80,9,within_state,S078,State_LDA,0.17722222222222223,0.12499999999999999,-0.013024602026049381
80,9,within_state,S078,Joint_LDA,0.215,0.11617405582922824,0.037536092396535214
80,9,within_state,S079,Raw,0.2688888888888889,0.194510582010582,0.0947907771135782
80,9,within_state,S079,Trait_LDA,0.2688888888888889,0.194510582010582,0.0947907771135782
80,9,within_state,S079,State_LDA,0.2066666666666667,0.15138888888888888,0.02731540759709794
80,9,within_state,S079,Joint_LDA,0.20444444444444443,0.1027077497665733,0.024400684931506822
80,9,within_state,S082,Raw,0.33999999999999997,0.22762564796033355,0.16566866267465086
80,9,within_state,S082,Trait_LDA,0.33999999999999997,0.22762564796033355,0.16566866267465086
80,9,within_state,S082,State_LDA,0.36,0.23358585858585856,0.18108651911468798
80,9,within_state,S082,Joint_LDA,0.24000000000000005,0.14540382437754154,0.05964214711729632
80,9,within_state,S084,Raw,0.2583333333333333,0.1934355118565645,0.0987415295256533
80,9,within_state,S084,Trait_LDA,0.2583333333333333,0.1934355118565645,0.0987415295256533
80,9,within_state,S084,State_LDA,0.30277777777777776,0.21958041958041954,0.13909224011713028
80,9,within_state,S084,Joint_LDA,0.18055555555555552,0.11997863247863248,0.03134040501446489
80,9,within_state,S085,Raw,0.26564102564102565,0.15793650793650793,0.04979442667884881
80,9,within_state,S085,Trait_LDA,0.26564102564102565,0.15793650793650793,0.04979442667884881
80,9,within_state,S085,State_LDA,0.261025641025641,0.1382716049382716,0.06558849955076362
80,9,within_state,S085,Joint_LDA,0.258974358974359,0.11435997400909681,0.05033407572383064
80,9,within_state,S087,Raw,0.16246031746031744,0.10297619047619049,-0.02951475737868936
80,9,within_state,S087,Trait_LDA,0.16246031746031744,0.10297619047619049,-0.02951475737868936
80,9,within_state,S087,State_LDA,0.20468253968253966,0.14175184134861554,0.025360517155644025
80,9,within_state,S087,Joint_LDA,0.13968253968253969,0.06874999999999999,-0.0019020446980502204
80,9,within_state,S089,Raw,0.4139860139860139,0.4031849040923451,0.20661157024793397
80,9,within_state,S089,Trait_LDA,0.4139860139860139,0.4031849040923451,0.20661157024793397
80,9,within_state,S089,State_LDA,0.43578088578088575,0.4062885154061625,0.23491773308957953
80,9,within_state,S089,Joint_LDA,0.32960372960372963,0.2282799298581221,0.08961845607808339
80,9,within_state,S091,Raw,0.3841414141414142,0.26313431428032447,0.20654627539503378
80,9,within_state,S091,Trait_LDA,0.3841414141414142,0.26313431428032447,0.20654627539503378
80,9,within_state,S091,State_LDA,0.3915151515151515,0.27546296296296297,0.23253275109170302
80,9,within_state,S091,Joint_LDA,0.13333333333333333,0.046511627906976744,-0.015368494586098569
80,9,within_state,S093,Raw,0.2011111111111111,0.14444444444444446,0.034120734908136496
80,9,within_state,S093,Trait_LDA,0.2011111111111111,0.14444444444444446,0.034120734908136496
80,9,within_state,S093,State_LDA,0.2011111111111111,0.14091415830546264,0.028291210863825023
80,9,within_state,S093,Joint_LDA,0.17555555555555555,0.07386363636363637,0.015745148297326872
80,9,within_state,S094,Raw,0.21333333333333332,0.15668976920911906,0.05981848184818506
80,9,within_state,S094,Trait_LDA,0.21333333333333332,0.15668976920911906,0.05981848184818506
80,9,within_state,S094,State_LDA,0.23333333333333334,0.1730296384901648,0.07787903893951953
80,9,within_state,S094,Joint_LDA,0.16666666666666666,0.1128968253968254,0.023341523341523285
80,9,within_state,S095,Raw,0.1665151515151515,0.12462042788129744,-0.010906355772847043
80,9,within_state,S095,Trait_LDA,0.1665151515151515,0.12462042788129744,-0.010906355772847043
80,9,within_state,S095,State_LDA,0.11651515151515153,0.09206183344114378,-0.0646387832699622
80,9,within_state,S095,Joint_LDA,0.21136363636363636,0.08518518518518518,0.03976650857351327
80,9,within_state,S096,Raw,0.29000000000000004,0.19613541554284888,0.11571976298361786
80,9,within_state,S096,Trait_LDA,0.29000000000000004,0.19613541554284888,0.11571976298361786
80,9,within_state,S096,State_LDA,0.3466666666666667,0.2457331940090561,0.16872138076787613
80,9,within_state,S096,Joint_LDA,0.2166666666666667,0.14277414669571534,0.0666442275328174
80,9,within_state,S098,Raw,0.28136363636363637,0.21592851592851595,0.1421763304209691
80,9,within_state,S098,Trait_LDA,0.28136363636363637,0.21592851592851595,0.1421763304209691
80,9,within_state,S098,State_LDA,0.2231818181818182,0.1617283950617284,0.07342378292098961
80,9,within_state,S098,Joint_LDA,0.16499999999999998,0.08912037037037036,0.021588280647648284
80,9,within_state,S099,Raw,0.22691197691197687,0.14657097288676238,0.03301886792452824
80,9,within_state,S099,Trait_LDA,0.22691197691197687,0.14657097288676238,0.03301886792452824
80,9,within_state,S099,State_LDA,0.20468975468975467,0.1318536239588871,0.013157894736842035
80,9,within_state,S099,Joint_LDA,0.2,0.05982905982905983,0.04060687193217316
80,9,within_state,S101,Raw,0.4478787878787879,0.32080411407199627,0.2921665490472829
80,9,within_state,S101,Trait_LDA,0.4478787878787879,0.32080411407199627,0.2921665490472829
80,9,within_state,S101,State_LDA,0.48939393939393944,0.3623737373737374,0.33591276820260296
80,9,within_state,S101,Joint_LDA,0.26181818181818184,0.1421788088454755,0.08226754234358802
80,9,within_state,S103,Raw,0.1716783216783217,0.11759406465288817,-0.01673640167364021
80,9,within_state,S103,Trait_LDA,0.1716783216783217,0.11759406465288817,-0.01673640167364021
80,9,within_state,S103,State_LDA,0.1966783216783217,0.1299719887955182,0.012058212058211892
80,9,within_state,S103,Joint_LDA,0.18246753246753247,0.0893806485911749,-0.013983220135837193
80,9,within_state,S104,Raw,0.32272727272727275,0.24915824915824913,0.16317991631799178
80,9,within_state,S104,Trait_LDA,0.32272727272727275,0.24915824915824913,0.16317991631799178
80,9,within_state,S104,State_LDA,0.29772727272727273,0.22520189362294626,0.13227016885553478
80,9,within_state,S104,Joint_LDA,0.275,0.1775048480930834,0.0714285714285714
80,9,within_state,S105,Raw,0.2533333333333333,0.1634920634920635,0.07308377896613205
80,9,within_state,S105,Trait_LDA,0.2533333333333333,0.1634920634920635,0.07308377896613205
80,9,within_state,S105,State_LDA,0.27555555555555555,0.1591245791245791,0.09058295964125562
80,9,within_state,S105,Joint_LDA,0.2733333333333333,0.21677655677655677,0.07985480943738643
80,9,within_state,S106,Raw,0.2761072261072261,0.1809462915601023,0.09832134292565953
80,9,within_state,S106,Trait_LDA,0.2761072261072261,0.1809462915601023,0.09832134292565953
80,9,within_state,S106,State_LDA,0.212004662004662,0.1465873319449757,0.016867469879518038
80,9,within_state,S106,Joint_LDA,0.2,0.05970149253731343,0.005973715651135025
80,9,within_state,S107,Raw,0.18857142857142856,0.12333965844402277,0.0035650623885917776
80,9,within_state,S107,Trait_LDA,0.18857142857142856,0.12333965844402277,0.0035650623885917776
80,9,within_state,S107,State_LDA,0.2257142857142857,0.13885116015846066,0.02630405706642891
80,9,within_state,S107,Joint_LDA,0.1,0.0574712643678161,-0.059843885516045026
80,9,within_state,S108,Raw,0.23666666666666666,0.16325757575757574,0.07766990291262144
80,9,within_state,S108,Trait_LDA,0.23666666666666666,0.16325757575757574,0.07766990291262144
80,9,within_state,S108,State_LDA,0.22777777777777777,0.1360153256704981,0.07367280606717219
80,9,within_state,S108,Joint_LDA,0.18,0.12114624505928853,-0.02051473330846698
10,0,between_state,S009,Raw,0.15,0.06804597701149426,-0.05647517039922101
10,0,between_state,S009,Trait_LDA,0.15,0.08823529411764706,-0.15603644646924852
10,0,between_state,S009,State_LDA,0.15,0.06360153256704981,-0.07745779543197617
10,0,between_state,S009,Joint_LDA,0.20833333333333334,0.1781524926686217,-0.06418918918918926
10,0,between_state,S010,Raw,0.3694444444444444,0.2404867085173991,0.22103386809269154
10,0,between_state,S010,Trait_LDA,0.22936507936507936,0.18,0.022298456260720467
10,0,between_state,S010,State_LDA,0.3694444444444444,0.22109988776655443,0.18546132339235788
10,0,between_state,S010,Joint_LDA,0.24206349206349204,0.10909090909090909,0.037581699346405206
10,0,between_state,S021,Raw,0.17771464646464646,0.1315360501567398,-0.059160305343511466
10,0,between_state,S021,Trait_LDA,0.25,0.15896739130434784,0.0
10,0,between_state,S021,State_LDA,0.17771464646464646,0.12626262626262624,-0.09467455621301779
10,0,between_state,S021,Joint_LDA,0.1388888888888889,0.08333333333333334,-0.05714285714285694
10,0,between_state,S044,Raw,0.1201923076923077,0.09401709401709402,0.012410189418680662
10,0,between_state,S044,Trait_LDA,0.25,0.1,0.02168674698795181
10,0,between_state,S044,State_LDA,0.15865384615384615,0.12037037037037036,0.043536503683858085
10,0,between_state,S044,Joint_LDA,0.19230769230769232,0.12121212121212122,0.1063829787234043
10,0,between_state,S065,Raw,0.15000000000000002,0.10258620689655173,-0.08791208791208782
10,0,between_state,S065,Trait_LDA,0.31799242424242424,0.29894480519480515,0.08922198429693085
10,0,between_state,S065,State_LDA,0.15000000000000002,0.10031347962382445,-0.0992366412213741
10,0,between_state,S065,Joint_LDA,0.20606060606060606,0.12133333333333333,-0.026239067055393583
10,0,between_state,S072,Raw,0.34444444444444444,0.2914285714285714,0.1228070175438597
10,0,between_state,S072,Trait_LDA,0.3972222222222222,0.2667493796526055,0.1914893617021276
10,0,between_state,S072,State_LDA,0.3194444444444445,0.2213167701863354,0.09689213893967097
10,0,between_state,S072,Joint_LDA,0.26111111111111107,0.19409937888198758,0.01845018450184499
10,0,between_state,S076,Raw,0.25555555555555554,0.18824653607262304,0.020779220779220675
10,0,between_state,S076,Trait_LDA,0.25,0.10416666666666667,0.0
10,0,between_state,S076,State_LDA,0.25555555555555554,0.1951036789297659,0.04556962025316458
10,0,between_state,S076,Joint_LDA,0.225,0.08181818181818182,-0.024518388791593848
10,0,between_state,S087,Raw,0.2152777777777778,0.10357142857142856,0.0010881392818280489
10,0,between_state,S087,Trait_LDA,0.34226190476190477,0.29934640522875816,0.10526315789473673
10,0,between_state,S087,State_LDA,0.2152777777777778,0.10857142857142858,0.018181818181818188
10,0,between_state,S087,Joint_LDA,0.19017857142857142,0.1444947209653092,0.006263048016701411
10,0,between_state,S104,Raw,0.22443181818181818,0.16096491228070176,0.048338368580060465
10,0,between_state,S104,Trait_LDA,0.21022727272727273,0.17821428571428571,-0.047008547008547064
10,0,between_state,S104,State_LDA,0.19318181818181818,0.14929971988795518,0.04946653734238593
10,0,between_state,S104,Joint_LDA,0.25,0.19456635318704285,0.055944055944055826
10,0,between_state,S106,Raw,0.23717948717948717,0.14153846153846156,0.03666312433581298
10,0,between_state,S106,Trait_LDA,0.2695221445221445,0.16055555555555553,0.0360655737704918
10,0,between_state,S106,State_LDA,0.27884615384615385,0.13911472448057813,0.07646742057081324
10,0,between_state,S106,Joint_LDA,0.20032051282051283,0.10225885225885227,-0.02852529601722309
10,1,between_state,S003,Raw,0.26111111111111107,0.12573099415204678,0.03225806451612889
10,1,between_state,S003,Trait_LDA,0.33156565656565656,0.21876934984520124,0.11764705882352944
10,1,between_state,S003,State_LDA,0.2638888888888889,0.12454710144927535,0.03536977491961424
10,1,between_state,S003,Joint_LDA,0.20277777777777778,0.09352941176470589,-0.042345276872963966
10,1,between_state,S005,Raw,0.0,0.0,-0.005382775119617156
10,1,between_state,S005,Trait_LDA,0.2727272727272727,0.13350340136054423,0.02977099236641223
10,1,between_state,S005,State_LDA,0.0,0.0,-0.016324062877871803
10,1,between_state,S005,Joint_LDA,0.29772727272727273,0.17907801418439717,0.059633027522935644
10,1,between_state,S029,Raw,0.24775641025641026,0.24421052631578943,0.12079102084446824
10,1,between_state,S029,Trait_LDA,0.3875,0.2937988988698928,0.1681415929203539
10,1,between_state,S029,State_LDA,0.2669871794871795,0.26703030303030306,0.15000000000000002
10,1,between_state,S029,Joint_LDA,0.2791666666666667,0.17222222222222222,0.04416037187681576
10,1,between_state,S040,Raw,0.12878787878787878,0.08888888888888889,-0.02280826799714908
10,1,between_state,S040,Trait_LDA,0.13573232323232323,0.15063025210084033,0.057161629434954064
10,1,between_state,S040,State_LDA,0.1773989898989899,0.13950617283950617,0.059763724808895136
10,1,between_state,S040,Joint_LDA,0.048611111111111105,0.05934065934065934,0.015394088669950734
10,1,between_state,S049,Raw,0.3458333333333333,0.20508964719491035,0.1331245105716523
10,1,between_state,S049,Trait_LDA,0.2583333333333333,0.17857142857142855,0.018355945730247458
10,1,between_state,S049,State_LDA,0.3458333333333333,0.20330827067669172,0.1331245105716523
10,1,between_state,S049,Joint_LDA,0.25,0.06944444444444445,0.015491866769945628
10,1,between_state,S058,Raw,0.289520202020202,0.27832517339861285,0.04470588235294115
10,1,between_state,S058,Trait_LDA,0.25,0.096,0.03669724770642202
10,1,between_state,S058,State_LDA,0.289520202020202,0.27832517339861285,0.04470588235294115
10,1,between_state,S058,Joint_LDA,0.2986111111111111,0.19391608391608392,0.06666666666666676
10,1,between_state,S062,Raw,0.3193181818181818,0.3274592731829574,0.09153475567790781
10,1,between_state,S062,Trait_LDA,0.3162878787878788,0.24116432068543453,0.0883977900552485
10,1,between_state,S062,State_LDA,0.36477272727272725,0.3659147869674185,0.1526822558459423
10,1,between_state,S062,Joint_LDA,0.32272727272727275,0.26544117647058824,0.09402882635552512
10,1,between_state,S064,Raw,0.3449494949494949,0.24970760233918127,0.11692559280457882
10,1,between_state,S064,Trait_LDA,0.2545454545454546,0.1713235294117647,0.009393680614859012
10,1,between_state,S064,State_LDA,0.31212121212121213,0.24973262032085564,0.08045977011494265
10,1,between_state,S064,Joint_LDA,0.2904040404040404,0.14471544715447154,0.06072874493927127
10,1,between_state,S087,Raw,0.15625,0.08695652173913043,0.03992210321324263
10,1,between_state,S087,Trait_LDA,0.37569444444444444,0.2392727272727273,0.19775280898876413
10,1,between_state,S087,State_LDA,0.1840277777777778,0.1196969696969697,0.05742574257425748
10,1,between_state,S087,Joint_LDA,0.1111111111111111,0.07272727272727272,-0.0658307210031348
10,1,between_state,S108,Raw,0.25202020202020203,0.21196581196581196,0.09919571045576414
10,1,between_state,S108,Trait_LDA,0.22727272727272727,0.10416666666666667,-0.024390243902439046
10,1,between_state,S108,State_LDA,0.23434343434343435,0.15128205128205127,0.06917394224311624
10,1,between_state,S108,Joint_LDA,0.255050505050505,0.14404761904761904,0.0166163141993958
10,2,between_state,S010,Raw,0.075,0.047619047619047616,-0.04889589905362768
10,2,between_state,S010,Trait_LDA,0.2928571428571428,0.19785431959345004,0.10471204188481675
10,2,between_state,S010,State_LDA,0.10277777777777777,0.06547619047619048,-0.07308970099667778
10,2,between_state,S010,Joint_LDA,0.12003968253968253,0.10722610722610722,0.058309037900874494
10,2,between_state,S012,Raw,0.045454545454545456,0.06153846153846154,0.02285714285714291
10,2,between_state,S012,Trait_LDA,0.2878787878787879,0.1778846153846154,0.04646840148698894
10,2,between_state,S012,State_LDA,0.09090909090909091,0.10666666666666666,0.04719764011799421
10,2,between_state,S012,Joint_LDA,0.22348484848484848,0.1358858858858859,-0.014732965009208066
10,2,between_state,S018,Raw,0.3515151515151515,0.27708333333333335,0.11764705882352944
10,2,between_state,S018,Trait_LDA,0.25555555555555554,0.15476190476190477,0.002666666666666706
10,2,between_state,S018,State_LDA,0.396969696969697,0.32401315789473684,0.17536813922356087
10,2,between_state,S018,Joint_LDA,0.3853174603174603,0.3340153452685422,0.15961800818553873
10,2,between_state,S026,Raw,0.19861111111111113,0.14061074061074064,-0.06407137064071344
10,2,between_state,S026,Trait_LDA,0.08333333333333333,0.05357142857142857,-0.22100313479623823
10,2,between_state,S026,State_LDA,0.19861111111111113,0.13777777777777778,-0.0614886731391584
10,2,between_state,S026,Joint_LDA,0.15833333333333333,0.13763687293099058,-0.132412672623883
10,2,between_state,S041,Raw,0.2648989898989899,0.19636363636363638,0.025449101796407247
10,2,between_state,S041,Trait_LDA,0.27525252525252525,0.1969309462915601,0.01883948756593834
10,2,between_state,S041,State_LDA,0.19633838383838387,0.11748334668538403,-0.06567164179104479
10,2,between_state,S041,Joint_LDA,0.3314393939393939,0.22344322344322345,0.1327433628318584
10,2,between_state,S056,Raw,0.23076923076923078,0.08888888888888889,0.08000000000000007
10,2,between_state,S056,Trait_LDA,0.4043997668997669,0.35688405797101447,0.19750778816199388
10,2,between_state,S056,State_LDA,0.15384615384615385,0.07017543859649122,0.02400893355667222
10,2,between_state,S056,Joint_LDA,0.34029720279720277,0.2845238095238095,0.13316582914572872
10,2,between_state,S065,Raw,0.20833333333333331,0.11507936507936507,0.013843111404087005
10,2,between_state,S065,Trait_LDA,0.2625,0.22740683229813666,0.013738250180766354
10,2,between_state,S065,State_LDA,0.15000000000000002,0.08166666666666667,-0.05032258064516126
10,2,between_state,S065,Joint_LDA,0.19166666666666665,0.11407588739290087,-0.02614840989399303
10,2,between_state,S067,Raw,0.25,0.23253968253968255,0.0
10,2,between_state,S067,Trait_LDA,0.2727272727272727,0.2219874263519963,0.030303030303030276
10,2,between_state,S067,State_LDA,0.25,0.23225957049486462,0.0
10,2,between_state,S067,Joint_LDA,0.22727272727272727,0.15058324496288442,-0.030303030303030276
10,2,between_state,S081,Raw,0.2409090909090909,0.16895915678524373,0.007263922518159771
10,2,between_state,S081,Trait_LDA,0.2857954545454546,0.21076619857107662,0.046511627906976716
10,2,between_state,S081,State_LDA,0.24507575757575759,0.17852579086800685,0.0024330900243308973
10,2,between_state,S081,Joint_LDA,0.31193181818181814,0.24074534161490685,0.09535066981875495
10,2,between_state,S104,Raw,0.125,0.10000000000000002,0.010036496350365076
10,2,between_state,S104,Trait_LDA,0.38636363636363635,0.345,0.18604651162790686
10,2,between_state,S104,State_LDA,0.0625,0.047619047619047616,-0.0185185185185186
10,2,between_state,S104,Joint_LDA,0.10795454545454546,0.10333333333333332,0.026032315978456122
10,3,between_state,S053,Raw,0.050505050505050504,0.06857142857142857,0.024114544084400835
10,3,between_state,S053,Trait_LDA,0.2408459595959596,0.18974654377880185,0.008928571428571397
10,3,between_state,S053,State_LDA,0.23737373737373738,0.20571428571428568,0.15979814970563488
10,3,between_state,S053,Joint_LDA,0.35353535353535354,0.2132183908045977,0.18642447418738062
10,3,between_state,S054,Raw,0.3806818181818182,0.25452279202279204,0.20988654781199356
10,3,between_state,S054,Trait_LDA,0.26079545454545455,0.18712121212121213,0.00997280145058932
10,3,between_state,S054,State_LDA,0.3556818181818182,0.23453328280914487,0.18159806295399528
10,3,between_state,S054,Joint_LDA,0.15568181818181817,0.14553571428571427,-0.15013404825737253
10,3,between_state,S056,Raw,0.28251748251748254,0.16960644101912178,0.05125000000000013
10,3,between_state,S056,Trait_LDA,0.2465034965034965,0.12435500515995872,-0.007509386733416834
10,3,between_state,S056,State_LDA,0.2417832167832168,0.15056410256410255,-0.007509386733416834
10,3,between_state,S056,Joint_LDA,0.22202797202797203,0.12490118577075097,-0.01834282099936746
10,3,between_state,S059,Raw,0.07478632478632478,0.07142857142857142,0.02024922118380057
10,3,between_state,S059,Trait_LDA,0.25,0.09782608695652174,0.0
10,3,between_state,S059,State_LDA,0.019230769230769232,0.022222222222222223,-0.023827824750192406
10,3,between_state,S059,Joint_LDA,0.019230769230769232,0.02857142857142857,-0.009090909090909038
10,3,between_state,S072,Raw,0.175,0.10579710144927536,-0.023457862728062606
10,3,between_state,S072,Trait_LDA,0.2583333333333333,0.17222222222222222,0.01115241635687736
10,3,between_state,S072,State_LDA,0.225,0.15923809523809523,0.032484635645302906
10,3,between_state,S072,Joint_LDA,0.175,0.1300207039337474,-0.07481751824817517
10,3,between_state,S073,Raw,0.25252525252525254,0.230239651416122,0.0
10,3,between_state,S073,Trait_LDA,0.25,0.11224489795918367,0.003436426116838587
10,3,between_state,S073,State_LDA,0.2297979797979798,0.20557336182336183,-0.03333333333333344
10,3,between_state,S073,Joint_LDA,0.2777777777777778,0.22946428571428573,0.042735042735042694
10,3,between_state,S078,Raw,0.16458333333333333,0.1506719367588933,-0.12652608213096572
10,3,between_state,S078,Trait_LDA,0.22916666666666666,0.15,-0.031659388646288145
10,3,between_state,S078,State_LDA,0.13958333333333334,0.12771739130434784,-0.16279069767441867
10,3,between_state,S078,Joint_LDA,0.19027777777777777,0.14183908045977012,-0.08407079646017701
10,3,between_state,S084,Raw,0.11805555555555555,0.08465608465608465,0.0029325513196480912
10,3,between_state,S084,Trait_LDA,0.21180555555555555,0.1616161616161616,-0.0166112956810629
10,3,between_state,S084,State_LDA,0.09027777777777778,0.06072874493927125,-0.03740157480314954
10,3,between_state,S084,Joint_LDA,0.21180555555555555,0.18653846153846154,0.0574948665297742
10,3,between_state,S091,Raw,0.18244949494949497,0.12129210658622423,-0.0832719233603536
10,3,between_state,S091,Trait_LDA,0.22916666666666666,0.10377358490566038,-0.030878859857482288
10,3,between_state,S091,State_LDA,0.21022727272727273,0.13435077519379846,-0.04538799414348471
10,3,between_state,S091,Joint_LDA,0.16666666666666666,0.125,-0.13338473400154194
10,3,between_state,S109,Raw,0.225,0.08108108108108109,0.056451612903225645
10,3,between_state,S109,Trait_LDA,0.25227272727272726,0.14444444444444443,0.004557885141294404
10,3,between_state,S109,State_LDA,0.25,0.08130081300813008,0.057499999999999885
10,3,between_state,S109,Joint_LDA,0.06818181818181818,0.041666666666666664,-0.026315789473684292
10,4,between_state,S008,Raw,0.29545454545454547,0.18118466898954705,0.05780845556514225
10,4,between_state,S008,Trait_LDA,0.24179292929292928,0.21507352941176472,-0.0042918454935623185
10,4,between_state,S008,State_LDA,0.29545454545454547,0.17916666666666667,0.05862068965517231
10,4,between_state,S008,Joint_LDA,0.2206439393939394,0.16346153846153846,-0.042241379310345106
10,4,between_state,S015,Raw,0.22916666666666666,0.17220588235294118,0.07831762146482957
10,4,between_state,S015,Trait_LDA,0.27083333333333337,0.21002906976744184,0.05123966942148761
10,4,between_state,S015,State_LDA,0.2041666666666667,0.18067226890756302,0.016491754122938573
10,4,between_state,S015,Joint_LDA,0.20833333333333331,0.12848484848484848,-0.04708699122106941
10,4,between_state,S022,Raw,0.40909090909090906,0.31629720853858784,0.23529411764705888
10,4,between_state,S022,Trait_LDA,0.3409090909090909,0.2697829131652661,0.12121212121212122
10,4,between_state,S022,State_LDA,0.4318181818181818,0.3375127473857057,0.2647058823529411
10,4,between_state,S022,Joint_LDA,0.1590909090909091,0.12105263157894737,-0.049645390070921946
10,4,between_state,S026,Raw,0.2444444444444444,0.18861168861168862,-0.0063341250989708
10,4,between_state,S026,Trait_LDA,0.25,0.1597222222222222,-0.0015760441292356209
10,4,between_state,S026,State_LDA,0.2444444444444444,0.1893903310311979,-0.004743083003952542
10,4,between_state,S026,Joint_LDA,0.20277777777777775,0.1508403361344538,-0.06451612903225801
10,4,between_state,S028,Raw,0.3318181818181818,0.19937469937469934,0.14473684210526316
10,4,between_state,S028,Trait_LDA,0.2215909090909091,0.13714285714285715,-0.027340513670256916
10,4,between_state,S028,State_LDA,0.3545454545454545,0.25204678362573096,0.16387959866220736
10,4,between_state,S028,Joint_LDA,0.11363636363636363,0.043859649122807015,-0.12812248186945996
10,4,between_state,S049,Raw,0.20416666666666666,0.17357788410419991,0.11351351351351346
10,4,between_state,S049,Trait_LDA,0.2638888888888889,0.1180487804878049,0.02004626060138781
10,4,between_state,S049,State_LDA,0.32638888888888895,0.23611111111111113,0.18782098312545847
10,4,between_state,S049,Joint_LDA,0.06944444444444445,0.06857142857142857,-0.011688311688311748
10,4,between_state,S055,Raw,0.3845959595959596,0.25004748338081667,0.218200620475698
10,4,between_state,S055,Trait_LDA,0.297979797979798,0.259375,0.04458598726114649
10,4,between_state,S055,State_LDA,0.448989898989899,0.34704768915295225,0.2867570385818561
10,4,between_state,S055,Joint_LDA,0.38686868686868686,0.387526322308931,0.20084566596194509
10,4,between_state,S065,Raw,0.19772727272727272,0.13776223776223775,0.06987668819729886
10,4,between_state,S065,Trait_LDA,0.33030303030303027,0.2981634182908546,0.09774436090225569
10,4,between_state,S065,State_LDA,0.175,0.10606060606060606,0.0473961380924518
10,4,between_state,S065,Joint_LDA,0.10795454545454546,0.09210526315789473,-0.02683780630105015
10,4,between_state,S089,Raw,0.32237762237762235,0.30497737556561083,0.09328358208955201
10,4,between_state,S089,Trait_LDA,0.19801864801864802,0.17847332978911926,-0.08100558659217905
10,4,between_state,S089,State_LDA,0.30571095571095575,0.2198717948717949,0.07628294036061034
10,4,between_state,S089,Joint_LDA,0.23717948717948717,0.18727598566308246,-0.01839926402943881
10,4,between_state,S103,Raw,0.22727272727272727,0.0925925925925926,0.08642972536348958
10,4,between_state,S103,Trait_LDA,0.14160839160839161,0.1088888888888889,-0.08900523560209428
10,4,between_state,S103,State_LDA,0.22727272727272727,0.0900900900900901,0.08421052631578951
10,4,between_state,S103,Joint_LDA,0.1580919080919081,0.1402116402116402,0.056689342403627996
10,5,between_state,S009,Raw,0.23333333333333334,0.14093567251461986,0.009100101112234693
10,5,between_state,S009,Trait_LDA,0.2777777777777778,0.2143640350877193,0.025695931477516143
10,5,between_state,S009,State_LDA,0.23333333333333334,0.14285714285714285,0.012096774193548376
10,5,between_state,S009,Joint_LDA,0.20833333333333334,0.0625,-0.03857566765578624
10,5,between_state,S010,Raw,0.11805555555555555,0.11942959001782531,0.07726269315673273
10,5,between_state,S010,Trait_LDA,0.1361111111111111,0.07161290322580645,-0.12668463611859826
10,5,between_state,S010,State_LDA,0.08333333333333333,0.07017543859649122,0.04508499630450857
10,5,between_state,S010,Joint_LDA,0.0,0.0,-0.05710102489019042
10,5,between_state,S011,Raw,0.13636363636363635,0.13333333333333333,0.006535947712418277
10,5,between_state,S011,Trait_LDA,0.3181818181818182,0.255,0.09090909090909094
10,5,between_state,S011,State_LDA,0.13636363636363635,0.1335873015873016,0.0
10,5,between_state,S011,Joint_LDA,0.20454545454545453,0.1754731656728027,0.03448275862068961
10,5,between_state,S012,Raw,0.3143939393939394,0.223731884057971,0.08301158301158318
10,5,between_state,S012,Trait_LDA,0.35,0.3253416149068323,0.16443594646271498
10,5,between_state,S012,State_LDA,0.3143939393939394,0.223731884057971,0.08301158301158318
10,5,between_state,S012,Joint_LDA,0.37651515151515147,0.30966117216117217,0.17166212534059944
10,5,between_state,S044,Raw,0.1794871794871795,0.12703962703962704,0.06288032454361059
10,5,between_state,S044,Trait_LDA,0.12393162393162394,0.09850230414746544,-0.16397228637413397
10,5,between_state,S044,State_LDA,0.1971153846153846,0.13722222222222222,0.08259385665529007
10,5,between_state,S044,Joint_LDA,0.15384615384615385,0.1,0.009708737864077555
10,5,between_state,S047,Raw,0.22569444444444445,0.09451659451659451,0.02513328255902525
10,5,between_state,S047,Trait_LDA,0.2777777777777778,0.11636363636363636,0.039999999999999925
10,5,between_state,S047,State_LDA,0.22569444444444445,0.08703703703703704,-0.0015649452269170805
10,5,between_state,S047,Joint_LDA,0.2222222222222222,0.07272727272727272,-0.01748807631160565
10,5,between_state,S054,Raw,0.4153409090909091,0.332967032967033,0.25312239800166536
10,5,between_state,S054,Trait_LDA,0.20738636363636365,0.1369047619047619,-0.04947916666666674
10,5,between_state,S054,State_LDA,0.4380681818181818,0.3368831168831169,0.2666666666666667
10,5,between_state,S054,Joint_LDA,0.17613636363636365,0.1170076726342711,-0.09666080843585223
10,5,between_state,S072,Raw,0.17777777777777778,0.1504810413129598,-0.09888059701492535
10,5,between_state,S072,Trait_LDA,0.3611111111111111,0.3108974358974359,0.14845938375350132
10,5,between_state,S072,State_LDA,0.17777777777777778,0.12444444444444444,-0.06993642143505907
10,5,between_state,S072,Joint_LDA,0.3388888888888889,0.25090909090909086,0.15929203539823011
10,5,between_state,S075,Raw,0.225,0.10644910644910645,0.07670654468684024
10,5,between_state,S075,Trait_LDA,0.2409090909090909,0.19480519480519481,-0.010333863275039601
10,5,between_state,S075,State_LDA,0.225,0.10858585858585858,0.08315863032844173
10,5,between_state,S075,Joint_LDA,0.19318181818181818,0.18576923076923077,0.09558823529411753
10,5,between_state,S106,Raw,0.2583041958041958,0.1370898604941158,0.03553854565336245
10,5,between_state,S106,Trait_LDA,0.19026806526806528,0.1541103232464463,-0.07574094401756315
10,5,between_state,S106,State_LDA,0.2583041958041958,0.14061421670117322,0.048030221262817197
10,5,between_state,S106,Joint_LDA,0.2306235431235431,0.18669126974974054,0.06713426853707427
10,6,between_state,S005,Raw,0.25,0.09803921568627451,0.0
10,6,between_state,S005,Trait_LDA,0.25,0.09183673469387756,-0.0007627765064834868
10,6,between_state,S005,State_LDA,0.25,0.09803921568627451,0.0
10,6,between_state,S005,Joint_LDA,0.26262626262626265,0.1598119858989424,0.012432012432012418
10,6,between_state,S013,Raw,0.18333333333333335,0.12605042016806722,0.06634499396863691
10,6,between_state,S013,Trait_LDA,0.21666666666666667,0.12274774774774774,-0.0408022130013832
10,6,between_state,S013,State_LDA,0.2388888888888889,0.1607843137254902,0.08050314465408814
10,6,between_state,S013,Joint_LDA,0.1611111111111111,0.1164021164021164,0.020923076923077044
10,6,between_state,S038,Raw,0.3125,0.16548347613219094,0.09677419354838712
10,6,between_state,S038,Trait_LDA,0.2361111111111111,0.1456908344733242,-0.006960556844547661
10,6,between_state,S038,State_LDA,0.3125,0.16548347613219094,0.09677419354838712
10,6,between_state,S038,Joint_LDA,0.25,0.17929292929292928,0.01754385964912275
10,6,between_state,S049,Raw,0.35138888888888886,0.24786324786324787,0.14385150812064962
10,6,between_state,S049,Trait_LDA,0.21944444444444444,0.125,-0.04076923076923067
10,6,between_state,S049,State_LDA,0.35138888888888886,0.24786324786324787,0.14385150812064962
10,6,between_state,S049,Joint_LDA,0.1986111111111111,0.16709956709956708,-0.09289176090468487
10,6,between_state,S052,Raw,0.022727272727272728,0.018518518518518517,-0.050037341299477456
10,6,between_state,S052,Trait_LDA,0.17207792207792205,0.14991830065359477,-0.13926499032882012
10,6,between_state,S052,State_LDA,0.06818181818181818,0.05714285714285714,-0.012947448591012822
10,6,between_state,S052,Joint_LDA,0.06818181818181818,0.05743589743589743,-0.08927108927108907
10,6,between_state,S059,Raw,0.019230769230769232,0.020833333333333332,-0.008327024981074738
10,6,between_state,S059,Trait_LDA,0.4700854700854701,0.33941058941058944,0.2857142857142857
10,6,between_state,S059,State_LDA,0.019230769230769232,0.020833333333333332,-0.008327024981074738
10,6,between_state,S059,Joint_LDA,0.07478632478632478,0.08571428571428572,0.036015325670498144
10,6,between_state,S068,Raw,0.2676767676767677,0.12063492063492064,0.050377833753148527
10,6,between_state,S068,Trait_LDA,0.29734848484848486,0.2596638655462185,0.061049011177988
10,6,between_state,S068,State_LDA,0.2676767676767677,0.12063492063492064,0.050377833753148527
10,6,between_state,S068,Joint_LDA,0.29987373737373735,0.2241955756661639,0.08275261324041816
10,6,between_state,S069,Raw,0.022727272727272728,0.03333333333333333,-0.01893491124260338
10,6,between_state,S069,Trait_LDA,0.11363636363636363,0.06097560975609756,-0.19171779141104306
10,6,between_state,S069,State_LDA,0.16161616161616163,0.08549019607843138,-0.011371237458194017
10,6,between_state,S069,Joint_LDA,0.12878787878787878,0.08547008547008547,-0.16317365269461082
10,6,between_state,S072,Raw,0.26111111111111107,0.16149068322981366,0.03797468354430378
10,6,between_state,S072,Trait_LDA,0.19999999999999998,0.13571428571428573,-0.062441752096924485
10,6,between_state,S072,State_LDA,0.26111111111111107,0.16149068322981366,0.03797468354430378
10,6,between_state,S072,Joint_LDA,0.20277777777777778,0.13293650793650794,-0.0604651162790697
10,6,between_state,S102,Raw,0.22613636363636364,0.16488413547237077,0.06460118655240588
10,6,between_state,S102,Trait_LDA,0.20946969696969697,0.16281512605042017,-0.050287356321839116
10,6,between_state,S102,State_LDA,0.2053030303030303,0.14161220043572983,0.021419009370816422
10,6,between_state,S102,Joint_LDA,0.19090909090909092,0.12701612903225806,-0.07653791130185983
10,7,between_state,S005,Raw,0.175,0.08484848484848485,0.03928325292901447
10,7,between_state,S005,Trait_LDA,0.2681818181818182,0.175,0.02689873417721511
10,7,between_state,S005,State_LDA,0.225,0.075,-0.008455034588777721
10,7,between_state,S005,Joint_LDA,0.22727272727272727,0.0851063829787234,0.0031372549019609286
10,7,between_state,S036,Raw,0.28811813186813184,0.19922867513611614,0.04752475247524757
10,7,between_state,S036,Trait_LDA,0.3173076923076923,0.24404761904761904,0.08297413793103448
10,7,between_state,S036,State_LDA,0.2688873626373626,0.18214285714285713,0.015763546798029382
10,7,between_state,S036,Joint_LDA,0.25,0.1,-0.02385496183206115
10,7,between_state,S040,Raw,0.041666666666666664,0.028985507246376812,-0.07028112449799173
10,7,between_state,S040,Trait_LDA,0.19633838383838384,0.1638888888888889,-0.07364975450081834
10,7,between_state,S040,State_LDA,0.041666666666666664,0.030303030303030304,-0.07749326145552571
10,7,between_state,S040,Joint_LDA,0.13194444444444445,0.11636363636363636,-0.03910209992758884
10,7,between_state,S054,Raw,0.2545454545454546,0.13441295546558704,0.02062780269058284
10,7,between_state,S054,Trait_LDA,0.36136363636363633,0.2625,0.1657754010695186
10,7,between_state,S054,State_LDA,0.2545454545454546,0.13473684210526315,0.02150537634408589
10,7,between_state,S054,Joint_LDA,0.2863636363636364,0.20022246941045607,0.05220522052205212
10,7,between_state,S059,Raw,0.05555555555555555,0.05743589743589743,-0.012509773260359625
10,7,between_state,S059,Trait_LDA,0.26282051282051283,0.23928571428571427,0.04087736789631091
10,7,between_state,S059,State_LDA,0.05555555555555555,0.05576923076923077,-0.03023070803500416
10,7,between_state,S059,Joint_LDA,0.11324786324786325,0.10868347338935576,0.01333333333333342
10,7,between_state,S065,Raw,0.2,0.11378205128205128,-0.012178619756427533
10,7,between_state,S065,Trait_LDA,0.35,0.3046703296703297,0.12722298221614226
10,7,between_state,S065,State_LDA,0.22272727272727275,0.141439205955335,0.020242914979757276
10,7,between_state,S065,Joint_LDA,0.3248106060606061,0.2912698412698413,0.125
10,7,between_state,S069,Raw,0.13636363636363635,0.10096153846153846,-0.15950920245398792
10,7,between_state,S069,Trait_LDA,0.303030303030303,0.2488095238095238,0.0625
10,7,between_state,S069,State_LDA,0.13636363636363635,0.08187134502923976,-0.16129032258064524
10,7,between_state,S069,Joint_LDA,0.31313131313131315,0.16225930680359435,0.09221902017291062
10,7,between_state,S084,Raw,0.2465277777777778,0.16748366013071894,0.0762800417972831
10,7,between_state,S084,Trait_LDA,0.28125,0.148018648018648,0.038461538461538325
10,7,between_state,S084,State_LDA,0.1875,0.1239766081871345,0.015511892450879028
10,7,between_state,S084,Joint_LDA,0.25,0.07407407407407407,0.023204419889502725
10,7,between_state,S097,Raw,0.2727272727272727,0.13055555555555556,0.030782761653473933
10,7,between_state,S097,Trait_LDA,0.24318181818181817,0.20412651864264766,-0.0027297543221107556
10,7,between_state,S097,State_LDA,0.2727272727272727,0.13257575757575757,0.029074889867841236
10,7,between_state,S097,Joint_LDA,0.23295454545454547,0.1380952380952381,-0.010638297872340274
10,7,between_state,S104,Raw,0.24147727272727273,0.17445993548934724,0.022750775594622463
10,7,between_state,S104,Trait_LDA,0.23295454545454547,0.2058333333333333,-0.016129032258064502
10,7,between_state,S104,State_LDA,0.21022727272727273,0.14564843481252152,-0.04589114194236932
10,7,between_state,S104,Joint_LDA,0.35511363636363635,0.3094405594405594,0.15570175438596479
10,8,between_state,S025,Raw,0.1388888888888889,0.05714285714285714,-0.12158054711246202
10,8,between_state,S025,Trait_LDA,0.2590909090909091,0.1745945945945946,0.012048192771084265
10,8,between_state,S025,State_LDA,0.21666666666666667,0.11819819819819818,-0.021903323262839836
10,8,between_state,S025,Joint_LDA,0.21818181818181817,0.12153846153846155,-0.02260327357755254
10,8,between_state,S056,Raw,0.26955128205128204,0.23664529914529916,0.02316602316602312
10,8,between_state,S056,Trait_LDA,0.25,0.11206896551724138,0.001315789473684159
10,8,between_state,S056,State_LDA,0.26794871794871794,0.23104066985645932,0.023794212218649413
10,8,between_state,S056,Joint_LDA,0.23076923076923078,0.08275862068965517,-0.02155453951665587
10,8,between_state,S071,Raw,0.2,0.07111111111111111,-0.032450896669513174
10,8,between_state,S071,Trait_LDA,0.25,0.215158371040724,0.00176522506619603
10,8,between_state,S071,State_LDA,0.2277777777777778,0.10747474747474747,-0.014744145706851786
10,8,between_state,S071,Joint_LDA,0.275,0.1233201581027668,0.042944785276073594
10,8,between_state,S076,Raw,0.2833333333333333,0.2180232558139535,0.03703703703703709
10,8,between_state,S076,Trait_LDA,0.2,0.08695652173913043,-0.0680212014134276
10,8,between_state,S076,State_LDA,0.2833333333333333,0.2180232558139535,0.03703703703703709
10,8,between_state,S076,Joint_LDA,0.175,0.1013157894736842,-0.10344827586206873
10,8,between_state,S077,Raw,0.125,0.04597701149425287,-0.07532210109018833
10,8,between_state,S077,Trait_LDA,0.325,0.22903225806451613,0.10852713178294571
10,8,between_state,S077,State_LDA,0.09375,0.034482758620689655,-0.09268292682926815
10,8,between_state,S077,Joint_LDA,0.2625,0.11666666666666665,0.041095890410958846
10,8,between_state,S083,Raw,0.3101010101010101,0.22241758241758242,0.10186005314437552
10,8,between_state,S083,Trait_LDA,0.23484848484848483,0.15789473684210525,-0.013864818024263537
10,8,between_state,S083,State_LDA,0.2924242424242424,0.22264957264957266,0.06483126110124338
10,8,between_state,S083,Joint_LDA,0.08333333333333333,0.0375,-0.21769297484822192
10,8,between_state,S087,Raw,0.1840277777777778,0.12000000000000002,0.05179282868525903
10,8,between_state,S087,Trait_LDA,0.2857142857142857,0.1581196581196581,0.0395480225988698
10,8,between_state,S087,State_LDA,0.1840277777777778,0.11692307692307694,0.04417670682730934
10,8,between_state,S087,Joint_LDA,0.03125,0.025,-0.027472527472527375
10,8,between_state,S104,Raw,0.23011363636363635,0.17234848484848486,0.09722222222222232
10,8,between_state,S104,Trait_LDA,0.39488636363636365,0.37302737520128826,0.1806020066889632
10,8,between_state,S104,State_LDA,0.26136363636363635,0.1907308377896613,0.125
10,8,between_state,S104,Joint_LDA,0.41761363636363635,0.2819875776397515,0.24160346695557955
10,8,between_state,S105,Raw,0.3972222222222222,0.26794871794871794,0.20196078431372555
10,8,between_state,S105,Trait_LDA,0.25,0.11363636363636363,0.0029940119760478723
10,8,between_state,S105,State_LDA,0.3416666666666667,0.23214285714285715,0.12770137524557956
10,8,between_state,S105,Joint_LDA,0.19444444444444442,0.11741935483870969,0.0035906642728904536
10,8,between_state,S109,Raw,0.275,0.12028985507246377,0.042944785276073594
10,8,between_state,S109,Trait_LDA,0.30227272727272725,0.22799422799422797,0.07566089334548765
10,8,between_state,S109,State_LDA,0.275,0.14962121212121213,0.03448275862068961
10,8,between_state,S109,Joint_LDA,0.38181818181818183,0.2305590062111801,0.20408163265306123
10,9,between_state,S023,Raw,0.22285353535353536,0.18363929146537844,0.06176700547302583
10,9,between_state,S023,Trait_LDA,0.288510101010101,0.2642857142857143,0.04761904761904756
10,9,between_state,S023,State_LDA,0.22285353535353536,0.18363929146537844,0.06176700547302583
10,9,between_state,S023,Joint_LDA,0.022727272727272728,0.023529411764705882,-0.016949152542373058
10,9,between_state,S026,Raw,0.24583333333333335,0.20606060606060606,0.0032414910858996615
10,9,between_state,S026,Trait_LDA,0.1611111111111111,0.10317460317460317,-0.11068111455108354
10,9,between_state,S026,State_LDA,0.22361111111111115,0.19613413547237077,-0.028317152103559895
10,9,between_state,S026,Joint_LDA,0.2527777777777778,0.17261904761904762,-0.0007874015748030594
10,9,between_state,S031,Raw,0.17857142857142858,0.0625,-0.028712059064807116
10,9,between_state,S031,Trait_LDA,0.2837301587301587,0.18311403508771928,0.04340277777777768
10,9,between_state,S031,State_LDA,0.21428571428571427,0.06857142857142857,0.0
10,9,between_state,S031,Joint_LDA,0.26884920634920634,0.190938318647297,0.029074889867841458
10,9,between_state,S033,Raw,0.31346153846153846,0.16447154471544717,0.08819018404907975
10,9,between_state,S033,Trait_LDA,0.2777777777777778,0.14183673469387756,0.03125
10,9,between_state,S033,State_LDA,0.31346153846153846,0.20193623066400085,0.080433101314772
10,9,between_state,S033,Joint_LDA,0.25,0.09,0.0
10,9,between_state,S035,Raw,0.25,0.1,0.0
10,9,between_state,S035,Trait_LDA,0.25,0.1,0.0
10,9,between_state,S035,State_LDA,0.25,0.1,0.0
10,9,between_state,S035,Joint_LDA,0.25,0.1,0.0
10,9,between_state,S037,Raw,0.24166666666666667,0.18724082934609249,0.037267080745341685
10,9,between_state,S037,Trait_LDA,0.275,0.18373071528751753,0.018003273322422242
10,9,between_state,S037,State_LDA,0.22291666666666665,0.12245714000099965,-0.012658227848101111
10,9,between_state,S037,Joint_LDA,0.2125,0.11741935483870969,-0.007874015748031482
10,9,between_state,S083,Raw,0.05555555555555555,0.046474358974358976,-0.014767932489451407
10,9,between_state,S083,Trait_LDA,0.18611111111111112,0.15376984126984128,-0.08333333333333326
10,9,between_state,S083,State_LDA,0.08333333333333333,0.06405228758169934,-0.006451612903225934
10,9,between_state,S083,Joint_LDA,0.15833333333333333,0.11805555555555557,0.016055045871559703
10,9,between_state,S086,Raw,0.09401709401709402,0.09999999999999999,0.06818181818181823
10,9,between_state,S086,Trait_LDA,0.22727272727272727,0.1,-0.029983792544570287
10,9,between_state,S086,State_LDA,0.05555555555555555,0.06153846153846154,0.027963525835866365
10,9,between_state,S086,Joint_LDA,0.17132867132867133,0.16582633053221288,0.10928242264647792
10,9,between_state,S095,Raw,0.05397727272727273,0.055944055944055944,0.007448789571694481
10,9,between_state,S095,Trait_LDA,0.2852272727272727,0.14188034188034188,0.05891354246365732
10,9,between_state,S095,State_LDA,0.05397727272727273,0.055944055944055944,0.007448789571694481
10,9,between_state,S095,Joint_LDA,0.05625,0.06857142857142857,-0.0043969849246230375
10,9,between_state,S102,Raw,0.4037878787878788,0.29619883040935674,0.24203389830508482
10,9,between_state,S102,Trait_LDA,0.25757575757575757,0.2103174603174603,0.010071942446043036
10,9,between_state,S102,State_LDA,0.3787878787878788,0.28589832068092935,0.22908366533864533
10,9,between_state,S102,Joint_LDA,0.2621212121212121,0.20714022819285977,0.06648575305291704
20,0,between_state,S008,Raw,0.2474747474747475,0.17076604554865424,0.016521739130434754
20,0,between_state,S008,Trait_LDA,0.21717171717171718,0.11985688729874777,-0.03421727972626165
20,0,between_state,S008,State_LDA,0.2474747474747475,0.1712157809983897,0.014808362369337913
20,0,between_state,S008,Joint_LDA,0.21559343434343436,0.16504329004329005,-0.04947916666666652
20,0,between_state,S009,Raw,0.18888888888888888,0.10666666666666666,-0.07221006564551424
20,0,between_state,S009,Trait_LDA,0.19166666666666665,0.16367892976588627,-0.08527131782945752
20,0,between_state,S009,State_LDA,0.1638888888888889,0.08888888888888888,-0.10566448801742934
20,0,between_state,S009,Joint_LDA,0.24444444444444444,0.18295454545454548,0.0020366598778004397
20,0,between_state,S014,Raw,0.2636363636363636,0.19028749028749029,0.09691629955947134
20,0,between_state,S014,Trait_LDA,0.3333333333333333,0.20855614973262032,0.10802700675168797
20,0,between_state,S014,State_LDA,0.2636363636363636,0.18736351367930315,0.0888888888888889
20,0,between_state,S014,Joint_LDA,0.35416666666666663,0.22844827586206895,0.1304006284367636
20,0,between_state,S019,Raw,0.30606060606060603,0.18422753716871365,0.08256880733944949
20,0,between_state,S019,Trait_LDA,0.19090909090909092,0.15384615384615385,-0.07120085015940503
20,0,between_state,S019,State_LDA,0.30606060606060603,0.1892773892773893,0.10179640718562877
20,0,between_state,S019,Joint_LDA,0.2931818181818182,0.20833333333333331,0.08182784272051014
20,0,between_state,S039,Raw,0.25984848484848483,0.12781228433402345,0.030473135525260653
20,0,between_state,S039,Trait_LDA,0.24734848484848485,0.20356060606060605,-0.010362694300518172
20,0,between_state,S039,State_LDA,0.21818181818181817,0.11529581529581528,0.003990422984836539
20,0,between_state,S039,Joint_LDA,0.2015151515151515,0.1692549019607843,-0.029023746701847042
20,0,between_state,S040,Raw,0.18181818181818182,0.08080808080808081,0.059763724808895025
20,0,between_state,S040,Trait_LDA,0.2935606060606061,0.27305555555555555,0.0623028391167193
20,0,between_state,S040,State_LDA,0.18181818181818182,0.07619047619047618,0.04516584333098095
20,0,between_state,S040,Joint_LDA,0.45517676767676774,0.37333333333333335,0.28560606060606064
20,0,between_state,S048,Raw,0.29071969696969696,0.25257142857142856,0.0922693266832918
20,0,between_state,S048,Trait_LDA,0.28409090909090906,0.17733333333333332,0.06266094420600865
20,0,between_state,S048,State_LDA,0.3184974747474747,0.2706666666666667,0.11661073825503365
20,0,between_state,S048,Joint_LDA,0.28061868686868685,0.20981684981684978,0.11074918566775249
20,0,between_state,S051,Raw,0.3477272727272727,0.231390977443609,0.14788169464428458
20,0,between_state,S051,Trait_LDA,0.4255050505050505,0.4057971014492754,0.244995996797438
20,0,between_state,S051,State_LDA,0.3477272727272727,0.231390977443609,0.14788169464428458
20,0,between_state,S051,Joint_LDA,0.2823232323232323,0.27984022556390975,0.05559968228752976
20,0,between_state,S053,Raw,0.2452651515151515,0.22193181818181817,0.006711409395973145
20,0,between_state,S053,Trait_LDA,0.25,0.09782608695652174,0.0
20,0,between_state,S053,State_LDA,0.2765151515151515,0.2455026455026455,0.045845272206303744
20,0,between_state,S053,Joint_LDA,0.19696969696969696,0.15869565217391304,-0.06027667984189722
20,0,between_state,S058,Raw,0.4498737373737373,0.35177322677322675,0.25222551928783377
20,0,between_state,S058,Trait_LDA,0.27638888888888885,0.18977591036414565,0.03412462908011871
20,0,between_state,S058,State_LDA,0.4498737373737373,0.35177322677322675,0.25222551928783377
20,0,between_state,S058,Joint_LDA,0.31805555555555554,0.25687840290381125,0.09509658246656749
20,0,between_state,S065,Raw,0.22840909090909092,0.16272429261559698,0.036703155183515634
20,0,between_state,S065,Trait_LDA,0.3410984848484849,0.3108266562438929,0.16005873715124808
20,0,between_state,S065,State_LDA,0.2534090909090909,0.1835576259489303,0.06503541532517709
20,0,between_state,S065,Joint_LDA,0.3077651515151515,0.2067476383265857,0.0827168796234029
20,0,between_state,S068,Raw,0.2727272727272727,0.14642857142857144,0.0992301112061591
20,0,between_state,S068,Trait_LDA,0.17266414141414144,0.12666666666666665,-0.036544850498339
20,0,between_state,S068,State_LDA,0.2727272727272727,0.14642857142857144,0.0992301112061591
20,0,between_state,S068,Joint_LDA,0.20454545454545456,0.1,0.03544929925803786
20,0,between_state,S072,Raw,0.31111111111111106,0.29045454545454547,0.08093023255813958
20,0,between_state,S072,Trait_LDA,0.3666666666666667,0.3254392666157372,0.15320334261838453
20,0,between_state,S072,State_LDA,0.31111111111111106,0.29045454545454547,0.08093023255813958
20,0,between_state,S072,Joint_LDA,0.41111111111111115,0.3537581699346405,0.2208760484622554
20,0,between_state,S073,Raw,0.25,0.16842105263157894,0.006849315068493178
20,0,between_state,S073,Trait_LDA,0.3055555555555556,0.27119565217391306,0.08319185059422762
20,0,between_state,S073,State_LDA,0.25,0.16842105263157894,0.006849315068493178
20,0,between_state,S073,Joint_LDA,0.36868686868686873,0.2903361344537815,0.18228279386712098
20,0,between_state,S076,Raw,0.25277777777777777,0.18778644865601388,0.020779220779220675
20,0,between_state,S076,Trait_LDA,0.19999999999999998,0.1494057724957555,-0.06896551724137923
20,0,between_state,S076,State_LDA,0.25277777777777777,0.18778644865601388,0.020779220779220675
20,0,between_state,S076,Joint_LDA,0.25277777777777777,0.2438061938061938,0.001765225066195919
20,0,between_state,S079,Raw,0.1,0.10714285714285714,0.03869047619047605
20,0,between_state,S079,Trait_LDA,0.175,0.10769230769230768,0.08255451713395623
20,0,between_state,S079,State_LDA,0.1,0.10714285714285714,0.03869047619047605
20,0,between_state,S079,Joint_LDA,0.05555555555555555,0.05333333333333333,0.0014598540145985828
20,0,between_state,S080,Raw,0.2037878787878788,0.2061036789297659,0.09411764705882364
20,0,between_state,S080,Trait_LDA,0.2681818181818182,0.2523809523809524,0.01949860724233976
20,0,between_state,S080,State_LDA,0.22651515151515153,0.23247730530339225,0.11426879810538793
20,0,between_state,S080,Joint_LDA,0.4087121212121212,0.4004901960784314,0.20830449826989628
20,0,between_state,S089,Raw,0.2958041958041958,0.22526519787841698,0.05437788018433187
20,0,between_state,S089,Trait_LDA,0.2393939393939394,0.13676236044657097,-0.0046511627906975495
20,0,between_state,S089,State_LDA,0.2958041958041958,0.22526519787841698,0.05437788018433187
20,0,between_state,S089,Joint_LDA,0.27179487179487183,0.18877351097178685,0.0357142857142857
20,0,between_state,S095,Raw,0.17272727272727273,0.09230769230769231,0.039283252929014245
20,0,between_state,S095,Trait_LDA,0.2471590909090909,0.1484126984126984,0.02679938744257282
20,0,between_state,S095,State_LDA,0.17272727272727273,0.08624708624708625,0.0190007037297677
20,0,between_state,S095,Joint_LDA,0.24526515151515152,0.16823361823361824,0.06681350954478726
20,0,between_state,S098,Raw,0.22954545454545455,0.11648351648351647,-0.015260323159784539
20,0,between_state,S098,Trait_LDA,0.225,0.09375,-0.03539823008849563
20,0,between_state,S098,State_LDA,0.22954545454545455,0.11648351648351647,-0.015260323159784539
20,0,between_state,S098,Joint_LDA,0.2,0.08695652173913043,-0.07180851063829796
20,1,between_state,S002,Raw,0.125,0.11965811965811965,0.02911467617349961
20,1,between_state,S002,Trait_LDA,0.25,0.12990196078431374,0.0
20,1,between_state,S002,State_LDA,0.125,0.1248868778280543,0.04107981220657275
20,1,between_state,S002,Joint_LDA,0.20833333333333331,0.16363636363636364,0.09136109384710989
20,1,between_state,S004,Raw,0.14583333333333331,0.11111111111111112,-0.00203252032520318
20,1,between_state,S004,Trait_LDA,0.3506944444444444,0.25,0.12922002328288706
20,1,between_state,S004,State_LDA,0.1423611111111111,0.11388888888888889,0.013999999999999901
20,1,between_state,S004,Joint_LDA,0.2398989898989899,0.13931623931623932,0.010477299185098987
20,1,between_state,S022,Raw,0.25,0.22120713150124915,0.0
20,1,between_state,S022,Trait_LDA,0.3181818181818182,0.2851731601731602,0.09090909090909094
20,1,between_state,S022,State_LDA,0.2727272727272727,0.2496031746031746,0.030303030303030276
20,1,between_state,S022,Joint_LDA,0.3181818181818182,0.21421421421421422,0.09090909090909094
20,1,between_state,S026,Raw,0.1597222222222222,0.10166028097062578,-0.06331045003813873
20,1,between_state,S026,Trait_LDA,0.25416666666666665,0.15070643642072212,0.0075125208681136035
20,1,between_state,S026,State_LDA,0.1597222222222222,0.10166028097062578,-0.06331045003813873
20,1,between_state,S026,Joint_LDA,0.25,0.11320754716981132,0.0
20,1,between_state,S027,Raw,0.3477272727272727,0.21564102564102566,0.14779270633397312
20,1,between_state,S027,Trait_LDA,0.1638888888888889,0.10147849462365591,-0.1201171875
20,1,between_state,S027,State_LDA,0.3477272727272727,0.21564102564102566,0.14779270633397312
20,1,between_state,S027,Joint_LDA,0.26666666666666666,0.15727554179566564,0.037572254335260014
20,1,between_state,S028,Raw,0.21988636363636366,0.13788062109296229,0.005613472333600655
20,1,between_state,S028,Trait_LDA,0.32443181818181815,0.2608516483516483,0.10373443983402475
20,1,between_state,S028,State_LDA,0.19488636363636364,0.1222860791826309,-0.01829753381066035
20,1,between_state,S028,Joint_LDA,0.27443181818181817,0.21521739130434783,0.0341382181515405
20,1,between_state,S036,Raw,0.2915521978021978,0.18814496314496315,0.054744525547445244
20,1,between_state,S036,Trait_LDA,0.21875,0.0875,-0.029684601113172393
20,1,between_state,S036,State_LDA,0.2915521978021978,0.18814496314496315,0.054744525547445244
20,1,between_state,S036,Joint_LDA,0.2857142857142857,0.11538461538461538,0.04604051565377543
20,1,between_state,S038,Raw,0.1875,0.08372093023255814,-0.022123893805309658
20,1,between_state,S038,Trait_LDA,0.22916666666666669,0.1527173913043478,-0.032258064516129004
20,1,between_state,S038,State_LDA,0.24305555555555555,0.11666666666666665,0.0461538461538461
20,1,between_state,S038,Joint_LDA,0.25,0.1111111111111111,0.0
20,1,between_state,S044,Raw,0.33440170940170943,0.2845021645021645,0.2160804020100504
20,1,between_state,S044,Trait_LDA,0.41185897435897434,0.3445989304812834,0.22935779816513768
20,1,between_state,S044,State_LDA,0.3552350427350428,0.29533960292580985,0.2396813902968863
20,1,between_state,S044,Joint_LDA,0.28125,0.16876310272536688,0.03639240506329111
20,1,between_state,S048,Raw,0.2140151515151515,0.16371237458193982,-0.015966386554621792
20,1,between_state,S048,Trait_LDA,0.13636363636363635,0.09774436090225563,-0.16260162601626016
20,1,between_state,S048,State_LDA,0.21906565656565657,0.1619047619047619,-0.0024875621890547706
20,1,between_state,S048,Joint_LDA,0.19886363636363638,0.16233766233766234,-0.040447504302925985
20,1,between_state,S052,Raw,0.07828282828282829,0.05279503105590062,-0.094650205761317
20,1,between_state,S052,Trait_LDA,0.32539682539682535,0.16857142857142857,0.10210970464135016
20,1,between_state,S052,State_LDA,0.1497113997113997,0.08971425218564806,-0.034653465346534684
20,1,between_state,S052,Joint_LDA,0.022727272727272728,0.03076923076923077,-0.07410236822001526
20,1,between_state,S056,Raw,0.3060897435897436,0.2148846960167715,0.08531109685695981
20,1,between_state,S056,Trait_LDA,0.25,0.10526315789473684,0.0006389776357826893
20,1,between_state,S056,State_LDA,0.3060897435897436,0.2148846960167715,0.08531109685695981
20,1,between_state,S056,Joint_LDA,0.29924242424242425,0.21764705882352942,0.06301718650541055
20,1,between_state,S057,Raw,0.31363636363636366,0.20942982456140352,0.08352144469525957
20,1,between_state,S057,Trait_LDA,0.22386363636363635,0.17948529411764708,-0.037837837837837895
20,1,between_state,S057,State_LDA,0.3386363636363636,0.22880371660859466,0.11711711711711714
20,1,between_state,S057,Joint_LDA,0.4325757575757575,0.301403743315508,0.2227979274611398
20,1,between_state,S067,Raw,0.38636363636363635,0.34294871794871795,0.18181818181818177
20,1,between_state,S067,Trait_LDA,0.20454545454545453,0.16206239580852583,-0.06060606060606055
20,1,between_state,S067,State_LDA,0.38636363636363635,0.34833333333333333,0.18181818181818177
20,1,between_state,S067,Joint_LDA,0.27272727272727276,0.2294172932330827,0.030303030303030276
20,1,between_state,S075,Raw,0.275,0.11799628942486087,0.03981264637002324
20,1,between_state,S075,Trait_LDA,0.22727272727272727,0.10638297872340426,-0.029149797570850122
20,1,between_state,S075,State_LDA,0.275,0.11666666666666667,0.03981264637002335
20,1,between_state,S075,Joint_LDA,0.4113636363636364,0.35576036866359445,0.2196669310071372
20,1,between_state,S079,Raw,0.025,0.025641025641025644,0.005657708628005631
20,1,between_state,S079,Trait_LDA,0.18611111111111112,0.12348484848484849,-0.06606334841628958
20,1,between_state,S079,State_LDA,0.025,0.027777777777777776,0.012640449438202195
20,1,between_state,S079,Joint_LDA,0.0,0.0,-0.006271777003484358
20,1,between_state,S083,Raw,0.2676767676767677,0.15999999999999998,0.028350515463917536
20,1,between_state,S083,Trait_LDA,0.15328282828282827,0.14833959899749372,-0.12894736842105248
20,1,between_state,S083,State_LDA,0.29545454545454547,0.22332123411978222,0.0537261698440209
20,1,between_state,S083,Joint_LDA,0.25,0.1564102564102564,-0.0042918454935620964
20,1,between_state,S096,Raw,0.2875,0.2288109756097561,0.0461538461538461
20,1,between_state,S096,Trait_LDA,0.20833333333333331,0.2142257678654113,-0.07093184979137668
20,1,between_state,S096,State_LDA,0.2875,0.2288109756097561,0.0461538461538461
20,1,between_state,S096,Joint_LDA,0.2833333333333333,0.18256410256410255,0.039563437926330214
20,1,between_state,S097,Raw,0.21875,0.05982905982905983,0.015050167224080258
20,1,between_state,S097,Trait_LDA,0.225,0.0782608695652174,-0.016605166051660403
20,1,between_state,S097,State_LDA,0.21875,0.05982905982905983,0.015050167224080258
20,1,between_state,S097,Joint_LDA,0.25555555555555554,0.17216117216117216,0.0018761726078798668
20,1,between_state,S107,Raw,0.125,0.09477124183006536,-0.004240882103477395
20,1,between_state,S107,Trait_LDA,0.22142857142857142,0.19347826086956524,-0.033718689788053924
20,1,between_state,S107,State_LDA,0.125,0.09477124183006536,-0.004240882103477395
20,1,between_state,S107,Joint_LDA,0.1607142857142857,0.12878787878787878,0.029610829103214775
20,2,between_state,S002,Raw,0.281060606060606,0.20066889632107024,0.11074049366244176
20,2,between_state,S002,Trait_LDA,0.3333333333333333,0.2456043956043956,0.11119030648610118
20,2,between_state,S002,State_LDA,0.30606060606060603,0.25384615384615383,0.13364674278038946
20,2,between_state,S002,Joint_LDA,0.16666666666666666,0.08307533539731682,-0.05449591280653987
20,2,between_state,S009,Raw,0.21388888888888888,0.16080808080808082,-0.03157894736842115
20,2,between_state,S009,Trait_LDA,0.06666666666666667,0.044466403162055336,-0.22222222222222232
20,2,between_state,S009,State_LDA,0.21388888888888888,0.16291334396597557,-0.019771071800207984
20,2,between_state,S009,Joint_LDA,0.13333333333333333,0.10852941176470587,-0.06707317073170738
20,2,between_state,S011,Raw,0.22727272727272727,0.1580916237462727,0.02857142857142858
20,2,between_state,S011,Trait_LDA,0.29545454545454547,0.22558198380566802,0.06060606060606055
20,2,between_state,S011,State_LDA,0.25,0.16817226890756304,0.05035971223021585
20,2,between_state,S011,Joint_LDA,0.3181818181818182,0.2111111111111111,0.09090909090909094
20,2,between_state,S016,Raw,0.4236111111111111,0.2841269841269841,0.22476190476190483
20,2,between_state,S016,Trait_LDA,0.2388888888888889,0.18311036789297658,-0.005825242718446422
20,2,between_state,S016,State_LDA,0.4236111111111111,0.288558352402746,0.23135033050047216
20,2,between_state,S016,Joint_LDA,0.2513888888888889,0.21609311740890688,0.0057581573896353655
20,2,between_state,S017,Raw,0.09375,0.03636363636363636,-0.05986394557823127
20,2,between_state,S017,Trait_LDA,0.0,0.0,-0.018787878787878576
20,2,between_state,S017,State_LDA,0.0625,0.025806451612903226,-0.08259986459038582
20,2,between_state,S017,Joint_LDA,0.050505050505050504,0.055384615384615386,-0.06104844061048431
20,2,between_state,S023,Raw,0.3106060606060606,0.21853546910755148,0.09956709956709953
20,2,between_state,S023,Trait_LDA,0.31628787878787884,0.27370766488413545,0.07534246575342474
20,2,between_state,S023,State_LDA,0.3418560606060606,0.2676767676767677,0.13569576490924795
20,2,between_state,S023,Joint_LDA,0.2986111111111111,0.16438625204582652,0.08706677937447171
20,2,between_state,S035,Raw,0.25,0.08333333333333334,0.016393442622950838
20,2,between_state,S035,Trait_LDA,0.18661616161616162,0.13205404112864658,-0.07229894394800973
20,2,between_state,S035,State_LDA,0.25,0.08333333333333334,0.016393442622950838
20,2,between_state,S035,Joint_LDA,0.022727272727272728,0.02857142857142857,0.00446713465220161
20,2,between_state,S037,Raw,0.2791666666666667,0.18281949531949535,0.07348242811501604
20,2,between_state,S037,Trait_LDA,0.24375000000000002,0.20347826086956522,-0.004862236628849326
20,2,between_state,S037,State_LDA,0.20208333333333334,0.13964285714285715,0.007751937984496138
20,2,between_state,S037,Joint_LDA,0.37083333333333335,0.3569693464430307,0.13907284768211914
20,2,between_state,S042,Raw,0.27847222222222223,0.17035867358448004,0.10738255033557031
20,2,between_state,S042,Trait_LDA,0.2222222222222222,0.09090909090909091,-0.03825136612021862
20,2,between_state,S042,State_LDA,0.27847222222222223,0.17701149425287355,0.12211221122112204
20,2,between_state,S042,Joint_LDA,0.3090277777777778,0.23774509803921567,0.07065217391304357
20,2,between_state,S051,Raw,0.4106060606060606,0.40384615384615385,0.21342925659472423
20,2,between_state,S051,Trait_LDA,0.1941919191919192,0.1784090909090909,-0.087620578778135
20,2,between_state,S051,State_LDA,0.4106060606060606,0.40384615384615385,0.21342925659472423
20,2,between_state,S051,Joint_LDA,0.2164141414141414,0.1839712918660287,-0.05466237942122176
20,2,between_state,S058,Raw,0.28611111111111115,0.17039215686274511,0.05309090909090919
20,2,between_state,S058,Trait_LDA,0.2986111111111111,0.2503623188405797,0.06597479614529289
20,2,between_state,S058,State_LDA,0.28611111111111115,0.17039215686274511,0.05309090909090919
20,2,between_state,S058,Joint_LDA,0.3662878787878788,0.33728070175438596,0.1499250374812593
20,2,between_state,S060,Raw,0.36300505050505055,0.26112554112554115,0.1839581517000871
20,2,between_state,S060,Trait_LDA,0.3630050505050505,0.34594474153297683,0.16651825467497772
20,2,between_state,S060,State_LDA,0.36300505050505055,0.26112554112554115,0.1839581517000871
20,2,between_state,S060,Joint_LDA,0.4220328282828283,0.41791575564395034,0.2440528634361233
20,2,between_state,S065,Raw,0.17708333333333331,0.1125,-0.04073587385019706
20,2,between_state,S065,Trait_LDA,0.175,0.13560606060606062,-0.09838472834067558
20,2,between_state,S065,State_LDA,0.22481060606060604,0.17184065934065934,-0.0033534540576793948
20,2,between_state,S065,Joint_LDA,0.18106060606060606,0.1500830564784053,-0.10711718188353703
20,2,between_state,S070,Raw,0.14935064935064934,0.1511111111111111,0.09454061251664436
20,2,between_state,S070,Trait_LDA,0.17207792207792205,0.11346153846153846,-0.11486486486486491
20,2,between_state,S070,State_LDA,0.14935064935064934,0.13636363636363638,0.07671418873048208
20,2,between_state,S070,Joint_LDA,0.21753246753246752,0.12804878048780488,-0.008130081300812941
20,2,between_state,S073,Raw,0.31565656565656564,0.22222222222222218,0.10224438902743138
20,2,between_state,S073,Trait_LDA,0.1919191919191919,0.16519607843137257,-0.0738255033557047
20,2,between_state,S073,State_LDA,0.31565656565656564,0.2261437908496732,0.10373443983402486
20,2,between_state,S073,Joint_LDA,0.21212121212121213,0.16398225957049486,-0.045751633986928164
20,2,between_state,S077,Raw,0.2895833333333333,0.22166666666666668,0.09420289855072472
20,2,between_state,S077,Trait_LDA,0.14305555555555555,0.16231060606060604,-0.12903225806451601
20,2,between_state,S077,State_LDA,0.2895833333333333,0.21858974358974356,0.08663883089770363
20,2,between_state,S077,Joint_LDA,0.2263888888888889,0.12283950617283951,-0.006389776357827781
20,2,between_state,S084,Raw,0.23263888888888887,0.19714285714285712,0.02643171806167388
20,2,between_state,S084,Trait_LDA,0.11458333333333333,0.07717391304347826,-0.1512415349887133
20,2,between_state,S084,State_LDA,0.20138888888888887,0.17030075187969923,-0.012127894156560126
20,2,between_state,S084,Joint_LDA,0.2048611111111111,0.16989010989010989,-0.05760368663594462
20,2,between_state,S094,Raw,0.29166666666666663,0.15714285714285714,0.061299176578225034
20,2,between_state,S094,Trait_LDA,0.35555555555555557,0.2977124183006536,0.13162705667276053
20,2,between_state,S094,State_LDA,0.29166666666666663,0.1578544061302682,0.06043956043956045
20,2,between_state,S094,Joint_LDA,0.275,0.20964912280701753,0.02653247941445569
20,2,between_state,S099,Raw,0.1388888888888889,0.06410256410256411,0.010367577756833168
20,2,between_state,S099,Trait_LDA,0.32539682539682535,0.1943573667711599,0.08280922431865834
20,2,between_state,S099,State_LDA,0.19444444444444445,0.08045977011494253,0.062200956937799035
20,2,between_state,S099,Joint_LDA,0.1349206349206349,0.08101851851851852,-0.0037002775208141436
20,2,between_state,S104,Raw,0.33238636363636365,0.23135353535353537,0.1472457627118643
20,2,between_state,S104,Trait_LDA,0.28125,0.21233766233766235,0.030883919062832832
20,2,between_state,S104,State_LDA,0.37784090909090906,0.2611111111111112,0.21641791044776126
20,2,between_state,S104,Joint_LDA,0.15625,0.08333333333333333,-0.06598984771573613
20,3,between_state,S029,Raw,0.3189102564102564,0.19649915302089216,0.14745465184318318
20,3,between_state,S029,Trait_LDA,0.25416666666666665,0.1381578947368421,0.0024257125530624535
20,3,between_state,S029,State_LDA,0.3189102564102564,0.20172101449275362,0.15974625144175325
20,3,between_state,S029,Joint_LDA,0.2467948717948718,0.14637232467357653,0.012012012012011852
20,3,between_state,S041,Raw,0.428030303030303,0.351571906354515,0.24607329842931946
20,3,between_state,S041,Trait_LDA,0.2583333333333333,0.1603658536585366,0.008118081180811698
20,3,between_state,S041,State_LDA,0.428030303030303,0.3523636292515011,0.24663677130044837
20,3,between_state,S041,Joint_LDA,0.2638888888888889,0.17427884615384615,0.009579955784819516
20,3,between_state,S043,Raw,0.31774475524475526,0.2811688311688312,0.11512415349887128
20,3,between_state,S043,Trait_LDA,0.2727272727272727,0.12329931972789115,0.027368421052631597
20,3,between_state,S043,State_LDA,0.2757867132867133,0.203332783369081,0.07759882869692514
20,3,between_state,S043,Joint_LDA,0.25,0.06530612244897958,0.005571030640668551
20,3,between_state,S048,Raw,0.27146464646464646,0.20570728291316528,0.11847233047544814
20,3,between_state,S048,Trait_LDA,0.21306818181818182,0.13442389758179232,-0.040000000000000036
20,3,between_state,S048,State_LDA,0.2992424242424242,0.22829131652661064,0.14150943396226412
20,3,between_state,S048,Joint_LDA,0.16414141414141414,0.11741935483870969,0.008737092930897417
20,3,between_state,S049,Raw,0.24861111111111112,0.17121839080459772,0.026128266033254133
20,3,between_state,S049,Trait_LDA,0.2722222222222222,0.16202945990180034,0.029029793735676046
20,3,between_state,S049,State_LDA,0.26944444444444443,0.18133333333333332,0.04956035171862505
20,3,between_state,S049,Joint_LDA,0.3513888888888889,0.2703921568627451,0.13515624999999998
20,3,between_state,S050,Raw,0.275,0.11786786786786786,0.07348242811501593
20,3,between_state,S050,Trait_LDA,0.09772727272727275,0.11494708994708994,-0.20603015075376874
20,3,between_state,S050,State_LDA,0.275,0.1154970760233918,0.06602254428341392
20,3,between_state,S050,Joint_LDA,0.17373737373737372,0.139009139009139,-0.08910891089108919
20,3,between_state,S053,Raw,0.2904040404040404,0.20470383275261322,0.06601941747572826
20,3,between_state,S053,Trait_LDA,0.14772727272727273,0.08234519104084322,-0.14175506268081017
20,3,between_state,S053,State_LDA,0.2904040404040404,0.20470383275261322,0.06601941747572826
20,3,between_state,S053,Joint_LDA,0.28061868686868685,0.2238095238095238,0.048466864490603334
20,3,between_state,S056,Raw,0.3906759906759907,0.3591305153874676,0.19044626021370192
20,3,between_state,S056,Trait_LDA,0.2540792540792541,0.19089430894308942,0.008871989860582907
20,3,between_state,S056,State_LDA,0.41567599067599065,0.37604166666666666,0.22082810539523212
20,3,between_state,S056,Joint_LDA,0.20833333333333334,0.09803921568627451,-0.06153846153846154
20,3,between_state,S061,Raw,0.24444444444444446,0.13807285546415982,-0.01000769822940728
20,3,between_state,S061,Trait_LDA,0.42777777777777776,0.32667895167895167,0.24439102564102566
20,3,between_state,S061,State_LDA,0.21944444444444444,0.11355311355311355,-0.03996925441967725
20,3,between_state,S061,Joint_LDA,0.322979797979798,0.20683760683760682,0.10522213561964133
20,3,between_state,S065,Raw,0.30000000000000004,0.18827160493827158,0.15492957746478875
20,3,between_state,S065,Trait_LDA,0.2643939393939394,0.21588089330024815,0.03561643835616457
20,3,between_state,S065,State_LDA,0.30000000000000004,0.17876089427813566,0.13214990138067062
20,3,between_state,S065,Joint_LDA,0.21666666666666665,0.1457142857142857,0.009009009009009028
20,3,between_state,S070,Raw,0.1590909090909091,0.11666666666666667,0.09402882635552501
20,3,between_state,S070,Trait_LDA,0.16558441558441558,0.09185606060606061,-0.10759493670886067
20,3,between_state,S070,State_LDA,0.24025974025974028,0.17857142857142858,0.1465149359886202
20,3,between_state,S070,Joint_LDA,0.022727272727272728,0.03333333333333333,0.013906447534765998
20,3,between_state,S071,Raw,0.24999999999999997,0.18851010101010102,1.1102230246251565e-16
20,3,between_state,S071,Trait_LDA,0.22777777777777777,0.15906954887218044,-0.029929577464788526
20,3,between_state,S071,State_LDA,0.24999999999999997,0.18851010101010102,1.1102230246251565e-16
20,3,between_state,S071,Joint_LDA,0.225,0.09574468085106383,-0.034482758620689724
20,3,between_state,S076,Raw,0.175,0.095,-0.09377738825591586
20,3,between_state,S076,Trait_LDA,0.18055555555555555,0.1622222222222222,-0.09762532981530336
20,3,between_state,S076,State_LDA,0.175,0.095,-0.09377738825591586
20,3,between_state,S076,Joint_LDA,0.25,0.16166666666666668,0.009632224168126036
20,3,between_state,S078,Raw,0.15555555555555556,0.1042016806722689,-0.09729729729729719
20,3,between_state,S078,Trait_LDA,0.2222222222222222,0.1,-0.03618421052631593
20,3,between_state,S078,State_LDA,0.15555555555555556,0.1042016806722689,-0.09729729729729719
20,3,between_state,S078,Joint_LDA,0.1951388888888889,0.139009139009139,-0.057173678532901784
20,3,between_state,S079,Raw,0.05555555555555555,0.0392156862745098,0.00291545189504383
20,3,between_state,S079,Trait_LDA,0.20277777777777778,0.1403118908382066,-0.05166051660516602
20,3,between_state,S079,State_LDA,0.0,0.0,-0.02556818181818188
20,3,between_state,S079,Joint_LDA,0.027777777777777776,0.02857142857142857,-0.005003573981415377
20,3,between_state,S080,Raw,0.29659090909090907,0.195687134502924,0.09668874172185438
20,3,between_state,S080,Trait_LDA,0.4185606060606061,0.3890917905623788,0.21536351165980805
20,3,between_state,S080,State_LDA,0.27386363636363636,0.18854427736006685,0.08093994778067892
20,3,between_state,S080,Joint_LDA,0.24659090909090908,0.2148356227812934,0.08217446270543616
20,3,between_state,S093,Raw,0.2236111111111111,0.19777034559643253,0.07147912243453636
20,3,between_state,S093,Trait_LDA,0.15,0.12990196078431374,-0.12965964343598047
20,3,between_state,S093,State_LDA,0.2236111111111111,0.19426157366660798,0.0635260528194147
20,3,between_state,S093,Joint_LDA,0.08055555555555555,0.08969696969696969,-0.03384207033842057
20,3,between_state,S095,Raw,0.175,0.07526881720430108,0.03127171646977078
20,3,between_state,S095,Trait_LDA,0.1875,0.12312312312312312,-0.08313908313908303
20,3,between_state,S095,State_LDA,0.175,0.07291666666666667,0.024492652204338827
20,3,between_state,S095,Joint_LDA,0.2375,0.12679738562091503,0.036002939015429836
20,3,between_state,S101,Raw,0.275,0.23619047619047615,0.1425091352009744
20,3,between_state,S101,Trait_LDA,0.16136363636363635,0.15548245614035086,-0.12198483804272908
20,3,between_state,S101,State_LDA,0.275,0.19999999999999998,0.14821536600120977
20,3,between_state,S101,Joint_LDA,0.3727272727272727,0.31557666544878826,0.23192019950124687
20,3,between_state,S108,Raw,0.18068181818181817,0.1869047619047619,-0.10185185185185186
20,3,between_state,S108,Trait_LDA,0.20833333333333334,0.1,-0.06077348066298338
20,3,between_state,S108,State_LDA,0.18068181818181817,0.18888888888888888,-0.1001540832049308
20,3,between_state,S108,Joint_LDA,0.22765151515151516,0.15833333333333333,-0.035439137134052334
20,4,between_state,S007,Raw,0.2,0.17411764705882354,0.10363311494937466
20,4,between_state,S007,Trait_LDA,0.4484848484848485,0.3486990950226244,0.26074498567335247
20,4,between_state,S007,State_LDA,0.175,0.15204678362573099,0.07802263251935682
20,4,between_state,S007,Joint_LDA,0.1803030303030303,0.16969696969696973,0.06463642013673077
20,4,between_state,S009,Raw,0.1222222222222222,0.14534798534798535,0.04236540158870261
20,4,between_state,S009,Trait_LDA,0.175,0.10166666666666666,-0.10294117647058831
20,4,between_state,S009,State_LDA,0.1222222222222222,0.14534798534798535,0.04236540158870261
20,4,between_state,S009,Joint_LDA,0.29444444444444445,0.2012987012987013,0.06562847608453837
20,4,between_state,S013,Raw,0.2833527583527583,0.226937441643324,0.06589427950760307
20,4,between_state,S013,Trait_LDA,0.275,0.13368983957219252,0.028747433264887046
20,4,between_state,S013,State_LDA,0.33036130536130537,0.2561562276732555,0.11209439528023601
20,4,between_state,S013,Joint_LDA,0.25256410256410255,0.18317307692307694,0.0014074595355384467
20,4,between_state,S020,Raw,0.22828282828282828,0.17069327731092435,0.07467532467532456
20,4,between_state,S020,Trait_LDA,0.2638888888888889,0.16296296296296295,0.030782761653473933
20,4,between_state,S020,State_LDA,0.22828282828282828,0.16946778711484592,0.06633906633906628
20,4,between_state,S020,Joint_LDA,0.29166666666666663,0.17707509881422925,0.11774461028192373
20,4,between_state,S023,Raw,0.26515151515151514,0.17333333333333334,0.04369332234130252
20,4,between_state,S023,Trait_LDA,0.2765151515151515,0.23748006379585326,0.04680851063829783
20,4,between_state,S023,State_LDA,0.21117424242424243,0.13482517482517484,-0.006493506493506551
20,4,between_state,S023,Joint_LDA,0.23863636363636365,0.14666666666666667,0.012765957446808529
20,4,between_state,S024,Raw,0.3222222222222222,0.2095238095238095,0.09756097560975607
20,4,between_state,S024,Trait_LDA,0.25,0.14047619047619048,1.1102230246251565e-16
20,4,between_state,S024,State_LDA,0.3222222222222222,0.2095238095238095,0.09756097560975607
20,4,between_state,S024,Joint_LDA,0.41388888888888886,0.3522727272727273,0.21579961464354536
20,4,between_state,S025,Raw,0.1686868686868687,0.13856143856143857,-0.08651597817614953
20,4,between_state,S025,Trait_LDA,0.2,0.0851063829787234,-0.06619385342789585
20,4,between_state,S025,State_LDA,0.1686868686868687,0.13553113553113555,-0.09419152276295151
20,4,between_state,S025,Joint_LDA,0.2588383838383838,0.2099673202614379,0.0023547880690738543
20,4,between_state,S044,Raw,0.2761752136752137,0.13333333333333333,0.07093821510297471
20,4,between_state,S044,Trait_LDA,0.21314102564102566,0.1349206349206349,-0.0576766856214459
20,4,between_state,S044,State_LDA,0.297008547008547,0.16666666666666666,0.09468822170900704
20,4,between_state,S044,Joint_LDA,0.20192307692307693,0.13075268817204302,-0.02205323193916353
20,4,between_state,S048,Raw,0.19823232323232323,0.16434065934065933,0.04514154552410099
20,4,between_state,S048,Trait_LDA,0.27840909090909094,0.1724137931034483,0.020779220779220786
20,4,between_state,S048,State_LDA,0.19823232323232323,0.13377594627594627,0.03926096997690509
20,4,between_state,S048,Joint_LDA,0.09375,0.06,-0.016654598117306296
20,4,between_state,S050,Raw,0.25,0.19943977591036416,0.14163090128755373
20,4,between_state,S050,Trait_LDA,0.22045454545454546,0.19166666666666665,-0.029900332225913484
20,4,between_state,S050,State_LDA,0.2727272727272727,0.23095238095238094,0.16964924838940576
20,4,between_state,S050,Joint_LDA,0.19772727272727272,0.1497043261749144,0.035418236623963706
20,4,between_state,S053,Raw,0.38667929292929293,0.38298295906991553,0.20585365853658533
20,4,between_state,S053,Trait_LDA,0.05397727272727273,0.037868162692847124,-0.280909990108803
20,4,between_state,S053,State_LDA,0.40940656565656564,0.3992807192807193,0.23972602739726023
20,4,between_state,S053,Joint_LDA,0.21969696969696967,0.13456221198156681,-0.026759167492566682
20,4,between_state,S058,Raw,0.3390151515151515,0.24022864959937462,0.11910112359550562
20,4,between_state,S058,Trait_LDA,0.3181818181818182,0.1996124031007752,0.08832335329341312
20,4,between_state,S058,State_LDA,0.3162878787878788,0.21185064935064934,0.08832335329341323
20,4,between_state,S058,Joint_LDA,0.3005050505050505,0.15079365079365079,0.06942392909896589
20,4,between_state,S063,Raw,0.0,0.0,0.0
20,4,between_state,S063,Trait_LDA,0.25,0.1,0.0
20,4,between_state,S063,State_LDA,0.0,0.0,0.0
20,4,between_state,S063,Joint_LDA,0.0,0.0,-0.0869565217391306
20,4,between_state,S076,Raw,0.175,0.10666666666666666,-0.0630323679727427
20,4,between_state,S076,Trait_LDA,0.225,0.12427325581395349,-0.034482758620689724
20,4,between_state,S076,State_LDA,0.175,0.10666666666666666,-0.0630323679727427
20,4,between_state,S076,Joint_LDA,0.25,0.11578947368421053,0.01737619461337958
20,4,between_state,S078,Raw,0.22916666666666666,0.13333333333333336,0.0010570824524314126
20,4,between_state,S078,Trait_LDA,0.2111111111111111,0.15542521994134897,-0.05116796440489435
20,4,between_state,S078,State_LDA,0.22916666666666666,0.13333333333333336,0.0010570824524314126
20,4,between_state,S078,Joint_LDA,0.28680555555555554,0.18078431372549017,0.06562847608453837
20,4,between_state,S079,Raw,0.0,0.0,0.0
20,4,between_state,S079,Trait_LDA,0.275,0.16450216450216448,0.040224508886810284
20,4,between_state,S079,State_LDA,0.0,0.0,0.0
20,4,between_state,S079,Joint_LDA,0.0,0.0,-0.020494699646643078
20,4,between_state,S081,Raw,0.334280303030303,0.27732974910394265,0.12118713932399017
20,4,between_state,S081,Trait_LDA,0.25,0.10576923076923077,0.0
20,4,between_state,S081,State_LDA,0.334280303030303,0.27732974910394265,0.12118713932399017
20,4,between_state,S081,Joint_LDA,0.4053030303030303,0.35181704260651625,0.21216973578863085
20,4,between_state,S091,Raw,0.2222222222222222,0.08,-0.03253796095444672
20,4,between_state,S091,Trait_LDA,0.3194444444444444,0.22248803827751196,0.09885057471264358
20,4,between_state,S091,State_LDA,0.2222222222222222,0.08,-0.03253796095444672
20,4,between_state,S091,Joint_LDA,0.2222222222222222,0.08333333333333333,-0.03703703703703698
20,4,between_state,S105,Raw,0.025,0.025641025641025644,0.005227781926810948
20,4,between_state,S105,Trait_LDA,0.2833333333333333,0.2121212121212121,0.04752475247524757
20,4,between_state,S105,State_LDA,0.025,0.025641025641025644,0.005227781926810948
20,4,between_state,S105,Joint_LDA,0.0,0.0,0.0
20,4,between_state,S109,Raw,0.08125,0.068218954248366,-0.08584686774941974
20,4,between_state,S109,Trait_LDA,0.34090909090909094,0.21333333333333332,0.14021164021164012
20,4,between_state,S109,State_LDA,0.10625000000000001,0.0849002849002849,-0.04437643458301466
20,4,between_state,S109,Joint_LDA,0.32272727272727275,0.19761415055532702,0.1097453906935908
20,5,between_state,S008,Raw,0.23484848484848486,0.1532051282051282,0.012658227848101222
20,5,between_state,S008,Trait_LDA,0.4097222222222222,0.27903225806451615,0.1680887372013652
20,5,between_state,S008,State_LDA,0.26262626262626265,0.16221413721413722,0.03826530612244894
20,5,between_state,S008,Joint_LDA,0.4081439393939394,0.296037296037296,0.17302798982188294
20,5,between_state,S009,Raw,0.3472222222222222,0.2956001113895851,0.12213740458015254
20,5,between_state,S009,Trait_LDA,0.3611111111111111,0.3416666666666667,0.1444444444444445
20,5,between_state,S009,State_LDA,0.3472222222222222,0.2956001113895851,0.12213740458015254
20,5,between_state,S009,Joint_LDA,0.43333333333333335,0.4440993788819876,0.2222222222222222
20,5,between_state,S010,Raw,0.35575396825396827,0.24404761904761907,0.13557779799818015
20,5,between_state,S010,Trait_LDA,0.2777777777777778,0.13032258064516128,0.08433734939759041
20,5,between_state,S010,State_LDA,0.35575396825396827,0.24404761904761907,0.13557779799818015
20,5,between_state,S010,Joint_LDA,0.10714285714285714,0.1,-0.02386451116243271
20,5,between_state,S011,Raw,0.25,0.15854341736694677,0.05714285714285716
20,5,between_state,S011,Trait_LDA,0.27272727272727276,0.213109243697479,0.030303030303030276
20,5,between_state,S011,State_LDA,0.25,0.15854341736694677,0.05035971223021585
20,5,between_state,S011,Joint_LDA,0.25,0.11948051948051948,0.007518796992481258
20,5,between_state,S014,Raw,0.16571969696969696,0.1312169312169312,0.027215631542219176
20,5,between_state,S014,Trait_LDA,0.3068181818181818,0.24999999999999997,0.08452950558213723
20,5,between_state,S014,State_LDA,0.1884469696969697,0.14095238095238094,0.04314002828854302
20,5,between_state,S014,Joint_LDA,0.3106060606060606,0.21980676328502413,0.09558823529411764
20,5,between_state,S019,Raw,0.3699494949494949,0.288505354294828,0.1724137931034483
20,5,between_state,S019,Trait_LDA,0.25984848484848483,0.2178932178932179,0.002132196162046962
20,5,between_state,S019,State_LDA,0.3699494949494949,0.288505354294828,0.1724137931034483
20,5,between_state,S019,Joint_LDA,0.31136363636363634,0.25112443778110943,0.12008501594048882
20,5,between_state,S020,Raw,0.3451388888888889,0.22409937888198755,0.12643678160919536
20,5,between_state,S020,Trait_LDA,0.23680555555555555,0.17095238095238097,-0.017857142857142794
20,5,between_state,S020,State_LDA,0.3451388888888889,0.2210224558050645,0.12021371326803199
20,5,between_state,S020,Joint_LDA,0.34791666666666665,0.24928160919540232,0.1146953405017922
20,5,between_state,S032,Raw,0.25,0.09782608695652174,0.0
20,5,between_state,S032,Trait_LDA,0.2222222222222222,0.09090909090909091,-0.039728682170542484
20,5,between_state,S032,State_LDA,0.25,0.09782608695652174,0.0
20,5,between_state,S032,Joint_LDA,0.25,0.09782608695652174,0.0
20,5,between_state,S035,Raw,0.25,0.1,0.0
20,5,between_state,S035,Trait_LDA,0.25,0.1,0.0
20,5,between_state,S035,State_LDA,0.25,0.1,0.0
20,5,between_state,S035,Joint_LDA,0.25,0.1,0.0
20,5,between_state,S039,Raw,0.21818181818181817,0.1781045751633987,0.08960843373493976
20,5,between_state,S039,Trait_LDA,0.29772727272727273,0.1527777777777778,0.015472312703582847
20,5,between_state,S039,State_LDA,0.26363636363636367,0.19764059469941822,0.12257564003103183
20,5,between_state,S039,Joint_LDA,0.275,0.09523809523809523,0.007159904534606021
20,5,between_state,S043,Raw,0.25,0.08163265306122448,-0.0035137034434293835
20,5,between_state,S043,Trait_LDA,0.24943181818181817,0.1802545579635363,0.0014409221902018654
20,5,between_state,S043,State_LDA,0.25,0.08163265306122448,-0.0035137034434293835
20,5,between_state,S043,Joint_LDA,0.30965909090909094,0.18974358974358974,0.06599713055954082
20,5,between_state,S047,Raw,0.35119047619047616,0.2225195094760312,0.10596026490066224
20,5,between_state,S047,Trait_LDA,0.26785714285714285,0.12708333333333333,0.028340080971659964
20,5,between_state,S047,State_LDA,0.35119047619047616,0.2717391304347826,0.09924937447873206
20,5,between_state,S047,Joint_LDA,0.26785714285714285,0.10326086956521738,0.03147699757869227
20,5,between_state,S048,Raw,0.28219696969696967,0.23555555555555557,0.11721907841552137
20,5,between_state,S048,Trait_LDA,0.21022727272727273,0.10833333333333334,-0.045226130653266194
20,5,between_state,S048,State_LDA,0.30997474747474746,0.2530994152046784,0.14250814332247563
20,5,between_state,S048,Joint_LDA,0.2244318181818182,0.14636174636174637,-0.007500000000000062
20,5,between_state,S053,Raw,0.2702020202020202,0.21479885057471265,0.04752475247524757
20,5,between_state,S053,Trait_LDA,0.25,0.11458333333333333,0.0
20,5,between_state,S053,State_LDA,0.2702020202020202,0.21479885057471265,0.04752475247524757
20,5,between_state,S053,Joint_LDA,0.25,0.11458333333333333,0.0
20,5,between_state,S065,Raw,0.27443181818181817,0.20570276497695852,0.12408759124087587
20,5,between_state,S065,Trait_LDA,0.21666666666666667,0.17129629629629628,-0.03492516037063442
20,5,between_state,S065,State_LDA,0.2577651515151515,0.1946017795912932,0.09368770764119594
20,5,between_state,S065,Joint_LDA,0.15000000000000002,0.10857142857142858,-0.09241379310344833
20,5,between_state,S068,Raw,0.25,0.1688888888888889,0.09151414309484207
20,5,between_state,S068,Trait_LDA,0.2272727272727273,0.1410060975609756,-0.027247956403269713
20,5,between_state,S068,State_LDA,0.25,0.1688888888888889,0.09151414309484207
20,5,between_state,S068,Joint_LDA,0.2727272727272727,0.13111111111111112,0.06566104702750664
20,5,between_state,S083,Raw,0.3005050505050505,0.23611111111111108,0.0634648370497427
20,5,between_state,S083,Trait_LDA,0.26994949494949494,0.20735294117647057,0.025839793281653867
20,5,between_state,S083,State_LDA,0.2727272727272727,0.20833333333333331,0.030017152658662116
20,5,between_state,S083,Joint_LDA,0.21717171717171718,0.13030888030888033,-0.039552880481513286
20,5,between_state,S087,Raw,0.027777777777777776,0.03333333333333333,-0.04761904761904767
20,5,between_state,S087,Trait_LDA,0.14652777777777778,0.14399509803921567,-0.14784633294528526
20,5,between_state,S087,State_LDA,0.05277777777777778,0.06666666666666667,-0.025447690857681504
20,5,between_state,S087,Joint_LDA,0.18055555555555555,0.10606060606060605,-0.047304730473047396
20,5,between_state,S095,Raw,0.2,0.06201550387596899,-0.0226757369614512
20,5,between_state,S095,Trait_LDA,0.24772727272727274,0.13628762541806022,0.0031372549019608176
20,5,between_state,S095,State_LDA,0.2,0.06201550387596899,-0.0226757369614512
20,5,between_state,S095,Joint_LDA,0.18125,0.08538011695906432,-0.06493506493506507
20,5,between_state,S104,Raw,0.27840909090909094,0.20063492063492064,0.09886714727085477
20,5,between_state,S104,Trait_LDA,0.25,0.20271739130434782,0.0
20,5,between_state,S104,State_LDA,0.27840909090909094,0.20063492063492064,0.09886714727085477
20,5,between_state,S104,Joint_LDA,0.28125,0.19999999999999998,0.0608875128998968
20,6,between_state,S005,Raw,0.12878787878787878,0.10598290598290598,0.006729475100942128
20,6,between_state,S005,Trait_LDA,0.25,0.09,0.0
20,6,between_state,S005,State_LDA,0.21717171717171718,0.10333333333333332,0.019565217391304235
20,6,between_state,S005,Joint_LDA,0.25,0.09,0.0
20,6,between_state,S012,Raw,0.36363636363636365,0.2698412698412699,0.18518518518518512
20,6,between_state,S012,Trait_LDA,0.25,0.11224489795918367,0.0
20,6,between_state,S012,State_LDA,0.34090909090909094,0.24859943977591037,0.15227934044616864
20,6,between_state,S012,Joint_LDA,0.25,0.11224489795918367,0.0
20,6,between_state,S014,Raw,0.2215909090909091,0.14511627906976746,0.017014694508894035
20,6,between_state,S014,Trait_LDA,0.3125,0.2222222222222222,0.10509296685529512
20,6,between_state,S014,State_LDA,0.2215909090909091,0.14511627906976746,0.017014694508894035
20,6,between_state,S014,Joint_LDA,0.1846590909090909,0.14691857849752585,-0.008196721311475308
20,6,between_state,S023,Raw,0.27367424242424243,0.2246078431372549,0.03364969801553064
20,6,between_state,S023,Trait_LDA,0.3039772727272727,0.23926868044515104,0.07056798623063687
20,6,between_state,S023,State_LDA,0.27367424242424243,0.18271657754010695,0.04027420736932308
20,6,between_state,S023,Joint_LDA,0.21875,0.12113821138211382,-0.03986135181975725
20,6,between_state,S034,Raw,0.08621933621933622,0.08905228758169935,-0.024137931034482696
20,6,between_state,S034,Trait_LDA,0.22727272727272727,0.10869565217391304,-0.037694013303769314
20,6,between_state,S034,State_LDA,0.08621933621933622,0.0861111111111111,-0.06261180679785316
20,6,between_state,S034,Joint_LDA,0.022727272727272728,0.014285714285714285,-0.24752475247524752
20,6,between_state,S044,Raw,0.28525641025641024,0.1894736842105263,0.12824314306894002
20,6,between_state,S044,Trait_LDA,0.1955128205128205,0.1382783882783883,-0.08914100486223675
20,6,between_state,S044,State_LDA,0.24358974358974358,0.17563909774436087,0.09025270758122761
20,6,between_state,S044,Joint_LDA,0.2708333333333333,0.13304347826086954,0.05084745762711862
20,6,between_state,S047,Raw,0.2222222222222222,0.0784313725490196,0.05395417590539564
20,6,between_state,S047,Trait_LDA,0.25,0.09574468085106383,0.0016103059581320522
20,6,between_state,S047,State_LDA,0.2222222222222222,0.07207207207207207,0.03469079939668196
20,6,between_state,S047,Joint_LDA,0.25,0.07659574468085106,0.008000000000000007
20,6,between_state,S054,Raw,0.4545454545454546,0.3373669467787115,0.30604982206405695
20,6,between_state,S054,Trait_LDA,0.22272727272727275,0.1336996336996337,-0.03083700440528614
20,6,between_state,S054,State_LDA,0.4545454545454546,0.33931311655096824,0.3072824156305506
20,6,between_state,S054,Joint_LDA,0.28181818181818186,0.19457013574660634,0.04963898916967513
20,6,between_state,S059,Raw,0.0,0.0,-0.015578635014836806
20,6,between_state,S059,Trait_LDA,0.25,0.1,0.002887391722810384
20,6,between_state,S059,State_LDA,0.0,0.0,-0.011078286558345862
20,6,between_state,S059,Joint_LDA,0.0,0.0,-0.02316890881913314
20,6,between_state,S060,Raw,0.35448232323232326,0.2749047619047619,0.1782265144863916
20,6,between_state,S060,Trait_LDA,0.3333333333333333,0.2518531802965088,0.12003610108303253
20,6,between_state,S060,State_LDA,0.38573232323232326,0.3757878151260504,0.20829655781112089
20,6,between_state,S060,Joint_LDA,0.22727272727272727,0.09302325581395349,0.007894736842105288
20,6,between_state,S061,Raw,0.2727272727272727,0.14166666666666666,0.03149606299212604
20,6,between_state,S061,Trait_LDA,0.25,0.10869565217391304,0.003918495297805635
20,6,between_state,S061,State_LDA,0.24772727272727274,0.10680272108843539,0.007031249999999933
20,6,between_state,S061,Joint_LDA,0.25,0.09803921568627451,0.0
20,6,between_state,S062,Raw,0.35454545454545455,0.2775974025974026,0.14503816793893132
20,6,between_state,S062,Trait_LDA,0.21969696969696967,0.1534090909090909,-0.04469273743016755
20,6,between_state,S062,State_LDA,0.37727272727272726,0.31871794871794873,0.17557251908396942
20,6,between_state,S062,Joint_LDA,0.18181818181818182,0.11775362318840579,-0.09695290858725758
20,6,between_state,S065,Raw,0.18522727272727274,0.17229114971050455,0.04049844236760125
20,6,between_state,S065,Trait_LDA,0.22916666666666666,0.19330400782013685,-0.03601108033241007
20,6,between_state,S065,State_LDA,0.2018939393939394,0.15624999999999997,0.06382978723404265
20,6,between_state,S065,Joint_LDA,0.125,0.09934065934065935,-0.029077117572692934
20,6,between_state,S080,Raw,0.26742424242424245,0.22925855753441962,0.09511568123393321
20,6,between_state,S080,Trait_LDA,0.2916666666666667,0.1688235294117647,0.05736005528680044
20,6,between_state,S080,State_LDA,0.2674242424242424,0.21772893772893775,0.10146777281429487
20,6,between_state,S080,Joint_LDA,0.19924242424242425,0.14492291334396598,0.05055487053020957
20,6,between_state,S083,Raw,0.25,0.12,0.007633587786259444
20,6,between_state,S083,Trait_LDA,0.2222222222222222,0.08695652173913043,-0.0359897172236503
20,6,between_state,S083,State_LDA,0.25,0.11812865497076022,0.007633587786259444
20,6,between_state,S083,Joint_LDA,0.2727272727272727,0.14444444444444443,0.03908241291418857
20,6,between_state,S084,Raw,0.23263888888888887,0.14558029689608637,0.01449275362318847
20,6,between_state,S084,Trait_LDA,0.2326388888888889,0.17439393939393938,0.03176341730558585
20,6,between_state,S084,State_LDA,0.23263888888888887,0.1439136302294197,0.0045045045045044585
20,6,between_state,S084,Joint_LDA,0.1527777777777778,0.09019607843137253,-0.0411826821541712
20,6,between_state,S091,Raw,0.22916666666666666,0.11,-0.02358490566037741
20,6,between_state,S091,Trait_LDA,0.25,0.08823529411764706,0.0
20,6,between_state,S091,State_LDA,0.22916666666666666,0.10576923076923077,-0.028436018957346043
20,6,between_state,S091,Joint_LDA,0.20833333333333331,0.12222222222222222,-0.043859649122807154
20,6,between_state,S105,Raw,0.19444444444444445,0.07567567567567568,-0.01185050136736554
20,6,between_state,S105,Trait_LDA,0.2222222222222222,0.07111111111111111,-0.026794258373205704
20,6,between_state,S105,State_LDA,0.19444444444444445,0.08484848484848485,0.0026954177897573484
20,6,between_state,S105,Joint_LDA,0.2777777777777778,0.15474060822898034,0.04087736789631091
20,6,between_state,S107,Raw,0.15,0.12406015037593983,0.043369474562135246
20,6,between_state,S107,Trait_LDA,0.3357142857142857,0.280570652173913,0.11377245508982037
20,6,between_state,S107,State_LDA,0.19999999999999998,0.158974358974359,0.08990670059372352
20,6,between_state,S107,Joint_LDA,0.025,0.030303030303030304,-0.04143862392494113
20,6,between_state,S108,Raw,0.38585858585858585,0.35625942684766215,0.1758490566037736
20,6,between_state,S108,Trait_LDA,0.25227272727272726,0.13970588235294118,0.0015337423312884457
20,6,between_state,S108,State_LDA,0.3381313131313131,0.3203976034858388,0.11445783132530118
20,6,between_state,S108,Joint_LDA,0.2689393939393939,0.16666666666666669,0.03002309468822173
20,7,between_state,S001,Raw,0.16736111111111113,0.1516883116883117,-0.0018552875695734272
20,7,between_state,S001,Trait_LDA,0.29166666666666663,0.20244565217391303,0.0615224191866528
20,7,between_state,S001,State_LDA,0.16736111111111113,0.14811688311688312,-0.018867924528301883
20,7,between_state,S001,Joint_LDA,0.1611111111111111,0.09961685823754789,-0.04247104247104261
20,7,between_state,S002,Raw,0.19166666666666665,0.13813025210084034,-0.006016042780748521
20,7,between_state,S002,Trait_LDA,0.30719696969696975,0.27772227772227775,0.07526881720430101
20,7,between_state,S002,State_LDA,0.19166666666666665,0.1423441833309006,0.0072559366754616494
20,7,between_state,S002,Joint_LDA,0.10606060606060605,0.09743589743589744,0.023311416616855984
20,7,between_state,S004,Raw,0.20833333333333331,0.10229885057471265,0.02754237288135597
20,7,between_state,S004,Trait_LDA,0.3333333333333333,0.19871794871794873,0.0957446808510638
20,7,between_state,S004,State_LDA,0.2361111111111111,0.1275,0.03598691384950936
20,7,between_state,S004,Joint_LDA,0.2222222222222222,0.1111111111111111,-0.024333719582850577
20,7,between_state,S005,Raw,0.2669191919191919,0.2631639194139194,0.03149606299212604
20,7,between_state,S005,Trait_LDA,0.25,0.10576923076923077,0.0
20,7,between_state,S005,State_LDA,0.2542929292929293,0.24135706914344685,0.012432012432012418
20,7,between_state,S005,Joint_LDA,0.25,0.10576923076923077,0.0
20,7,between_state,S012,Raw,0.25,0.11702127659574468,0.0019455252918288979
20,7,between_state,S012,Trait_LDA,0.2727272727272727,0.14715719063545152,0.03389830508474578
20,7,between_state,S012,State_LDA,0.25,0.11702127659574468,0.0019455252918288979
20,7,between_state,S012,Joint_LDA,0.25,0.11224489795918367,0.0
20,7,between_state,S017,Raw,0.2839695027195027,0.23319605794250825,0.07254290171606881
20,7,between_state,S017,Trait_LDA,0.27403846153846156,0.19791666666666666,0.023809523809523836
20,7,between_state,S017,State_LDA,0.32592754467754464,0.26775995246583484,0.12765957446808507
20,7,between_state,S017,Joint_LDA,0.13573232323232323,0.0994388327721661,-0.04090267983074747
20,7,between_state,S031,Raw,0.0992063492063492,0.06713286713286713,-0.07518189167340328
20,7,between_state,S031,Trait_LDA,0.23035714285714284,0.1718184349763297,-0.030741410488245746
20,7,between_state,S031,State_LDA,0.0992063492063492,0.06599326599326599,-0.0813008130081303
20,7,between_state,S031,Joint_LDA,0.26289682539682535,0.13343629343629343,0.03471634208298058
20,7,between_state,S032,Raw,0.1,0.08,-0.05167958656330751
20,7,between_state,S032,Trait_LDA,0.25,0.09782608695652174,0.0
20,7,between_state,S032,State_LDA,0.1,0.08,-0.05167958656330751
20,7,between_state,S032,Joint_LDA,0.25,0.09782608695652174,0.0
20,7,between_state,S036,Raw,0.2616758241758242,0.15365079365079365,0.019867549668874163
20,7,between_state,S036,Trait_LDA,0.12740384615384615,0.10256410256410256,-0.16093117408906887
20,7,between_state,S036,State_LDA,0.2688873626373626,0.17666666666666667,0.041266794625719916
20,7,between_state,S036,Joint_LDA,0.2668269230769231,0.22003577817531306,0.0
20,7,between_state,S047,Raw,0.29910714285714285,0.13740079365079363,0.08155186064924769
20,7,between_state,S047,Trait_LDA,0.26438492063492064,0.15481029810298103,0.010375099760574602
20,7,between_state,S047,State_LDA,0.29910714285714285,0.13242313242313242,0.0690208667736757
20,7,between_state,S047,Joint_LDA,0.23809523809523808,0.1130952380952381,-0.02651839178785287
20,7,between_state,S048,Raw,0.31849747474747475,0.23011441647597258,0.12396006655574043
20,7,between_state,S048,Trait_LDA,0.25,0.08205128205128205,-0.004152823920265947
20,7,between_state,S048,State_LDA,0.31849747474747475,0.2264912280701754,0.11586901763224189
20,7,between_state,S048,Joint_LDA,0.1875,0.05714285714285714,-0.0488997555012225
20,7,between_state,S053,Raw,0.22411616161616163,0.16741071428571427,-0.024832855778414542
20,7,between_state,S053,Trait_LDA,0.1388888888888889,0.10555555555555556,-0.16306483300589392
20,7,between_state,S053,State_LDA,0.22411616161616163,0.16741071428571427,-0.024832855778414542
20,7,between_state,S053,Joint_LDA,0.19444444444444445,0.08333333333333333,-0.07976653696498048
20,7,between_state,S058,Raw,0.15328282828282827,0.12707749766573295,0.05203761755485892
20,7,between_state,S058,Trait_LDA,0.34090909090909094,0.20234113712374582,0.10572687224669608
20,7,between_state,S058,State_LDA,0.12323232323232323,0.1126984126984127,0.0436923076923077
20,7,between_state,S058,Joint_LDA,0.2777777777777778,0.12436363636363637,0.0432801822323462
20,7,between_state,S059,Raw,0.038461538461538464,0.041666666666666664,0.02631578947368418
20,7,between_state,S059,Trait_LDA,0.2831196581196581,0.2349673202614379,0.04339796860572487
20,7,between_state,S059,State_LDA,0.038461538461538464,0.041666666666666664,0.019682059046177258
20,7,between_state,S059,Joint_LDA,0.30982905982905984,0.22888888888888886,0.13365853658536597
20,7,between_state,S063,Raw,0.25,0.1,0.0
20,7,between_state,S063,Trait_LDA,0.25,0.1,0.0
20,7,between_state,S063,State_LDA,0.25,0.1,0.0
20,7,between_state,S063,Joint_LDA,0.15,0.06818181818181818,-0.1333333333333333
20,7,between_state,S075,Raw,0.32045454545454544,0.20479876160990712,0.10031347962382442
20,7,between_state,S075,Trait_LDA,0.22954545454545455,0.12941176470588237,-0.027485852869846283
20,7,between_state,S075,State_LDA,0.32045454545454544,0.20479876160990712,0.10031347962382442
20,7,between_state,S075,Joint_LDA,0.2590909090909091,0.1463869463869464,0.02303415409054821
20,7,between_state,S077,Raw,0.1840277777777778,0.11654796816087139,-0.051813471502590636
20,7,between_state,S077,Trait_LDA,0.28125,0.1706896551724138,0.03397027600849256
20,7,between_state,S077,State_LDA,0.1840277777777778,0.11654796816087139,-0.051813471502590636
20,7,between_state,S077,Joint_LDA,0.28125,0.12159709618874774,0.05208333333333337
20,7,between_state,S085,Raw,0.22916666666666666,0.12394957983193278,-0.024930747922437657
20,7,between_state,S085,Trait_LDA,0.2916666666666667,0.1555232558139535,0.03806870937790163
20,7,between_state,S085,State_LDA,0.22916666666666666,0.13116883116883116,-0.034482758620689724
20,7,between_state,S085,Joint_LDA,0.19471153846153846,0.12019914651493599,-0.0642377756471717
20,7,between_state,S105,Raw,0.25,0.16868279569892475,0.0
20,7,between_state,S105,Trait_LDA,0.26111111111111107,0.18007662835249041,0.01962708537782143
20,7,between_state,S105,State_LDA,0.2222222222222222,0.14787798408488065,-0.03571428571428581
20,7,between_state,S105,Joint_LDA,0.15555555555555556,0.10818713450292397,-0.13789682539682535
20,7,between_state,S107,Raw,0.125,0.12072649572649573,0.043618739903069526
20,7,between_state,S107,Trait_LDA,0.30000000000000004,0.2319327731092437,0.07407407407407418
20,7,between_state,S107,State_LDA,0.125,0.12564102564102564,0.05657370517928306
20,7,between_state,S107,Joint_LDA,0.07500000000000001,0.06547619047619048,-0.0023904382470119057
20,8,between_state,S002,Raw,0.3102272727272727,0.20683177117000648,0.143426294820717
20,8,between_state,S002,Trait_LDA,0.2659090909090909,0.2190340909090909,0.022727272727272818
20,8,between_state,S002,State_LDA,0.28939393939393937,0.1991452991452992,0.14606021780909684
20,8,between_state,S002,Joint_LDA,0.3625,0.2710144927536232,0.18317503392130263
20,8,between_state,S007,Raw,0.20795454545454545,0.17321266968325794,0.03498349834983505
20,8,between_state,S007,Trait_LDA,0.1621212121212121,0.1523809523809524,-0.13323572474377743
20,8,between_state,S007,State_LDA,0.20795454545454545,0.17321266968325794,0.03498349834983505
20,8,between_state,S007,Joint_LDA,0.10606060606060605,0.07857142857142857,-0.06380208333333326
20,8,between_state,S023,Raw,0.26452020202020204,0.18749999999999997,0.039451114922812947
20,8,between_state,S023,Trait_LDA,0.2601010101010101,0.16666666666666669,0.010238907849829282
20,8,between_state,S023,State_LDA,0.26452020202020204,0.18484848484848485,0.036144578313252906
20,8,between_state,S023,Joint_LDA,0.17266414141414144,0.11118279569892472,-0.08374384236453203
20,8,between_state,S027,Raw,0.3204545454545455,0.1796969696969697,0.1071428571428571
20,8,between_state,S027,Trait_LDA,0.25984848484848483,0.1792498487598306,0.0575471698113208
20,8,between_state,S027,State_LDA,0.3204545454545455,0.1796969696969697,0.1071428571428571
20,8,between_state,S027,Joint_LDA,0.275,0.1181818181818182,0.0431034482758621
20,8,between_state,S028,Raw,0.21761363636363634,0.1343101343101343,0.026687598116169498
20,8,between_state,S028,Trait_LDA,0.26647727272727273,0.1337995337995338,0.035019455252918275
20,8,between_state,S028,State_LDA,0.21761363636363634,0.1343101343101343,0.026687598116169498
20,8,between_state,S028,Joint_LDA,0.13636363636363635,0.075,-0.04134762633996969
20,8,between_state,S042,Raw,0.26944444444444443,0.14583333333333334,0.09906858594411527
20,8,between_state,S042,Trait_LDA,0.1442550505050505,0.11179289387564283,-0.1389645776566757
20,8,between_state,S042,State_LDA,0.29444444444444445,0.16485112563543936,0.13050847457627124
20,8,between_state,S042,Joint_LDA,0.24494949494949494,0.11278195488721802,0.02821869488536166
20,8,between_state,S050,Raw,0.3340909090909091,0.2584415584415584,0.1699920191540304
20,8,between_state,S050,Trait_LDA,0.13383838383838384,0.07509157509157509,-0.14754098360655732
20,8,between_state,S050,State_LDA,0.3340909090909091,0.21825396825396826,0.17656373713380835
20,8,between_state,S050,Joint_LDA,0.18636363636363634,0.10909090909090909,-0.056977704376548255
20,8,between_state,S057,Raw,0.3845959595959596,0.205982905982906,0.19882611885546597
20,8,between_state,S057,Trait_LDA,0.25126262626262624,0.1982456140350877,0.014383043149129415
20,8,between_state,S057,State_LDA,0.3568181818181818,0.17403424930306652,0.16062176165803121
20,8,between_state,S057,Joint_LDA,0.35909090909090907,0.2762008469449486,0.15999999999999992
20,8,between_state,S063,Raw,0.12083333333333333,0.096231884057971,0.023709902370990132
20,8,between_state,S063,Trait_LDA,0.26041666666666663,0.17332549941245595,0.016949152542372836
20,8,between_state,S063,State_LDA,0.12083333333333333,0.07739463601532567,-0.046337817638266054
20,8,between_state,S063,Joint_LDA,0.1875,0.11538461538461539,-0.06896551724137923
20,8,between_state,S066,Raw,0.05555555555555555,0.03636363636363636,-0.06896551724137923
20,8,between_state,S066,Trait_LDA,0.3194444444444444,0.2939814814814815,0.11607142857142849
20,8,between_state,S066,State_LDA,0.05555555555555555,0.03636363636363636,-0.06896551724137923
20,8,between_state,S066,Joint_LDA,0.25833333333333336,0.24888888888888888,0.1032608695652174
20,8,between_state,S068,Raw,0.18181818181818182,0.12111111111111111,0.0785060975609756
20,8,between_state,S068,Trait_LDA,0.22821969696969696,0.21238095238095236,-0.02183406113537112
20,8,between_state,S068,State_LDA,0.18181818181818182,0.1175213675213675,0.07071483474250573
20,8,between_state,S068,Joint_LDA,0.29924242424242425,0.23047619047619045,0.08771929824561409
20,8,between_state,S069,Raw,0.20454545454545456,0.072,-0.04682779456193353
20,8,between_state,S069,Trait_LDA,0.26262626262626265,0.14655870445344127,0.02749638205499283
20,8,between_state,S069,State_LDA,0.20454545454545456,0.072,-0.04682779456193353
20,8,between_state,S069,Joint_LDA,0.18181818181818182,0.10962962962962963,-0.04233576642335768
20,8,between_state,S075,Raw,0.175,0.11096491228070175,-0.06412213740458017
20,8,between_state,S075,Trait_LDA,0.3,0.2091346153846154,0.06451612903225812
20,8,between_state,S075,State_LDA,0.19999999999999998,0.1158371040723982,-0.04802478698683177
20,8,between_state,S075,Joint_LDA,0.24318181818181817,0.20634920634920634,0.02530674846625769
20,8,between_state,S078,Raw,0.3027777777777778,0.18781676413255363,0.09090909090909094
20,8,between_state,S078,Trait_LDA,0.13680555555555557,0.12222222222222222,-0.15638766519823788
20,8,between_state,S078,State_LDA,0.2465277777777778,0.1610722610722611,0.026737967914438387
20,8,between_state,S078,Joint_LDA,0.17708333333333331,0.13314285714285715,-0.07749469214437377
20,8,between_state,S093,Raw,0.1708333333333333,0.1290909090909091,-0.05287009063444126
20,8,between_state,S093,Trait_LDA,0.13194444444444445,0.11789297658862877,-0.141607000795545
20,8,between_state,S093,State_LDA,0.14583333333333331,0.11168831168831168,-0.05282465150403537
20,8,between_state,S093,Joint_LDA,0.125,0.07815384615384616,-0.11649016641452326
20,8,between_state,S094,Raw,0.25,0.08372093023255814,0.014311270125223485
20,8,between_state,S094,Trait_LDA,0.21944444444444444,0.13082039911308205,-0.03919781221513241
20,8,between_state,S094,State_LDA,0.25,0.08181818181818182,0.006311992786293907
20,8,between_state,S094,Joint_LDA,0.3055555555555556,0.16363636363636364,0.08178438661710041
20,8,between_state,S098,Raw,0.28295454545454546,0.2234848484848485,0.03333333333333344
20,8,between_state,S098,Trait_LDA,0.2681818181818182,0.23406593406593407,0.027604630454140744
20,8,between_state,S098,State_LDA,0.26022727272727275,0.1965686274509804,0.0034071550255536653
20,8,between_state,S098,Joint_LDA,0.2545454545454546,0.15153846153846154,0.040421792618629215
20,8,between_state,S099,Raw,0.11904761904761904,0.07681159420289856,-0.02746212121212155
20,8,between_state,S099,Trait_LDA,0.25,0.08536585365853659,-0.0010214504596526286
20,8,between_state,S099,State_LDA,0.1468253968253968,0.08095238095238096,-0.046859421734795736
20,8,between_state,S099,Joint_LDA,0.23412698412698413,0.12380952380952381,0.03827281648675174
20,8,between_state,S101,Raw,0.21136363636363636,0.16222222222222224,0.04761904761904767
20,8,between_state,S101,Trait_LDA,0.3484848484848485,0.30357142857142855,0.14206128133704743
20,8,between_state,S101,State_LDA,0.21136363636363636,0.18966666666666665,0.04109589041095896
20,8,between_state,S101,Joint_LDA,0.3958333333333333,0.31311355311355304,0.21842105263157896
20,8,between_state,S108,Raw,0.2539141414141414,0.24798534798534796,0.003062787136294154
20,8,between_state,S108,Trait_LDA,0.2560606060606061,0.18320964749536178,0.006309148264984077
20,8,between_state,S108,State_LDA,0.2539141414141414,0.24733893557422967,0.004587155963302725
20,8,between_state,S108,Joint_LDA,0.3208333333333333,0.17818181818181816,0.10773899848254942
20,9,between_state,S004,Raw,0.21906565656565657,0.1398804536059438,0.01777777777777767
20,9,between_state,S004,Trait_LDA,0.28125,0.1597560975609756,0.04225352112676073
20,9,between_state,S004,State_LDA,0.16856060606060605,0.1048148148148148,-0.03365906623235615
20,9,between_state,S004,Joint_LDA,0.2222222222222222,0.0975609756097561,-0.038777908343125445
20,9,between_state,S020,Raw,0.27203282828282827,0.186859305125559,0.07155322862129132
20,9,between_state,S020,Trait_LDA,0.34911616161616166,0.26830808080808083,0.10181818181818192
20,9,between_state,S020,State_LDA,0.30328282828282827,0.20089439284485724,0.09841827768014055
20,9,between_state,S020,Joint_LDA,0.21805555555555556,0.1680952380952381,-0.010638297872340496
20,9,between_state,S021,Raw,0.10795454545454546,0.07291666666666666,-0.20891089108910887
20,9,between_state,S021,Trait_LDA,0.1616161616161616,0.14337121212121212,-0.11575875486381326
20,9,between_state,S021,State_LDA,0.10795454545454546,0.07291666666666666,-0.20891089108910887
20,9,between_state,S021,Joint_LDA,0.2692550505050505,0.1842948717948718,-0.005825242718446644
20,9,between_state,S022,Raw,0.2727272727272727,0.19196536796536798,0.03759398496240607
20,9,between_state,S022,Trait_LDA,0.2727272727272727,0.18233618233618232,0.030303030303030276
20,9,between_state,S022,State_LDA,0.2727272727272727,0.23728291316526612,0.030303030303030276
20,9,between_state,S022,Joint_LDA,0.29545454545454547,0.25162337662337664,0.06060606060606055
20,9,between_state,S024,Raw,0.25,0.09782608695652174,0.0
20,9,between_state,S024,Trait_LDA,0.28125,0.15555555555555556,0.0366441658630664
20,9,between_state,S024,State_LDA,0.25,0.09782608695652174,0.0
20,9,between_state,S024,Joint_LDA,0.29166666666666663,0.18333333333333335,0.050380228136882144
20,9,between_state,S028,Raw,0.1590909090909091,0.07827260458839407,-0.0451306413301662
20,9,between_state,S028,Trait_LDA,0.1590909090909091,0.06086956521739131,-0.09543568464730301
20,9,between_state,S028,State_LDA,0.18181818181818182,0.08255159474671671,-0.032258064516129226
20,9,between_state,S028,Joint_LDA,0.13636363636363635,0.06857142857142857,-0.017964071856287456
20,9,between_state,S030,Raw,0.3090909090909091,0.23535353535353534,0.07791279485346692
20,9,between_state,S030,Trait_LDA,0.32954545454545453,0.32222222222222224,0.10673352435530092
20,9,between_state,S030,State_LDA,0.3090909090909091,0.23506069094304388,0.07857142857142863
20,9,between_state,S030,Joint_LDA,0.3022727272727273,0.23836020894844423,0.06993511175198264
20,9,between_state,S031,Raw,0.10833333333333334,0.11136363636363637,-0.021343873517786438
20,9,between_state,S031,Trait_LDA,0.23015873015873017,0.12335526315789473,-0.017857142857142794
20,9,between_state,S031,State_LDA,0.1718253968253968,0.14747474747474748,0.02875399361022357
20,9,between_state,S031,Joint_LDA,0.16865079365079363,0.1556902356902357,0.01935483870967758
20,9,between_state,S034,Raw,0.05844155844155844,0.05291005291005291,-0.1219065077910173
20,9,between_state,S034,Trait_LDA,0.3124098124098124,0.2548305860805861,0.07326732673267333
20,9,between_state,S034,State_LDA,0.05844155844155844,0.05152979066022544,-0.13543599257884975
20,9,between_state,S034,Joint_LDA,0.11399711399711399,0.1162907268170426,-0.015873015873015817
20,9,between_state,S039,Raw,0.09545454545454546,0.0784313725490196,-0.011860637509266025
20,9,between_state,S039,Trait_LDA,0.17424242424242425,0.14666666666666667,-0.021114864864864913
20,9,between_state,S039,State_LDA,0.11818181818181818,0.09477124183006536,0.013392857142857317
20,9,between_state,S039,Joint_LDA,0.08712121212121213,0.05438596491228069,-0.17195325542570972
20,9,between_state,S044,Raw,0.32131410256410253,0.20109320339830086,0.14720812182741105
20,9,between_state,S044,Trait_LDA,0.1858974358974359,0.0993939393939394,-0.023633677991137247
20,9,between_state,S044,State_LDA,0.28125,0.17204968944099377,0.10256410256410264
20,9,between_state,S044,Joint_LDA,0.10416666666666667,0.05128205128205128,-0.15281899109792296
20,9,between_state,S052,Raw,0.022727272727272728,0.025641025641025644,-0.02627737226277338
20,9,between_state,S052,Trait_LDA,0.2305194805194805,0.14903846153846154,0.050000000000000044
20,9,between_state,S052,State_LDA,0.022727272727272728,0.025641025641025644,-0.03458425312729929
20,9,between_state,S052,Joint_LDA,0.045454545454545456,0.05523809523809524,-0.01634472511144147
20,9,between_state,S074,Raw,0.3032245532245532,0.2538095238095238,0.07657316148597415
20,9,between_state,S074,Trait_LDA,0.26398601398601396,0.20238095238095238,0.025600000000000067
20,9,between_state,S074,State_LDA,0.32245532245532244,0.2753007518796992,0.12107623318385641
20,9,between_state,S074,Joint_LDA,0.3088578088578089,0.25447555540434796,0.11043872919818465
20,9,between_state,S075,Raw,0.29772727272727273,0.1719074421513446,0.08468052347959965
20,9,between_state,S075,Trait_LDA,0.275,0.13201581027667983,0.0754276827371696
20,9,between_state,S075,State_LDA,0.29772727272727273,0.1757169659608684,0.09167303284950346
20,9,between_state,S075,Joint_LDA,0.2909090909090909,0.27532163742690063,0.18728639781271372
20,9,between_state,S078,Raw,0.20555555555555555,0.13766233766233768,-0.042553191489361764
20,9,between_state,S078,Trait_LDA,0.19375,0.14,-0.07221006564551424
20,9,between_state,S078,State_LDA,0.20555555555555555,0.13766233766233768,-0.042553191489361764
20,9,between_state,S078,Joint_LDA,0.2895833333333333,0.19743589743589746,0.07488986784140972
20,9,between_state,S080,Raw,0.19924242424242425,0.1619047619047619,0.025316455696202445
20,9,between_state,S080,Trait_LDA,0.275,0.11938250428816466,0.03825136612021862
20,9,between_state,S080,State_LDA,0.19924242424242425,0.16831309041835357,0.038701622971285876
20,9,between_state,S080,Joint_LDA,0.2878787878787879,0.16396396396396398,0.08762541806020063
20,9,between_state,S082,Raw,0.225,0.19102564102564104,0.06766917293233088
20,9,between_state,S082,Trait_LDA,0.2,0.07619047619047618,-0.05785123966942152
20,9,between_state,S082,State_LDA,0.24999999999999997,0.19981684981684983,0.08396946564885499
20,9,between_state,S082,Joint_LDA,0.225,0.22076923076923077,0.08823529411764708
20,9,between_state,S083,Raw,0.24494949494949494,0.14214444299333942,0.017632241813602123
20,9,between_state,S083,Trait_LDA,0.3005050505050505,0.22200722394220845,0.06426735218508994
20,9,between_state,S083,State_LDA,0.2727272727272727,0.14996114996114998,0.051174496644295187
20,9,between_state,S083,Joint_LDA,0.3532828282828283,0.28956043956043953,0.12661498708010333
20,9,between_state,S085,Raw,0.23958333333333331,0.12987012987012986,0.011576135351736405
20,9,between_state,S085,Trait_LDA,0.1875,0.07894736842105263,-0.06203703703703689
20,9,between_state,S085,State_LDA,0.20833333333333331,0.11515151515151514,-0.012356575463371655
20,9,between_state,S085,Joint_LDA,0.27083333333333337,0.13327674023769098,0.007155635062611854
20,9,between_state,S104,Raw,0.2215909090909091,0.15953008344312694,0.12246865959498543
20,9,between_state,S104,Trait_LDA,0.21875,0.19728506787330316,-0.04033970276008514
20,9,between_state,S104,State_LDA,0.2215909090909091,0.1573933313063748,0.11564625850340138
20,9,between_state,S104,Joint_LDA,0.3494318181818182,0.2909477124183007,0.16320166320166318
4,0,between_state,S010,Raw,0.09126984126984126,0.08888888888888889,0.039017341040462394
4,0,between_state,S010,Trait_LDA,0.3244047619047619,0.209375,0.08348794063079779
4,0,between_state,S010,State_LDA,0.12698412698412698,0.12380952380952381,0.04437869822485219
4,0,between_state,S010,Joint_LDA,0.0992063492063492,0.08838383838383838,0.04247660187185032
4,0,between_state,S047,Raw,0.2222222222222222,0.10363636363636364,-0.022364217252396346
4,0,between_state,S047,Trait_LDA,0.2222222222222222,0.08333333333333333,-0.03142626913779201
4,0,between_state,S047,State_LDA,0.2222222222222222,0.10363636363636364,-0.022364217252396346
4,0,between_state,S047,Joint_LDA,0.2222222222222222,0.08405797101449275,-0.01748807631160587
4,0,between_state,S069,Raw,0.25,0.07333333333333333,0.024719101123595433
4,0,between_state,S069,Trait_LDA,0.25,0.08823529411764706,0.0
4,0,between_state,S069,State_LDA,0.25,0.08627450980392157,0.016616314199395688
4,0,between_state,S069,Joint_LDA,0.18181818181818182,0.08421052631578947,0.026584867075664653
4,0,between_state,S080,Raw,0.28825757575757577,0.23293373293373293,0.08024275118004043
4,0,between_state,S080,Trait_LDA,0.15,0.06521739130434782,-0.12365591397849451
4,0,between_state,S080,State_LDA,0.28409090909090906,0.22000000000000003,0.10381077529566363
4,0,between_state,S080,Joint_LDA,0.2878787878787879,0.13699633699633698,0.07273963290278718
4,1,between_state,S005,Raw,0.29772727272727273,0.17907801418439717,0.059633027522935644
4,1,between_state,S005,Trait_LDA,0.2727272727272727,0.1397163120567376,0.02920284135753748
4,1,between_state,S005,State_LDA,0.29772727272727273,0.17907801418439717,0.059633027522935644
4,1,between_state,S005,Joint_LDA,0.25,0.10784313725490197,0.0008123476848090894
4,1,between_state,S042,Raw,0.0,0.0,0.0
4,1,between_state,S042,Trait_LDA,0.25,0.10416666666666667,0.0
4,1,between_state,S042,State_LDA,0.19444444444444445,0.08,0.026446280991735627
4,1,between_state,S042,Joint_LDA,0.05,0.047058823529411764,-0.02934537246049662
4,1,between_state,S052,Raw,0.21753246753246752,0.18868286445012789,0.06846999154691469
4,1,between_state,S052,Trait_LDA,0.20454545454545456,0.1,-0.06576402321083186
4,1,between_state,S052,State_LDA,0.24025974025974023,0.1981366459627329,0.08591065292096212
4,1,between_state,S052,Joint_LDA,0.18181818181818182,0.16590909090909092,0.06786590351594457
4,1,between_state,S068,Raw,0.06818181818181818,0.06481481481481481,0.002132196162046851
4,1,between_state,S068,Trait_LDA,0.31534090909090906,0.20869565217391306,0.07387862796833766
4,1,between_state,S068,State_LDA,0.11363636363636365,0.09444444444444444,0.036337209302325646
4,1,between_state,S068,Joint_LDA,0.07828282828282829,0.05120772946859903,-0.05405405405405417
4,2,between_state,S013,Raw,0.25,0.072,0.01216216216216226
4,2,between_state,S013,Trait_LDA,0.25,0.08653846153846154,0.0
4,2,between_state,S013,State_LDA,0.25,0.08823529411764706,-0.001369863013698458
4,2,between_state,S013,Joint_LDA,0.027777777777777776,0.04,0.018478260869565166
4,2,between_state,S028,Raw,0.11363636363636363,0.10694444444444444,0.048266485384092395
4,2,between_state,S028,Trait_LDA,0.2727272727272727,0.14370748299319727,0.03252710592160135
4,2,between_state,S028,State_LDA,0.16363636363636364,0.15,0.06845448129851794
4,2,between_state,S028,Joint_LDA,0.045454545454545456,0.044444444444444446,-0.021505376344086002
4,2,between_state,S069,Raw,0.1590909090909091,0.05957446808510638,-0.11027190332326287
4,2,between_state,S069,Trait_LDA,0.25,0.10377358490566038,0.0
4,2,between_state,S069,State_LDA,0.20454545454545456,0.11458333333333333,-0.06451612903225801
4,2,between_state,S069,Joint_LDA,0.18181818181818182,0.08,-0.09677419354838723
4,2,between_state,S086,Raw,0.1581196581196581,0.08961038961038961,-0.036101083032491044
4,2,between_state,S086,Trait_LDA,0.24300699300699302,0.15045766590389015,-0.009852216748768461
4,2,between_state,S086,State_LDA,0.20352564102564102,0.1444883618796662,0.03495007132667616
4,2,between_state,S086,Joint_LDA,0.19444444444444445,0.05691056910569106,-0.01975128017556682
4,3,between_state,S056,Raw,0.16442307692307692,0.15715811965811965,0.018528916339135337
4,3,between_state,S056,Trait_LDA,0.25,0.10344827586206896,0.0
4,3,between_state,S056,State_LDA,0.2846153846153846,0.1923076923076923,0.1310507674144037
4,3,between_state,S056,Joint_LDA,0.27564102564102566,0.1641025641025641,0.07999999999999996
4,3,between_state,S060,Raw,0.17424242424242425,0.12082030879984844,-0.02970297029702973
4,3,between_state,S060,Trait_LDA,0.36489898989898994,0.2944117647058824,0.1348122866894198
4,3,between_state,S060,State_LDA,0.1827651515151515,0.13344525844525842,-0.005640612409347323
4,3,between_state,S060,Joint_LDA,0.16193181818181818,0.09475806451612905,-0.05751848808545623
4,3,between_state,S077,Raw,0.18333333333333335,0.13203463203463203,0.02390438247011961
4,3,between_state,S077,Trait_LDA,0.2777777777777778,0.16173361522198731,0.04218928164196123
4,3,between_state,S077,State_LDA,0.18333333333333335,0.1259920634920635,0.0080971659919028
4,3,between_state,S077,Joint_LDA,0.17777777777777776,0.13333333333333333,0.06666666666666665
4,3,between_state,S098,Raw,0.0,0.0,0.0
4,3,between_state,S098,Trait_LDA,0.25,0.11,0.0
4,3,between_state,S098,State_LDA,0.0,0.0,-0.005287508261731633
4,3,between_state,S098,Joint_LDA,0.25,0.11,0.0
4,4,between_state,S009,Raw,0.21666666666666667,0.16623376623376623,0.1068052930056711
4,4,between_state,S009,Trait_LDA,0.25,0.07317073170731707,0.0
4,4,between_state,S009,State_LDA,0.35,0.19477124183006536,0.1630434782608695
4,4,between_state,S009,Joint_LDA,0.3416666666666667,0.2548076923076923,0.11829134720700996
4,4,between_state,S023,Raw,0.17045454545454547,0.10167310167310167,-0.09149277688603541
4,4,between_state,S023,Trait_LDA,0.30113636363636365,0.18706293706293708,0.06072874493927127
4,4,between_state,S023,State_LDA,0.19318181818181818,0.12373737373737373,-0.06194690265486735
4,4,between_state,S023,Joint_LDA,0.382260101010101,0.3628246753246753,0.19732441471571904
4,4,between_state,S052,Raw,0.0,0.0,-0.012622720897615736
4,4,between_state,S052,Trait_LDA,0.25,0.10975609756097561,0.010771992818671472
4,4,between_state,S052,State_LDA,0.0,0.0,-0.012622720897615736
4,4,between_state,S052,Joint_LDA,0.0,0.0,-0.007676203768318235
4,4,between_state,S097,Raw,0.2895833333333333,0.2242690058479532,0.12355848434925876
4,4,between_state,S097,Trait_LDA,0.31666666666666665,0.2153846153846154,0.09107635694572225
4,4,between_state,S097,State_LDA,0.3150883838383839,0.23503607503607502,0.12157534246575341
4,4,between_state,S097,Joint_LDA,0.24545454545454548,0.1608187134502924,-0.0009407337723423836
4,5,between_state,S010,Raw,0.07142857142857142,0.06666666666666667,0.022158684774839177
4,5,between_state,S010,Trait_LDA,0.275,0.17045454545454547,0.043303121852970916
4,5,between_state,S010,State_LDA,0.09226190476190475,0.06882591093117409,-0.04068857589984365
4,5,between_state,S010,Joint_LDA,0.03571428571428571,0.03333333333333333,0.004953998584571795
4,5,between_state,S057,Raw,0.23863636363636365,0.1707175925925926,-0.011286681715575453
4,5,between_state,S057,Trait_LDA,0.4314393939393939,0.3654739615838014,0.2569230769230769
4,5,between_state,S057,State_LDA,0.2863636363636364,0.2062937062937063,0.05263157894736836
4,5,between_state,S057,Joint_LDA,0.22083333333333335,0.11820652173913043,-0.038980509745127456
4,5,between_state,S077,Raw,0.025,0.018518518518518517,-0.12796208530805697
4,5,between_state,S077,Trait_LDA,0.27847222222222223,0.20098039215686275,0.03207964601769919
4,5,between_state,S077,State_LDA,0.14375,0.09924812030075188,-0.053159478435305996
4,5,between_state,S077,Joint_LDA,0.09375,0.038461538461538464,-0.06060606060606055
4,5,between_state,S080,Raw,0.325,0.20238095238095238,0.0965092402464065
4,5,between_state,S080,Trait_LDA,0.14545454545454545,0.09126984126984126,-0.13125845737483077
4,5,between_state,S080,State_LDA,0.275,0.12130718954248365,0.04087193460490457
4,5,between_state,S080,Joint_LDA,0.2731060606060606,0.2142331932773109,0.02963473466574773
4,6,between_state,S014,Raw,0.2833333333333333,0.19337979094076654,0.05514403292181069
4,6,between_state,S014,Trait_LDA,0.17708333333333331,0.12077294685990338,-0.11252992817238616
4,6,between_state,S014,State_LDA,0.3145833333333333,0.24521531100478466,0.09632653061224494
4,6,between_state,S014,Joint_LDA,0.2520833333333333,0.2152173913043478,-0.012749003984063867
4,6,between_state,S040,Raw,0.16666666666666669,0.08406647116324535,0.004163775156141636
4,6,between_state,S040,Trait_LDA,0.2777777777777778,0.15391156462585034,0.03802588996763756
4,6,between_state,S040,State_LDA,0.21717171717171715,0.12393790849673203,-0.021132075471698153
4,6,between_state,S040,Joint_LDA,0.23106060606060605,0.1359589812936669,0.08251748251748248
4,6,between_state,S052,Raw,0.19516594516594515,0.1704273504273504,-0.027923211169284423
4,6,between_state,S052,Trait_LDA,0.20454545454545453,0.14835164835164835,-0.07407407407407418
4,6,between_state,S052,State_LDA,0.2178932178932179,0.18796193710717873,-0.016042780748663166
4,6,between_state,S052,Joint_LDA,0.294011544011544,0.2066017316017316,0.05437788018433187
4,6,between_state,S063,Raw,0.25,0.1,0.0
4,6,between_state,S063,Trait_LDA,0.25,0.1,0.0
4,6,between_state,S063,State_LDA,0.25,0.1,0.0
4,6,between_state,S063,Joint_LDA,0.25,0.1,0.0
4,7,between_state,S005,Raw,0.2727272727272727,0.14950980392156862,0.03333333333333344
4,7,between_state,S005,Trait_LDA,0.25,0.09,0.0
4,7,between_state,S005,State_LDA,0.25,0.15824468085106383,1.1102230246251565e-16
4,7,between_state,S005,Joint_LDA,0.0,0.0,-0.012040939193256994
4,7,between_state,S038,Raw,0.1736111111111111,0.1446934984520124,0.0
4,7,between_state,S038,Trait_LDA,0.25,0.1423611111111111,0.0
4,7,between_state,S038,State_LDA,0.2222222222222222,0.17742643829600352,0.04347826086956519
4,7,between_state,S038,Joint_LDA,0.2222222222222222,0.08205128205128205,0.02658486707566443
4,7,between_state,S063,Raw,0.3125,0.17332549941245595,0.06148867313915851
4,7,between_state,S063,Trait_LDA,0.25,0.1,0.0
4,7,between_state,S063,State_LDA,0.17708333333333334,0.1116816431322208,-0.09965635738831602
4,7,between_state,S063,Joint_LDA,0.0,0.0,-0.054018445322792985
4,7,between_state,S091,Raw,0.06439393939393939,0.06666666666666668,-0.008620689655172376
4,7,between_state,S091,Trait_LDA,0.08712121212121213,0.06274131274131274,-0.2498042286609241
4,7,between_state,S091,State_LDA,0.125,0.05714285714285714,-0.016129032258064502
4,7,between_state,S091,Joint_LDA,0.08333333333333333,0.03571428571428571,-0.02824858757062132
4,8,between_state,S075,Raw,0.1477272727272727,0.1513574660633484,0.06147809025506856
4,8,between_state,S075,Trait_LDA,0.0,0.0,0.0
4,8,between_state,S075,State_LDA,0.32272727272727275,0.19764705882352943,0.0996078431372549
4,8,between_state,S075,Joint_LDA,0.1,0.0808080808080808,-0.01065956029313786
4,8,between_state,S080,Raw,0.3462121212121212,0.33907563025210086,0.12060647829083404
4,8,between_state,S080,Trait_LDA,0.36742424242424243,0.25462962962962965,0.1657303370786516
4,8,between_state,S080,State_LDA,0.32121212121212117,0.3024421850079745,0.08965517241379306
4,8,between_state,S080,Joint_LDA,0.22954545454545455,0.13560606060606062,-0.028885832187070193
4,8,between_state,S082,Raw,0.275,0.2374074074074074,0.033333333333333326
4,8,between_state,S082,Trait_LDA,0.25,0.10204081632653061,0.0
4,8,between_state,S082,State_LDA,0.25,0.1966931216931217,0.0
4,8,between_state,S082,Joint_LDA,0.275,0.23238851992409867,0.033333333333333326
4,8,between_state,S089,Raw,0.34662004662004664,0.28667953667953666,0.11796733212341182
4,8,between_state,S089,Trait_LDA,0.22878787878787876,0.14148351648351648,-0.01839926402943881
4,8,between_state,S089,State_LDA,0.3299533799533799,0.27893185246126423,0.09428830462375326
4,8,between_state,S089,Joint_LDA,0.24358974358974358,0.16498316498316498,-0.012183692596063667
4,9,between_state,S033,Raw,0.2985042735042735,0.1974747474747475,0.07194826192400972
4,9,between_state,S033,Trait_LDA,0.25,0.09803921568627451,0.0
4,9,between_state,S033,State_LDA,0.2707264957264957,0.2071907040328093,0.03254678600488192
4,9,between_state,S033,Joint_LDA,0.17884615384615385,0.09772727272727273,-0.09333333333333349
4,9,between_state,S040,Raw,0.0,0.0,-0.012650602409638667
4,9,between_state,S040,Trait_LDA,0.16666666666666669,0.09118357487922706,-0.09375
4,9,between_state,S040,State_LDA,0.0,0.0,-0.019405700424499628
4,9,between_state,S040,Joint_LDA,0.0,0.0,-0.020024271844660158
4,9,between_state,S102,Raw,0.27689393939393936,0.13143298781596655,0.06318082788671009
4,9,between_state,S102,Trait_LDA,0.25,0.09615384615384616,0.0
4,9,between_state,S102,State_LDA,0.25416666666666665,0.125,0.02344322344322347
4,9,between_state,S102,Joint_LDA,0.40909090909090906,0.3029090909090909,0.24349049964813518
4,9,between_state,S108,Raw,0.14027777777777778,0.14323809523809522,-0.047091412742382266
4,9,between_state,S108,Trait_LDA,0.25,0.10377358490566038,0.0
4,9,between_state,S108,State_LDA,0.2450757575757576,0.1971706454465075,0.04685212298682284
4,9,between_state,S108,Joint_LDA,0.1159090909090909,0.08342245989304813,-0.05213270142180071
80,0,between_state,S003,Raw,0.25555555555555554,0.21085164835164835,0.004149377593360981
80,0,between_state,S003,Trait_LDA,0.2583333333333333,0.16294117647058823,0.013157894736842035
80,0,between_state,S003,State_LDA,0.25555555555555554,0.21085164835164835,0.004149377593360981
80,0,between_state,S003,Joint_LDA,0.2681818181818182,0.1747835497835498,0.019442096365173245
80,0,between_state,S004,Raw,0.30082070707070707,0.27285714285714285,0.1187904967602591
80,0,between_state,S004,Trait_LDA,0.2623106060606061,0.13235653235653236,0.0357142857142857
80,0,between_state,S004,State_LDA,0.30082070707070707,0.27285714285714285,0.1187904967602591
80,0,between_state,S004,Joint_LDA,0.125,0.05405405405405406,-0.14093959731543637
80,0,between_state,S005,Raw,0.21944444444444444,0.0903030303030303,-0.028115501519756725
80,0,between_state,S005,Trait_LDA,0.25,0.09,0.0
80,0,between_state,S005,State_LDA,0.21944444444444444,0.0903030303030303,-0.028115501519756725
80,0,between_state,S005,Joint_LDA,0.25,0.09,0.0
80,0,between_state,S006,Raw,0.30833333333333335,0.2317948717948718,0.08195292066259807
80,0,between_state,S006,Trait_LDA,0.2277777777777778,0.13148479427549195,-0.03083700440528614
80,0,between_state,S006,State_LDA,0.30833333333333335,0.2317948717948718,0.08195292066259807
80,0,between_state,S006,Joint_LDA,0.25,0.09375,0.0
80,0,between_state,S007,Raw,0.2787878787878788,0.27167491378017694,0.1327260897852961
80,0,between_state,S007,Trait_LDA,0.2799242424242424,0.2129180602006689,0.039625360230547746
80,0,between_state,S007,State_LDA,0.2787878787878788,0.27167491378017694,0.1327260897852961
80,0,between_state,S007,Joint_LDA,0.22083333333333333,0.14766081871345027,-0.038039502560351046
80,0,between_state,S008,Raw,0.2398989898989899,0.1216260162601626,0.0
80,0,between_state,S008,Trait_LDA,0.2196969696969697,0.20222222222222222,-0.029023746701847042
80,0,between_state,S008,State_LDA,0.2398989898989899,0.1216260162601626,0.0
80,0,between_state,S008,Joint_LDA,0.23295454545454547,0.13055555555555554,-0.017676767676767735
80,0,between_state,S009,Raw,0.24444444444444444,0.21149864628125498,0.004214963119072657
80,0,between_state,S009,Trait_LDA,0.3027777777777778,0.24002468120115178,0.055036344755970856
80,0,between_state,S009,State_LDA,0.24444444444444444,0.21149864628125498,0.004214963119072657
80,0,between_state,S009,Joint_LDA,0.10833333333333334,0.06960227272727273,-0.20824053452115798
80,0,between_state,S011,Raw,0.2727272727272727,0.20211640211640214,0.07913669064748197
80,0,between_state,S011,Trait_LDA,0.22727272727272727,0.16498316498316498,-0.030303030303030276
80,0,between_state,S011,State_LDA,0.29545454545454547,0.20914431673052364,0.0948905109489051
80,0,between_state,S011,Joint_LDA,0.2272727272727273,0.12152777777777778,-0.030303030303030276
80,0,between_state,S013,Raw,0.16880341880341881,0.10897435897435898,-0.09787234042553195
80,0,between_state,S013,Trait_LDA,0.2222222222222222,0.08,-0.030821917808218968
80,0,between_state,S013,State_LDA,0.16880341880341881,0.10897435897435898,-0.09787234042553195
80,0,between_state,S013,Joint_LDA,0.25,0.10185185185185185,0.0
80,0,between_state,S015,Raw,0.15416666666666667,0.18065610859728506,0.09656513285806889
80,0,between_state,S015,Trait_LDA,0.2857142857142857,0.20829111786558593,0.0457190357439734
80,0,between_state,S015,State_LDA,0.17916666666666664,0.20483193277310924,0.11741682974559686
80,0,between_state,S015,Joint_LDA,0.22916666666666666,0.11,-0.021594684385382035
80,0,between_state,S018,Raw,0.3419191919191919,0.270940170940171,0.11409395973154357
80,0,between_state,S018,Trait_LDA,0.2,0.08333333333333333,-0.057409879839786404
80,0,between_state,S018,State_LDA,0.3419191919191919,0.270940170940171,0.11409395973154357
80,0,between_state,S018,Joint_LDA,0.25,0.1206896551724138,0.0
80,0,between_state,S019,Raw,0.41363636363636364,0.34944387111569775,0.2222222222222222
80,0,between_state,S019,Trait_LDA,0.25833333333333336,0.12908496732026142,0.003816793893129722
80,0,between_state,S019,State_LDA,0.38863636363636367,0.3302968960863698,0.1885245901639343
80,0,between_state,S019,Joint_LDA,0.19444444444444445,0.08536585365853659,-0.07851239669421495
80,0,between_state,S021,Raw,0.32260101010101017,0.28525641025641024,0.12941176470588245
80,0,between_state,S021,Trait_LDA,0.05555555555555555,0.04849137931034483,-0.23804971319311652
80,0,between_state,S021,State_LDA,0.32260101010101017,0.28525641025641024,0.12941176470588245
80,0,between_state,S021,Joint_LDA,0.2708333333333333,0.16466165413533834,0.02539981185324558
80,0,between_state,S022,Raw,0.36363636363636365,0.2659469185784975,0.1515151515151515
80,0,between_state,S022,Trait_LDA,0.4318181818181818,0.4185109952300105,0.24242424242424243
80,0,between_state,S022,State_LDA,0.36363636363636365,0.2659469185784975,0.1515151515151515
80,0,between_state,S022,Joint_LDA,0.20454545454545453,0.1360294117647059,-0.06060606060606055
80,0,between_state,S024,Raw,0.25,0.10975609756097561,0.004803073967339144
80,0,between_state,S024,Trait_LDA,0.25,0.09782608695652174,0.0
80,0,between_state,S024,State_LDA,0.25,0.10975609756097561,0.004803073967339144
80,0,between_state,S024,Joint_LDA,0.225,0.1,-0.032901296111665035
80,0,between_state,S025,Raw,0.27499999999999997,0.1560535588442565,0.06745098039215702
80,0,between_state,S025,Trait_LDA,0.21818181818181817,0.1464285714285714,-0.03961965134706835
80,0,between_state,S025,State_LDA,0.27499999999999997,0.1560535588442565,0.06745098039215702
80,0,between_state,S025,Joint_LDA,0.25,0.10576923076923077,0.0
80,0,between_state,S026,Raw,0.3611111111111111,0.27306799237913787,0.16129032258064513
80,0,between_state,S026,Trait_LDA,0.21666666666666667,0.15714285714285714,-0.05620608899297408
80,0,between_state,S026,State_LDA,0.3611111111111111,0.27306799237913787,0.16129032258064513
80,0,between_state,S026,Joint_LDA,0.225,0.09,-0.032258064516129004
80,0,between_state,S027,Raw,0.26262626262626265,0.18282988871224165,0.030097087378640808
80,0,between_state,S027,Trait_LDA,0.2915945165945166,0.25858395989974936,0.041266794625719694
80,0,between_state,S027,State_LDA,0.26262626262626265,0.18282988871224165,0.030097087378640808
80,0,between_state,S027,Joint_LDA,0.3246753246753247,0.21637426900584794,0.08415841584158423
80,0,between_state,S028,Raw,0.2590909090909091,0.18297435897435896,0.053061224489796
80,0,between_state,S028,Trait_LDA,0.18181818181818182,0.11691176470588235,-0.08936170212765959
80,0,between_state,S028,State_LDA,0.2590909090909091,0.18297435897435896,0.053061224489796
80,0,between_state,S028,Joint_LDA,0.21875,0.07446808510638298,-0.033672670321065024
80,0,between_state,S029,Raw,0.3996794871794872,0.33545276234063415,0.24541284403669716
80,0,between_state,S029,Trait_LDA,0.22756410256410256,0.15416666666666667,-0.029823493609251406
80,0,between_state,S029,State_LDA,0.4246794871794872,0.3512422360248447,0.2681660899653979
80,0,between_state,S029,Joint_LDA,0.33333333333333337,0.2232142857142857,0.09778044391121776
80,0,between_state,S030,Raw,0.39090909090909093,0.3831699346405229,0.19161243673174255
80,0,between_state,S030,Trait_LDA,0.25,0.16904761904761906,0.0
80,0,between_state,S030,State_LDA,0.39090909090909093,0.3831699346405229,0.19161243673174255
80,0,between_state,S030,Joint_LDA,0.25,0.10185185185185185,0.0
80,0,between_state,S032,Raw,0.275,0.14393939393939395,0.03384912959381048
80,0,between_state,S032,Trait_LDA,0.22954545454545455,0.14545454545454545,-0.033092037228541926
80,0,between_state,S032,State_LDA,0.275,0.14311270125223613,0.03291384317521784
80,0,between_state,S032,Joint_LDA,0.25,0.1111111111111111,-0.0020060180541625616
80,0,between_state,S033,Raw,0.3,0.16347469220246238,0.05747126436781613
80,0,between_state,S033,Trait_LDA,0.27692307692307694,0.19523809523809524,0.05031948881789139
80,0,between_state,S033,State_LDA,0.3,0.16347469220246238,0.05747126436781613
80,0,between_state,S033,Joint_LDA,0.21794871794871795,0.1527173913043478,-0.055647840531561465
80,0,between_state,S034,Raw,0.21500721500721498,0.19,-0.001988071570576677
80,0,between_state,S034,Trait_LDA,0.25757575757575757,0.1846590909090909,0.01473684210526316
80,0,between_state,S034,State_LDA,0.21500721500721498,0.19,-0.001988071570576677
80,0,between_state,S034,Joint_LDA,0.23809523809523808,0.14583333333333331,-0.018181818181818077
80,0,between_state,S035,Raw,0.25,0.1,0.0
80,0,between_state,S035,Trait_LDA,0.3388888888888889,0.236449864498645,0.10669975186104219
80,0,between_state,S035,State_LDA,0.25,0.1,0.0
80,0,between_state,S035,Joint_LDA,0.3388888888888889,0.22756410256410256,0.10817506193228732
80,0,between_state,S036,Raw,0.3358516483516484,0.27293478260869564,0.09402546523016642
80,0,between_state,S036,Trait_LDA,0.2091346153846154,0.16718266253869968,-0.06914344685242502
80,0,between_state,S036,State_LDA,0.3358516483516484,0.26925831202046036,0.09579667644183787
80,0,between_state,S036,Joint_LDA,0.25,0.13,0.0
80,0,between_state,S037,Raw,0.3020833333333333,0.19633152173913043,0.05383360522022829
80,0,between_state,S037,Trait_LDA,0.29375,0.2,0.04761904761904767
80,0,between_state,S037,State_LDA,0.3020833333333333,0.19633152173913043,0.05383360522022829
80,0,between_state,S037,Joint_LDA,0.225,0.09183673469387756,-0.03333333333333344
80,0,between_state,S039,Raw,0.3174242424242424,0.21529464687359426,0.11809045226130643
80,0,between_state,S039,Trait_LDA,0.23106060606060605,0.20577010708589655,-0.028119507908611396
80,0,between_state,S039,State_LDA,0.2946969696969697,0.2012631578947368,0.08924103419516272
80,0,between_state,S039,Joint_LDA,0.2875,0.19050802139037434,0.06066012488849237
80,0,between_state,S040,Raw,0.17045454545454544,0.16071428571428573,0.0942170240415855
80,0,between_state,S040,Trait_LDA,0.26452020202020204,0.21904761904761905,0.023007395234182382
80,0,between_state,S040,State_LDA,0.17045454545454544,0.15826330532212884,0.08769633507853403
80,0,between_state,S040,Joint_LDA,0.2361111111111111,0.14772727272727273,-0.0016286644951140072
80,0,between_state,S042,Raw,0.3034722222222222,0.2011111111111111,0.1356360572872789
80,0,between_state,S042,Trait_LDA,0.3159090909090909,0.22064777327935223,0.10207939508506625
80,0,between_state,S042,State_LDA,0.33125,0.21390681003584228,0.16835016835016836
80,0,between_state,S042,Joint_LDA,0.40909090909090906,0.2982456140350877,0.24288425047438333
80,0,between_state,S044,Raw,0.3653846153846154,0.23794369645042837,0.21739130434782616
80,0,between_state,S044,Trait_LDA,0.40384615384615385,0.2967032967032967,0.2578313253012048
80,0,between_state,S044,State_LDA,0.3653846153846154,0.23794369645042837,0.21739130434782616
80,0,between_state,S044,Joint_LDA,0.35416666666666663,0.2361111111111111,0.136986301369863
80,0,between_state,S045,Raw,0.2916666666666667,0.17877906976744184,0.04869762174405434
80,0,between_state,S045,Trait_LDA,0.3472222222222222,0.2757177033492823,0.15011037527593818
80,0,between_state,S045,State_LDA,0.2916666666666667,0.17877906976744184,0.04869762174405434
80,0,between_state,S045,Joint_LDA,0.2722222222222222,0.17448405253283303,0.03528114663726567
80,0,between_state,S046,Raw,0.2951388888888889,0.2357142857142857,0.06024096385542166
80,0,between_state,S046,Trait_LDA,0.15625,0.09846153846153846,-0.11044776119402977
80,0,between_state,S046,State_LDA,0.2951388888888889,0.2357142857142857,0.06024096385542166
80,0,between_state,S046,Joint_LDA,0.19444444444444445,0.0875,-0.06857727737973396
80,0,between_state,S048,Raw,0.2124368686868687,0.18998903909389844,0.01707317073170722
80,0,between_state,S048,Trait_LDA,0.23295454545454547,0.12894736842105264,-0.022842639593908753
80,0,between_state,S048,State_LDA,0.2124368686868687,0.1886818495514148,0.008203445447087843
80,0,between_state,S048,Joint_LDA,0.18181818181818182,0.10964912280701754,-0.1071428571428572
80,0,between_state,S049,Raw,0.34444444444444444,0.24662004662004663,0.1423974255832664
80,0,between_state,S049,Trait_LDA,0.2986111111111111,0.20441347270615562,0.07470817120622575
80,0,between_state,S049,State_LDA,0.3694444444444444,0.2779020979020979,0.17538213998390995
80,0,between_state,S049,Joint_LDA,0.2,0.08333333333333333,-0.0620094191522762
80,0,between_state,S051,Raw,0.44065656565656564,0.4192386045327222,0.248006379585327
80,0,between_state,S051,Trait_LDA,0.24772727272727274,0.137987012987013,0.0007861635220125507
80,0,between_state,S051,State_LDA,0.44065656565656564,0.423652917131178,0.24860557768924307
80,0,between_state,S051,Joint_LDA,0.2828282828282828,0.1810897435897436,0.039579967689822304
80,0,between_state,S052,Raw,0.09090909090909091,0.09411764705882353,-0.03277378097521999
80,0,between_state,S052,Trait_LDA,0.1590909090909091,0.07567567567567568,-0.10196445275958843
80,0,between_state,S052,State_LDA,0.09090909090909091,0.09019607843137253,-0.041935483870967794
80,0,between_state,S052,Joint_LDA,0.288961038961039,0.18571428571428572,0.05175600739371533
80,0,between_state,S053,Raw,0.25757575757575757,0.18333333333333335,0.01962708537782143
80,0,between_state,S053,Trait_LDA,0.25,0.09782608695652174,0.0
80,0,between_state,S053,State_LDA,0.2803030303030303,0.20476190476190476,0.05408062930186841
80,0,between_state,S053,Joint_LDA,0.2222222222222222,0.09302325581395349,-0.03571428571428581
80,0,between_state,S054,Raw,0.45,0.38837312113174177,0.30294906166219837
80,0,between_state,S054,Trait_LDA,0.4471590909090909,0.40672753172753173,0.25649913344887354
80,0,between_state,S054,State_LDA,0.45,0.39087301587301587,0.3035714285714285
80,0,between_state,S054,Joint_LDA,0.30625,0.19507575757575757,0.061049011177988
80,0,between_state,S057,Raw,0.3611111111111111,0.23026315789473684,0.1301775147928994
80,0,between_state,S057,Trait_LDA,0.26805555555555555,0.2245614035087719,0.024719101123595433
80,0,between_state,S057,State_LDA,0.3611111111111111,0.23306233062330622,0.1295336787564766
80,0,between_state,S057,Joint_LDA,0.2777777777777778,0.18571428571428572,0.04328018223234631
80,0,between_state,S058,Raw,0.29747474747474745,0.24931318681318682,0.0625
80,0,between_state,S058,Trait_LDA,0.20694444444444446,0.15462315462315462,-0.04538799414348449
80,0,between_state,S058,State_LDA,0.29747474747474745,0.2456367162249515,0.06389301634472522
80,0,between_state,S058,Joint_LDA,0.3055555555555556,0.19166666666666665,0.07981220657277
80,0,between_state,S059,Raw,0.09401709401709402,0.11487179487179486,0.06579954093343532
80,0,between_state,S059,Trait_LDA,0.19444444444444445,0.08536585365853659,-0.06628242074927937
80,0,between_state,S059,State_LDA,0.06623931623931624,0.08969696969696969,0.05056603773584911
80,0,between_state,S059,Joint_LDA,0.33974358974358976,0.25517241379310346,0.1625514403292181
80,0,between_state,S060,Raw,0.4431818181818181,0.3299145299145299,0.2921348314606741
80,0,between_state,S060,Trait_LDA,0.24368686868686867,0.19358766233766234,-0.019163763066202044
80,0,between_state,S060,State_LDA,0.4431818181818181,0.3299145299145299,0.2921348314606741
80,0,between_state,S060,Joint_LDA,0.2708333333333333,0.15641711229946526,0.021739130434782483
80,0,between_state,S061,Raw,0.2765151515151515,0.18874074074074074,0.046511627906976716
80,0,between_state,S061,Trait_LDA,0.25,0.09803921568627451,0.0
80,0,between_state,S061,State_LDA,0.2765151515151515,0.18874074074074074,0.046511627906976716
80,0,between_state,S061,Joint_LDA,0.35858585858585856,0.2311111111111111,0.1378504672897196
80,0,between_state,S062,Raw,0.3212121212121212,0.25782828282828285,0.09028256374913846
80,0,between_state,S062,Trait_LDA,0.34469696969696967,0.2889764381884945,0.13300492610837444
80,0,between_state,S062,State_LDA,0.3212121212121212,0.25782828282828285,0.09028256374913846
80,0,between_state,S062,Joint_LDA,0.22727272727272727,0.09433962264150944,-0.030303030303030276
80,0,between_state,S063,Raw,0.32916666666666666,0.2605661881977671,0.11864406779661019
80,0,between_state,S063,Trait_LDA,0.17083333333333334,0.09698025551684088,-0.11675126903553301
80,0,between_state,S063,State_LDA,0.32916666666666666,0.2605661881977671,0.11864406779661019
80,0,between_state,S063,Joint_LDA,0.125,0.08333333333333334,-0.1589403973509933
80,0,between_state,S064,Raw,0.33434343434343433,0.3025724275724276,0.1125718981101067
80,0,between_state,S064,Trait_LDA,0.22272727272727275,0.13333333333333333,-0.035058430717862965
80,0,between_state,S064,State_LDA,0.33434343434343433,0.30038480038480037,0.11111111111111116
80,0,between_state,S064,Joint_LDA,0.25,0.10784313725490197,0.0
80,0,between_state,S065,Raw,0.21041666666666664,0.1388533674339301,0.04820766378244745
80,0,between_state,S065,Trait_LDA,0.33712121212121215,0.3197637292464879,0.12542837559972575
80,0,between_state,S065,State_LDA,0.21041666666666664,0.13718670076726344,0.0434782608695653
80,0,between_state,S065,Joint_LDA,0.19886363636363635,0.11847826086956521,-0.05811623246492981
80,0,between_state,S066,Raw,0.28055555555555556,0.2644444444444444,0.1574468085106383
80,0,between_state,S066,Trait_LDA,0.29444444444444445,0.20757575757575758,0.0692307692307692
80,0,between_state,S066,State_LDA,0.28055555555555556,0.27098039215686276,0.1663157894736842
80,0,between_state,S066,Joint_LDA,0.2972222222222222,0.20015948963317384,0.07279693486590033
80,0,between_state,S067,Raw,0.25,0.19814992025518338,0.007518796992481258
80,0,between_state,S067,Trait_LDA,0.18181818181818182,0.16687016687016687,-0.09090909090909083
80,0,between_state,S067,State_LDA,0.25,0.19814992025518338,0.007518796992481258
80,0,between_state,S067,Joint_LDA,0.25,0.1,0.0
80,0,between_state,S069,Raw,0.06818181818181818,0.04444444444444444,-0.2371601208459213
80,0,between_state,S069,Trait_LDA,0.25,0.10377358490566038,0.0
80,0,between_state,S069,State_LDA,0.06818181818181818,0.04444444444444444,-0.2371601208459213
80,0,between_state,S069,Joint_LDA,0.25,0.10377358490566038,0.0
80,0,between_state,S071,Raw,0.275,0.15304878048780488,0.051259774109470135
80,0,between_state,S071,Trait_LDA,0.2777777777777778,0.15277777777777776,0.03703703703703698
80,0,between_state,S071,State_LDA,0.275,0.15304878048780488,0.051259774109470135
80,0,between_state,S071,Joint_LDA,0.24444444444444446,0.1441893830703013,-0.00601891659501308
80,0,between_state,S072,Raw,0.23055555555555557,0.21405677655677655,-0.027985074626865947
80,0,between_state,S072,Trait_LDA,0.28055555555555556,0.18157423971377462,0.040224508886810284
80,0,between_state,S072,State_LDA,0.2583333333333333,0.24715719063545152,0.008387698042870317
80,0,between_state,S072,Joint_LDA,0.2777777777777778,0.14545454545454545,0.03448275862068961
80,0,between_state,S074,Raw,0.2228049728049728,0.1933939623594796,-0.010204081632653184
80,0,between_state,S074,Trait_LDA,0.3453768453768453,0.30498188405797105,0.12779552715654952
80,0,between_state,S074,State_LDA,0.24553224553224554,0.2191782130912566,0.02819956616052066
80,0,between_state,S074,Joint_LDA,0.22727272727272727,0.09615384615384616,-0.030674846625766916
80,0,between_state,S075,Raw,0.275,0.13181818181818183,0.03981264637002335
80,0,between_state,S075,Trait_LDA,0.26363636363636367,0.21159754224270352,0.019138755980861233
80,0,between_state,S075,State_LDA,0.275,0.13181818181818183,0.03981264637002335
80,0,between_state,S075,Joint_LDA,0.25,0.10204081632653061,0.0
80,0,between_state,S076,Raw,0.22777777777777777,0.17099415204678362,-0.024518388791593626
80,0,between_state,S076,Trait_LDA,0.28055555555555556,0.21422764227642277,0.03703703703703698
80,0,between_state,S076,State_LDA,0.22777777777777777,0.17019607843137258,-0.024518388791593626
80,0,between_state,S076,Joint_LDA,0.25,0.10204081632653061,0.0
80,0,between_state,S077,Raw,0.21180555555555555,0.1514285714285714,-0.030494216614090464
80,0,between_state,S077,Trait_LDA,0.3027777777777778,0.2616758241758242,0.0661686232657418
80,0,between_state,S077,State_LDA,0.21180555555555555,0.1514285714285714,-0.030494216614090464
80,0,between_state,S077,Joint_LDA,0.21875,0.13611111111111113,-0.03703703703703698
80,0,between_state,S078,Raw,0.275,0.22708333333333333,0.03314917127071826
80,0,between_state,S078,Trait_LDA,0.3125,0.20833333333333331,0.07309322033898302
80,0,between_state,S078,State_LDA,0.275,0.22708333333333333,0.03314917127071826
80,0,between_state,S078,Joint_LDA,0.25,0.10465116279069768,-0.0011001100110010764
80,0,between_state,S079,Raw,0.05,0.05128205128205129,0.02005730659025784
80,0,between_state,S079,Trait_LDA,0.2777777777777778,0.15272727272727274,0.0650263620386643
80,0,between_state,S079,State_LDA,0.05,0.05128205128205129,0.02005730659025784
80,0,between_state,S079,Joint_LDA,0.225,0.1,-0.03280224929709452
80,0,between_state,S080,Raw,0.2265151515151515,0.2098249576510446,0.08947048082775422
80,0,between_state,S080,Trait_LDA,0.3318181818181818,0.2602010892333473,0.10769230769230764
80,0,between_state,S080,State_LDA,0.2015151515151515,0.18564913347522044,0.06836055656382345
80,0,between_state,S080,Joint_LDA,0.2916666666666667,0.17034313725490197,0.05801104972375681
80,0,between_state,S081,Raw,0.16231060606060607,0.1615546218487395,-0.13982011447260834
80,0,between_state,S081,Trait_LDA,0.3352272727272727,0.2594298245614035,0.10436893203883502
80,0,between_state,S081,State_LDA,0.18731060606060607,0.18585434173669468,-0.10448979591836727
80,0,between_state,S081,Joint_LDA,0.25,0.10576923076923077,0.0
80,0,between_state,S082,Raw,0.35000000000000003,0.26780116728965836,0.14754098360655743
80,0,between_state,S082,Trait_LDA,0.25,0.137987012987013,0.0
80,0,between_state,S082,State_LDA,0.35000000000000003,0.26780116728965836,0.14754098360655743
80,0,between_state,S082,Joint_LDA,0.25,0.1668520578420467,0.0
80,0,between_state,S083,Raw,0.33333333333333337,0.2222222222222222,0.0969125214408233
80,0,between_state,S083,Trait_LDA,0.16666666666666666,0.109375,-0.10188356164383561
80,0,between_state,S083,State_LDA,0.33333333333333337,0.2175925925925926,0.09768637532133673
80,0,between_state,S083,Joint_LDA,0.19444444444444445,0.08536585365853659,-0.07958477508650508
80,0,between_state,S084,Raw,0.2708333333333333,0.20476190476190476,0.04815229563269885
80,0,between_state,S084,Trait_LDA,0.17708333333333331,0.16014492753623188,-0.0980392156862746
80,0,between_state,S084,State_LDA,0.2708333333333333,0.20410256410256408,0.04921700223713654
80,0,between_state,S084,Joint_LDA,0.1701388888888889,0.10294117647058823,-0.10826542491268909
80,0,between_state,S085,Raw,0.375,0.22756410256410256,0.11336405529953919
80,0,between_state,S085,Trait_LDA,0.3189102564102564,0.2716216216216216,0.08547888774459311
80,0,between_state,S085,State_LDA,0.375,0.22756410256410256,0.11336405529953919
80,0,between_state,S085,Joint_LDA,0.3211538461538462,0.22857142857142856,0.11630321910695751
80,0,between_state,S086,Raw,0.4089695027195027,0.312579185520362,0.20357420357420364
80,0,between_state,S086,Trait_LDA,0.2623106060606061,0.18133333333333332,0.08251748251748248
80,0,between_state,S086,State_LDA,0.4089695027195027,0.38716272833919896,0.1985926505082095
80,0,between_state,S086,Joint_LDA,0.31837606837606836,0.21119733924611972,0.10031347962382453
80,0,between_state,S087,Raw,0.18055555555555555,0.136231884057971,0.056491575817641304
80,0,between_state,S087,Trait_LDA,0.11458333333333333,0.07852564102564102,-0.17511520737327202
80,0,between_state,S087,State_LDA,0.21180555555555555,0.15,0.08291708291708277
80,0,between_state,S087,Joint_LDA,0.3111111111111111,0.22291021671826625,0.09443099273607747
80,0,between_state,S089,Raw,0.3579254079254079,0.34111990950226245,0.13382218148487623
80,0,between_state,S089,Trait_LDA,0.22575757575757577,0.15431201550387597,-0.0393912264995524
80,0,between_state,S089,State_LDA,0.3412587412587412,0.32412239089184064,0.10989010989010983
80,0,between_state,S089,Joint_LDA,0.25,0.13388937664618086,0.0
80,0,between_state,S093,Raw,0.12638888888888888,0.12686274509803921,-0.030726256983240274
80,0,between_state,S093,Trait_LDA,0.3,0.28196150254973784,0.06598586017282004
80,0,between_state,S093,State_LDA,0.1472222222222222,0.14686274509803923,-0.0020949720670391248
80,0,between_state,S093,Joint_LDA,0.325,0.21395881006864986,0.09677419354838712
80,0,between_state,S094,Raw,0.25,0.08372093023255814,0.014311270125223485
80,0,between_state,S094,Trait_LDA,0.3333333333333333,0.229020979020979,0.11048689138576784
80,0,between_state,S094,State_LDA,0.25,0.08372093023255814,0.014311270125223485
80,0,between_state,S094,Joint_LDA,0.225,0.10227272727272728,-0.03183520599250933
80,0,between_state,S095,Raw,0.20625,0.12222222222222223,0.03426124197002145
80,0,between_state,S095,Trait_LDA,0.2770833333333333,0.17882698696652183,0.036050156739812045
80,0,between_state,S095,State_LDA,0.20625,0.12222222222222223,0.03426124197002145
80,0,between_state,S095,Joint_LDA,0.21022727272727273,0.1074660633484163,-0.06574923547400613
80,0,between_state,S098,Raw,0.18863636363636363,0.12615384615384614,-0.052219321148825104
80,0,between_state,S098,Trait_LDA,0.3375,0.2111111111111111,0.0992301112061591
80,0,between_state,S098,State_LDA,0.18863636363636363,0.13140096618357489,-0.050390964378801195
80,0,between_state,S098,Joint_LDA,0.275,0.16531165311653118,0.03448275862068961
80,0,between_state,S101,Raw,0.2727272727272727,0.21688888888888885,0.1356660527931246
80,0,between_state,S101,Trait_LDA,0.4325757575757576,0.39787545787545786,0.24242424242424243
80,0,between_state,S101,State_LDA,0.2727272727272727,0.21196581196581196,0.1297898640296663
80,0,between_state,S101,Joint_LDA,0.2803030303030303,0.19371482176360227,0.04146170063246668
80,0,between_state,S102,Raw,0.2617424242424243,0.1700854700854701,0.024158125915080597
80,0,between_state,S102,Trait_LDA,0.2375,0.17517006802721088,-0.024571854058079046
80,0,between_state,S102,State_LDA,0.2617424242424243,0.1700854700854701,0.024158125915080597
80,0,between_state,S102,Joint_LDA,0.25,0.09433962264150944,0.0
80,0,between_state,S103,Raw,0.274256993006993,0.2074712643678161,0.14943457189014542
80,0,between_state,S103,Trait_LDA,0.3310751748251748,0.2683531746031746,0.09545049063336308
80,0,between_state,S103,State_LDA,0.274256993006993,0.2033333333333333,0.14180929095354533
80,0,between_state,S103,Joint_LDA,0.3028846153846154,0.21978021978021978,0.09923011120615921
80,0,between_state,S104,Raw,0.3380681818181818,0.24863492063492068,0.18345705196182394
80,0,between_state,S104,Trait_LDA,0.4375,0.38170163170163174,0.21974522292993637
80,0,between_state,S104,State_LDA,0.3380681818181818,0.24863492063492068,0.18345705196182394
80,0,between_state,S104,Joint_LDA,0.2982954545454546,0.22514071294559101,0.0584795321637428
80,0,between_state,S105,Raw,0.1,0.04,-0.1518867924528302
80,0,between_state,S105,Trait_LDA,0.2833333333333333,0.18571428571428572,0.048466864490603334
80,0,between_state,S105,State_LDA,0.1,0.041025641025641026,-0.1508011310084827
80,0,between_state,S105,Joint_LDA,0.2472222222222222,0.13089430894308943,-0.004849660523763344
80,0,between_state,S107,Raw,0.05,0.0434173669467787,-0.03682946357085637
80,0,between_state,S107,Trait_LDA,0.2571428571428571,0.16233766233766234,0.004803073967339033
80,0,between_state,S107,State_LDA,0.05,0.04305555555555555,-0.03682946357085659
80,0,between_state,S107,Joint_LDA,0.28928571428571426,0.16233766233766234,0.03806870937790163
80,0,between_state,S108,Raw,0.19545454545454544,0.19128787878787878,-0.0785498489425982
80,0,between_state,S108,Trait_LDA,0.302020202020202,0.25626030889188783,0.05899925317401056
80,0,between_state,S108,State_LDA,0.19545454545454544,0.19011063011063012,-0.0769230769230771
80,0,between_state,S108,Joint_LDA,0.25,0.1111111111111111,0.0
80,0,between_state,S109,Raw,0.2789772727272727,0.18632478632478633,0.051259774109470135
80,0,between_state,S109,Trait_LDA,0.2994318181818182,0.22785547785547786,0.06814159292035415
80,0,between_state,S109,State_LDA,0.2789772727272727,0.18632478632478633,0.051259774109470135
80,0,between_state,S109,Joint_LDA,0.25,0.1625,0.0
80,1,between_state,S001,Raw,0.1638888888888889,0.10074074074074073,-0.011235955056179803
80,1,between_state,S001,Trait_LDA,0.3388888888888889,0.2852941176470588,0.12933753943217663
80,1,between_state,S001,State_LDA,0.1638888888888889,0.0980952380952381,-0.027592768791626865
80,1,between_state,S001,Joint_LDA,0.36944444444444446,0.25462962962962965,0.1706806282722514
80,1,between_state,S002,Raw,0.23939393939393938,0.2196778711484594,0.11753731343283591
80,1,between_state,S002,Trait_LDA,0.31212121212121213,0.28431372549019607,0.08711566617862376
80,1,between_state,S002,State_LDA,0.23939393939393938,0.2196778711484594,0.11753731343283591
80,1,between_state,S002,Joint_LDA,0.25,0.14760638297872342,0.0
80,1,between_state,S003,Raw,0.2777777777777778,0.16666666666666666,0.04369332234130263
80,1,between_state,S003,Trait_LDA,0.25,0.10416666666666667,0.0
80,1,between_state,S003,State_LDA,0.2777777777777778,0.16666666666666666,0.04369332234130263
80,1,between_state,S003,Joint_LDA,0.3388888888888889,0.21736596736596736,0.11257189811010682
80,1,between_state,S004,Raw,0.10795454545454546,0.0879120879120879,-0.0680628272251309
80,1,between_state,S004,Trait_LDA,0.3216540404040404,0.2892648287385129,0.09433962264150941
80,1,between_state,S004,State_LDA,0.18087121212121213,0.14619047619047618,-0.03253796095444672
80,1,between_state,S004,Joint_LDA,0.22727272727272727,0.12195121951219512,-0.017456359102244523
80,1,between_state,S005,Raw,0.275,0.13541666666666666,0.02977099236641212
80,1,between_state,S005,Trait_LDA,0.2601010101010101,0.1644927536231884,0.009661835748792313
80,1,between_state,S005,State_LDA,0.275,0.13541666666666666,0.02977099236641212
80,1,between_state,S005,Joint_LDA,0.25,0.10576923076923077,0.0
80,1,between_state,S007,Raw,0.2996212121212121,0.2885225885225885,0.1596091205211727
80,1,between_state,S007,Trait_LDA,0.28068181818181814,0.24448529411764708,0.045128939828080306
80,1,between_state,S007,State_LDA,0.2996212121212121,0.2885225885225885,0.1596091205211727
80,1,between_state,S007,Joint_LDA,0.2803030303030303,0.1975609756097561,0.04231625835189312
80,1,between_state,S009,Raw,0.2388888888888889,0.21543016370602577,-0.04535398230088483
80,1,between_state,S009,Trait_LDA,0.24444444444444444,0.18333333333333332,-0.013363028953229383
80,1,between_state,S009,State_LDA,0.2388888888888889,0.21543016370602577,-0.04535398230088483
80,1,between_state,S009,Joint_LDA,0.21666666666666667,0.14144736842105263,-0.04535398230088483
80,1,between_state,S010,Raw,0.25357142857142856,0.13553113553113552,0.10306845003933907
80,1,between_state,S010,Trait_LDA,0.22738095238095238,0.17027417027417027,-0.04395604395604402
80,1,between_state,S010,State_LDA,0.25357142857142856,0.1562881562881563,0.13373860182370811
80,1,between_state,S010,Joint_LDA,0.25,0.07954545454545454,-0.002553191489361728
80,1,between_state,S011,Raw,0.3181818181818181,0.20730441230997404,0.12408759124087587
80,1,between_state,S011,Trait_LDA,0.20454545454545453,0.16131756756756757,-0.06060606060606055
80,1,between_state,S011,State_LDA,0.3181818181818181,0.20730441230997404,0.12408759124087587
80,1,between_state,S011,Joint_LDA,0.25,0.13137254901960785,0.0
80,1,between_state,S012,Raw,0.20454545454545456,0.09782608695652174,-0.06370656370656347
80,1,between_state,S012,Trait_LDA,0.34090909090909094,0.25,0.14814814814814814
80,1,between_state,S012,State_LDA,0.20454545454545456,0.09782608695652174,-0.06370656370656347
80,1,between_state,S012,Joint_LDA,0.25,0.06818181818181818,0.0
80,1,between_state,S014,Raw,0.2215909090909091,0.14058823529411762,0.016253869969040102
80,1,between_state,S014,Trait_LDA,0.29734848484848486,0.2274626600284495,0.06106870229007644
80,1,between_state,S014,State_LDA,0.2215909090909091,0.14058823529411762,0.016253869969040102
80,1,between_state,S014,Joint_LDA,0.20833333333333331,0.14393939393939392,-0.06753458096013021
80,1,between_state,S015,Raw,0.13333333333333333,0.16376068376068376,0.0699935191186003
80,1,between_state,S015,Trait_LDA,0.34226190476190477,0.30727272727272725,0.12263374485596701
80,1,between_state,S015,State_LDA,0.13333333333333333,0.16376068376068376,0.0699935191186003
80,1,between_state,S015,Joint_LDA,0.23333333333333334,0.13810741687979539,-0.02244389027431426
80,1,between_state,S016,Raw,0.24166666666666664,0.13454545454545455,-0.003875968992248291
80,1,between_state,S016,Trait_LDA,0.3694444444444444,0.32516339869281047,0.1721789883268482
80,1,between_state,S016,State_LDA,0.24166666666666664,0.13454545454545455,-0.003875968992248291
80,1,between_state,S016,Joint_LDA,0.23333333333333334,0.1600284495021337,-0.026759167492566904
80,1,between_state,S018,Raw,0.34924242424242424,0.28055555555555556,0.11764705882352944
80,1,between_state,S018,Trait_LDA,0.20606060606060606,0.1542824074074074,-0.045544554455445585
80,1,between_state,S018,State_LDA,0.37196969696969695,0.3045051353874883,0.145917001338688
80,1,between_state,S018,Joint_LDA,0.25,0.08490566037735849,0.0
80,1,between_state,S019,Raw,0.30757575757575756,0.26039136302294197,0.09717868338557989
80,1,between_state,S019,Trait_LDA,0.25,0.10869565217391304,0.0
80,1,between_state,S019,State_LDA,0.30757575757575756,0.26039136302294197,0.09717868338557989
80,1,between_state,S019,Joint_LDA,0.25,0.07142857142857142,0.0
80,1,between_state,S021,Raw,0.33838383838383834,0.2765151515151515,0.14900000000000002
80,1,between_state,S021,Trait_LDA,0.13383838383838384,0.12301587301587301,-0.15625
80,1,between_state,S021,State_LDA,0.33838383838383834,0.2765151515151515,0.14900000000000002
80,1,between_state,S021,Joint_LDA,0.11647727272727273,0.06923076923076923,-0.1877431906614786
80,1,between_state,S024,Raw,0.28125,0.1482176360225141,0.04034582132564846
80,1,between_state,S024,Trait_LDA,0.30069444444444443,0.2328298887122417,0.0669253152279341
80,1,between_state,S024,State_LDA,0.28125,0.1488095238095238,0.039423076923077116
80,1,between_state,S024,Joint_LDA,0.225,0.1,-0.032901296111665035
80,1,between_state,S025,Raw,0.20681818181818182,0.14645550527903467,0.040935672514619936
80,1,between_state,S025,Trait_LDA,0.19141414141414143,0.19166666666666665,-0.0858747993579454
80,1,between_state,S025,State_LDA,0.20681818181818182,0.14645550527903467,0.040935672514619936
80,1,between_state,S025,Joint_LDA,0.25,0.10576923076923077,0.0
80,1,between_state,S026,Raw,0.3319444444444445,0.29642857142857143,0.11863057324840776
80,1,between_state,S026,Trait_LDA,0.2513888888888889,0.21962915601023017,-0.0007874015748030594
80,1,between_state,S026,State_LDA,0.3319444444444445,0.2937645687645688,0.11722488038277512
80,1,between_state,S026,Joint_LDA,0.25,0.11538461538461539,0.0016792611251051914
80,1,between_state,S027,Raw,0.23484848484848483,0.17647058823529413,0.0
80,1,between_state,S027,Trait_LDA,0.24567099567099568,0.21036967418546365,0.0038461538461538325
80,1,between_state,S027,State_LDA,0.23484848484848483,0.1411764705882353,0.006711409395973145
80,1,between_state,S027,Joint_LDA,0.31565656565656564,0.22062500000000002,0.10663983903420526
80,1,between_state,S028,Raw,0.21136363636363636,0.12698412698412698,0.03651903651903643
80,1,between_state,S028,Trait_LDA,0.25227272727272726,0.2286231884057971,0.019442096365173245
80,1,between_state,S028,State_LDA,0.21136363636363636,0.1328976034858388,0.0461538461538461
80,1,between_state,S028,Joint_LDA,0.21875,0.07608695652173914,-0.036106750392464804
80,1,between_state,S029,Raw,0.4205128205128205,0.3611152882205514,0.27152698048220436
80,1,between_state,S029,Trait_LDA,0.20673076923076925,0.15556289799351197,-0.05778588807785878
80,1,between_state,S029,State_LDA,0.4205128205128205,0.3611152882205514,0.27152698048220436
80,1,between_state,S029,Joint_LDA,0.3,0.19095816464237517,0.06409458618543884
80,1,between_state,S030,Raw,0.3181818181818182,0.252518315018315,0.09440813362381995
80,1,between_state,S030,Trait_LDA,0.2727272727272727,0.14399509803921567,0.03125
80,1,between_state,S030,State_LDA,0.3181818181818182,0.252518315018315,0.09440813362381995
80,1,between_state,S030,Joint_LDA,0.25,0.10185185185185185,0.0
80,1,between_state,S032,Raw,0.275,0.14631782945736435,0.0357142857142857
80,1,between_state,S032,Trait_LDA,0.16136363636363635,0.10303030303030303,-0.07766990291262132
80,1,between_state,S032,State_LDA,0.275,0.14631782945736435,0.0357142857142857
80,1,between_state,S032,Joint_LDA,0.25,0.10869565217391304,0.001000000000000223
80,1,between_state,S033,Raw,0.45,0.30023923444976075,0.2430769230769232
80,1,between_state,S033,Trait_LDA,0.3155982905982906,0.25742354196301565,0.1045241809672387
80,1,between_state,S033,State_LDA,0.45,0.30023923444976075,0.2430769230769232
80,1,between_state,S033,Joint_LDA,0.25,0.1254180602006689,0.0
80,1,between_state,S034,Raw,0.13167388167388167,0.10944444444444446,-0.13530010172939977
80,1,between_state,S034,Trait_LDA,0.21717171717171718,0.12307692307692308,-0.045643153526971014
80,1,between_state,S034,State_LDA,0.13167388167388167,0.10797385620915034,-0.13530010172939977
80,1,between_state,S034,Joint_LDA,0.25,0.11538461538461539,0.012195121951219301
80,1,between_state,S035,Raw,0.25,0.1,0.0
80,1,between_state,S035,Trait_LDA,0.2472222222222222,0.12427325581395349,-0.004862236628849326
80,1,between_state,S035,State_LDA,0.25,0.1,0.0
80,1,between_state,S035,Joint_LDA,0.25,0.1,0.0
80,1,between_state,S037,Raw,0.3645833333333333,0.315018315018315,0.13188647746243742
80,1,between_state,S037,Trait_LDA,0.25,0.09090909090909091,-0.0062893081761006275
80,1,between_state,S037,State_LDA,0.3645833333333333,0.315018315018315,0.13188647746243742
80,1,between_state,S037,Joint_LDA,0.25,0.11538461538461539,0.0
80,1,between_state,S039,Raw,0.28863636363636364,0.19402834008097164,0.05276381909547734
80,1,between_state,S039,Trait_LDA,0.23333333333333334,0.1644144144144144,-0.05774278215223094
80,1,between_state,S039,State_LDA,0.31136363636363634,0.20281954887218046,0.06825938566552903
80,1,between_state,S039,Joint_LDA,0.225,0.10227272727272728,-0.01650738488271064
80,1,between_state,S040,Raw,0.12878787878787878,0.11507936507936507,0.03843648208469075
80,1,between_state,S040,Trait_LDA,0.2727272727272727,0.1557142857142857,0.03691275167785235
80,1,between_state,S040,State_LDA,0.12878787878787878,0.11507936507936507,0.03843648208469075
80,1,between_state,S040,Joint_LDA,0.19444444444444442,0.10507246376811594,-0.0625
80,1,between_state,S041,Raw,0.4147727272727273,0.3454678362573099,0.22640061396776678
80,1,between_state,S041,Trait_LDA,0.2,0.0851063829787234,-0.07046476761619203
80,1,between_state,S041,State_LDA,0.4147727272727273,0.3454678362573099,0.22640061396776678
80,1,between_state,S041,Joint_LDA,0.2253787878787879,0.12333333333333332,-0.034642032332563355
80,1,between_state,S042,Raw,0.275,0.1468982630272953,0.125
80,1,between_state,S042,Trait_LDA,0.34375,0.2376395534290271,0.11310592459605029
80,1,between_state,S042,State_LDA,0.275,0.13665158371040725,0.10513036164844414
80,1,between_state,S042,Joint_LDA,0.36388888888888893,0.24053030303030304,0.15477293790546798
80,1,between_state,S043,Raw,0.37784090909090906,0.23569023569023567,0.14472727272727282
80,1,between_state,S043,Trait_LDA,0.275,0.12708719851576994,0.02805049088359035
80,1,between_state,S043,State_LDA,0.37784090909090906,0.23569023569023567,0.14472727272727282
80,1,between_state,S043,Joint_LDA,0.28125,0.1613247863247863,0.034482758620689724
80,1,between_state,S044,Raw,0.28685897435897434,0.16861702127659575,0.09329221279876643
80,1,between_state,S044,Trait_LDA,0.2467948717948718,0.16299019607843138,0.0015847860538826808
80,1,between_state,S044,State_LDA,0.266025641025641,0.16195652173913042,0.06951871657754005
80,1,between_state,S044,Joint_LDA,0.2676282051282051,0.16718426501035197,0.02715654952076685
80,1,between_state,S045,Raw,0.2916666666666667,0.1877076411960133,0.04545454545454575
80,1,between_state,S045,Trait_LDA,0.2333333333333333,0.17457542457542458,-0.02941176470588247
80,1,between_state,S045,State_LDA,0.2916666666666667,0.1877076411960133,0.04545454545454575
80,1,between_state,S045,Joint_LDA,0.3222222222222222,0.21666666666666667,0.1015625
80,1,between_state,S046,Raw,0.2361111111111111,0.1606060606060606,-0.011033099297893756
80,1,between_state,S046,Trait_LDA,0.2727272727272727,0.1907912875654811,0.02897102897102899
80,1,between_state,S046,State_LDA,0.2673611111111111,0.21805555555555556,0.02507522567703102
80,1,between_state,S046,Joint_LDA,0.19791666666666666,0.11483739837398374,-0.069672131147541
80,1,between_state,S047,Raw,0.4270833333333333,0.2703448275862069,0.20697858842188732
80,1,between_state,S047,Trait_LDA,0.34375,0.23863636363636365,0.09164639091646387
80,1,between_state,S047,State_LDA,0.4270833333333333,0.2703448275862069,0.20697858842188732
80,1,between_state,S047,Joint_LDA,0.2222222222222222,0.08333333333333333,-0.03142626913779201
80,1,between_state,S048,Raw,0.28061868686868685,0.23064263322884013,0.10049423393739709
80,1,between_state,S048,Trait_LDA,0.42550505050505055,0.4092574092574092,0.23187108325872874
80,1,between_state,S048,State_LDA,0.25789141414141414,0.2198051948051948,0.07673469387755094
80,1,between_state,S048,Joint_LDA,0.2670454545454546,0.17692307692307693,0.013550135501354976
80,1,between_state,S049,Raw,0.42361111111111105,0.33080808080808083,0.25689519306540576
80,1,between_state,S049,Trait_LDA,0.3333333333333333,0.22156862745098038,0.12118713932399017
80,1,between_state,S049,State_LDA,0.42361111111111105,0.33080808080808083,0.25689519306540576
80,1,between_state,S049,Joint_LDA,0.25,0.1,0.0007861635220125507
80,1,between_state,S050,Raw,0.34090909090909094,0.2548251748251748,0.2133131618759455
80,1,between_state,S050,Trait_LDA,0.24141414141414141,0.2304563492063492,-0.005867560771165126
80,1,between_state,S050,State_LDA,0.34090909090909094,0.25101565101565104,0.20671243325705568
80,1,between_state,S050,Joint_LDA,0.2138888888888889,0.13466183574879226,-0.04319478402607979
80,1,between_state,S051,Raw,0.36010101010101014,0.2928321678321678,0.1472
80,1,between_state,S051,Trait_LDA,0.2777777777777778,0.1503623188405797,0.03301886792452835
80,1,between_state,S051,State_LDA,0.36010101010101014,0.29166666666666663,0.14788169464428458
80,1,between_state,S051,Joint_LDA,0.2777777777777778,0.15545454545454546,0.03646677471636961
80,1,between_state,S053,Raw,0.25757575757575757,0.21441441441441442,0.02821011673151741
80,1,between_state,S053,Trait_LDA,0.1388888888888889,0.06578947368421052,-0.1607843137254903
80,1,between_state,S053,State_LDA,0.25757575757575757,0.21441441441441442,0.02821011673151741
80,1,between_state,S053,Joint_LDA,0.21875,0.08139534883720931,-0.0364145658263304
80,1,between_state,S055,Raw,0.49343434343434345,0.4793233082706766,0.35511064278187565
80,1,between_state,S055,Trait_LDA,0.2866161616161616,0.19025974025974024,0.05263157894736836
80,1,between_state,S055,State_LDA,0.49343434343434345,0.479004329004329,0.35238095238095235
80,1,between_state,S055,Joint_LDA,0.25,0.10869565217391304,0.0
80,1,between_state,S057,Raw,0.41666666666666663,0.21364705882352944,0.20233747260774282
80,1,between_state,S057,Trait_LDA,0.251010101010101,0.20793650793650792,-0.006741573033707926
80,1,between_state,S057,State_LDA,0.41666666666666663,0.26285714285714284,0.19646799116997782
80,1,between_state,S057,Joint_LDA,0.3208333333333333,0.21896383186705767,0.09677419354838712
80,1,between_state,S059,Raw,0.14636752136752137,0.17525252525252527,0.09968602825745687
80,1,between_state,S059,Trait_LDA,0.31196581196581197,0.2,0.13866396761133615
80,1,between_state,S059,State_LDA,0.14636752136752137,0.17525252525252527,0.09968602825745687
80,1,between_state,S059,Joint_LDA,0.358974358974359,0.27011494252873564,0.19731404958677679
80,1,between_state,S060,Raw,0.4277146464646465,0.348951048951049,0.2909090909090909
80,1,between_state,S060,Trait_LDA,0.07670454545454546,0.057870370370370364,-0.22086956521739132
80,1,between_state,S060,State_LDA,0.4277146464646465,0.348951048951049,0.2909090909090909
80,1,between_state,S060,Joint_LDA,0.26420454545454547,0.14210526315789473,0.01015228426395931
80,1,between_state,S061,Raw,0.2588383838383838,0.15902031063321384,0.023809523809523836
80,1,between_state,S061,Trait_LDA,0.17777777777777776,0.10093167701863354,-0.09247648902821326
80,1,between_state,S061,State_LDA,0.2588383838383838,0.15902031063321384,0.023809523809523836
80,1,between_state,S061,Joint_LDA,0.2222222222222222,0.1,-0.03917050691244239
80,1,between_state,S062,Raw,0.3609848484848485,0.3060247747747748,0.1479944674965421
80,1,between_state,S062,Trait_LDA,0.32954545454545453,0.261092799188641,0.1089385474860336
80,1,between_state,S062,State_LDA,0.3609848484848485,0.3060247747747748,0.1479944674965421
80,1,between_state,S062,Joint_LDA,0.25,0.09259259259259259,0.0
80,1,between_state,S063,Raw,0.3625,0.3148496240601504,0.16376306620209058
80,1,between_state,S063,Trait_LDA,0.22916666666666666,0.11956521739130435,-0.02473498233215543
80,1,between_state,S063,State_LDA,0.3375,0.29207634470792365,0.1273996509598604
80,1,between_state,S063,Joint_LDA,0.20625,0.1248062015503876,-0.03937007874015741
80,1,between_state,S064,Raw,0.3371212121212121,0.29998127502664707,0.1096455070074196
80,1,between_state,S064,Trait_LDA,0.24772727272727274,0.1651260504201681,-0.005025125628140614
80,1,between_state,S064,State_LDA,0.3371212121212121,0.29998127502664707,0.1096455070074196
80,1,between_state,S064,Joint_LDA,0.25,0.09183673469387756,0.0
80,1,between_state,S065,Raw,0.1831439393939394,0.11944444444444442,0.015537600994406486
80,1,between_state,S065,Trait_LDA,0.19943181818181818,0.16164596273291926,-0.057409879839786404
80,1,between_state,S065,State_LDA,0.1831439393939394,0.11623931623931623,0.005649717514124242
80,1,between_state,S065,Joint_LDA,0.19791666666666666,0.13048245614035087,-0.07317073170731714
80,1,between_state,S066,Raw,0.20833333333333331,0.22350649350649351,0.09493670886075944
80,1,between_state,S066,Trait_LDA,0.2944444444444444,0.304144385026738,0.05597014925373145
80,1,between_state,S066,State_LDA,0.23333333333333334,0.2479020979020979,0.1090342679127726
80,1,between_state,S066,Joint_LDA,0.26666666666666666,0.16545454545454547,0.04069767441860472
80,1,between_state,S067,Raw,0.2727272727272727,0.24179536679536678,0.030303030303030276
80,1,between_state,S067,Trait_LDA,0.2272727272727273,0.18942307692307692,-0.030303030303030276
80,1,between_state,S067,State_LDA,0.25,0.22205852469010362,0.0
80,1,between_state,S067,Joint_LDA,0.25,0.10185185185185185,0.0
80,1,between_state,S068,Raw,0.3005050505050505,0.2123076923076923,0.12586206896551722
80,1,between_state,S068,Trait_LDA,0.1846590909090909,0.16673254281949934,-0.08333333333333326
80,1,between_state,S068,State_LDA,0.3005050505050505,0.21000000000000002,0.11749347258485632
80,1,between_state,S068,Joint_LDA,0.32386363636363635,0.20714285714285713,0.09067357512953356
80,1,between_state,S069,Raw,0.11868686868686869,0.0879120879120879,-0.16666666666666652
80,1,between_state,S069,Trait_LDA,0.25,0.15664961636828645,0.0015337423312882237
80,1,between_state,S069,State_LDA,0.11868686868686869,0.0879120879120879,-0.16666666666666652
80,1,between_state,S069,Joint_LDA,0.25,0.10377358490566038,0.0
80,1,between_state,S070,Raw,0.045454545454545456,0.06153846153846154,0.03675538656527255
80,1,between_state,S070,Trait_LDA,0.3831168831168831,0.32202380952380955,0.15309446254071657
80,1,between_state,S070,State_LDA,0.045454545454545456,0.06153846153846154,0.03675538656527255
80,1,between_state,S070,Joint_LDA,0.34090909090909094,0.240625,0.13793103448275867
80,1,between_state,S073,Raw,0.31060606060606066,0.2955330027294045,0.0847457627118644
80,1,between_state,S073,Trait_LDA,0.20454545454545456,0.09375,-0.06346483704974282
80,1,between_state,S073,State_LDA,0.31060606060606066,0.2955330027294045,0.0847457627118644
80,1,between_state,S073,Joint_LDA,0.25,0.11458333333333333,0.005145797598627766
80,1,between_state,S074,Raw,0.2925407925407925,0.2523809523809524,0.06942392909896589
80,1,between_state,S074,Trait_LDA,0.31254856254856256,0.26124031007751936,0.09856915739268679
80,1,between_state,S074,State_LDA,0.2925407925407925,0.25038095238095237,0.06040268456375841
80,1,between_state,S074,Joint_LDA,0.25,0.08823529411764706,0.0
80,1,between_state,S075,Raw,0.25,0.13138211382113824,0.014728682170542684
80,1,between_state,S075,Trait_LDA,0.24772727272727274,0.1641016871865025,-0.004743083003952542
80,1,between_state,S075,State_LDA,0.25,0.13138211382113824,0.014728682170542684
80,1,between_state,S075,Joint_LDA,0.2727272727272727,0.13988095238095238,0.029968454258675004
80,1,between_state,S076,Raw,0.2277777777777778,0.17924812030075188,-0.024518388791593626
80,1,between_state,S076,Trait_LDA,0.25277777777777777,0.15000000000000002,0.0008833922261484162
80,1,between_state,S076,State_LDA,0.2277777777777778,0.22159709618874773,-0.033568904593639814
80,1,between_state,S076,Joint_LDA,0.25,0.10204081632653061,0.0
80,1,between_state,S079,Raw,0.05,0.06666666666666667,0.02564102564102555
80,1,between_state,S079,Trait_LDA,0.24166666666666667,0.2035353535353535,-0.004557885141294404
80,1,between_state,S079,State_LDA,0.0,0.0,-0.0069735006973501434
80,1,between_state,S079,Joint_LDA,0.2472222222222222,0.1288109756097561,-0.005474452554744769
80,1,between_state,S080,Raw,0.3015151515151515,0.2775438596491228,0.15226848974518337
80,1,between_state,S080,Trait_LDA,0.3068181818181818,0.2094474153297683,0.07692307692307687
80,1,between_state,S080,State_LDA,0.2806818181818182,0.2542857142857143,0.12600869025450023
80,1,between_state,S080,Joint_LDA,0.225,0.08490566037735849,-0.0307898259705488
80,1,between_state,S081,Raw,0.2598484848484849,0.27871148459383754,-0.0008136696501221952
80,1,between_state,S081,Trait_LDA,0.25,0.1671511627906977,-0.004081632653061273
80,1,between_state,S081,State_LDA,0.2390151515151515,0.2643716577540107,-0.0324939073923638
80,1,between_state,S081,Joint_LDA,0.25,0.09803921568627451,0.0
80,1,between_state,S082,Raw,0.275,0.21969696969696972,0.07199999999999995
80,1,between_state,S082,Trait_LDA,0.275,0.16805555555555557,0.033333333333333326
80,1,between_state,S082,State_LDA,0.30000000000000004,0.24028520499108738,0.09677419354838712
80,1,between_state,S082,Joint_LDA,0.3,0.20202020202020202,0.06666666666666665
80,1,between_state,S083,Raw,0.3055555555555556,0.21279761904761904,0.061855670103092786
80,1,between_state,S083,Trait_LDA,0.19444444444444445,0.0945945945945946,-0.0694087403598973
80,1,between_state,S083,State_LDA,0.3055555555555556,0.21279761904761904,0.061855670103092786
80,1,between_state,S083,Joint_LDA,0.25,0.1478658536585366,0.0
80,1,between_state,S084,Raw,0.3263888888888889,0.22967914438502673,0.1397139713971397
80,1,between_state,S084,Trait_LDA,0.2534722222222222,0.176007326007326,0.017341040462427793
80,1,between_state,S084,State_LDA,0.3263888888888889,0.2319327731092437,0.13876651982378863
80,1,between_state,S084,Joint_LDA,0.19791666666666666,0.11666666666666667,-0.0711785297549592
80,1,between_state,S085,Raw,0.29166666666666663,0.16,0.029837251356238714
80,1,between_state,S085,Trait_LDA,0.21875,0.08139534883720931,-0.04421448730009403
80,1,between_state,S085,State_LDA,0.29166666666666663,0.16025641025641024,0.028079710144927605
80,1,between_state,S085,Joint_LDA,0.1826923076923077,0.11428571428571428,-0.051329055912007204
80,1,between_state,S089,Raw,0.37960372960372957,0.3503607503607503,0.14246823956442833
80,1,between_state,S089,Trait_LDA,0.2772727272727273,0.16507594417077176,0.03487358326068002
80,1,between_state,S089,State_LDA,0.37960372960372957,0.3503607503607503,0.14246823956442833
80,1,between_state,S089,Joint_LDA,0.26666666666666666,0.12973484848484848,0.023508137432188048
80,1,between_state,S095,Raw,0.15,0.05714285714285714,-0.03311735061195087
80,1,between_state,S095,Trait_LDA,0.2602272727272727,0.18881578947368421,0.006254886630179812
80,1,between_state,S095,State_LDA,0.15,0.06857142857142857,-0.03311735061195109
80,1,between_state,S095,Joint_LDA,0.3625,0.23154761904761906,0.13358490566037728
80,1,between_state,S096,Raw,0.2791666666666667,0.18139097744360902,0.03825136612021862
80,1,between_state,S096,Trait_LDA,0.26666666666666666,0.15142276422764228,0.013586956521739135
80,1,between_state,S096,State_LDA,0.2791666666666667,0.18139097744360902,0.03825136612021862
80,1,between_state,S096,Joint_LDA,0.225,0.09,-0.034946236559139976
80,1,between_state,S097,Raw,0.25,0.11224489795918367,0.0
80,1,between_state,S097,Trait_LDA,0.25,0.10869565217391304,0.0018761726078799779
80,1,between_state,S097,State_LDA,0.25,0.11224489795918367,0.0
80,1,between_state,S097,Joint_LDA,0.22727272727272727,0.11363636363636363,-0.022094140249759864
80,1,between_state,S098,Raw,0.24034090909090908,0.17592442645074224,0.01822916666666663
80,1,between_state,S098,Trait_LDA,0.29375,0.16818181818181818,0.04556962025316447
80,1,between_state,S098,State_LDA,0.24034090909090908,0.17592442645074224,0.01822916666666663
80,1,between_state,S098,Joint_LDA,0.3,0.19791666666666666,0.07312614259597805
80,1,between_state,S099,Raw,0.23809523809523808,0.14772727272727273,0.045454545454545414
80,1,between_state,S099,Trait_LDA,0.25,0.08333333333333333,0.0
80,1,between_state,S099,State_LDA,0.23809523809523808,0.14772727272727273,0.045454545454545414
80,1,between_state,S099,Joint_LDA,0.2857142857142857,0.15773809523809523,0.038054968287526414
80,1,between_state,S101,Raw,0.29772727272727273,0.2583150183150183,0.17383403997577207
80,1,between_state,S101,Trait_LDA,0.39015151515151514,0.373015873015873,0.18518518518518523
80,1,between_state,S101,State_LDA,0.29772727272727273,0.2605128205128205,0.17880794701986757
80,1,between_state,S101,Joint_LDA,0.2863636363636364,0.18822393822393824,0.0480054090601757
80,1,between_state,S102,Raw,0.2886363636363637,0.272046057390885,0.06045156591405687
80,1,between_state,S102,Trait_LDA,0.25416666666666665,0.14743589743589744,0.004480955937266606
80,1,between_state,S102,State_LDA,0.2886363636363637,0.272046057390885,0.06045156591405687
80,1,between_state,S102,Joint_LDA,0.25,0.10185185185185185,0.0
80,1,between_state,S105,Raw,0.075,0.029411764705882356,-0.11426040744021271
80,1,between_state,S105,Trait_LDA,0.25,0.09782608695652174,0.0
80,1,between_state,S105,State_LDA,0.075,0.027777777777777776,-0.13435527502254274
80,1,between_state,S105,Joint_LDA,0.25,0.09782608695652174,0.0
80,1,between_state,S106,Raw,0.26121794871794873,0.15186104218362284,0.0328947368421052
80,1,between_state,S106,Trait_LDA,0.2708333333333333,0.1454022988505747,0.029428409734012506
80,1,between_state,S106,State_LDA,0.2403846153846154,0.14153846153846156,0.012527233115468439
80,1,between_state,S106,Joint_LDA,0.3205128205128205,0.21637426900584794,0.09664804469273747
80,1,between_state,S107,Raw,0.07500000000000001,0.06699346405228758,-0.007205764611689425
80,1,between_state,S107,Trait_LDA,0.3,0.15557275541795665,0.040740740740740744
80,1,between_state,S107,State_LDA,0.07500000000000001,0.06944444444444443,0.008668242710795915
80,1,between_state,S107,Joint_LDA,0.23928571428571427,0.11049284578696345,-0.01928374655647369
80,1,between_state,S108,Raw,0.20606060606060606,0.18551587301587302,-0.0609212481426451
80,1,between_state,S108,Trait_LDA,0.20454545454545456,0.09574468085106383,-0.0547945205479452
80,1,between_state,S108,State_LDA,0.18333333333333335,0.16283524904214558,-0.09050445103857574
80,1,between_state,S108,Joint_LDA,0.25,0.08823529411764706,0.0
80,1,between_state,S109,Raw,0.25,0.08333333333333333,0.07371007371007376
80,1,between_state,S109,Trait_LDA,0.25227272727272726,0.14583333333333334,0.001828153564899404
80,1,between_state,S109,State_LDA,0.25,0.08333333333333333,0.07371007371007376
80,1,between_state,S109,Joint_LDA,0.22499999999999998,0.14821428571428572,-0.034482758620689724
80,2,between_state,S001,Raw,0.1638888888888889,0.115527950310559,0.023508137432188048
80,2,between_state,S001,Trait_LDA,0.275,0.21126126126126127,0.03205791106514988
80,2,between_state,S001,State_LDA,0.1951388888888889,0.14190476190476192,0.033333333333333326
80,2,between_state,S001,Joint_LDA,0.3944444444444445,0.27254641909814326,0.20671563483735567
80,2,between_state,S002,Raw,0.21856060606060607,0.1970218187609492,0.11714975845410625
80,2,between_state,S002,Trait_LDA,0.29734848484848486,0.2953099838969404,0.06521739130434778
80,2,between_state,S002,State_LDA,0.21856060606060607,0.20176490176490175,0.12244897959183676
80,2,between_state,S002,Joint_LDA,0.22499999999999998,0.1475659229208925,-0.030303030303030276
80,2,between_state,S003,Raw,0.275,0.17142857142857143,0.03252710592160135
80,2,between_state,S003,Trait_LDA,0.24166666666666664,0.14855072463768115,-0.010594947025264867
80,2,between_state,S003,State_LDA,0.275,0.17142857142857143,0.03252710592160135
80,2,between_state,S003,Joint_LDA,0.3416666666666667,0.2206896551724138,0.11547911547911549
80,2,between_state,S004,Raw,0.2881944444444444,0.13863636363636364,0.06593406593406592
80,2,between_state,S004,Trait_LDA,0.3125,0.24851190476190477,0.07407407407407407
80,2,between_state,S004,State_LDA,0.2881944444444444,0.16203931203931204,0.04921700223713654
80,2,between_state,S004,Joint_LDA,0.22727272727272727,0.125,-0.011152416356877248
80,2,between_state,S005,Raw,0.275,0.13541666666666666,0.02977099236641212
80,2,between_state,S005,Trait_LDA,0.25,0.10576923076923077,0.0
80,2,between_state,S005,State_LDA,0.275,0.13541666666666666,0.02977099236641212
80,2,between_state,S005,Joint_LDA,0.25,0.10576923076923077,0.0
80,2,between_state,S006,Raw,0.3555555555555555,0.277995031284505,0.14323374340949035
80,2,between_state,S006,Trait_LDA,0.125,0.05813953488372093,-0.1672535211267605
80,2,between_state,S006,State_LDA,0.3555555555555555,0.277995031284505,0.14323374340949035
80,2,between_state,S006,Joint_LDA,0.25,0.10204081632653061,0.0
80,2,between_state,S007,Raw,0.2662878787878788,0.24536753569011632,0.13888888888888884
80,2,between_state,S007,Trait_LDA,0.2071969696969697,0.156328320802005,-0.05331412103746391
80,2,between_state,S007,State_LDA,0.2662878787878788,0.24536753569011632,0.13888888888888884
80,2,between_state,S007,Joint_LDA,0.3295454545454546,0.22886029411764708,0.1107828655834564
80,2,between_state,S008,Raw,0.26609848484848486,0.18867438867438865,0.051969823973176954
80,2,between_state,S008,Trait_LDA,0.31660353535353536,0.2654761904761905,0.08514335360556036
80,2,between_state,S008,State_LDA,0.23832070707070707,0.172014652014652,0.009314140558848272
80,2,between_state,S008,Joint_LDA,0.29545454545454547,0.16531165311653118,0.05536332179930792
80,2,between_state,S012,Raw,0.20454545454545456,0.10227272727272728,-0.053537284894837445
80,2,between_state,S012,Trait_LDA,0.3,0.19013157894736843,0.08212560386473433
80,2,between_state,S012,State_LDA,0.20454545454545456,0.10227272727272728,-0.053537284894837445
80,2,between_state,S012,Joint_LDA,0.25,0.07142857142857142,-0.008291873963515828
80,2,between_state,S013,Raw,0.16161616161616163,0.07317829457364342,-0.09951624049758112
80,2,between_state,S013,Trait_LDA,0.21666666666666667,0.1210810810810811,-0.040082930200414646
80,2,between_state,S013,State_LDA,0.16161616161616163,0.09015151515151515,-0.10639777468706546
80,2,between_state,S013,Joint_LDA,0.25,0.09433962264150944,0.0
80,2,between_state,S014,Raw,0.234280303030303,0.19016317016317014,0.05219985085756884
80,2,between_state,S014,Trait_LDA,0.33617424242424243,0.2414027149321267,0.10312500000000002
80,2,between_state,S014,State_LDA,0.2134469696969697,0.16540126540126537,0.030303030303030276
80,2,between_state,S014,Joint_LDA,0.22083333333333335,0.12028824833702884,-0.048760991207034365
80,2,between_state,S016,Raw,0.2388888888888889,0.13563218390804596,-0.006802721088435382
80,2,between_state,S016,Trait_LDA,0.29930555555555555,0.2637085137085137,0.060546875
80,2,between_state,S016,State_LDA,0.2388888888888889,0.13563218390804596,-0.006802721088435382
80,2,between_state,S016,Joint_LDA,0.2638888888888889,0.1806451612903226,0.015763546798029493
80,2,between_state,S017,Raw,0.22727272727272727,0.08333333333333334,-0.007930214115781098
80,2,between_state,S017,Trait_LDA,0.30808080808080807,0.20654761904761904,0.0797213622291022
80,2,between_state,S017,State_LDA,0.22727272727272727,0.08333333333333334,-0.007930214115781098
80,2,between_state,S017,Joint_LDA,0.16880341880341881,0.11174636174636175,-0.1063492063492062
80,2,between_state,S018,Raw,0.38257575757575757,0.3094298245614035,0.15215946843853823
80,2,between_state,S018,Trait_LDA,0.175,0.0875,-0.08461025982678216
80,2,between_state,S018,State_LDA,0.38257575757575757,0.3094298245614035,0.15215946843853823
80,2,between_state,S018,Joint_LDA,0.25,0.08490566037735849,0.0
80,2,between_state,S019,Raw,0.33030303030303027,0.28760822510822515,0.11443850267379674
80,2,between_state,S019,Trait_LDA,0.2916666666666667,0.17613636363636365,0.04661016949152552
80,2,between_state,S019,State_LDA,0.3553030303030303,0.30514705882352944,0.15384615384615385
80,2,between_state,S019,Joint_LDA,0.20833333333333334,0.06578947368421052,-0.048872180451127845
80,2,between_state,S020,Raw,0.2625,0.1657142857142857,0.035870516185476875
80,2,between_state,S020,Trait_LDA,0.26805555555555555,0.18382352941176472,0.023049645390070927
80,2,between_state,S020,State_LDA,0.2875,0.18571428571428572,0.06090026478375998
80,2,between_state,S020,Joint_LDA,0.22045454545454546,0.14215686274509803,-0.041587901701323204
80,2,between_state,S021,Raw,0.22727272727272727,0.14705882352941177,0.003988035892323105
80,2,between_state,S021,Trait_LDA,0.25,0.1,0.0
80,2,between_state,S021,State_LDA,0.22727272727272727,0.14705882352941177,0.003988035892323105
80,2,between_state,S021,Joint_LDA,0.21022727272727273,0.10833333333333334,-0.06118546845124295
80,2,between_state,S023,Raw,0.24621212121212122,0.13063063063063063,0.0017211703958690538
80,2,between_state,S023,Trait_LDA,0.3125,0.21335807050092764,0.08127208480565362
80,2,between_state,S023,State_LDA,0.24621212121212122,0.13063063063063063,0.0017211703958690538
80,2,between_state,S023,Joint_LDA,0.22916666666666666,0.12698412698412698,-0.019108280254777066
80,2,between_state,S024,Raw,0.28125,0.1488095238095238,0.039423076923077116
80,2,between_state,S024,Trait_LDA,0.2222222222222222,0.09523809523809523,-0.039728682170542484
80,2,between_state,S024,State_LDA,0.28125,0.1488095238095238,0.039423076923077116
80,2,between_state,S024,Joint_LDA,0.25,0.09782608695652174,0.0
80,2,between_state,S026,Raw,0.3819444444444445,0.27055167055167056,0.19354838709677424
80,2,between_state,S026,Trait_LDA,0.3055555555555556,0.2449392712550607,0.06671899529042391
80,2,between_state,S026,State_LDA,0.3819444444444445,0.27055167055167056,0.19354838709677424
80,2,between_state,S026,Joint_LDA,0.22916666666666666,0.11458333333333333,-0.025854879065888126
80,2,between_state,S027,Raw,0.2727272727272727,0.14285714285714285,0.03197674418604646
80,2,between_state,S027,Trait_LDA,0.26875901875901875,0.19461538461538463,0.029962546816479363
80,2,between_state,S027,State_LDA,0.2727272727272727,0.14285714285714285,0.03197674418604646
80,2,between_state,S027,Joint_LDA,0.1919191919191919,0.13171355498721227,-0.08383838383838382
80,2,between_state,S028,Raw,0.21136363636363636,0.14294871794871797,0.0064102564102563875
80,2,between_state,S028,Trait_LDA,0.3181818181818182,0.229020979020979,0.10576096302665505
80,2,between_state,S028,State_LDA,0.2363636363636364,0.15644078144078144,0.030694668820678506
80,2,between_state,S028,Joint_LDA,0.15625,0.05555555555555555,-0.10149488591660094
80,2,between_state,S030,Raw,0.3,0.2608974358974359,0.06926406926406936
80,2,between_state,S030,Trait_LDA,0.25,0.13357843137254902,0.0
80,2,between_state,S030,State_LDA,0.3,0.2612155388471178,0.06993511175198264
80,2,between_state,S030,Joint_LDA,0.25,0.10185185185185185,0.0
80,2,between_state,S031,Raw,0.23134920634920633,0.12683982683982684,0.026446280991735405
80,2,between_state,S031,Trait_LDA,0.14821428571428572,0.13269704433497537,-0.14608859566446752
80,2,between_state,S031,State_LDA,0.23134920634920633,0.12683982683982684,0.026446280991735405
80,2,between_state,S031,Joint_LDA,0.21825396825396826,0.1304945054945055,-0.029720279720279796
80,2,between_state,S032,Raw,0.251010101010101,0.21428571428571427,0.007944389275074348
80,2,between_state,S032,Trait_LDA,0.06818181818181818,0.04285714285714286,-0.26814516129032273
80,2,between_state,S032,State_LDA,0.251010101010101,0.21428571428571427,0.007944389275074348
80,2,between_state,S032,Joint_LDA,0.2777777777777778,0.15656565656565657,0.03896103896103886
80,2,between_state,S033,Raw,0.3,0.16893939393939394,0.05602455871066769
80,2,between_state,S033,Trait_LDA,0.33012820512820507,0.2571428571428571,0.10591900311526492
80,2,between_state,S033,State_LDA,0.3,0.16893939393939394,0.05602455871066769
80,2,between_state,S033,Joint_LDA,0.19444444444444442,0.12223587223587223,-0.0625
80,2,between_state,S034,Raw,0.19227994227994227,0.16374727668845318,-0.03468780971258667
80,2,between_state,S034,Trait_LDA,0.22979797979797978,0.1936026936026936,-0.03404255319148941
80,2,between_state,S034,State_LDA,0.16955266955266954,0.14950226244343892,-0.05882352941176472
80,2,between_state,S034,Joint_LDA,0.30158730158730157,0.184375,0.06212424849699394
80,2,between_state,S035,Raw,0.25,0.1,0.0
80,2,between_state,S035,Trait_LDA,0.25,0.1,0.0
80,2,between_state,S035,State_LDA,0.25,0.1,0.0
80,2,between_state,S035,Joint_LDA,0.175,0.11512791991101223,-0.10000000000000009
80,2,between_state,S036,Raw,0.29258241758241754,0.21617933723196883,0.06601941747572815
80,2,between_state,S036,Trait_LDA,0.2013888888888889,0.13095238095238093,-0.05213270142180093
80,2,between_state,S036,State_LDA,0.29258241758241754,0.21407407407407408,0.05962854349951141
80,2,between_state,S036,Joint_LDA,0.25,0.13,0.0
80,2,between_state,S037,Raw,0.3104166666666667,0.27349624060150374,0.05882352941176472
80,2,between_state,S037,Trait_LDA,0.25,0.09090909090909091,-0.0062893081761006275
80,2,between_state,S037,State_LDA,0.3104166666666667,0.27349624060150374,0.05882352941176472
80,2,between_state,S037,Joint_LDA,0.22916666666666666,0.11,-0.03202846975088969
80,2,between_state,S040,Raw,0.10101010101010101,0.10277777777777779,0.04591194968553458
80,2,between_state,S040,Trait_LDA,0.42108585858585856,0.369020979020979,0.24135156878519715
80,2,between_state,S040,State_LDA,0.15656565656565657,0.15277777777777776,0.0871501272264632
80,2,between_state,S040,Joint_LDA,0.25,0.14004914004914004,0.0
80,2,between_state,S043,Raw,0.30965909090909094,0.19062901155327344,0.0693352394567548
80,2,between_state,S043,Trait_LDA,0.26647727272727273,0.15431201550387597,0.019108280254777177
80,2,between_state,S043,State_LDA,0.33238636363636365,0.20879120879120877,0.09547738693467334
80,2,between_state,S043,Joint_LDA,0.25,0.10377358490566038,0.0
80,2,between_state,S045,Raw,0.2916666666666667,0.17877906976744184,0.04869762174405434
80,2,between_state,S045,Trait_LDA,0.2111111111111111,0.19617224880382775,-0.022727272727272485
80,2,between_state,S045,State_LDA,0.2916666666666667,0.17877906976744184,0.04869762174405434
80,2,between_state,S045,Joint_LDA,0.24444444444444446,0.16346153846153846,-0.017897091722594904
80,2,between_state,S046,Raw,0.18055555555555555,0.11437908496732026,-0.08000000000000007
80,2,between_state,S046,Trait_LDA,0.21875,0.10505050505050506,-0.027559055118110187
80,2,between_state,S046,State_LDA,0.18055555555555555,0.09277310924369749,-0.0714285714285714
80,2,between_state,S046,Joint_LDA,0.2326388888888889,0.1524767801857585,-0.025432349949135347
80,2,between_state,S048,Raw,0.25441919191919193,0.22499683552315125,0.04797979797979801
80,2,between_state,S048,Trait_LDA,0.34659090909090906,0.26168478260869565,0.10817941952506605
80,2,between_state,S048,State_LDA,0.25441919191919193,0.22499683552315125,0.04797979797979801
80,2,between_state,S048,Joint_LDA,0.23011363636363635,0.1515151515151515,-0.031746031746031855
80,2,between_state,S049,Raw,0.4013888888888889,0.33137254901960783,0.22336227308603007
80,2,between_state,S049,Trait_LDA,0.38749999999999996,0.31277881601157465,0.16718749999999993
80,2,between_state,S049,State_LDA,0.4013888888888889,0.32792427315753886,0.21593625498007973
80,2,between_state,S049,Joint_LDA,0.25,0.09803921568627451,0.0
80,2,between_state,S050,Raw,0.24772727272727274,0.1959931798806479,0.10380881254667662
80,2,between_state,S050,Trait_LDA,0.25,0.12790697674418605,0.01276595744680864
80,2,between_state,S050,State_LDA,0.24772727272727274,0.1959931798806479,0.10380881254667662
80,2,between_state,S050,Joint_LDA,0.20277777777777778,0.11314363143631437,-0.058726220016542596
80,2,between_state,S051,Raw,0.40555555555555556,0.35153985507246377,0.21593625498007962
80,2,between_state,S051,Trait_LDA,0.25,0.10638297872340426,-0.0015760441292356209
80,2,between_state,S051,State_LDA,0.40555555555555556,0.35153985507246377,0.21593625498007962
80,2,between_state,S051,Joint_LDA,0.2601010101010101,0.1644927536231884,0.009661835748792424
80,2,between_state,S052,Raw,0.13636363636363635,0.1422222222222222,0.03949447077409152
80,2,between_state,S052,Trait_LDA,0.24025974025974028,0.1538239538239538,0.007462686567164312
80,2,between_state,S052,State_LDA,0.13636363636363635,0.1422222222222222,0.04627450980392156
80,2,between_state,S052,Joint_LDA,0.22727272727272727,0.1657397107897664,-0.03703703703703698
80,2,between_state,S053,Raw,0.25757575757575757,0.21441441441441442,0.02821011673151741
80,2,between_state,S053,Trait_LDA,0.1388888888888889,0.06756756756756757,-0.1428571428571428
80,2,between_state,S053,State_LDA,0.25757575757575757,0.21441441441441442,0.02821011673151741
80,2,between_state,S053,Joint_LDA,0.25,0.09090909090909091,-0.000932835820895539
80,2,between_state,S054,Raw,0.46306818181818177,0.37212121212121213,0.3121693121693122
80,2,between_state,S054,Trait_LDA,0.23636363636363636,0.17692307692307693,-0.009821428571428648
80,2,between_state,S054,State_LDA,0.46306818181818177,0.37212121212121213,0.3121693121693122
80,2,between_state,S054,Joint_LDA,0.24318181818181817,0.1598119858989424,-0.01072386058981234
80,2,between_state,S055,Raw,0.45126262626262625,0.39930069930069934,0.2645556690500511
80,2,between_state,S055,Trait_LDA,0.19924242424242425,0.17722092722092722,-0.06666666666666665
80,2,between_state,S055,State_LDA,0.45126262626262625,0.39930069930069934,0.2645556690500511
80,2,between_state,S055,Joint_LDA,0.30833333333333335,0.20714285714285713,0.054621848739495715
80,2,between_state,S056,Raw,0.266025641025641,0.1794871794871795,0.02754644458680322
80,2,between_state,S056,Trait_LDA,0.22916666666666666,0.09649122807017543,-0.0300703774792066
80,2,between_state,S056,State_LDA,0.266025641025641,0.1794871794871795,0.02754644458680322
80,2,between_state,S056,Joint_LDA,0.28685897435897434,0.17956521739130435,0.05154639175257736
80,2,between_state,S057,Raw,0.31666666666666665,0.16313364055299537,0.08363636363636373
80,2,between_state,S057,Trait_LDA,0.20606060606060606,0.1576923076923077,-0.05387453874538761
80,2,between_state,S057,State_LDA,0.31666666666666665,0.16313364055299537,0.08363636363636373
80,2,between_state,S057,Joint_LDA,0.3208333333333333,0.21875,0.09815950920245398
80,2,between_state,S059,Raw,0.08547008547008547,0.10695187165775402,0.05348837209302337
80,2,between_state,S059,Trait_LDA,0.34615384615384615,0.316017316017316,0.1515453639082751
80,2,between_state,S059,State_LDA,0.06623931623931624,0.08636363636363636,0.041158536585365835
80,2,between_state,S059,Joint_LDA,0.3205128205128205,0.23963133640552994,0.12807377049180335
80,2,between_state,S060,Raw,0.413510101010101,0.34173913043478266,0.26225279449699057
80,2,between_state,S060,Trait_LDA,0.21811868686868685,0.1717948717948718,-0.043710972346119537
80,2,between_state,S060,State_LDA,0.413510101010101,0.34173913043478266,0.26225279449699057
80,2,between_state,S060,Joint_LDA,0.27840909090909094,0.1709090909090909,0.03084832904884316
80,2,between_state,S063,Raw,0.225,0.12356792144026187,-0.03333333333333344
80,2,between_state,S063,Trait_LDA,0.25,0.1,0.0
80,2,between_state,S063,State_LDA,0.25,0.15838509316770186,0.0
80,2,between_state,S063,Joint_LDA,0.1875,0.13357843137254902,-0.054313099041533475
80,2,between_state,S064,Raw,0.2265151515151515,0.17168831168831167,-0.023947151114781295
80,2,between_state,S064,Trait_LDA,0.27045454545454545,0.1947831978319783,0.027661357921207053
80,2,between_state,S064,State_LDA,0.2265151515151515,0.17168831168831167,-0.023947151114781295
80,2,between_state,S064,Joint_LDA,0.25,0.09183673469387756,0.0
80,2,between_state,S065,Raw,0.1625,0.09809523809523808,0.0006309148264984632
80,2,between_state,S065,Trait_LDA,0.478030303030303,0.45177865612648227,0.2898453261600539
80,2,between_state,S065,State_LDA,0.1708333333333333,0.11117894451227783,-0.007633587786259666
80,2,between_state,S065,Joint_LDA,0.19791666666666666,0.13138297872340426,-0.0676470588235294
80,2,between_state,S066,Raw,0.18333333333333335,0.17868131868131867,0.062105263157894774
80,2,between_state,S066,Trait_LDA,0.33611111111111114,0.28380566801619433,0.1361256544502617
80,2,between_state,S066,State_LDA,0.15555555555555556,0.1607865818392134,0.03649635036496357
80,2,between_state,S066,Joint_LDA,0.29444444444444445,0.17604166666666665,0.04807692307692302
80,2,between_state,S067,Raw,0.36363636363636365,0.291551724137931,0.1703703703703704
80,2,between_state,S067,Trait_LDA,0.29545454545454547,0.2835488505747127,0.06060606060606055
80,2,between_state,S067,State_LDA,0.36363636363636365,0.291551724137931,0.1703703703703704
80,2,between_state,S067,Joint_LDA,0.25,0.10185185185185185,0.0
80,2,between_state,S068,Raw,0.2777777777777778,0.20285012285012285,0.10230179028133002
80,2,between_state,S068,Trait_LDA,0.14488636363636365,0.10477941176470588,-0.1429840142095915
80,2,between_state,S068,State_LDA,0.3005050505050505,0.21981981981981985,0.12055507372072849
80,2,between_state,S068,Joint_LDA,0.3693181818181818,0.2403846153846154,0.14921465968586378
80,2,between_state,S069,Raw,0.13636363636363635,0.06666666666666667,-0.15156130997715156
80,2,between_state,S069,Trait_LDA,0.25,0.10377358490566038,0.0
80,2,between_state,S069,State_LDA,0.11363636363636365,0.05720930232558139,-0.1835491241431837
80,2,between_state,S069,Joint_LDA,0.25,0.10377358490566038,0.0
80,2,between_state,S071,Raw,0.225,0.10299003322259134,-0.01650738488271064
80,2,between_state,S071,Trait_LDA,0.25,0.10416666666666667,0.0
80,2,between_state,S071,State_LDA,0.225,0.10299003322259134,-0.01650738488271064
80,2,between_state,S071,Joint_LDA,0.24166666666666664,0.15587044534412955,-0.007751937984496138
80,2,between_state,S072,Raw,0.2777777777777778,0.22809116809116808,0.041121495327102964
80,2,between_state,S072,Trait_LDA,0.25277777777777777,0.14166666666666666,0.00281162136832247
80,2,between_state,S072,State_LDA,0.2777777777777778,0.22809116809116808,0.041121495327102964
80,2,between_state,S072,Joint_LDA,0.3055555555555556,0.19055944055944057,0.07490636704119857
80,2,between_state,S073,Raw,0.33080808080808083,0.3147759103641457,0.1074380165289256
80,2,between_state,S073,Trait_LDA,0.255050505050505,0.14715719063545152,0.008547008547008517
80,2,between_state,S073,State_LDA,0.33080808080808083,0.3147759103641457,0.1074380165289256
80,2,between_state,S073,Joint_LDA,0.3207070707070707,0.2138047138047138,0.09698996655518388
80,2,between_state,S074,Raw,0.21076146076146077,0.17861563723632687,-0.025147928994082802
80,2,between_state,S074,Trait_LDA,0.3721833721833722,0.30020930020930026,0.19872813990461047
80,2,between_state,S074,State_LDA,0.1722999222999223,0.1542124542124542,-0.056793673616103435
80,2,between_state,S074,Joint_LDA,0.25,0.09183673469387756,0.0
80,2,between_state,S076,Raw,0.17777777777777778,0.13295019157088123,-0.09090909090909083
80,2,between_state,S076,Trait_LDA,0.25,0.16353383458646614,0.0
80,2,between_state,S076,State_LDA,0.17777777777777778,0.13295019157088123,-0.09090909090909083
80,2,between_state,S076,Joint_LDA,0.25,0.10204081632653061,0.0
80,2,between_state,S077,Raw,0.26458333333333334,0.17705714764538297,0.05503634475597097
80,2,between_state,S077,Trait_LDA,0.26875,0.19613095238095235,0.026737967914438387
80,2,between_state,S077,State_LDA,0.26458333333333334,0.17586032388663966,0.04811715481171552
80,2,between_state,S077,Joint_LDA,0.21875,0.138996138996139,-0.03703703703703698
80,2,between_state,S078,Raw,0.18125,0.1034965034965035,-0.07456140350877183
80,2,between_state,S078,Trait_LDA,0.1875,0.13203463203463203,-0.0809371671991479
80,2,between_state,S078,State_LDA,0.18125,0.1034965034965035,-0.07456140350877183
80,2,between_state,S078,Joint_LDA,0.25,0.09302325581395349,0.0
80,2,between_state,S079,Raw,0.07777777777777778,0.09333333333333334,0.013353115727002929
80,2,between_state,S079,Trait_LDA,0.25,0.1,0.0
80,2,between_state,S079,State_LDA,0.07777777777777778,0.09333333333333334,0.013353115727002929
80,2,between_state,S079,Joint_LDA,0.25,0.10416666666666667,0.0
80,2,between_state,S080,Raw,0.1765151515151515,0.13438735177865613,0.05376344086021512
80,2,between_state,S080,Trait_LDA,0.3071969696969697,0.2892597598479951,0.07433380084151464
80,2,between_state,S080,State_LDA,0.1765151515151515,0.13438735177865613,0.05376344086021512
80,2,between_state,S080,Joint_LDA,0.26666666666666666,0.1525,0.02419354838709664
80,2,between_state,S081,Raw,0.26988636363636365,0.24960474308300395,0.026208026208026203
80,2,between_state,S081,Trait_LDA,0.2623106060606061,0.20441176470588235,0.01045856798069189
80,2,between_state,S081,State_LDA,0.26988636363636365,0.24960474308300395,0.026208026208026203
80,2,between_state,S081,Joint_LDA,0.25,0.09803921568627451,0.0
80,2,between_state,S082,Raw,0.325,0.2637989203778678,0.14960629921259838
80,2,between_state,S082,Trait_LDA,0.225,0.13327526132404183,-0.03333333333333344
80,2,between_state,S082,State_LDA,0.325,0.2638888888888889,0.14960629921259838
80,2,between_state,S082,Joint_LDA,0.275,0.18301435406698563,0.033333333333333326
80,2,between_state,S085,Raw,0.3701923076923077,0.28787878787878785,0.14033457249070636
80,2,between_state,S085,Trait_LDA,0.25,0.08888888888888889,0.0
80,2,between_state,S085,State_LDA,0.3701923076923077,0.28519668737060044,0.13873370577281186
80,2,between_state,S085,Joint_LDA,0.1858974358974359,0.08069381598793363,-0.05808757819481669
80,2,between_state,S086,Raw,0.382794289044289,0.2960606060606061,0.17556071152358854
80,2,between_state,S086,Trait_LDA,0.3197358197358197,0.20995670995670995,0.08345752608047696
80,2,between_state,S086,State_LDA,0.382794289044289,0.2960606060606061,0.17556071152358854
80,2,between_state,S086,Joint_LDA,0.2121212121212121,0.12274774774774774,-0.05209953343701401
80,2,between_state,S091,Raw,0.20833333333333334,0.1,-0.05660377358490565
80,2,between_state,S091,Trait_LDA,0.2222222222222222,0.08,-0.03253796095444672
80,2,between_state,S091,State_LDA,0.20833333333333334,0.1,-0.05660377358490565
80,2,between_state,S091,Joint_LDA,0.25,0.1111111111111111,0.0
80,2,between_state,S093,Raw,0.12638888888888888,0.1388888888888889,0.0
80,2,between_state,S093,Trait_LDA,0.22499999999999998,0.16442307692307692,-0.03307086614173227
80,2,between_state,S093,State_LDA,0.175,0.17543859649122806,0.03596127247579528
80,2,between_state,S093,Joint_LDA,0.29166666666666663,0.18438914027149322,0.05092592592592593
80,2,between_state,S094,Raw,0.25,0.08571428571428572,0.022182786157941448
80,2,between_state,S094,Trait_LDA,0.275,0.1410060975609756,0.029197080291970656
80,2,between_state,S094,State_LDA,0.25,0.08372093023255814,0.014311270125223485
80,2,between_state,S094,Joint_LDA,0.2,0.09523809523809523,-0.06542056074766367
80,2,between_state,S095,Raw,0.15,0.06486486486486487,-0.03985507246376807
80,2,between_state,S095,Trait_LDA,0.26856060606060606,0.16962095875139355,0.02766798418972327
80,2,between_state,S095,State_LDA,0.15,0.06486486486486487,-0.03985507246376807
80,2,between_state,S095,Joint_LDA,0.33125,0.20775462962962962,0.09855951478392722
80,2,between_state,S097,Raw,0.20397727272727273,0.13686790505675955,-0.04897595725734649
80,2,between_state,S097,Trait_LDA,0.25,0.10416666666666667,0.0
80,2,between_state,S097,State_LDA,0.18125,0.0761609907120743,-0.07231040564373892
80,2,between_state,S097,Joint_LDA,0.21875,0.07777777777777778,-0.036059806508355496
80,2,between_state,S098,Raw,0.23409090909090907,0.16483516483516483,0.03826530612244894
80,2,between_state,S098,Trait_LDA,0.26875,0.15,0.024186822351959902
80,2,between_state,S098,State_LDA,0.23409090909090907,0.16654545454545455,0.03908241291418868
80,2,between_state,S098,Joint_LDA,0.18636363636363634,0.1258023106546855,-0.09809264305177101
80,2,between_state,S099,Raw,0.23015873015873017,0.12222222222222223,0.023760330578512345
80,2,between_state,S099,Trait_LDA,0.25,0.08333333333333333,0.0
80,2,between_state,S099,State_LDA,0.23015873015873017,0.11444444444444443,-0.013948497854077146
80,2,between_state,S099,Joint_LDA,0.25,0.09523809523809523,0.0010570824524313016
80,2,between_state,S101,Raw,0.25,0.24666666666666667,0.1483870967741936
80,2,between_state,S101,Trait_LDA,0.4208333333333334,0.39599268547544414,0.2345163535142658
80,2,between_state,S101,State_LDA,0.25,0.2540350877192982,0.14888628370457213
80,2,between_state,S101,Joint_LDA,0.2954545454545454,0.19924812030075187,0.06060606060606055
80,2,between_state,S102,Raw,0.3390151515151515,0.26677541460150156,0.1515151515151515
80,2,between_state,S102,Trait_LDA,0.19166666666666665,0.11327231121281464,-0.08216136195410817
80,2,between_state,S102,State_LDA,0.3390151515151515,0.26677541460150156,0.1515151515151515
80,2,between_state,S102,Joint_LDA,0.25,0.10185185185185185,0.0
80,2,between_state,S103,Raw,0.2585227272727273,0.15064935064935064,0.10929853181076665
80,2,between_state,S103,Trait_LDA,0.34768356643356646,0.29820261437908496,0.15774647887323956
80,2,between_state,S103,State_LDA,0.2585227272727273,0.15064935064935064,0.10929853181076665
80,2,between_state,S103,Joint_LDA,0.21022727272727273,0.10606060606060605,-0.061224489795918435
80,2,between_state,S105,Raw,0.13333333333333333,0.08862433862433862,-0.07636363636363619
80,2,between_state,S105,Trait_LDA,0.16666666666666666,0.08888888888888888,0.049710024855012414
80,2,between_state,S105,State_LDA,0.13333333333333333,0.10158730158730159,-0.11278195488721798
80,2,between_state,S105,Joint_LDA,0.26944444444444443,0.171875,0.022504892367906093
80,2,between_state,S106,Raw,0.1971153846153846,0.12077922077922079,-0.03241491085899506
80,2,between_state,S106,Trait_LDA,0.25,0.10833333333333334,0.0005665722379601945
80,2,between_state,S106,State_LDA,0.17628205128205127,0.1008695652173913,-0.06695699510070763
80,2,between_state,S106,Joint_LDA,0.2644230769230769,0.17183673469387756,0.02054414214325373
80,2,between_state,S107,Raw,0.07500000000000001,0.06527777777777778,-0.03199343724364234
80,2,between_state,S107,Trait_LDA,0.2964285714285715,0.21527777777777776,0.062378167641325644
80,2,between_state,S107,State_LDA,0.05,0.041666666666666664,-0.04267310789049916
80,2,between_state,S107,Joint_LDA,0.3142857142857143,0.1846590909090909,0.06983240223463694
80,2,between_state,S108,Raw,0.19545454545454546,0.16210353803142774,-0.08791208791208804
80,2,between_state,S108,Trait_LDA,0.28345959595959597,0.1973304473304473,0.03412462908011871
80,2,between_state,S108,State_LDA,0.19545454545454546,0.16210353803142774,-0.08791208791208804
80,2,between_state,S108,Joint_LDA,0.25,0.08823529411764706,0.0
80,3,between_state,S002,Raw,0.281060606060606,0.26511266511266507,0.17969230769230782
80,3,between_state,S002,Trait_LDA,0.38257575757575757,0.38453159041394336,0.18926758520667142
80,3,between_state,S002,State_LDA,0.281060606060606,0.27602175602175605,0.18966565349544073
80,3,between_state,S002,Joint_LDA,0.2,0.12222222222222222,-0.06060606060606055
80,3,between_state,S004,Raw,0.1875,0.06315789473684211,-0.0496141124586551
80,3,between_state,S004,Trait_LDA,0.401199494949495,0.3272828140982299,0.183406113537118
80,3,between_state,S004,State_LDA,0.21875,0.06999999999999999,-0.030303030303030498
80,3,between_state,S004,Joint_LDA,0.22727272727272727,0.12195121951219512,-0.017456359102244523
80,3,between_state,S006,Raw,0.3305555555555556,0.22915222915222916,0.1105263157894738
80,3,between_state,S006,Trait_LDA,0.2,0.0851063829787234,-0.06707855251544581
80,3,between_state,S006,State_LDA,0.3305555555555556,0.22915222915222916,0.1105263157894738
80,3,between_state,S006,Joint_LDA,0.25,0.10204081632653061,0.0
80,3,between_state,S009,Raw,0.30833333333333335,0.26333333333333336,0.048913043478260976
80,3,between_state,S009,Trait_LDA,0.2472222222222222,0.14772727272727273,-0.013363028953229383
80,3,between_state,S009,State_LDA,0.30833333333333335,0.26333333333333336,0.048913043478260976
80,3,between_state,S009,Joint_LDA,0.18611111111111112,0.1338235294117647,-0.0888888888888888
80,3,between_state,S011,Raw,0.2954545454545454,0.19964157706093189,0.1079136690647482
80,3,between_state,S011,Trait_LDA,0.25,0.17439516129032256,0.0
80,3,between_state,S011,State_LDA,0.3181818181818181,0.20730441230997404,0.12408759124087587
80,3,between_state,S011,Joint_LDA,0.2727272727272727,0.14148351648351648,0.030303030303030276
80,3,between_state,S012,Raw,0.22727272727272727,0.10869565217391304,-0.027027027027026973
80,3,between_state,S012,Trait_LDA,0.34090909090909094,0.25,0.14814814814814814
80,3,between_state,S012,State_LDA,0.22727272727272727,0.10869565217391304,-0.027027027027026973
80,3,between_state,S012,Joint_LDA,0.25,0.06818181818181818,0.0
80,3,between_state,S013,Raw,0.21076146076146077,0.13801247401247402,-0.030303030303030276
80,3,between_state,S013,Trait_LDA,0.2722222222222222,0.15476190476190477,0.026748971193415683
80,3,between_state,S013,State_LDA,0.21076146076146077,0.13801247401247402,-0.030303030303030276
80,3,between_state,S013,Joint_LDA,0.25,0.09433962264150944,0.0
80,3,between_state,S016,Raw,0.2111111111111111,0.11868131868131868,-0.043774319066147926
80,3,between_state,S016,Trait_LDA,0.3236111111111111,0.3324175824175824,0.09844054580896677
80,3,between_state,S016,State_LDA,0.2388888888888889,0.132967032967033,-0.0077821011673151474
80,3,between_state,S016,Joint_LDA,0.18333333333333335,0.1270053475935829,-0.0968379446640315
80,3,between_state,S018,Raw,0.3287878787878788,0.25311653116531163,0.08762541806020063
80,3,between_state,S018,Trait_LDA,0.24545454545454548,0.15362318840579708,-0.0033534540576793948
80,3,between_state,S018,State_LDA,0.3287878787878788,0.25311653116531163,0.08762541806020063
80,3,between_state,S018,Joint_LDA,0.25,0.08490566037735849,0.0
80,3,between_state,S020,Raw,0.3402777777777778,0.2275946275946276,0.11230907457322548
80,3,between_state,S020,Trait_LDA,0.23958333333333331,0.14630681818181818,-0.014234875444839812
80,3,between_state,S020,State_LDA,0.31527777777777777,0.2084033613445378,0.07899461400359076
80,3,between_state,S020,Joint_LDA,0.2,0.08695652173913043,-0.0734463276836157
80,3,between_state,S021,Raw,0.25789141414141414,0.22023809523809523,0.030097087378640808
80,3,between_state,S021,Trait_LDA,0.1111111111111111,0.05714285714285714,-0.199410609037328
80,3,between_state,S021,State_LDA,0.25789141414141414,0.22023809523809523,0.030097087378640808
80,3,between_state,S021,Joint_LDA,0.21022727272727273,0.11264822134387352,-0.07039537126325945
80,3,between_state,S022,Raw,0.3863636363636363,0.3138238573021182,0.18181818181818177
80,3,between_state,S022,Trait_LDA,0.2954545454545454,0.18646572104018913,0.06060606060606055
80,3,between_state,S022,State_LDA,0.3636363636363636,0.2676282051282052,0.1515151515151515
80,3,between_state,S022,Joint_LDA,0.2727272727272727,0.1806451612903226,0.030303030303030276
80,3,between_state,S023,Raw,0.2878787878787879,0.17558441558441557,0.08163265306122447
80,3,between_state,S023,Trait_LDA,0.28125,0.16790352504638217,0.0459363957597172
80,3,between_state,S023,State_LDA,0.2878787878787879,0.1724223602484472,0.07849829351535842
80,3,between_state,S023,Joint_LDA,0.22916666666666666,0.1258023106546855,-0.022364217252396346
80,3,between_state,S024,Raw,0.25,0.10975609756097561,0.004803073967339144
80,3,between_state,S024,Trait_LDA,0.25,0.09782608695652174,0.0
80,3,between_state,S024,State_LDA,0.25,0.10975609756097561,0.004803073967339144
80,3,between_state,S024,Joint_LDA,0.25,0.10638297872340426,0.0
80,3,between_state,S025,Raw,0.2772727272727273,0.21269841269841266,0.10331825037707398
80,3,between_state,S025,Trait_LDA,0.22095959595959597,0.17519607843137255,-0.04126984126984112
80,3,between_state,S025,State_LDA,0.2545454545454546,0.19857397504456328,0.07865168539325851
80,3,between_state,S025,Joint_LDA,0.25,0.10784313725490197,0.0016233766233766378
80,3,between_state,S026,Raw,0.29027777777777775,0.2671415272034467,0.05709754163362413
80,3,between_state,S026,Trait_LDA,0.18333333333333335,0.125,-0.08736349453978165
80,3,between_state,S026,State_LDA,0.29027777777777775,0.2671415272034467,0.05709754163362413
80,3,between_state,S026,Joint_LDA,0.25,0.11538461538461539,0.0016792611251051914
80,3,between_state,S027,Raw,0.3033910533910534,0.21835839598997492,0.07499999999999996
80,3,between_state,S027,Trait_LDA,0.19227994227994227,0.15703781512605042,-0.06730769230769229
80,3,between_state,S027,State_LDA,0.3033910533910534,0.21835839598997492,0.07499999999999996
80,3,between_state,S027,Joint_LDA,0.23232323232323232,0.14473684210526316,-0.01731160896130346
80,3,between_state,S028,Raw,0.21136363636363636,0.13795518207282914,0.016653449643140306
80,3,between_state,S028,Trait_LDA,0.25227272727272726,0.18344155844155846,0.008547008547008517
80,3,between_state,S028,State_LDA,0.2590909090909091,0.1728395061728395,0.07274180655475626
80,3,between_state,S028,Joint_LDA,0.21875,0.07446808510638298,-0.0336726703210648
80,3,between_state,S029,Raw,0.4189102564102565,0.35466959511077156,0.2740274599542334
80,3,between_state,S029,Trait_LDA,0.20673076923076922,0.1251700680272109,-0.0584297017650639
80,3,between_state,S029,State_LDA,0.3996794871794872,0.34449564772145413,0.25354509359047095
80,3,between_state,S029,Joint_LDA,0.3307692307692308,0.2361111111111111,0.09839108910891092
80,3,between_state,S030,Raw,0.3181818181818182,0.25396825396825395,0.09572153734590283
80,3,between_state,S030,Trait_LDA,0.25,0.16954022988505746,0.0
80,3,between_state,S030,State_LDA,0.3409090909090909,0.285064935064935,0.12690355329949232
80,3,between_state,S030,Joint_LDA,0.25,0.10185185185185185,0.0
80,3,between_state,S031,Raw,0.2563492063492063,0.15858585858585858,0.052369077306733125
80,3,between_state,S031,Trait_LDA,0.2976190476190476,0.1751918158567775,0.05253784505788073
80,3,between_state,S031,State_LDA,0.2563492063492063,0.1571428571428571,0.05079100749375509
80,3,between_state,S031,Joint_LDA,0.11904761904761904,0.07724137931034483,-0.1273996509598605
80,3,between_state,S032,Raw,0.24166666666666664,0.16931637519872816,-0.006802721088435382
80,3,between_state,S032,Trait_LDA,0.10101010101010101,0.07196969696969696,-0.20891089108910887
80,3,between_state,S032,State_LDA,0.24166666666666664,0.16931637519872816,-0.006802721088435382
80,3,between_state,S032,Joint_LDA,0.25,0.10869565217391304,0.001000000000000223
80,3,between_state,S033,Raw,0.4,0.27039473684210524,0.17936874518860657
80,3,between_state,S033,Trait_LDA,0.2636752136752137,0.176010101010101,0.016253869969040213
80,3,between_state,S033,State_LDA,0.4,0.27039473684210524,0.17936874518860657
80,3,between_state,S033,Joint_LDA,0.2777777777777778,0.16493055555555555,0.03125
80,3,between_state,S036,Raw,0.3001373626373626,0.19257142857142856,0.06329113924050633
80,3,between_state,S036,Trait_LDA,0.21875,0.0875,-0.0393258426966292
80,3,between_state,S036,State_LDA,0.3358516483516484,0.22168115942028982,0.10019455252918286
80,3,between_state,S036,Joint_LDA,0.25,0.13,0.0
80,3,between_state,S037,Raw,0.3875,0.3366071428571429,0.15966386554621848
80,3,between_state,S037,Trait_LDA,0.21875,0.08536585365853659,-0.042654028436019065
80,3,between_state,S037,State_LDA,0.3416666666666667,0.28869047619047616,0.09243697478991597
80,3,between_state,S037,Joint_LDA,0.25,0.11764705882352941,0.0017825311942959443
80,3,between_state,S040,Raw,0.17929292929292928,0.15519568151147098,0.08349769888231418
80,3,between_state,S040,Trait_LDA,0.3787878787878788,0.31450071667462975,0.1840796019900497
80,3,between_state,S040,State_LDA,0.17929292929292928,0.15519568151147098,0.08349769888231418
80,3,between_state,S040,Joint_LDA,0.25,0.14004914004914004,0.0
80,3,between_state,S041,Raw,0.4497474747474748,0.42918275418275414,0.2809338521400778
80,3,between_state,S041,Trait_LDA,0.225,0.08823529411764706,-0.032786885245901676
80,3,between_state,S041,State_LDA,0.4497474747474748,0.42918275418275414,0.2809338521400778
80,3,between_state,S041,Joint_LDA,0.24621212121212122,0.15257352941176472,-0.0038550501156515704
80,3,between_state,S042,Raw,0.275,0.15076923076923077,0.12355848434925865
80,3,between_state,S042,Trait_LDA,0.23863636363636365,0.15925925925925927,-0.009157509157509125
80,3,between_state,S042,State_LDA,0.275,0.13445378151260506,0.08904109589041098
80,3,between_state,S042,Joint_LDA,0.3333333333333333,0.21227621483375958,0.11873840445269002
80,3,between_state,S043,Raw,0.3181818181818182,0.1846590909090909,0.07528409090909094
80,3,between_state,S043,Trait_LDA,0.2897727272727273,0.18861788617886177,0.051204819277108515
80,3,between_state,S043,State_LDA,0.34090909090909094,0.2106703146374829,0.10320284697508908
80,3,between_state,S043,Joint_LDA,0.28125,0.1613247863247863,0.034482758620689724
80,3,between_state,S044,Raw,0.28846153846153844,0.15,0.08482490272373544
80,3,between_state,S044,Trait_LDA,0.3028846153846154,0.22514071294559101,0.09061748195669606
80,3,between_state,S044,State_LDA,0.28846153846153844,0.15,0.08482490272373544
80,3,between_state,S044,Joint_LDA,0.2467948717948718,0.15656565656565657,-0.007194244604316502
80,3,between_state,S046,Raw,0.18055555555555555,0.09277310924369749,-0.0714285714285714
80,3,between_state,S046,Trait_LDA,0.21875,0.0875,-0.041916167664670656
80,3,between_state,S046,State_LDA,0.18055555555555555,0.09277310924369749,-0.0714285714285714
80,3,between_state,S046,Joint_LDA,0.1701388888888889,0.09885620915032681,-0.10091743119266061
80,3,between_state,S047,Raw,0.375,0.21279102384291723,0.142176330420969
80,3,between_state,S047,Trait_LDA,0.26785714285714285,0.12699468085106383,0.024390243902439046
80,3,between_state,S047,State_LDA,0.375,0.21279102384291723,0.142176330420969
80,3,between_state,S047,Joint_LDA,0.2222222222222222,0.08333333333333333,-0.03142626913779201
80,3,between_state,S048,Raw,0.13920454545454547,0.11478260869565218,-0.0642054574638844
80,3,between_state,S048,Trait_LDA,0.32386363636363635,0.17506631299734748,0.09302325581395343
80,3,between_state,S048,State_LDA,0.13920454545454547,0.12049689440993787,-0.04822134387351773
80,3,between_state,S048,Joint_LDA,0.24431818181818182,0.16233766233766234,-0.018918918918918948
80,3,between_state,S049,Raw,0.42083333333333334,0.3134920634920635,0.2563091482649843
80,3,between_state,S049,Trait_LDA,0.3055555555555556,0.19937205651491366,0.0782681099084096
80,3,between_state,S049,State_LDA,0.42083333333333334,0.3134920634920635,0.2563091482649843
80,3,between_state,S049,Joint_LDA,0.25,0.1,0.0007861635220125507
80,3,between_state,S050,Raw,0.3204545454545455,0.24433416046319273,0.18796992481203012
80,3,between_state,S050,Trait_LDA,0.19090909090909092,0.19433198380566802,-0.06844741235392315
80,3,between_state,S050,State_LDA,0.3204545454545455,0.24070512820512818,0.18181818181818177
80,3,between_state,S050,Joint_LDA,0.18611111111111112,0.11896551724137931,-0.08196721311475419
80,3,between_state,S051,Raw,0.4684343434343434,0.4055779569892473,0.2829888712241653
80,3,between_state,S051,Trait_LDA,0.24772727272727274,0.1359011627906977,-0.0031570639305447123
80,3,between_state,S051,State_LDA,0.49343434343434345,0.42625,0.3161239078633835
80,3,between_state,S051,Joint_LDA,0.3055555555555556,0.195578231292517,0.07119741100323629
80,3,between_state,S052,Raw,0.18181818181818182,0.16582633053221288,0.053941908713692865
80,3,between_state,S052,Trait_LDA,0.29292929292929293,0.27645502645502645,0.08007448789571692
80,3,between_state,S052,State_LDA,0.18181818181818182,0.17058823529411765,0.06249999999999989
80,3,between_state,S052,Joint_LDA,0.22727272727272727,0.16498316498316498,-0.03703703703703698
80,3,between_state,S053,Raw,0.2803030303030303,0.23958333333333331,0.06237816764132553
80,3,between_state,S053,Trait_LDA,0.1111111111111111,0.05555555555555555,-0.1982335623159961
80,3,between_state,S053,State_LDA,0.2803030303030303,0.23958333333333331,0.06237816764132553
80,3,between_state,S053,Joint_LDA,0.21875,0.08139534883720931,-0.0364145658263304
80,3,between_state,S054,Raw,0.4568181818181818,0.3493701996927803,0.3175853018372704
80,3,between_state,S054,Trait_LDA,0.35454545454545455,0.24860956618464963,0.15751575157515751
80,3,between_state,S054,State_LDA,0.4568181818181818,0.3493701996927803,0.3175853018372704
80,3,between_state,S054,Joint_LDA,0.2659090909090909,0.18301435406698563,0.025000000000000022
80,3,between_state,S055,Raw,0.37171717171717167,0.3371212121212121,0.19144385026737976
80,3,between_state,S055,Trait_LDA,0.2676767676767677,0.16422764227642278,0.02904564315352698
80,3,between_state,S055,State_LDA,0.37171717171717167,0.3371212121212121,0.19144385026737976
80,3,between_state,S055,Joint_LDA,0.25,0.10869565217391304,0.0
80,3,between_state,S057,Raw,0.356060606060606,0.2,0.14223194748358847
80,3,between_state,S057,Trait_LDA,0.24772727272727274,0.13115942028985508,-0.0037341299477222645
80,3,between_state,S057,State_LDA,0.356060606060606,0.19891844167310452,0.1352941176470588
80,3,between_state,S057,Joint_LDA,0.3,0.20344827586206898,0.07022900763358775
80,3,between_state,S058,Raw,0.34558080808080804,0.32136621747605726,0.125
80,3,between_state,S058,Trait_LDA,0.25,0.1111111111111111,0.005181347150258975
80,3,between_state,S058,State_LDA,0.37058080808080807,0.3439520624303233,0.15562174236783322
80,3,between_state,S058,Joint_LDA,0.23055555555555554,0.1427536231884058,-0.026666666666666616
80,3,between_state,S059,Raw,0.09401709401709402,0.12,0.0721884498480242
80,3,between_state,S059,Trait_LDA,0.26282051282051283,0.2579166666666667,0.038961038961039085
80,3,between_state,S059,State_LDA,0.06623931623931624,0.08969696969696969,0.05056603773584911
80,3,between_state,S059,Joint_LDA,0.358974358974359,0.27011494252873564,0.19731404958677679
80,3,between_state,S060,Raw,0.43118686868686873,0.34648018648018647,0.30000000000000004
80,3,between_state,S060,Trait_LDA,0.22727272727272727,0.1111111111111111,-0.027247956403269935
80,3,between_state,S060,State_LDA,0.43118686868686873,0.34249158249158246,0.2933563416738567
80,3,between_state,S060,Joint_LDA,0.30965909090909094,0.18813131313131315,0.0714285714285714
80,3,between_state,S061,Raw,0.3237373737373737,0.22914285714285715,0.1121423047177108
80,3,between_state,S061,Trait_LDA,0.25,0.09803921568627451,0.0
80,3,between_state,S061,State_LDA,0.34873737373737373,0.29538690476190477,0.13650546021840881
80,3,between_state,S061,Joint_LDA,0.2222222222222222,0.10810810810810811,-0.04157043879907629
80,3,between_state,S062,Raw,0.38181818181818183,0.3253968253968254,0.1761442441054092
80,3,between_state,S062,Trait_LDA,0.26515151515151514,0.22249589490968802,0.019498607242339983
80,3,between_state,S062,State_LDA,0.38181818181818183,0.3264957264957265,0.17671517671517678
80,3,between_state,S062,Joint_LDA,0.225,0.08653846153846154,-0.0307898259705488
80,3,between_state,S063,Raw,0.3583333333333334,0.31102684976429595,0.159369527145359
80,3,between_state,S063,Trait_LDA,0.25,0.1,0.0
80,3,between_state,S063,State_LDA,0.3583333333333334,0.31102684976429595,0.159369527145359
80,3,between_state,S063,Joint_LDA,0.16875,0.12083333333333332,-0.07594936708860756
80,3,between_state,S064,Raw,0.31212121212121213,0.26151315789473684,0.08045977011494265
80,3,between_state,S064,Trait_LDA,0.24772727272727274,0.16802325581395347,-0.0025062656641605674
80,3,between_state,S064,State_LDA,0.31212121212121213,0.26151315789473684,0.08045977011494265
80,3,between_state,S064,Joint_LDA,0.25,0.09183673469387756,0.0
80,3,between_state,S065,Raw,0.23541666666666666,0.14438810371489194,0.054071661237785174
80,3,between_state,S065,Trait_LDA,0.25814393939393937,0.24778043593833066,0.016926201760325
80,3,between_state,S065,State_LDA,0.23541666666666666,0.14506556245686678,0.05714285714285716
80,3,between_state,S065,Joint_LDA,0.27708333333333335,0.19099378881987578,0.034381858083394334
80,3,between_state,S066,Raw,0.10555555555555556,0.09924812030075188,-0.012698412698412653
80,3,between_state,S066,Trait_LDA,0.25277777777777777,0.19307359307359306,0.019024970273483932
80,3,between_state,S066,State_LDA,0.10555555555555556,0.09924812030075188,-0.003144654088050425
80,3,between_state,S066,Joint_LDA,0.29444444444444445,0.17624521072796934,0.06161137440758302
80,3,between_state,S067,Raw,0.2727272727272727,0.2679738562091503,0.030303030303030276
80,3,between_state,S067,Trait_LDA,0.18181818181818182,0.13878676470588236,-0.09090909090909083
80,3,between_state,S067,State_LDA,0.25,0.2450980392156863,0.0
80,3,between_state,S067,Joint_LDA,0.25,0.10185185185185185,0.0
80,3,between_state,S068,Raw,0.32323232323232326,0.23729729729729732,0.1673783091374892
80,3,between_state,S068,Trait_LDA,0.23579545454545456,0.14821428571428572,-0.013440860215053752
80,3,between_state,S068,State_LDA,0.32323232323232326,0.23473684210526313,0.15948275862068972
80,3,between_state,S068,Joint_LDA,0.37784090909090906,0.2413793103448276,0.1558441558441559
80,3,between_state,S070,Raw,0.045454545454545456,0.06153846153846154,0.03675538656527255
80,3,between_state,S070,Trait_LDA,0.3701298701298701,0.2728937728937729,0.12162162162162182
80,3,between_state,S070,State_LDA,0.045454545454545456,0.06153846153846154,0.03675538656527255
80,3,between_state,S070,Joint_LDA,0.25,0.17502612330198536,0.0
80,3,between_state,S072,Raw,0.22777777777777775,0.19502719502719504,-0.030869971936388962
80,3,between_state,S072,Trait_LDA,0.25555555555555554,0.1588235294117647,0.00746268656716409
80,3,between_state,S072,State_LDA,0.22777777777777775,0.19502719502719504,-0.030869971936388962
80,3,between_state,S072,Joint_LDA,0.25,0.10416666666666667,0.0
80,3,between_state,S073,Raw,0.3005050505050505,0.24048174048174048,0.07534246575342474
80,3,between_state,S073,Trait_LDA,0.25,0.10784313725490197,0.0
80,3,between_state,S073,State_LDA,0.255050505050505,0.21485867074102366,0.010238907849829504
80,3,between_state,S073,Joint_LDA,0.2601010101010101,0.16238767650834401,0.016949152542372836
80,3,between_state,S075,Raw,0.15,0.07857142857142857,-0.10299769408147563
80,3,between_state,S075,Trait_LDA,0.22954545454545455,0.13522727272727272,-0.023349436392914535
80,3,between_state,S075,State_LDA,0.15,0.07794871794871794,-0.10299769408147563
80,3,between_state,S075,Joint_LDA,0.2727272727272727,0.13988095238095238,0.029968454258675004
80,3,between_state,S076,Raw,0.2,0.13107890499194846,-0.0595968448729185
80,3,between_state,S076,Trait_LDA,0.25,0.13560606060606062,-2.220446049250313e-16
80,3,between_state,S076,State_LDA,0.2,0.13107890499194846,-0.0595968448729185
80,3,between_state,S076,Joint_LDA,0.25,0.10204081632653061,0.0
80,3,between_state,S078,Raw,0.21805555555555556,0.1741025641025641,-0.02051835853131756
80,3,between_state,S078,Trait_LDA,0.24375,0.193986568986569,-0.01941747572815533
80,3,between_state,S078,State_LDA,0.21805555555555556,0.1741025641025641,-0.02051835853131756
80,3,between_state,S078,Joint_LDA,0.25,0.09302325581395349,0.0
80,3,between_state,S079,Raw,0.07777777777777778,0.09350649350649351,0.020618556701030966
80,3,between_state,S079,Trait_LDA,0.3055555555555556,0.17857142857142855,0.06896551724137934
80,3,between_state,S079,State_LDA,0.07777777777777778,0.09350649350649351,0.027066569129480578
80,3,between_state,S079,Joint_LDA,0.125,0.06578947368421052,-0.16759776536312843
80,3,between_state,S080,Raw,0.2515151515151515,0.2533333333333333,0.11839708561020035
80,3,between_state,S080,Trait_LDA,0.3314393939393939,0.21904761904761905,0.11327310632383591
80,3,between_state,S080,State_LDA,0.2515151515151515,0.2554385964912281,0.12424607961399292
80,3,between_state,S080,Joint_LDA,0.26666666666666666,0.1525,0.02419354838709664
80,3,between_state,S082,Raw,0.325,0.24056531703590528,0.12195121951219512
80,3,between_state,S082,Trait_LDA,0.275,0.15761689291101055,0.033333333333333326
80,3,between_state,S082,State_LDA,0.325,0.24056531703590528,0.12195121951219512
80,3,between_state,S082,Joint_LDA,0.275,0.18409343715239154,0.033333333333333326
80,3,between_state,S083,Raw,0.3055555555555556,0.19615384615384618,0.06506849315068486
80,3,between_state,S083,Trait_LDA,0.2777777777777778,0.18349358974358976,0.03084832904884327
80,3,between_state,S083,State_LDA,0.3055555555555556,0.19615384615384618,0.06506849315068486
80,3,between_state,S083,Joint_LDA,0.25,0.15,0.0
80,3,between_state,S084,Raw,0.2986111111111111,0.1619047619047619,0.10231023102310233
80,3,between_state,S084,Trait_LDA,0.2013888888888889,0.15725252525252525,-0.03262092238470182
80,3,between_state,S084,State_LDA,0.2673611111111111,0.15,0.05555555555555558
80,3,between_state,S084,Joint_LDA,0.26041666666666663,0.17424242424242425,0.011627906976744318
80,3,between_state,S086,Raw,0.3635392385392386,0.26659649122807016,0.14052795031055898
80,3,between_state,S086,Trait_LDA,0.3421717171717172,0.19321953532479846,0.1060150375939849
80,3,between_state,S086,State_LDA,0.3635392385392386,0.26659649122807016,0.14052795031055898
80,3,between_state,S086,Joint_LDA,0.2398989898989899,0.1351190476190476,-0.015479876160990669
80,3,between_state,S087,Raw,0.2152777777777778,0.09280303030303032,0.029598308668076
80,3,between_state,S087,Trait_LDA,0.16269841269841268,0.12656641604010024,-0.11538461538461542
80,3,between_state,S087,State_LDA,0.2152777777777778,0.09280303030303032,0.029598308668076
80,3,between_state,S087,Joint_LDA,0.3298611111111111,0.21463815789473684,0.10526315789473673
80,3,between_state,S089,Raw,0.363986013986014,0.3272195640616693,0.13619744058500916
80,3,between_state,S089,Trait_LDA,0.2878787878787879,0.18975340136054422,0.04340124003542967
80,3,between_state,S089,State_LDA,0.39988344988344987,0.3671488416554206,0.1863013698630137
80,3,between_state,S089,Joint_LDA,0.26666666666666666,0.12973484848484848,0.023508137432188048
80,3,between_state,S091,Raw,0.25,0.1680232558139535,-0.006960556844547661
80,3,between_state,S091,Trait_LDA,0.25,0.08823529411764706,0.0
80,3,between_state,S091,State_LDA,0.2222222222222222,0.14354066985645933,-0.041860465116279055
80,3,between_state,S091,Joint_LDA,0.25,0.1111111111111111,0.0
80,3,between_state,S093,Raw,0.24166666666666667,0.22921850079744815,0.09279086366880807
80,3,between_state,S093,Trait_LDA,0.46944444444444444,0.44391534391534393,0.29032258064516137
80,3,between_state,S093,State_LDA,0.22083333333333333,0.20937001594896332,0.056793673616103546
80,3,between_state,S093,Joint_LDA,0.29166666666666663,0.2,0.055299539170507006
80,3,between_state,S095,Raw,0.15,0.05263157894736842,-0.04136429608127723
80,3,between_state,S095,Trait_LDA,0.24583333333333335,0.13221153846153846,-0.0007874015748030594
80,3,between_state,S095,State_LDA,0.15,0.05263157894736842,-0.04136429608127723
80,3,between_state,S095,Joint_LDA,0.3875,0.24823529411764705,0.16326530612244894
80,3,between_state,S096,Raw,0.3208333333333333,0.21584440227703983,0.094650205761317
80,3,between_state,S096,Trait_LDA,0.275,0.19038461538461537,0.022222222222222254
80,3,between_state,S096,State_LDA,0.3208333333333333,0.21584440227703983,0.094650205761317
80,3,between_state,S096,Joint_LDA,0.24583333333333335,0.12206047032474804,-0.009446693657219729
80,3,between_state,S097,Raw,0.19090909090909092,0.13752913752913754,-0.0867492850333651
80,3,between_state,S097,Trait_LDA,0.23863636363636365,0.1812039312039312,-0.025048169556840083
80,3,between_state,S097,State_LDA,0.19090909090909092,0.13752913752913754,-0.0867492850333651
80,3,between_state,S097,Joint_LDA,0.2986111111111111,0.19659442724458204,0.060070671378091745
80,3,between_state,S098,Raw,0.2965909090909091,0.23357383357383354,0.09768637532133662
80,3,between_state,S098,Trait_LDA,0.31875,0.18982630272952855,0.07221750212404432
80,3,between_state,S098,State_LDA,0.2965909090909091,0.23217188608492956,0.0922413793103447
80,3,between_state,S098,Joint_LDA,0.3,0.1939443535188216,0.07397260273972595
80,3,between_state,S099,Raw,0.23809523809523808,0.16630824372759856,0.05688622754491024
80,3,between_state,S099,Trait_LDA,0.2767857142857143,0.1497326203208556,0.026776519052523207
80,3,between_state,S099,State_LDA,0.23809523809523808,0.16630824372759856,0.05688622754491024
80,3,between_state,S099,Joint_LDA,0.33035714285714285,0.22619047619047616,0.08088235294117652
80,3,between_state,S101,Raw,0.2727272727272727,0.24545454545454545,0.1648873072360617
80,3,between_state,S101,Trait_LDA,0.4352272727272727,0.42092174113046976,0.24294562973158984
80,3,between_state,S101,State_LDA,0.293560606060606,0.2721212121212121,0.18518518518518523
80,3,between_state,S101,Joint_LDA,0.3181818181818182,0.21367521367521367,0.09090909090909094
80,3,between_state,S102,Raw,0.284469696969697,0.25109970674486803,0.05632772494513538
80,3,between_state,S102,Trait_LDA,0.2375,0.15625,-0.022288261515601704
80,3,between_state,S102,State_LDA,0.284469696969697,0.25109970674486803,0.05632772494513538
80,3,between_state,S102,Joint_LDA,0.25,0.10185185185185185,0.0
80,3,between_state,S103,Raw,0.2585227272727273,0.15757575757575756,0.11507293354943282
80,3,between_state,S103,Trait_LDA,0.28125,0.1650197628458498,0.04705882352941171
80,3,between_state,S103,State_LDA,0.2585227272727273,0.15757575757575756,0.11507293354943282
80,3,between_state,S103,Joint_LDA,0.1875,0.07692307692307693,-0.08607594936708862
80,3,between_state,S104,Raw,0.37784090909090906,0.28849498327759193,0.23913043478260865
80,3,between_state,S104,Trait_LDA,0.5340909090909091,0.4956709956709957,0.38596491228070173
80,3,between_state,S104,State_LDA,0.40909090909090906,0.30153846153846153,0.2693110647181628
80,3,between_state,S104,Joint_LDA,0.20454545454545456,0.1125,-0.060606060606060774
80,3,between_state,S105,Raw,0.1,0.04040404040404041,-0.11608775137111538
80,3,between_state,S105,Trait_LDA,0.25,0.09,0.04954128440366978
80,3,between_state,S105,State_LDA,0.15555555555555556,0.08301404853128991,-0.053259871441689643
80,3,between_state,S105,Joint_LDA,0.2777777777777778,0.17792792792792794,0.0357142857142857
80,3,between_state,S108,Raw,0.3348484848484848,0.3650574712643678,0.09954058192955584
80,3,between_state,S108,Trait_LDA,0.2095959595959596,0.11830065359477124,-0.05159332321699539
80,3,between_state,S108,State_LDA,0.31212121212121213,0.342797619047619,0.06880733944954143
80,3,between_state,S108,Joint_LDA,0.25,0.08823529411764706,0.0
80,3,between_state,S109,Raw,0.225,0.08372093023255814,-0.015625
80,3,between_state,S109,Trait_LDA,0.27954545454545454,0.18683901292596944,0.04705882352941182
80,3,between_state,S109,State_LDA,0.25,0.09090909090909091,0.009632224168125925
80,3,between_state,S109,Joint_LDA,0.22499999999999998,0.14821428571428572,-0.034482758620689724
80,4,between_state,S001,Raw,0.1638888888888889,0.10264550264550265,-0.016949152542372836
80,4,between_state,S001,Trait_LDA,0.26111111111111107,0.18,0.01680672268907557
80,4,between_state,S001,State_LDA,0.1638888888888889,0.1,-0.02564102564102555
80,4,between_state,S001,Joint_LDA,0.2875,0.19166666666666665,0.07024793388429751
80,4,between_state,S002,Raw,0.2602272727272727,0.2232604588394062,0.12579415501905988
80,4,between_state,S002,Trait_LDA,0.2625,0.2067982456140351,0.019131714495952856
80,4,between_state,S002,State_LDA,0.23939393939393938,0.20454700854700855,0.105296343001261
80,4,between_state,S002,Joint_LDA,0.275,0.1868070953436807,0.030303030303030276
80,4,between_state,S003,Raw,0.22777777777777775,0.17787114845938373,-0.03075644222776397
80,4,between_state,S003,Trait_LDA,0.225,0.10975609756097561,-0.02564102564102555
80,4,between_state,S003,State_LDA,0.22777777777777775,0.17787114845938373,-0.03075644222776397
80,4,between_state,S003,Joint_LDA,0.34444444444444444,0.22294117647058823,0.11836734693877549
80,4,between_state,S004,Raw,0.23642676767676768,0.21367521367521367,0.05555555555555558
80,4,between_state,S004,Trait_LDA,0.3999368686868687,0.3860323886639676,0.203125
80,4,between_state,S004,State_LDA,0.2591540404040404,0.233982905982906,0.0780911062906724
80,4,between_state,S004,Joint_LDA,0.22727272727272727,0.125,-0.011152416356877248
80,4,between_state,S005,Raw,0.2472222222222222,0.12356792144026187,-0.0022918258212376585
80,4,between_state,S005,Trait_LDA,0.2398989898989899,0.13836898395721925,-0.009230769230769154
80,4,between_state,S005,State_LDA,0.2472222222222222,0.12356792144026187,-0.0022918258212376585
80,4,between_state,S005,Joint_LDA,0.25,0.09803921568627451,0.0
80,4,between_state,S007,Raw,0.2727272727272727,0.25241935483870964,0.1287581699346404
80,4,between_state,S007,Trait_LDA,0.2765151515151515,0.2918071378749128,0.046494992846924266
80,4,between_state,S007,State_LDA,0.2727272727272727,0.25243589743589745,0.12932723709993477
80,4,between_state,S007,Joint_LDA,0.22083333333333333,0.15132827324478176,-0.03200000000000003
80,4,between_state,S008,Raw,0.21717171717171718,0.09696969696969697,-0.011715481171548081
80,4,between_state,S008,Trait_LDA,0.255050505050505,0.21901709401709402,0.015329125338142569
80,4,between_state,S008,State_LDA,0.1893939393939394,0.08658318425760286,-0.046102263202011606
80,4,between_state,S008,Joint_LDA,0.25,0.16109625668449198,0.0
80,4,between_state,S009,Raw,0.19444444444444442,0.14523809523809522,-0.07635206786850479
80,4,between_state,S009,Trait_LDA,0.2888888888888889,0.24621212121212122,0.05191873589164797
80,4,between_state,S009,State_LDA,0.19444444444444442,0.14523809523809522,-0.07635206786850479
80,4,between_state,S009,Joint_LDA,0.20833333333333331,0.12,-0.04963805584281267
80,4,between_state,S010,Raw,0.21785714285714286,0.14215686274509806,0.10144927536231885
80,4,between_state,S010,Trait_LDA,0.2738095238095238,0.19871794871794873,0.004516711833784992
80,4,between_state,S010,State_LDA,0.21785714285714286,0.1772549019607843,0.1062215477996965
80,4,between_state,S010,Joint_LDA,0.25,0.07777777777777778,0.0
80,4,between_state,S014,Raw,0.209280303030303,0.15333333333333332,-0.0015267175572519776
80,4,between_state,S014,Trait_LDA,0.22348484848484848,0.14354066985645933,-0.0367047308319739
80,4,between_state,S014,State_LDA,0.209280303030303,0.15487179487179487,0.00681302043906129
80,4,between_state,S014,Joint_LDA,0.26666666666666666,0.15842105263157893,0.012048192771084376
80,4,between_state,S016,Raw,0.27013888888888893,0.18253968253968253,0.030097087378640808
80,4,between_state,S016,Trait_LDA,0.2888888888888889,0.25141700404858297,0.055009823182711304
80,4,between_state,S016,State_LDA,0.2388888888888889,0.13542857142857143,-0.0077821011673151474
80,4,between_state,S016,Joint_LDA,0.23055555555555554,0.14761904761904762,-0.024727992087042683
80,4,between_state,S017,Raw,0.21811868686868685,0.1641537324464154,-0.048760991207034365
80,4,between_state,S017,Trait_LDA,0.25,0.10576923076923077,0.0
80,4,between_state,S017,State_LDA,0.24589646464646464,0.16523809523809524,-0.007930214115781098
80,4,between_state,S017,Joint_LDA,0.16666666666666666,0.06976744186046512,-0.11760124610591904
80,4,between_state,S018,Raw,0.3515151515151515,0.2743464052287582,0.11468812877263568
80,4,between_state,S018,Trait_LDA,0.2583333333333333,0.15849673202614378,0.01058201058201047
80,4,between_state,S018,State_LDA,0.3515151515151515,0.2743464052287582,0.11468812877263568
80,4,between_state,S018,Joint_LDA,0.25,0.08490566037735849,0.0
80,4,between_state,S021,Raw,0.255050505050505,0.19696969696969696,0.042786069651741365
80,4,between_state,S021,Trait_LDA,0.25,0.15517241379310345,-0.0019342359767893225
80,4,between_state,S021,State_LDA,0.255050505050505,0.19696969696969696,0.042786069651741365
80,4,between_state,S021,Joint_LDA,0.2708333333333333,0.16666666666666666,0.02631578947368418
80,4,between_state,S022,Raw,0.5227272727272727,0.438949938949939,0.36363636363636365
80,4,between_state,S022,Trait_LDA,0.3181818181818181,0.23015873015873012,0.09090909090909094
80,4,between_state,S022,State_LDA,0.5,0.3908730158730158,0.33333333333333337
80,4,between_state,S022,Joint_LDA,0.29545454545454547,0.19515669515669515,0.06060606060606055
80,4,between_state,S025,Raw,0.20681818181818182,0.11441241685144124,-0.005363984674329636
80,4,between_state,S025,Trait_LDA,0.30732323232323233,0.29664694825298543,0.07939053728949474
80,4,between_state,S025,State_LDA,0.20681818181818182,0.11636363636363636,0.003039513677811412
80,4,between_state,S025,Joint_LDA,0.2777777777777778,0.15391156462585034,0.03802588996763756
80,4,between_state,S026,Raw,0.3319444444444445,0.29092261904761907,0.11440000000000006
80,4,between_state,S026,Trait_LDA,0.29305555555555557,0.19625042999656,0.04205607476635509
80,4,between_state,S026,State_LDA,0.3319444444444445,0.29092261904761907,0.11440000000000006
80,4,between_state,S026,Joint_LDA,0.2222222222222222,0.08333333333333333,-0.032824427480916185
80,4,between_state,S027,Raw,0.2727272727272727,0.14547038327526132,0.03384912959381048
80,4,between_state,S027,Trait_LDA,0.2757215007215007,0.27151341305753074,0.031037827352085268
80,4,between_state,S027,State_LDA,0.2727272727272727,0.14547038327526132,0.03384912959381048
80,4,between_state,S027,Joint_LDA,0.2590909090909091,0.18606060606060607,0.015353121801433
80,4,between_state,S028,Raw,0.2545454545454545,0.17976190476190476,0.08948194662480369
80,4,between_state,S028,Trait_LDA,0.16136363636363635,0.12061403508771928,-0.10738255033557054
80,4,between_state,S028,State_LDA,0.2545454545454545,0.17729885057471262,0.0894819466248038
80,4,between_state,S028,Joint_LDA,0.1875,0.06666666666666667,-0.07002360346184089
80,4,between_state,S029,Raw,0.3980769230769231,0.3224242424242424,0.23443862710878416
80,4,between_state,S029,Trait_LDA,0.22916666666666669,0.15282392026578073,-0.02857142857142847
80,4,between_state,S029,State_LDA,0.4230769230769231,0.3331902879728966,0.25309005297233667
80,4,between_state,S029,Joint_LDA,0.3423076923076923,0.23369565217391303,0.11158536585365852
80,4,between_state,S030,Raw,0.2954545454545454,0.2166393889798145,0.06318082788671031
80,4,between_state,S030,Trait_LDA,0.2727272727272727,0.1434948979591837,0.03125
80,4,between_state,S030,State_LDA,0.3181818181818182,0.24811872909698995,0.09440813362381995
80,4,between_state,S030,Joint_LDA,0.25,0.10185185185185185,0.0
80,4,between_state,S032,Raw,0.24444444444444446,0.1564102564102564,-0.004849660523763344
80,4,between_state,S032,Trait_LDA,0.21363636363636362,0.21638655462184875,-0.05070993914807298
80,4,between_state,S032,State_LDA,0.29444444444444445,0.212241653418124,0.06511175898930999
80,4,between_state,S032,Joint_LDA,0.2777777777777778,0.1553030303030303,0.03992015968063867
80,4,between_state,S033,Raw,0.325,0.19288645690834474,0.0888888888888889
80,4,between_state,S033,Trait_LDA,0.2579059829059829,0.18305613305613305,0.0078064012490240975
80,4,between_state,S033,State_LDA,0.325,0.19288645690834474,0.0888888888888889
80,4,between_state,S033,Joint_LDA,0.1388888888888889,0.08391203703703703,-0.125
80,4,between_state,S034,Raw,0.24278499278499277,0.17695652173913043,0.01619433198380571
80,4,between_state,S034,Trait_LDA,0.19696969696969696,0.1433333333333333,-0.07922912205567467
80,4,between_state,S034,State_LDA,0.24278499278499277,0.17695652173913043,0.01619433198380571
80,4,between_state,S034,Joint_LDA,0.3214285714285714,0.1875,0.09090909090909094
80,4,between_state,S037,Raw,0.29375,0.2609326625386997,0.05245346869712353
80,4,between_state,S037,Trait_LDA,0.25,0.08333333333333333,0.0
80,4,between_state,S037,State_LDA,0.29375,0.2609326625386997,0.05245346869712353
80,4,between_state,S037,Joint_LDA,0.25,0.08695652173913043,-0.0031347962382446415
80,4,between_state,S039,Raw,0.2924242424242424,0.199617773530817,0.07300509337860783
80,4,between_state,S039,Trait_LDA,0.24772727272727274,0.2200091575091575,0.009314140558848383
80,4,between_state,S039,State_LDA,0.2924242424242424,0.199617773530817,0.07300509337860783
80,4,between_state,S039,Joint_LDA,0.2,0.09090909090909091,-0.050390964378801195
80,4,between_state,S040,Raw,0.21212121212121215,0.1690233785822021,0.1075197889182058
80,4,between_state,S040,Trait_LDA,0.37941919191919193,0.3268633540372671,0.19078947368421062
80,4,between_state,S040,State_LDA,0.18434343434343436,0.1503267973856209,0.07498341074983417
80,4,between_state,S040,Joint_LDA,0.2222222222222222,0.13078703703703703,-0.03125
80,4,between_state,S041,Raw,0.38169191919191925,0.3834265734265734,0.16321839080459777
80,4,between_state,S041,Trait_LDA,0.2583333333333333,0.16865079365079366,0.007621951219512146
80,4,between_state,S041,State_LDA,0.40441919191919196,0.40340909090909094,0.1954022988505748
80,4,between_state,S041,Joint_LDA,0.23863636363636365,0.1690340909090909,-0.016393442622950838
80,4,between_state,S042,Raw,0.275,0.13665158371040725,0.10513036164844414
80,4,between_state,S042,Trait_LDA,0.36420454545454545,0.2825311942959002,0.14259927797833927
80,4,between_state,S042,State_LDA,0.275,0.13665158371040725,0.10513036164844414
80,4,between_state,S042,Joint_LDA,0.28125,0.15528455284552845,0.04823747680890533
80,4,between_state,S044,Raw,0.34455128205128205,0.231077694235589,0.1923076923076924
80,4,between_state,S044,Trait_LDA,0.2692307692307692,0.1488970588235294,0.031026252983293645
80,4,between_state,S044,State_LDA,0.36378205128205127,0.2473170731707317,0.22401847575057743
80,4,between_state,S044,Joint_LDA,0.27083333333333337,0.1774193548387097,0.03698224852071008
80,4,between_state,S045,Raw,0.2916666666666667,0.17877906976744184,0.04869762174405434
80,4,between_state,S045,Trait_LDA,0.35833333333333334,0.27195027195027194,0.12213740458015265
80,4,between_state,S045,State_LDA,0.2916666666666667,0.17877906976744184,0.04869762174405434
80,4,between_state,S045,Joint_LDA,0.3472222222222222,0.2113970588235294,0.10638297872340441
80,4,between_state,S046,Raw,0.2465277777777778,0.17094017094017094,-0.003984063745019917
80,4,between_state,S046,Trait_LDA,0.1846590909090909,0.15773809523809523,-0.06857727737973396
80,4,between_state,S046,State_LDA,0.2465277777777778,0.17094017094017094,-0.003984063745019917
80,4,between_state,S046,Joint_LDA,0.23484848484848483,0.15714285714285714,-0.021008403361344685
80,4,between_state,S048,Raw,0.29071969696969696,0.2504443382704252,0.10271158586688589
80,4,between_state,S048,Trait_LDA,0.40625,0.28720238095238093,0.19623655913978488
80,4,between_state,S048,State_LDA,0.29071969696969696,0.2504443382704252,0.10271158586688589
80,4,between_state,S048,Joint_LDA,0.2215909090909091,0.14237516869095818,-0.040000000000000036
80,4,between_state,S049,Raw,0.3194444444444444,0.2532166224580018,0.12834645669291345
80,4,between_state,S049,Trait_LDA,0.275,0.137291280148423,0.030511060259344025
80,4,between_state,S049,State_LDA,0.3194444444444444,0.2532166224580018,0.12834645669291345
80,4,between_state,S049,Joint_LDA,0.25,0.11764705882352941,0.005020920502092019
80,4,between_state,S051,Raw,0.38282828282828285,0.3610500610500611,0.17934347477982382
80,4,between_state,S051,Trait_LDA,0.3055555555555556,0.1875,0.06671899529042402
80,4,between_state,S051,State_LDA,0.38282828282828285,0.3610500610500611,0.17934347477982382
80,4,between_state,S051,Joint_LDA,0.2601010101010101,0.1644927536231884,0.009661835748792424
80,4,between_state,S052,Raw,0.11363636363636365,0.11087719298245613,-0.004807692307692513
80,4,between_state,S052,Trait_LDA,0.1414141414141414,0.08214285714285714,-0.08863025962399296
80,4,between_state,S052,State_LDA,0.11363636363636365,0.11087719298245613,-0.004807692307692513
80,4,between_state,S052,Joint_LDA,0.2702020202020202,0.18627450980392157,0.02840909090909094
80,4,between_state,S053,Raw,0.30808080808080807,0.244281045751634,0.0966796875
80,4,between_state,S053,Trait_LDA,0.19444444444444445,0.06363636363636363,-0.05313092979127143
80,4,between_state,S053,State_LDA,0.30808080808080807,0.244281045751634,0.0966796875
80,4,between_state,S053,Joint_LDA,0.21875,0.08139534883720931,-0.0364145658263304
80,4,between_state,S054,Raw,0.475,0.42298850574712643,0.33542600896860986
80,4,between_state,S054,Trait_LDA,0.31363636363636366,0.2142857142857143,0.09221128021486125
80,4,between_state,S054,State_LDA,0.475,0.42298850574712643,0.33542600896860986
80,4,between_state,S054,Joint_LDA,0.2409090909090909,0.1657397107897664,-0.016172506738544312
80,4,between_state,S055,Raw,0.5017676767676768,0.46139705882352944,0.329886246122027
80,4,between_state,S055,Trait_LDA,0.2815656565656566,0.2074611244019139,0.03604531410916578
80,4,between_state,S055,State_LDA,0.5017676767676768,0.46139705882352944,0.329886246122027
80,4,between_state,S055,Joint_LDA,0.3333333333333333,0.21825396825396826,0.08256880733944949
80,4,between_state,S056,Raw,0.28365384615384615,0.20444033302497688,0.05398457583547567
80,4,between_state,S056,Trait_LDA,0.25,0.10344827586206896,0.0
80,4,between_state,S056,State_LDA,0.28365384615384615,0.20444033302497688,0.05398457583547567
80,4,between_state,S056,Joint_LDA,0.2833333333333333,0.17627906976744184,0.04767879548306142
80,4,between_state,S057,Raw,0.36388888888888893,0.186013986013986,0.14160583941605842
80,4,between_state,S057,Trait_LDA,0.35909090909090907,0.34480820105820104,0.14025777103866566
80,4,between_state,S057,State_LDA,0.36388888888888893,0.18588235294117647,0.1409788166544923
80,4,between_state,S057,Joint_LDA,0.26136363636363635,0.18500948766603414,0.017926734216679563
80,4,between_state,S058,Raw,0.32474747474747473,0.27824074074074073,0.09576837416481065
80,4,between_state,S058,Trait_LDA,0.36376262626262623,0.31332712985938793,0.1518324607329843
80,4,between_state,S058,State_LDA,0.34974747474747475,0.3001373626373626,0.12630014858841
80,4,between_state,S058,Joint_LDA,0.2777777777777778,0.150354609929078,0.041095890410958846
80,4,between_state,S059,Raw,0.1655982905982906,0.1916267942583732,0.11974623314829502
80,4,between_state,S059,Trait_LDA,0.35897435897435903,0.3028987141890368,0.19398340248962653
80,4,between_state,S059,State_LDA,0.1655982905982906,0.1916267942583732,0.11974623314829502
80,4,between_state,S059,Joint_LDA,0.3482905982905983,0.25990675990675993,0.1727642276422764
80,4,between_state,S060,Raw,0.4589646464646465,0.3797202797202798,0.3246753246753247
80,4,between_state,S060,Trait_LDA,0.13920454545454547,0.11126984126984127,-0.1480519480519482
80,4,between_state,S060,State_LDA,0.4589646464646465,0.37852437417654805,0.32291666666666663
80,4,between_state,S060,Joint_LDA,0.27840909090909094,0.17084826762246116,0.025839793281653756
80,4,between_state,S061,Raw,0.421969696969697,0.3106293706293706,0.2348367029548989
80,4,between_state,S061,Trait_LDA,0.20277777777777778,0.11292962356792144,-0.06117647058823539
80,4,between_state,S061,State_LDA,0.421969696969697,0.3105787092164801,0.23424124513618683
80,4,between_state,S061,Joint_LDA,0.21944444444444444,0.140625,-0.04883720930232571
80,4,between_state,S063,Raw,0.2625,0.18681318681318682,0.022687609075043635
80,4,between_state,S063,Trait_LDA,0.23333333333333334,0.1414141414141414,-0.021126760563380254
80,4,between_state,S063,State_LDA,0.2833333333333333,0.19642857142857142,0.05594405594405594
80,4,between_state,S063,Joint_LDA,0.1,0.05128205128205128,-0.17839607201309327
80,4,between_state,S064,Raw,0.3598484848484848,0.33469827586206896,0.14473684210526316
80,4,between_state,S064,Trait_LDA,0.2727272727272727,0.17708333333333334,0.029288702928870314
80,4,between_state,S064,State_LDA,0.3598484848484848,0.33469827586206896,0.14473684210526316
80,4,between_state,S064,Joint_LDA,0.25,0.1,0.0
80,4,between_state,S065,Raw,0.17708333333333331,0.10410256410256409,0.006273525721455453
80,4,between_state,S065,Trait_LDA,0.29696969696969694,0.25555555555555554,0.06816677696889484
80,4,between_state,S065,State_LDA,0.17708333333333331,0.10410256410256409,0.006273525721455453
80,4,between_state,S065,Joint_LDA,0.3,0.17543859649122806,0.04973821989528793
80,4,between_state,S066,Raw,0.28888888888888886,0.28257020757020757,0.14930182599355524
80,4,between_state,S066,Trait_LDA,0.26944444444444443,0.24251918158567776,0.03435114503816772
80,4,between_state,S066,State_LDA,0.28888888888888886,0.2780769230769231,0.15294117647058825
80,4,between_state,S066,Joint_LDA,0.3222222222222222,0.1976190476190476,0.07439024390243887
80,4,between_state,S067,Raw,0.2954545454545454,0.24137474120082816,0.06766917293233088
80,4,between_state,S067,Trait_LDA,0.25,0.17048054919908467,0.0
80,4,between_state,S067,State_LDA,0.3181818181818182,0.2589591567852437,0.09774436090225569
80,4,between_state,S067,Joint_LDA,0.22727272727272727,0.09615384615384616,-0.030303030303030276
80,4,between_state,S068,Raw,0.3005050505050505,0.21937017231134875,0.12131715771230511
80,4,between_state,S068,Trait_LDA,0.1903409090909091,0.16470085470085472,-0.07754010695187152
80,4,between_state,S068,State_LDA,0.3005050505050505,0.20866093366093366,0.12131715771230511
80,4,between_state,S068,Joint_LDA,0.34659090909090906,0.22401433691756273,0.11749347258485632
80,4,between_state,S069,Raw,0.11363636363636363,0.06555183946488294,-0.17371601208459198
80,4,between_state,S069,Trait_LDA,0.25,0.10784313725490197,0.0015337423312884457
80,4,between_state,S069,State_LDA,0.11363636363636363,0.0649122807017544,-0.1737160120845922
80,4,between_state,S069,Joint_LDA,0.25,0.10784313725490197,0.0
80,4,between_state,S070,Raw,0.06818181818181818,0.08571428571428572,0.05552010210593483
80,4,between_state,S070,Trait_LDA,0.288961038961039,0.2590811965811966,0.055374592833876246
80,4,between_state,S070,State_LDA,0.06818181818181818,0.08571428571428572,0.05552010210593483
80,4,between_state,S070,Joint_LDA,0.22077922077922077,0.13620071684587814,-0.032258064516129004
80,4,between_state,S072,Raw,0.28055555555555556,0.25142857142857145,0.042910447761194015
80,4,between_state,S072,Trait_LDA,0.25,0.10638297872340426,0.0009389671361502705
80,4,between_state,S072,State_LDA,0.28055555555555556,0.25142857142857145,0.042910447761194015
80,4,between_state,S072,Joint_LDA,0.28055555555555556,0.1760797342192691,0.040224508886810284
80,4,between_state,S073,Raw,0.29292929292929293,0.2713744588744589,0.060402684563758524
80,4,between_state,S073,Trait_LDA,0.18181818181818182,0.08695652173913043,-0.09401709401709413
80,4,between_state,S073,State_LDA,0.3207070707070707,0.3125,0.09547738693467345
80,4,between_state,S073,Joint_LDA,0.32575757575757575,0.21666666666666667,0.10149750415973369
80,4,between_state,S074,Raw,0.2527195027195027,0.2183095238095238,0.008377760853008343
80,4,between_state,S074,Trait_LDA,0.3958818958818959,0.36391461240815615,0.2037914691943129
80,4,between_state,S074,State_LDA,0.2527195027195027,0.2183095238095238,0.008377760853008343
80,4,between_state,S074,Joint_LDA,0.25,0.12264150943396226,0.006525285481239873
80,4,between_state,S076,Raw,0.17777777777777778,0.13739463601532567,-0.0928196147110334
80,4,between_state,S076,Trait_LDA,0.25,0.10416666666666667,0.0
80,4,between_state,S076,State_LDA,0.17777777777777778,0.16944444444444443,-0.10247349823321561
80,4,between_state,S076,Joint_LDA,0.25,0.10204081632653061,0.0
80,4,between_state,S079,Raw,0.05,0.047058823529411764,0.004366812227074357
80,4,between_state,S079,Trait_LDA,0.2222222222222222,0.12091038406827881,-0.034482758620689724
80,4,between_state,S079,State_LDA,0.05,0.05,0.011560693641618491
80,4,between_state,S079,Joint_LDA,0.2,0.08888888888888889,-0.06841611996251173
80,4,between_state,S080,Raw,0.22424242424242424,0.22102564102564104,0.08445532435740521
80,4,between_state,S080,Trait_LDA,0.23712121212121212,0.17998200629779576,-0.021097046413502074
80,4,between_state,S080,State_LDA,0.22424242424242424,0.22102564102564104,0.08445532435740521
80,4,between_state,S080,Joint_LDA,0.2481060606060606,0.1294871794871795,-0.0020703933747412417
80,4,between_state,S081,Raw,0.2825757575757576,0.28534601599117726,0.0364667747163695
80,4,between_state,S081,Trait_LDA,0.31439393939393934,0.24456521739130435,0.08512396694214874
80,4,between_state,S081,State_LDA,0.2825757575757576,0.28534601599117726,0.0364667747163695
80,4,between_state,S081,Joint_LDA,0.25,0.08163265306122448,0.0
80,4,between_state,S083,Raw,0.2777777777777778,0.18181818181818182,0.030017152658662116
80,4,between_state,S083,Trait_LDA,0.2472222222222222,0.1469298245614035,-0.0068846815834766595
80,4,between_state,S083,State_LDA,0.2777777777777778,0.18181818181818182,0.030017152658662116
80,4,between_state,S083,Joint_LDA,0.24444444444444446,0.14347826086956522,-0.011235955056179803
80,4,between_state,S084,Raw,0.2673611111111111,0.16666666666666666,0.0820734341252699
80,4,between_state,S084,Trait_LDA,0.28125,0.22457264957264955,0.04561403508771933
80,4,between_state,S084,State_LDA,0.2638888888888889,0.16821465428276575,0.07205240174672489
80,4,between_state,S084,Joint_LDA,0.2222222222222222,0.1437908496732026,-0.040000000000000036
80,4,between_state,S085,Raw,0.34375,0.2,0.0826446280991735
80,4,between_state,S085,Trait_LDA,0.23958333333333334,0.10795454545454546,-0.005258545135845782
80,4,between_state,S085,State_LDA,0.34375,0.2,0.0826446280991735
80,4,between_state,S085,Joint_LDA,0.13782051282051283,0.11612903225806452,-0.079021636876764
80,4,between_state,S086,Raw,0.3357857420357421,0.21666689004150305,0.12832194381169315
80,4,between_state,S086,Trait_LDA,0.3005050505050505,0.1767730496453901,0.05782060785767229
80,4,between_state,S086,State_LDA,0.31305846930846937,0.2267810831426392,0.0888888888888889
80,4,between_state,S086,Joint_LDA,0.15656565656565657,0.0956043956043956,-0.11934477379095165
80,4,between_state,S089,Raw,0.3079254079254079,0.2779039101020525,0.06472196900638094
80,4,between_state,S089,Trait_LDA,0.26666666666666666,0.12141393442622951,0.016478751084128218
80,4,between_state,S089,State_LDA,0.3271561771561772,0.2895235388841527,0.0901639344262295
80,4,between_state,S089,Joint_LDA,0.2833333333333333,0.15417642466822795,0.04359673024523181
80,4,between_state,S091,Raw,0.2222222222222222,0.14354066985645933,-0.041860465116279055
80,4,between_state,S091,Trait_LDA,0.25,0.08823529411764706,0.0
80,4,between_state,S091,State_LDA,0.19444444444444442,0.11636828644501279,-0.07943925233644866
80,4,between_state,S091,Joint_LDA,0.25,0.09615384615384616,0.0
80,4,between_state,S093,Raw,0.1986111111111111,0.16255411255411256,0.011687363038714427
80,4,between_state,S093,Trait_LDA,0.29861111111111116,0.27309357309357307,0.06893755068937557
80,4,between_state,S093,State_LDA,0.17083333333333334,0.1435064935064935,-0.018261504747991264
80,4,between_state,S093,Joint_LDA,0.29166666666666663,0.1897767332549941,0.05311778290993063
80,4,between_state,S094,Raw,0.25,0.08780487804878048,0.02131438721136769
80,4,between_state,S094,Trait_LDA,0.2472222222222222,0.14204545454545456,-0.012867647058823373
80,4,between_state,S094,State_LDA,0.25,0.08780487804878048,0.02131438721136769
80,4,between_state,S094,Joint_LDA,0.2222222222222222,0.09302325581395349,-0.034482758620689724
80,4,between_state,S095,Raw,0.2,0.08,0.011687363038714649
80,4,between_state,S095,Trait_LDA,0.20208333333333334,0.14580108359133126,-0.05455962587685104
80,4,between_state,S095,State_LDA,0.2,0.08205128205128205,0.01885424220449594
80,4,between_state,S095,Joint_LDA,0.2604166666666667,0.16433189655172414,0.0015710919088767206
80,4,between_state,S096,Raw,0.225,0.15587044534412955,-0.03601108033241007
80,4,between_state,S096,Trait_LDA,0.375,0.24080882352941177,0.15384615384615397
80,4,between_state,S096,State_LDA,0.225,0.15476190476190477,-0.03314917127071837
80,4,between_state,S096,Joint_LDA,0.26666666666666666,0.14772727272727273,0.016260162601626105
80,4,between_state,S097,Raw,0.25,0.11224489795918367,0.0
80,4,between_state,S097,Trait_LDA,0.21944444444444444,0.11800699300699301,-0.037306642402183954
80,4,between_state,S097,State_LDA,0.25,0.11224489795918367,0.0
80,4,between_state,S097,Joint_LDA,0.26136363636363635,0.1748768472906404,0.0202578268876612
80,4,between_state,S098,Raw,0.21534090909090908,0.14190476190476192,-0.027216856892010588
80,4,between_state,S098,Trait_LDA,0.3,0.1644518272425249,0.058284762697751846
80,4,between_state,S098,State_LDA,0.21534090909090908,0.14190476190476192,-0.027216856892010588
80,4,between_state,S098,Joint_LDA,0.2625,0.1538961038961039,0.012658227848101222
80,4,between_state,S101,Raw,0.275,0.24833333333333335,0.14821536600120977
80,4,between_state,S101,Trait_LDA,0.31893939393939397,0.28431372549019607,0.09215955983493818
80,4,between_state,S101,State_LDA,0.275,0.24833333333333335,0.14821536600120977
80,4,between_state,S101,Joint_LDA,0.2659090909090909,0.16749999999999998,0.020242914979757054
80,4,between_state,S102,Raw,0.33030303030303027,0.27714150176199515,0.11730205278592387
80,4,between_state,S102,Trait_LDA,0.25416666666666665,0.14922813036020582,0.0029917726252804977
80,4,between_state,S102,State_LDA,0.33030303030303027,0.27714150176199515,0.11730205278592387
80,4,between_state,S102,Joint_LDA,0.275,0.14630467571644043,0.033357505438723845
80,4,between_state,S103,Raw,0.3004807692307692,0.19434682964094727,0.16198347107438016
80,4,between_state,S103,Trait_LDA,0.3035402097902098,0.29884453781512604,0.09302325581395354
80,4,between_state,S103,State_LDA,0.3004807692307692,0.19434682964094727,0.16198347107438016
80,4,between_state,S103,Joint_LDA,0.1875,0.07692307692307693,-0.08607594936708862
80,4,between_state,S105,Raw,0.075,0.04285714285714286,-0.08261617900172125
80,4,between_state,S105,Trait_LDA,0.25,0.10638297872340426,0.0
80,4,between_state,S105,State_LDA,0.10277777777777777,0.06952380952380952,-0.07577092511013217
80,4,between_state,S105,Joint_LDA,0.24444444444444446,0.14722617354196302,-0.008763388510223846
80,4,between_state,S106,Raw,0.21955128205128205,0.1312169312169312,-0.016930638995084513
80,4,between_state,S106,Trait_LDA,0.25,0.10483870967741936,0.0
80,4,between_state,S106,State_LDA,0.21955128205128205,0.1312169312169312,-0.016930638995084513
80,4,between_state,S106,Joint_LDA,0.2644230769230769,0.16896551724137931,0.01836393989983298
80,4,between_state,S107,Raw,0.07500000000000001,0.06481481481481481,-0.015334947538337307
80,4,between_state,S107,Trait_LDA,0.1714285714285714,0.14101010101010103,-0.0892687559354226
80,4,between_state,S107,State_LDA,0.07500000000000001,0.06734006734006734,-0.012882447665056196
80,4,between_state,S107,Joint_LDA,0.23214285714285715,0.14583333333333331,-0.02190476190476187
80,4,between_state,S108,Raw,0.26022727272727275,0.2673531655225019,0.003062787136294043
80,4,between_state,S108,Trait_LDA,0.24242424242424243,0.1545945945945946,-0.007496251874063109
80,4,between_state,S108,State_LDA,0.23939393939393938,0.24645469473055678,-0.02517162471395884
80,4,between_state,S108,Joint_LDA,0.25,0.08823529411764706,0.0
80,4,between_state,S109,Raw,0.25,0.09090909090909091,0.02415875754961172
80,4,between_state,S109,Trait_LDA,0.3255681818181818,0.2789473684210526,0.10424028268551244
80,4,between_state,S109,State_LDA,0.25,0.08888888888888888,0.015665796344647598
80,4,between_state,S109,Joint_LDA,0.22499999999999998,0.14821428571428572,-0.034482758620689724
80,5,between_state,S001,Raw,0.1638888888888889,0.09753694581280789,-0.018867924528301883
80,5,between_state,S001,Trait_LDA,0.3,0.18044515103338632,0.06832298136645976
80,5,between_state,S001,State_LDA,0.1638888888888889,0.09753694581280789,-0.026615969581749166
80,5,between_state,S001,Joint_LDA,0.2,0.09090909090909091,-0.07234042553191466
80,5,between_state,S002,Raw,0.3018939393939394,0.2740447957839262,0.19475655430711603
80,5,between_state,S002,Trait_LDA,0.2125,0.14821428571428572,-0.04953338119167272
80,5,between_state,S002,State_LDA,0.3018939393939394,0.2740447957839262,0.19475655430711603
80,5,between_state,S002,Joint_LDA,0.25416666666666665,0.14423076923076922,0.004480955937266606
80,5,between_state,S003,Raw,0.2005050505050505,0.19072987822987822,-0.06400665004156258
80,5,between_state,S003,Trait_LDA,0.225,0.1125,-0.024793388429751984
80,5,between_state,S003,State_LDA,0.2005050505050505,0.19072987822987822,-0.06400665004156258
80,5,between_state,S003,Joint_LDA,0.275,0.14583333333333334,0.033333333333333326
80,5,between_state,S004,Raw,0.16666666666666666,0.09517241379310346,-0.032460732984293195
80,5,between_state,S004,Trait_LDA,0.17424242424242425,0.12444444444444444,0.024590163934426368
80,5,between_state,S004,State_LDA,0.16666666666666666,0.09517241379310346,-0.032460732984293195
80,5,between_state,S004,Joint_LDA,0.25,0.10714285714285714,0.003516998827667095
80,5,between_state,S005,Raw,0.15555555555555556,0.08888888888888889,0.004854368932038833
80,5,between_state,S005,Trait_LDA,0.3106060606060606,0.2048611111111111,0.07717041800643099
80,5,between_state,S005,State_LDA,0.18055555555555555,0.11636363636363636,0.014144271570014078
80,5,between_state,S005,Joint_LDA,0.25,0.10576923076923077,0.0
80,5,between_state,S006,Raw,0.3388888888888889,0.29004329004329005,0.12207792207792212
80,5,between_state,S006,Trait_LDA,0.28055555555555556,0.18873517786561267,0.03618711385701656
80,5,between_state,S006,State_LDA,0.3388888888888889,0.29004329004329005,0.12207792207792212
80,5,between_state,S006,Joint_LDA,0.25,0.10204081632653061,0.0
80,5,between_state,S008,Raw,0.24494949494949494,0.10518783542039356,0.005947323704333041
80,5,between_state,S008,Trait_LDA,0.19696969696969696,0.18666666666666665,-0.061457418788410934
80,5,between_state,S008,State_LDA,0.24494949494949494,0.12857142857142856,-0.005154639175257714
80,5,between_state,S008,Joint_LDA,0.2954545454545454,0.1996124031007752,0.07142857142857129
80,5,between_state,S009,Raw,0.1611111111111111,0.1417989417989418,-0.08808290155440424
80,5,between_state,S009,Trait_LDA,0.325,0.21323529411764708,0.107538802660754
80,5,between_state,S009,State_LDA,0.1611111111111111,0.1417989417989418,-0.08808290155440424
80,5,between_state,S009,Joint_LDA,0.25,0.10227272727272728,0.0
80,5,between_state,S011,Raw,0.29545454545454547,0.2076190476190476,0.0948905109489051
80,5,between_state,S011,Trait_LDA,0.20454545454545456,0.17086247086247086,-0.06060606060606055
80,5,between_state,S011,State_LDA,0.3181818181818182,0.21751152073732719,0.11764705882352944
80,5,between_state,S011,Joint_LDA,0.25,0.10377358490566038,0.0
80,5,between_state,S012,Raw,0.2689393939393939,0.15794573643410853,0.02840909090909094
80,5,between_state,S012,Trait_LDA,0.3181818181818182,0.2222222222222222,0.11111111111111116
80,5,between_state,S012,State_LDA,0.24621212121212122,0.1456043956043956,-0.002827521206409056
80,5,between_state,S012,Joint_LDA,0.2727272727272727,0.15625,0.03703703703703709
80,5,between_state,S013,Raw,0.1965811965811966,0.125,-0.06285310734463279
80,5,between_state,S013,Trait_LDA,0.2472222222222222,0.12009419152276295,-0.0020562028786839104
80,5,between_state,S013,State_LDA,0.1965811965811966,0.125,-0.06285310734463279
80,5,between_state,S013,Joint_LDA,0.19017094017094016,0.1282051282051282,-0.07658321060382911
80,5,between_state,S014,Raw,0.35075757575757577,0.2854020979020979,0.18251533742331283
80,5,between_state,S014,Trait_LDA,0.3759469696969697,0.31786833855799373,0.1960784313725491
80,5,between_state,S014,State_LDA,0.35075757575757577,0.2912354312354312,0.1960784313725491
80,5,between_state,S014,Joint_LDA,0.22727272727272727,0.10204081632653061,-0.03081914030819144
80,5,between_state,S015,Raw,0.18333333333333335,0.20388888888888887,0.1045665122435474
80,5,between_state,S015,Trait_LDA,0.2833333333333333,0.2149122807017544,0.04497991967871495
80,5,between_state,S015,State_LDA,0.23333333333333334,0.2383986928104575,0.14755197853789392
80,5,between_state,S015,Joint_LDA,0.25,0.16861598440545808,0.0
80,5,between_state,S016,Raw,0.2951388888888889,0.24230769230769234,0.056862745098039236
80,5,between_state,S016,Trait_LDA,0.2638888888888889,0.2343891402714932,0.022504892367906093
80,5,between_state,S016,State_LDA,0.2951388888888889,0.24230769230769234,0.056862745098039236
80,5,between_state,S016,Joint_LDA,0.25277777777777777,0.14311270125223613,0.003988035892323105
80,5,between_state,S017,Raw,0.2845522533022533,0.23487179487179488,0.10172143974960879
80,5,between_state,S017,Trait_LDA,0.25,0.10576923076923077,0.0
80,5,between_state,S017,State_LDA,0.28960275835275834,0.2528351648351648,0.11488049344641482
80,5,between_state,S017,Joint_LDA,0.25,0.12037037037037036,0.0
80,5,between_state,S018,Raw,0.4047979797979798,0.32233305036785515,0.18030605455755155
80,5,between_state,S018,Trait_LDA,0.22272727272727275,0.11636828644501279,-0.03217158176943702
80,5,between_state,S018,State_LDA,0.3797979797979798,0.30526315789473685,0.15159574468085102
80,5,between_state,S018,Joint_LDA,0.25,0.09259259259259259,0.0
80,5,between_state,S019,Raw,0.3424242424242424,0.293509228291837,0.12658227848101267
80,5,between_state,S019,Trait_LDA,0.26666666666666666,0.15384615384615385,0.029045643153526868
80,5,between_state,S019,State_LDA,0.3840909090909091,0.3276815776815777,0.16806722689075626
80,5,between_state,S019,Joint_LDA,0.25,0.11702127659574468,0.0
80,5,between_state,S020,Raw,0.34652777777777777,0.212991452991453,0.11706881143878456
80,5,between_state,S020,Trait_LDA,0.2152777777777778,0.10989010989010989,-0.03697183098591528
80,5,between_state,S020,State_LDA,0.34652777777777777,0.21153148122295126,0.11548791405550574
80,5,between_state,S020,Joint_LDA,0.25,0.08695652173913043,0.0
80,5,between_state,S021,Raw,0.25,0.14864864864864866,0.03316582914572863
80,5,between_state,S021,Trait_LDA,0.5606060606060606,0.47435897435897434,0.44831013916500995
80,5,between_state,S021,State_LDA,0.25,0.1527777777777778,0.03607214428857697
80,5,between_state,S021,Joint_LDA,0.25,0.09782608695652174,0.0
80,5,between_state,S022,Raw,0.47727272727272724,0.42666666666666675,0.303030303030303
80,5,between_state,S022,Trait_LDA,0.2727272727272727,0.14076923076923079,0.03759398496240607
80,5,between_state,S022,State_LDA,0.47727272727272724,0.42666666666666675,0.303030303030303
80,5,between_state,S022,Joint_LDA,0.34090909090909094,0.2142857142857143,0.12121212121212122
80,5,between_state,S023,Raw,0.2689393939393939,0.16904761904761906,0.030303030303030276
80,5,between_state,S023,Trait_LDA,0.25,0.11764705882352941,0.003558718861210064
80,5,between_state,S023,State_LDA,0.2689393939393939,0.13756097560975608,0.03862660944206009
80,5,between_state,S023,Joint_LDA,0.3087121212121212,0.22339246119733924,0.09565217391304348
80,5,between_state,S025,Raw,0.25732323232323234,0.14916851441241685,0.037558685446009155
80,5,between_state,S025,Trait_LDA,0.23863636363636365,0.16756756756756758,-0.011137629276054106
80,5,between_state,S025,State_LDA,0.2345959595959596,0.14136363636363636,0.013964313421256702
80,5,between_state,S025,Joint_LDA,0.25,0.09803921568627451,0.0
80,5,between_state,S026,Raw,0.3236111111111112,0.2904647435897436,0.10364372469635641
80,5,between_state,S026,Trait_LDA,0.2013888888888889,0.12932900432900432,-0.07125890736342044
80,5,between_state,S026,State_LDA,0.3236111111111112,0.2898263027295285,0.10509296685529512
80,5,between_state,S026,Joint_LDA,0.25,0.09,0.0
80,5,between_state,S028,Raw,0.2340909090909091,0.16279947179777401,0.004149377593360981
80,5,between_state,S028,Trait_LDA,0.06818181818181818,0.03529411764705882,-0.18116520351157228
80,5,between_state,S028,State_LDA,0.25681818181818183,0.18760233918128655,0.046052631578947345
80,5,between_state,S028,Joint_LDA,0.25,0.08333333333333333,0.0
80,5,between_state,S029,Raw,0.3980769230769231,0.3364593301435407,0.2432432432432432
80,5,between_state,S029,Trait_LDA,0.1842948717948718,0.13217703349282295,-0.08968883465527755
80,5,between_state,S029,State_LDA,0.3980769230769231,0.3364593301435407,0.2432432432432432
80,5,between_state,S029,Joint_LDA,0.2125,0.11615566037735849,-0.04948702474351241
80,5,between_state,S032,Raw,0.26994949494949494,0.17669172932330823,0.02821011673151763
80,5,between_state,S032,Trait_LDA,0.18181818181818182,0.09090909090909091,-0.10164271047227924
80,5,between_state,S032,State_LDA,0.29267676767676765,0.21048906048906046,0.06237816764132553
80,5,between_state,S032,Joint_LDA,0.25,0.10638297872340426,0.0
80,5,between_state,S033,Raw,0.29423076923076924,0.17142857142857143,0.056748466257668606
80,5,between_state,S033,Trait_LDA,0.27478632478632475,0.1986425339366516,0.02920284135753759
80,5,between_state,S033,State_LDA,0.29423076923076924,0.17142857142857143,0.056748466257668606
80,5,between_state,S033,Joint_LDA,0.25,0.09803921568627451,0.0
80,5,between_state,S034,Raw,0.21717171717171718,0.13122171945701358,0.028901734104046173
80,5,between_state,S034,Trait_LDA,0.17424242424242425,0.12878787878787878,-0.125
80,5,between_state,S034,State_LDA,0.21717171717171718,0.13122171945701358,0.022308438409311404
80,5,between_state,S034,Joint_LDA,0.25,0.11702127659574468,0.0
80,5,between_state,S035,Raw,0.25,0.1,0.0
80,5,between_state,S035,Trait_LDA,0.25,0.1,0.0
80,5,between_state,S035,State_LDA,0.25,0.1,0.0
80,5,between_state,S035,Joint_LDA,0.25,0.1,0.0
80,5,between_state,S036,Raw,0.2857142857142857,0.14423076923076922,0.0344827586206895
80,5,between_state,S036,Trait_LDA,0.08173076923076923,0.05846153846153847,-0.2333333333333334
80,5,between_state,S036,State_LDA,0.2544642857142857,0.1337719298245614,-0.004681647940074862
80,5,between_state,S036,Joint_LDA,0.22802197802197804,0.15238095238095237,-0.02777777777777768
80,5,between_state,S039,Raw,0.3761363636363636,0.266848940533151,0.1605960264900662
80,5,between_state,S039,Trait_LDA,0.23333333333333334,0.1751918158567775,-0.005333333333333412
80,5,between_state,S039,State_LDA,0.3988636363636363,0.28028767571101665,0.18546365914786966
80,5,between_state,S039,Joint_LDA,0.25,0.10204081632653061,0.0
80,5,between_state,S040,Raw,0.09406565656565656,0.10356310356310357,0.05717837165941553
80,5,between_state,S040,Trait_LDA,0.2569444444444444,0.16,0.004187604690117364
80,5,between_state,S040,State_LDA,0.09406565656565656,0.10356310356310357,0.05717837165941553
80,5,between_state,S040,Joint_LDA,0.30808080808080807,0.19623655913978494,0.06671899529042391
80,5,between_state,S041,Raw,0.3498737373737374,0.33121609847952554,0.12970069071373758
80,5,between_state,S041,Trait_LDA,0.24583333333333335,0.12699468085106383,-0.006741573033707926
80,5,between_state,S041,State_LDA,0.3498737373737374,0.33121609847952554,0.12970069071373758
80,5,between_state,S041,Joint_LDA,0.25,0.09615384615384616,0.0
80,5,between_state,S044,Raw,0.3076923076923077,0.1793478260869565,0.12161115414407442
80,5,between_state,S044,Trait_LDA,0.20673076923076922,0.12631578947368421,-0.06413301662707838
80,5,between_state,S044,State_LDA,0.3076923076923077,0.1793478260869565,0.12161115414407442
80,5,between_state,S044,Joint_LDA,0.25,0.1111111111111111,0.0
80,5,between_state,S046,Raw,0.18055555555555555,0.11596638655462185,-0.08324974924774331
80,5,between_state,S046,Trait_LDA,0.21875,0.13657407407407407,-0.036742800397219444
80,5,between_state,S046,State_LDA,0.18055555555555555,0.11596638655462185,-0.08324974924774331
80,5,between_state,S046,Joint_LDA,0.25,0.1,0.0
80,5,between_state,S047,Raw,0.3923611111111111,0.2345238095238095,0.17263325377883842
80,5,between_state,S047,Trait_LDA,0.3368055555555555,0.24145299145299146,0.09750201450443197
80,5,between_state,S047,State_LDA,0.3923611111111111,0.2913165266106442,0.16733386709367493
80,5,between_state,S047,Joint_LDA,0.25,0.09183673469387756,0.0
80,5,between_state,S048,Raw,0.21748737373737373,0.21315789473684213,0.05767731878409976
80,5,between_state,S048,Trait_LDA,0.3380681818181818,0.19174964438122333,0.11595466434176105
80,5,between_state,S048,State_LDA,0.21748737373737373,0.21315789473684213,0.05767731878409976
80,5,between_state,S048,Joint_LDA,0.25,0.11,0.0
80,5,between_state,S049,Raw,0.3416666666666666,0.24227920227920227,0.1512738853503186
80,5,between_state,S049,Trait_LDA,0.2708333333333333,0.13029827315541603,0.029029793735676046
80,5,between_state,S049,State_LDA,0.3416666666666666,0.24227920227920227,0.1512738853503186
80,5,between_state,S049,Joint_LDA,0.22916666666666666,0.11,-0.026711185308848195
80,5,between_state,S050,Raw,0.3782828282828283,0.29052790346908,0.2063492063492064
80,5,between_state,S050,Trait_LDA,0.13333333333333333,0.09502923976608187,-0.14192495921696557
80,5,between_state,S050,State_LDA,0.3782828282828283,0.29052790346908,0.2063492063492064
80,5,between_state,S050,Joint_LDA,0.25,0.1,0.0
80,5,between_state,S053,Raw,0.25757575757575757,0.20098039215686275,0.0244140625
80,5,between_state,S053,Trait_LDA,0.2222222222222222,0.07111111111111111,-0.026794258373205704
80,5,between_state,S053,State_LDA,0.2803030303030303,0.2246031746031746,0.05870841487279843
80,5,between_state,S053,Joint_LDA,0.2601010101010101,0.1738095238095238,0.012320328542094416
80,5,between_state,S054,Raw,0.42500000000000004,0.3422525750111957,0.2667860340196957
80,5,between_state,S054,Trait_LDA,0.2846590909090909,0.25386455649613543,0.05780845556514225
80,5,between_state,S054,State_LDA,0.42500000000000004,0.3422525750111957,0.2667860340196957
80,5,between_state,S054,Joint_LDA,0.275,0.14804964539007093,0.03448275862068961
80,5,between_state,S055,Raw,0.3952020202020202,0.3723776223776224,0.20337197049525813
80,5,between_state,S055,Trait_LDA,0.3015151515151515,0.2670846394984326,0.06347554630593122
80,5,between_state,S055,State_LDA,0.42020202020202024,0.39664502164502163,0.23809523809523814
80,5,between_state,S055,Joint_LDA,0.25,0.1,0.0
80,5,between_state,S056,Raw,0.358974358974359,0.21333333333333332,0.17382937780628593
80,5,between_state,S056,Trait_LDA,0.2746212121212121,0.17692307692307693,0.03003194888178906
80,5,between_state,S056,State_LDA,0.358974358974359,0.26666666666666666,0.16849580374435125
80,5,between_state,S056,Joint_LDA,0.22916666666666666,0.1,-0.02547770700636942
80,5,between_state,S057,Raw,0.31666666666666665,0.20202020202020202,0.07827359180687643
80,5,between_state,S057,Trait_LDA,0.33194444444444443,0.2865384615384615,0.11711711711711703
80,5,between_state,S057,State_LDA,0.3416666666666667,0.21875,0.10834553440702765
80,5,between_state,S057,Joint_LDA,0.30492424242424243,0.21666666666666667,0.08411214953271029
80,5,between_state,S059,Raw,0.12713675213675213,0.16409472880061116,0.08430007733952039
80,5,between_state,S059,Trait_LDA,0.30341880341880345,0.21010101010101012,0.1235839340885686
80,5,between_state,S059,State_LDA,0.06623931623931624,0.08636363636363636,0.041158536585365835
80,5,between_state,S059,Joint_LDA,0.25,0.13,0.0
80,5,between_state,S060,Raw,0.3267045454545454,0.24714912280701756,0.14698162729658792
80,5,between_state,S060,Trait_LDA,0.2215909090909091,0.15604575163398693,-0.03815439219165917
80,5,between_state,S060,State_LDA,0.37720959595959597,0.29698924731182796,0.21522309711286092
80,5,between_state,S060,Joint_LDA,0.25,0.0851063829787234,0.0
80,5,between_state,S061,Raw,0.396969696969697,0.2651305683563748,0.19921875
80,5,between_state,S061,Trait_LDA,0.25277777777777777,0.13607188703465983,0.0078064012490240975
80,5,between_state,S061,State_LDA,0.37196969696969695,0.25172932330827064,0.16783762685402037
80,5,between_state,S061,Joint_LDA,0.25,0.09,0.0
80,5,between_state,S062,Raw,0.3170454545454546,0.2488095238095238,0.08902691511387162
80,5,between_state,S062,Trait_LDA,0.34659090909090906,0.2748044965786901,0.14026517794836013
80,5,between_state,S062,State_LDA,0.3170454545454546,0.2488095238095238,0.08902691511387162
80,5,between_state,S062,Joint_LDA,0.2727272727272727,0.15075757575757576,0.031937544357700465
80,5,between_state,S064,Raw,0.33484848484848484,0.3113970588235294,0.11184210526315785
80,5,between_state,S064,Trait_LDA,0.2,0.09302325581395349,-0.06755629691409504
80,5,between_state,S064,State_LDA,0.33484848484848484,0.3113970588235294,0.11184210526315785
80,5,between_state,S064,Joint_LDA,0.275,0.14749536178107608,0.033333333333333326
80,5,between_state,S065,Raw,0.21875,0.14468864468864467,0.06265664160401008
80,5,between_state,S065,Trait_LDA,0.3496212121212121,0.30404351395730705,0.10142954390741987
80,5,between_state,S065,State_LDA,0.21875,0.14252414252414253,0.057934508816120944
80,5,between_state,S065,Joint_LDA,0.15,0.06976744186046512,-0.10144927536231885
80,5,between_state,S067,Raw,0.34090909090909094,0.3243464052287582,0.12121212121212122
80,5,between_state,S067,Trait_LDA,0.3181818181818182,0.27425148312940306,0.09090909090909094
80,5,between_state,S067,State_LDA,0.3181818181818182,0.304609563123495,0.09090909090909094
80,5,between_state,S067,Joint_LDA,0.25,0.1,0.0
80,5,between_state,S069,Raw,0.1590909090909091,0.0875598086124402,-0.11957349581111965
80,5,between_state,S069,Trait_LDA,0.25,0.10377358490566038,0.0
80,5,between_state,S069,State_LDA,0.1590909090909091,0.08651162790697675,-0.11957349581111965
80,5,between_state,S069,Joint_LDA,0.25,0.10377358490566038,0.0
80,5,between_state,S070,Raw,0.045454545454545456,0.06153846153846154,0.03675538656527255
80,5,between_state,S070,Trait_LDA,0.3084415584415584,0.21805555555555556,0.07216494845360832
80,5,between_state,S070,State_LDA,0.045454545454545456,0.06153846153846154,0.03675538656527255
80,5,between_state,S070,Joint_LDA,0.25,0.11,0.0034364261168383647
80,5,between_state,S071,Raw,0.2,0.07111111111111111,-0.05039096437880075
80,5,between_state,S071,Trait_LDA,0.2,0.09302325581395349,-0.06332453825857498
80,5,between_state,S071,State_LDA,0.225,0.0782608695652174,-0.025416301489921134
80,5,between_state,S071,Joint_LDA,0.25555555555555554,0.1563845050215208,0.0070237050043897575
80,5,between_state,S072,Raw,0.2833333333333333,0.25656565656565655,0.04380242311276794
80,5,between_state,S072,Trait_LDA,0.25,0.10638297872340426,0.0009389671361502705
80,5,between_state,S072,State_LDA,0.2833333333333333,0.25656565656565655,0.04380242311276794
80,5,between_state,S072,Joint_LDA,0.25,0.10416666666666667,0.0
80,5,between_state,S073,Raw,0.3888888888888889,0.342512077294686,0.18505942275042453
80,5,between_state,S073,Trait_LDA,0.2550505050505051,0.17644855144855146,0.008547008547008517
80,5,between_state,S073,State_LDA,0.36616161616161613,0.32198374496962046,0.15254237288135597
80,5,between_state,S073,Joint_LDA,0.25,0.10784313725490197,0.0
80,5,between_state,S074,Raw,0.283993783993784,0.2407690891396407,0.05899925317401056
80,5,between_state,S074,Trait_LDA,0.3646076146076146,0.29432624113475175,0.15865384615384603
80,5,between_state,S074,State_LDA,0.2698135198135198,0.22107181703266016,0.04335047759000732
80,5,between_state,S074,Joint_LDA,0.25,0.11818181818181818,0.0
80,5,between_state,S075,Raw,0.225,0.10108527131782945,-0.025000000000000133
80,5,between_state,S075,Trait_LDA,0.2590909090909091,0.17916666666666667,0.01757188498402551
80,5,between_state,S075,State_LDA,0.225,0.10108527131782945,-0.025000000000000133
80,5,between_state,S075,Joint_LDA,0.25,0.09803921568627451,0.0
80,5,between_state,S076,Raw,0.20277777777777778,0.14994152046783624,-0.05866900175131362
80,5,between_state,S076,Trait_LDA,0.25,0.14073426573426573,-2.220446049250313e-16
80,5,between_state,S076,State_LDA,0.20277777777777778,0.18473872854178455,-0.0680212014134276
80,5,between_state,S076,Joint_LDA,0.25,0.10204081632653061,0.0
80,5,between_state,S077,Raw,0.32708333333333334,0.24908473879062115,0.11392405063291133
80,5,between_state,S077,Trait_LDA,0.3375,0.26126126126126126,0.10733262486716277
80,5,between_state,S077,State_LDA,0.29583333333333334,0.22957875457875457,0.0770042194092827
80,5,between_state,S077,Joint_LDA,0.25,0.09523809523809523,-0.0010593220338983578
80,5,between_state,S079,Raw,0.10555555555555556,0.10158730158730159,0.006917755572636186
80,5,between_state,S079,Trait_LDA,0.3333333333333333,0.20975609756097563,0.10344827586206895
80,5,between_state,S079,State_LDA,0.10555555555555556,0.10859728506787332,0.021212121212121238
80,5,between_state,S079,Joint_LDA,0.25,0.0782608695652174,0.008100810081008047
80,5,between_state,S080,Raw,0.2015151515151515,0.19779514603044018,0.04996915484268971
80,5,between_state,S080,Trait_LDA,0.2821969696969697,0.20075046904315197,0.04146170063246668
80,5,between_state,S080,State_LDA,0.1787878787878788,0.17692895339954165,0.03649635036496346
80,5,between_state,S080,Joint_LDA,0.2708333333333333,0.1403133903133903,0.02963473466574773
80,5,between_state,S082,Raw,0.32500000000000007,0.24759906759906763,0.12195121951219512
80,5,between_state,S082,Trait_LDA,0.275,0.1518375241779497,0.033333333333333326
80,5,between_state,S082,State_LDA,0.30000000000000004,0.22789554531490014,0.08943089430894313
80,5,between_state,S082,Joint_LDA,0.35,0.2375,0.1333333333333333
80,5,between_state,S083,Raw,0.32323232323232326,0.25037593984962403,0.09536082474226804
80,5,between_state,S083,Trait_LDA,0.21717171717171718,0.11869918699186993,-0.040447504302925985
80,5,between_state,S083,State_LDA,0.32323232323232326,0.2485552115583075,0.09380378657487098
80,5,between_state,S083,Joint_LDA,0.25,0.10465116279069768,-0.0042918454935623185
80,5,between_state,S084,Raw,0.18055555555555558,0.11481481481481481,-0.029189189189189113
80,5,between_state,S084,Trait_LDA,0.11458333333333333,0.09277310924369749,-0.13082039911308208
80,5,between_state,S084,State_LDA,0.20833333333333334,0.13425925925925927,-0.011013215859031034
80,5,between_state,S084,Joint_LDA,0.2222222222222222,0.09523809523809523,-0.040000000000000036
80,5,between_state,S086,Raw,0.3256361693861694,0.24015715467328375,0.11419753086419737
80,5,between_state,S086,Trait_LDA,0.1130050505050505,0.10296296296296296,-0.005301524188203954
80,5,between_state,S086,State_LDA,0.28018162393162394,0.1744047619047619,0.054573405073020775
80,5,between_state,S086,Joint_LDA,0.25,0.09,0.0
80,5,between_state,S087,Raw,0.21180555555555555,0.11507936507936507,0.052631578947368474
80,5,between_state,S087,Trait_LDA,0.1111111111111111,0.05161290322580645,-0.16040955631399334
80,5,between_state,S087,State_LDA,0.24305555555555555,0.12452107279693486,0.08012486992715928
80,5,between_state,S087,Joint_LDA,0.32936507936507936,0.20935960591133004,0.10933940774487472
80,5,between_state,S089,Raw,0.3044289044289044,0.25163398692810457,0.06557377049180335
80,5,between_state,S089,Trait_LDA,0.2606060606060606,0.1423611111111111,0.015625
80,5,between_state,S089,State_LDA,0.32365967365967363,0.2618489703573737,0.09099181073703377
80,5,between_state,S089,Joint_LDA,0.25,0.08461538461538462,0.0
80,5,between_state,S093,Raw,0.26944444444444443,0.2441558441558441,0.11701363962670497
80,5,between_state,S093,Trait_LDA,0.2875,0.24607843137254903,0.045031055900621064
80,5,between_state,S093,State_LDA,0.22083333333333333,0.21047619047619048,0.06751954513148528
80,5,between_state,S093,Joint_LDA,0.25,0.11538461538461539,0.0016792611251051914
80,5,between_state,S094,Raw,0.25,0.08372093023255814,0.014311270125223485
80,5,between_state,S094,Trait_LDA,0.29722222222222217,0.26090909090909087,0.05175600739371533
80,5,between_state,S094,State_LDA,0.25,0.08372093023255814,0.014311270125223485
80,5,between_state,S094,Joint_LDA,0.25,0.09782608695652174,0.0
80,5,between_state,S095,Raw,0.20625,0.11623931623931623,0.0051470588235293935
80,5,between_state,S095,Trait_LDA,0.22708333333333333,0.15929487179487178,-0.025000000000000133
80,5,between_state,S095,State_LDA,0.20625,0.11444444444444443,-0.0022222222222223476
80,5,between_state,S095,Joint_LDA,0.25,0.08163265306122448,0.0
80,5,between_state,S096,Raw,0.24583333333333335,0.16442307692307692,-0.008333333333333304
80,5,between_state,S096,Trait_LDA,0.2375,0.15293560606060608,-0.027472527472527375
80,5,between_state,S096,State_LDA,0.24583333333333335,0.16442307692307692,-0.008333333333333304
80,5,between_state,S096,Joint_LDA,0.25,0.09259259259259259,0.0
80,5,between_state,S098,Raw,0.20681818181818182,0.12268907563025211,-0.029929577464788748
80,5,between_state,S098,Trait_LDA,0.21875,0.07954545454545454,-0.03826955074875227
80,5,between_state,S098,State_LDA,0.20681818181818182,0.12268907563025211,-0.029929577464788748
80,5,between_state,S098,Joint_LDA,0.25,0.0851063829787234,0.0
80,5,between_state,S101,Raw,0.20454545454545453,0.19428571428571428,0.07894736842105265
80,5,between_state,S101,Trait_LDA,0.3625,0.35109890109890113,0.149171270718232
80,5,between_state,S101,State_LDA,0.20454545454545453,0.18434782608695652,0.06666666666666665
80,5,between_state,S101,Joint_LDA,0.25,0.11224489795918367,0.004115226337448652
80,5,between_state,S102,Raw,0.284469696969697,0.22891522988505747,0.05216752387950041
80,5,between_state,S102,Trait_LDA,0.25416666666666665,0.14950980392156862,0.0052238805970149516
80,5,between_state,S102,State_LDA,0.284469696969697,0.22891522988505747,0.05216752387950041
80,5,between_state,S102,Joint_LDA,0.25,0.10909090909090909,0.0
80,5,between_state,S103,Raw,0.2777534965034965,0.1831168831168831,0.14180929095354533
80,5,between_state,S103,Trait_LDA,0.24431818181818182,0.16190476190476188,-0.003549245785270605
80,5,between_state,S103,State_LDA,0.2777534965034965,0.18285714285714283,0.1375921375921375
80,5,between_state,S103,Joint_LDA,0.25,0.0851063829787234,0.0
80,5,between_state,S106,Raw,0.15865384615384615,0.10332594235033259,-0.04799165362545632
80,5,between_state,S106,Trait_LDA,0.1923076923076923,0.11647727272727273,-0.07844243792325067
80,5,between_state,S106,State_LDA,0.15865384615384615,0.10095440084835632,-0.05459317585301848
80,5,between_state,S106,Joint_LDA,0.2604895104895105,0.1642512077294686,0.017817371937638993
80,5,between_state,S107,Raw,0.07500000000000001,0.05921052631578947,-0.08541846419327004
80,5,between_state,S107,Trait_LDA,0.21785714285714286,0.1377840909090909,-0.06321839080459757
80,5,between_state,S107,State_LDA,0.07500000000000001,0.06266339869281046,-0.05803195962994101
80,5,between_state,S107,Joint_LDA,0.25,0.07954545454545454,0.0
80,5,between_state,S108,Raw,0.20934343434343433,0.20797623429202375,-0.06044376434583021
80,5,between_state,S108,Trait_LDA,0.19886363636363635,0.1388888888888889,-0.07441860465116279
80,5,between_state,S108,State_LDA,0.20934343434343433,0.20797623429202375,-0.06044376434583021
80,5,between_state,S108,Joint_LDA,0.275,0.14950980392156862,0.0337423312883437
80,5,between_state,S109,Raw,0.25,0.08888888888888888,0.007894736842105288
80,5,between_state,S109,Trait_LDA,0.24772727272727274,0.13986013986013984,0.00876424189307623
80,5,between_state,S109,State_LDA,0.28125,0.1642512077294686,0.035335689045936314
80,5,between_state,S109,Joint_LDA,0.35,0.2264957264957265,0.11902693310165069
80,6,between_state,S001,Raw,0.1951388888888889,0.14120694120694122,0.033333333333333326
80,6,between_state,S001,Trait_LDA,0.25,0.10465116279069768,0.0
80,6,between_state,S001,State_LDA,0.1951388888888889,0.13817663817663817,0.026119402985074647
80,6,between_state,S001,Joint_LDA,0.31875,0.21037868162692847,0.10559006211180133
80,6,between_state,S002,Raw,0.2852272727272727,0.24559324733237772,0.13385315139701115
80,6,between_state,S002,Trait_LDA,0.3375,0.2680229986731535,0.11182336182336183
80,6,between_state,S002,State_LDA,0.2602272727272727,0.23076923076923075,0.12300828553218612
80,6,between_state,S002,Joint_LDA,0.35833333333333334,0.2494824016563147,0.14569536423841056
80,6,between_state,S003,Raw,0.25277777777777777,0.19166666666666665,0.0024937655860348684
80,6,between_state,S003,Trait_LDA,0.20555555555555555,0.1367816091954023,-0.04832104832104833
80,6,between_state,S003,State_LDA,0.25277777777777777,0.19166666666666665,0.0024937655860348684
80,6,between_state,S003,Joint_LDA,0.375,0.24972191323692994,0.16666666666666663
80,6,between_state,S004,Raw,0.059027777777777776,0.04107142857142857,-0.18389553862894448
80,6,between_state,S004,Trait_LDA,0.2727272727272727,0.16094164456233423,0.052518756698821
80,6,between_state,S004,State_LDA,0.09027777777777778,0.05281385281385281,-0.15697036223929728
80,6,between_state,S004,Joint_LDA,0.25,0.11842105263157894,0.017341040462427793
80,6,between_state,S005,Raw,0.275,0.13541666666666666,0.02977099236641212
80,6,between_state,S005,Trait_LDA,0.24242424242424243,0.16228070175438597,-0.016800000000000148
80,6,between_state,S005,State_LDA,0.275,0.13541666666666666,0.02977099236641212
80,6,between_state,S005,Joint_LDA,0.25,0.09803921568627451,0.0
80,6,between_state,S006,Raw,0.3055555555555556,0.17986013986013988,0.09380378657487098
80,6,between_state,S006,Trait_LDA,0.225,0.09375,-0.034482758620689724
80,6,between_state,S006,State_LDA,0.3055555555555556,0.17986013986013988,0.09380378657487098
80,6,between_state,S006,Joint_LDA,0.25,0.10204081632653061,0.0
80,6,between_state,S007,Raw,0.2742424242424243,0.26925252525252524,0.14331619537275064
80,6,between_state,S007,Trait_LDA,0.20681818181818182,0.12222222222222223,-0.055595667870036
80,6,between_state,S007,State_LDA,0.2742424242424243,0.26925252525252524,0.14331619537275064
80,6,between_state,S007,Joint_LDA,0.21666666666666667,0.13871635610766045,-0.04415011037527594
80,6,between_state,S010,Raw,0.3313492063492064,0.18765432098765433,0.15555555555555556
80,6,between_state,S010,Trait_LDA,0.25575396825396823,0.1920637714688058,0.06052855924978684
80,6,between_state,S010,State_LDA,0.3313492063492064,0.228034188034188,0.1603927986906709
80,6,between_state,S010,Joint_LDA,0.25,0.09574468085106383,0.0
80,6,between_state,S011,Raw,0.3181818181818182,0.22894586894586894,0.13669064748201443
80,6,between_state,S011,Trait_LDA,0.25,0.20019157088122605,0.0
80,6,between_state,S011,State_LDA,0.3181818181818182,0.22894586894586894,0.13669064748201443
80,6,between_state,S011,Joint_LDA,0.2727272727272727,0.1411764705882353,0.030303030303030276
80,6,between_state,S012,Raw,0.24621212121212122,0.1488095238095238,-0.006622516556291647
80,6,between_state,S012,Trait_LDA,0.3181818181818182,0.2142857142857143,0.11111111111111116
80,6,between_state,S012,State_LDA,0.24621212121212122,0.1488095238095238,-0.006622516556291647
80,6,between_state,S012,Joint_LDA,0.25,0.11224489795918367,0.0
80,6,between_state,S013,Raw,0.14957264957264957,0.0942350332594235,-0.11884669479606202
80,6,between_state,S013,Trait_LDA,0.2722222222222222,0.15476190476190477,0.026748971193415683
80,6,between_state,S013,State_LDA,0.14957264957264957,0.0942350332594235,-0.11884669479606202
80,6,between_state,S013,Joint_LDA,0.25,0.11607142857142858,0.0
80,6,between_state,S014,Raw,0.2446969696969697,0.19465811965811966,0.07657657657657646
80,6,between_state,S014,Trait_LDA,0.4024621212121212,0.3516666666666667,0.24740622505985643
80,6,between_state,S014,State_LDA,0.22386363636363635,0.1813574660633484,0.06954612005856509
80,6,between_state,S014,Joint_LDA,0.28863636363636364,0.1925925925925926,0.052589641434262924
80,6,between_state,S016,Raw,0.26666666666666666,0.18037135278514588,0.01962708537782143
80,6,between_state,S016,Trait_LDA,0.37013888888888885,0.3434717456456587,0.16731898238747556
80,6,between_state,S016,State_LDA,0.26666666666666666,0.14675862068965517,0.02915451895043719
80,6,between_state,S016,Joint_LDA,0.3138888888888889,0.21282051282051284,0.08956692913385822
80,6,between_state,S018,Raw,0.34696969696969693,0.28183912861332217,0.11823647294589179
80,6,between_state,S018,Trait_LDA,0.22272727272727275,0.11666666666666667,-0.0307898259705488
80,6,between_state,S018,State_LDA,0.34696969696969693,0.28183912861332217,0.11823647294589179
80,6,between_state,S018,Joint_LDA,0.25,0.09259259259259259,0.0
80,6,between_state,S019,Raw,0.346969696969697,0.2488425925925926,0.10979228486646886
80,6,between_state,S019,Trait_LDA,0.26666666666666666,0.16805555555555557,0.00952380952380949
80,6,between_state,S019,State_LDA,0.346969696969697,0.2488425925925926,0.10979228486646886
80,6,between_state,S019,Joint_LDA,0.22727272727272727,0.11363636363636363,-0.036544850498339
80,6,between_state,S020,Raw,0.3402777777777778,0.21965811965811968,0.11151079136690645
80,6,between_state,S020,Trait_LDA,0.24027777777777776,0.15512820512820513,-0.01333333333333342
80,6,between_state,S020,State_LDA,0.3402777777777778,0.21965811965811968,0.11151079136690645
80,6,between_state,S020,Joint_LDA,0.2727272727272727,0.12937062937062938,0.02821869488536155
80,6,between_state,S021,Raw,0.15625,0.08333333333333333,-0.149514563106796
80,6,between_state,S021,Trait_LDA,0.25,0.15,0.0
80,6,between_state,S021,State_LDA,0.15625,0.08333333333333333,-0.149514563106796
80,6,between_state,S021,Joint_LDA,0.2986111111111111,0.18823529411764706,0.05932203389830504
80,6,between_state,S022,Raw,0.40909090909090906,0.3594322344322344,0.21212121212121215
80,6,between_state,S022,Trait_LDA,0.2954545454545454,0.1812987012987013,0.06766917293233088
80,6,between_state,S022,State_LDA,0.40909090909090906,0.3594322344322344,0.21212121212121215
80,6,between_state,S022,Joint_LDA,0.29545454545454547,0.19515669515669515,0.06060606060606055
80,6,between_state,S023,Raw,0.2481060606060606,0.14304812834224598,0.0008613264427218548
80,6,between_state,S023,Trait_LDA,0.3134469696969697,0.265993265993266,0.098786828422877
80,6,between_state,S023,State_LDA,0.2481060606060606,0.14304812834224598,0.0008613264427218548
80,6,between_state,S023,Joint_LDA,0.24621212121212122,0.15555555555555556,-0.005199306759098965
80,6,between_state,S024,Raw,0.3506944444444444,0.2222222222222222,0.12322274881516582
80,6,between_state,S024,Trait_LDA,0.25,0.09782608695652174,0.0
80,6,between_state,S024,State_LDA,0.3506944444444444,0.22390109890109888,0.12405303030303028
80,6,between_state,S024,Joint_LDA,0.225,0.1,-0.032901296111665035
80,6,between_state,S025,Raw,0.26237373737373737,0.2248538011695906,0.01757188498402562
80,6,between_state,S025,Trait_LDA,0.14545454545454545,0.09545454545454546,-0.13888888888888906
80,6,between_state,S025,State_LDA,0.23459595959595958,0.15999999999999998,-0.007930214115781098
80,6,between_state,S025,Joint_LDA,0.225,0.09183673469387756,-0.030636292223095163
80,6,between_state,S027,Raw,0.2904040404040404,0.19144144144144143,0.06237816764132553
80,6,between_state,S027,Trait_LDA,0.30288600288600287,0.26115288220551375,0.06963249516440995
80,6,between_state,S027,State_LDA,0.2904040404040404,0.19005847953216373,0.06054687499999989
80,6,between_state,S027,Joint_LDA,0.23636363636363636,0.17084826762246116,-0.020429009193054126
80,6,between_state,S029,Raw,0.40801282051282056,0.32070078940667174,0.2326530612244898
80,6,between_state,S029,Trait_LDA,0.2435897435897436,0.19501497646555413,-0.006731946144430845
80,6,between_state,S029,State_LDA,0.40801282051282056,0.32070078940667174,0.2326530612244898
80,6,between_state,S029,Joint_LDA,0.2875,0.19183673469387758,0.04024024024024031
80,6,between_state,S030,Raw,0.3,0.2603238866396761,0.06859205776173294
80,6,between_state,S030,Trait_LDA,0.22954545454545455,0.18994518994518994,-0.030501089324618702
80,6,between_state,S030,State_LDA,0.3,0.2603238866396761,0.06859205776173294
80,6,between_state,S030,Joint_LDA,0.25,0.10185185185185185,0.0
80,6,between_state,S031,Raw,0.23134920634920633,0.12380952380952379,0.01915070774354688
80,6,between_state,S031,Trait_LDA,0.23511904761904762,0.11071428571428571,-0.016393442622950616
80,6,between_state,S031,State_LDA,0.23134920634920633,0.12380952380952379,0.01915070774354688
80,6,between_state,S031,Joint_LDA,0.2111111111111111,0.14039408866995073,-0.05166051660516602
80,6,between_state,S032,Raw,0.275,0.14393939393939395,0.03384912959381048
80,6,between_state,S032,Trait_LDA,0.050505050505050504,0.04395604395604395,-0.1212121212121211
80,6,between_state,S032,State_LDA,0.29772727272727273,0.187984496124031,0.0678294573643411
80,6,between_state,S032,Joint_LDA,0.2857142857142857,0.16666666666666666,0.042786069651741254
80,6,between_state,S033,Raw,0.4,0.2582417582417582,0.180630284396618
80,6,between_state,S033,Trait_LDA,0.25555555555555554,0.17427325581395348,0.006254886630179812
80,6,between_state,S033,State_LDA,0.4,0.2582417582417582,0.180630284396618
80,6,between_state,S033,Joint_LDA,0.2583333333333333,0.16028708133971292,0.010124610591900396
80,6,between_state,S034,Raw,0.21500721500721498,0.18411764705882355,0.006896551724137834
80,6,between_state,S034,Trait_LDA,0.2398989898989899,0.20274170274170272,-0.006211180124223503
80,6,between_state,S034,State_LDA,0.18722943722943722,0.16115384615384615,-0.041916167664670656
80,6,between_state,S034,Joint_LDA,0.19480519480519481,0.12307692307692308,-0.0815450643776825
80,6,between_state,S035,Raw,0.25,0.1,0.0
80,6,between_state,S035,Trait_LDA,0.25,0.1,0.0
80,6,between_state,S035,State_LDA,0.25,0.1,0.0
80,6,between_state,S035,Joint_LDA,0.2727272727272727,0.14370748299319727,0.03252710592160135
80,6,between_state,S036,Raw,0.3046016483516484,0.20244755244755247,0.061463414634146285
80,6,between_state,S036,Trait_LDA,0.1875,0.08108108108108109,-0.06302131603336392
80,6,between_state,S036,State_LDA,0.3046016483516484,0.20244755244755247,0.061463414634146285
80,6,between_state,S036,Joint_LDA,0.25,0.13,0.0
80,6,between_state,S037,Raw,0.2604166666666667,0.1875,-0.0033444816053511683
80,6,between_state,S037,Trait_LDA,0.21875,0.08139534883720931,-0.03937007874015741
80,6,between_state,S037,State_LDA,0.28125,0.20869565217391306,0.028475711892797406
80,6,between_state,S037,Joint_LDA,0.25,0.0851063829787234,-0.0015649452269170805
80,6,between_state,S038,Raw,0.2777777777777778,0.13048128342245988,0.04694835680751175
80,6,between_state,S038,Trait_LDA,0.1597222222222222,0.11954022988505747,-0.101123595505618
80,6,between_state,S038,State_LDA,0.2777777777777778,0.13048128342245988,0.04694835680751175
80,6,between_state,S038,Joint_LDA,0.2777777777777778,0.14,0.030303030303030276
80,6,between_state,S039,Raw,0.2924242424242424,0.16733230926779316,0.08619246861924679
80,6,between_state,S039,Trait_LDA,0.2515151515151515,0.210632183908046,-0.013864818024263537
80,6,between_state,S039,State_LDA,0.2924242424242424,0.16498015873015873,0.07770270270270252
80,6,between_state,S039,Joint_LDA,0.24772727272727274,0.1335227272727273,-0.00444049733570151
80,6,between_state,S040,Raw,0.20707070707070707,0.173202614379085,0.1075197889182058
80,6,between_state,S040,Trait_LDA,0.2904040404040404,0.24962292609351433,0.05824446267432326
80,6,between_state,S040,State_LDA,0.23484848484848483,0.19824660633484162,0.13570487483530957
80,6,between_state,S040,Joint_LDA,0.1414141414141414,0.08682983682983683,-0.14251592356687892
80,6,between_state,S043,Raw,0.36363636363636365,0.18172458172458172,0.13555713271824
80,6,between_state,S043,Trait_LDA,0.26647727272727273,0.15372127872127872,0.01980198019801971
80,6,between_state,S043,State_LDA,0.38636363636363635,0.19411764705882353,0.15999999999999992
80,6,between_state,S043,Joint_LDA,0.28125,0.17592592592592593,0.03843008994276376
80,6,between_state,S044,Raw,0.2467948717948718,0.1388888888888889,0.046177138531415474
80,6,between_state,S044,Trait_LDA,0.3605769230769231,0.2716216216216216,0.1890587288817377
80,6,between_state,S044,State_LDA,0.22596153846153846,0.13181818181818183,0.023255813953488302
80,6,between_state,S044,Joint_LDA,0.3125,0.20192307692307693,0.08558558558558571
80,6,between_state,S045,Raw,0.2916666666666667,0.17877906976744184,0.04869762174405434
80,6,between_state,S045,Trait_LDA,0.19166666666666665,0.09027777777777778,-0.07252298263534196
80,6,between_state,S045,State_LDA,0.2916666666666667,0.17877906976744184,0.04869762174405434
80,6,between_state,S045,Joint_LDA,0.3333333333333333,0.2208672086720867,0.08596300326441797
80,6,between_state,S046,Raw,0.2638888888888889,0.1835637480798771,0.02114803625377637
80,6,between_state,S046,Trait_LDA,0.21875,0.08536585365853659,-0.03880597014925358
80,6,between_state,S046,State_LDA,0.2638888888888889,0.1835637480798771,0.02114803625377637
80,6,between_state,S046,Joint_LDA,0.23484848484848483,0.15833333333333333,-0.018867924528301883
80,6,between_state,S047,Raw,0.4895833333333333,0.31552795031055897,0.2721518987341772
80,6,between_state,S047,Trait_LDA,0.25,0.09183673469387756,0.0
80,6,between_state,S047,State_LDA,0.5173611111111112,0.4067252088241593,0.298804780876494
80,6,between_state,S047,Joint_LDA,0.25,0.09375,0.0008058017727640143
80,6,between_state,S048,Raw,0.2159090909090909,0.17626050420168066,0.02421307506053272
80,6,between_state,S048,Trait_LDA,0.24873737373737376,0.2185185185185185,-0.0025706940874037354
80,6,between_state,S048,State_LDA,0.2664141414141414,0.221231884057971,0.06990131578947367
80,6,between_state,S048,Joint_LDA,0.1590909090909091,0.08139534883720931,-0.12839059674502717
80,6,between_state,S049,Raw,0.3194444444444444,0.245748987854251,0.09999999999999998
80,6,between_state,S049,Trait_LDA,0.25,0.11320754716981132,0.0
80,6,between_state,S049,State_LDA,0.3194444444444444,0.245748987854251,0.09999999999999998
80,6,between_state,S049,Joint_LDA,0.25,0.12,0.0075125208681134925
80,6,between_state,S052,Raw,0.1590909090909091,0.142296918767507,0.036006546644844706
80,6,between_state,S052,Trait_LDA,0.3308080808080808,0.2886002886002886,0.12844036697247696
80,6,between_state,S052,State_LDA,0.1590909090909091,0.14705882352941177,0.04460665044606671
80,6,between_state,S052,Joint_LDA,0.23737373737373738,0.15572715572715573,-0.01333333333333342
80,6,between_state,S053,Raw,0.2297979797979798,0.18686868686868685,-0.013698630136986134
80,6,between_state,S053,Trait_LDA,0.15656565656565657,0.10476190476190475,-0.12893700787401574
80,6,between_state,S053,State_LDA,0.2297979797979798,0.18686868686868685,-0.013698630136986134
80,6,between_state,S053,Joint_LDA,0.25,0.11956521739130435,0.0041407867494823725
80,6,between_state,S054,Raw,0.4272727272727273,0.310989010989011,0.27393617021276595
80,6,between_state,S054,Trait_LDA,0.3090909090909091,0.275,0.08401084010840121
80,6,between_state,S054,State_LDA,0.4272727272727273,0.310989010989011,0.27393617021276595
80,6,between_state,S054,Joint_LDA,0.3,0.20391705069124422,0.06896551724137934
80,6,between_state,S055,Raw,0.45732323232323235,0.4194041252864783,0.29119170984455967
80,6,between_state,S055,Trait_LDA,0.3204545454545455,0.2246212121212121,0.10280373831775702
80,6,between_state,S055,State_LDA,0.4345959595959596,0.39948504654387007,0.25465838509316774
80,6,between_state,S055,Joint_LDA,0.25,0.1,0.0
80,6,between_state,S056,Raw,0.40737179487179487,0.33942307692307694,0.22488658457550226
80,6,between_state,S056,Trait_LDA,0.22916666666666666,0.09649122807017543,-0.0300703774792066
80,6,between_state,S056,State_LDA,0.40737179487179487,0.33942307692307694,0.22488658457550226
80,6,between_state,S056,Joint_LDA,0.2791666666666667,0.16458333333333333,0.04166666666666674
80,6,between_state,S057,Raw,0.30833333333333335,0.15714285714285714,0.08296943231441056
80,6,between_state,S057,Trait_LDA,0.25,0.11904761904761904,-0.0029850746268655914
80,6,between_state,S057,State_LDA,0.30833333333333335,0.15714285714285714,0.08296943231441056
80,6,between_state,S057,Joint_LDA,0.3068181818181818,0.21525096525096526,0.08553654743390349
80,6,between_state,S058,Raw,0.2779040404040404,0.2506127450980392,0.03840472673559836
80,6,between_state,S058,Trait_LDA,0.25,0.09615384615384616,0.0
80,6,between_state,S058,State_LDA,0.2779040404040404,0.2506127450980392,0.03840472673559836
80,6,between_state,S058,Joint_LDA,0.2777777777777778,0.15166666666666667,0.03669724770642213
80,6,between_state,S060,Raw,0.43118686868686873,0.3355218855218855,0.28283712784588444
80,6,between_state,S060,Trait_LDA,0.21306818181818182,0.13468992248062014,-0.05786618444846292
80,6,between_state,S060,State_LDA,0.40845959595959597,0.3241258741258741,0.25585429314830876
80,6,between_state,S060,Joint_LDA,0.30113636363636365,0.19090909090909092,0.06426735218508994
80,6,between_state,S062,Raw,0.3666666666666667,0.33580465587044533,0.1509303928325293
80,6,between_state,S062,Trait_LDA,0.3181818181818182,0.2307422969187675,0.09759547383309775
80,6,between_state,S062,State_LDA,0.3666666666666667,0.33580465587044533,0.1509303928325293
80,6,between_state,S062,Joint_LDA,0.25,0.1111111111111111,0.0014184397163120588
80,6,between_state,S064,Raw,0.2815656565656566,0.2635854341736695,0.04369332234130263
80,6,between_state,S064,Trait_LDA,0.24772727272727274,0.137987012987013,-0.0008340283569641116
80,6,between_state,S064,State_LDA,0.2815656565656566,0.21298474945533769,0.0507364975450082
80,6,between_state,S064,Joint_LDA,0.25,0.1,0.0
80,6,between_state,S065,Raw,0.26666666666666666,0.19002849002849004,0.09685695958948037
80,6,between_state,S065,Trait_LDA,0.36344696969696966,0.35355054302422717,0.16133424098025873
80,6,between_state,S065,State_LDA,0.25,0.1746031746031746,0.06683804627249346
80,6,between_state,S065,Joint_LDA,0.23125,0.1193390452876377,-0.01449275362318847
80,6,between_state,S066,Raw,0.20555555555555555,0.2085972850678733,0.08333333333333326
80,6,between_state,S066,Trait_LDA,0.22777777777777777,0.17424242424242425,-0.014184397163120588
80,6,between_state,S066,State_LDA,0.18055555555555555,0.18333333333333332,0.06760847628657929
80,6,between_state,S066,Joint_LDA,0.2777777777777778,0.1943573667711599,0.04166666666666663
80,6,between_state,S067,Raw,0.25,0.22893772893772893,0.0
80,6,between_state,S067,Trait_LDA,0.20454545454545456,0.16455026455026456,-0.06060606060606055
80,6,between_state,S067,State_LDA,0.25,0.22893772893772893,0.0
80,6,between_state,S067,Joint_LDA,0.22727272727272727,0.09433962264150944,-0.030303030303030276
80,6,between_state,S068,Raw,0.3181818181818182,0.19303135888501743,0.15217391304347816
80,6,between_state,S068,Trait_LDA,0.18181818181818182,0.12099358974358974,-0.09115523465703967
80,6,between_state,S068,State_LDA,0.3181818181818182,0.19303135888501743,0.15217391304347816
80,6,between_state,S068,Joint_LDA,0.29261363636363635,0.18928571428571428,0.05208333333333337
80,6,between_state,S070,Raw,0.045454545454545456,0.06153846153846154,0.03675538656527255
80,6,between_state,S070,Trait_LDA,0.37987012987012986,0.3235432330827067,0.15254237288135608
80,6,between_state,S070,State_LDA,0.045454545454545456,0.06153846153846154,0.03675538656527255
80,6,between_state,S070,Joint_LDA,0.19480519480519481,0.11994949494949494,-0.049180327868852514
80,6,between_state,S073,Raw,0.3232323232323232,0.26580459770114945,0.10958904109589052
80,6,between_state,S073,Trait_LDA,0.25,0.11224489795918367,0.0
80,6,between_state,S073,State_LDA,0.3232323232323232,0.26580459770114945,0.10958904109589052
80,6,between_state,S073,Joint_LDA,0.3207070707070707,0.2142857142857143,0.09395973154362403
80,6,between_state,S074,Raw,0.3451825951825952,0.2966666666666667,0.14479638009049767
80,6,between_state,S074,Trait_LDA,0.3787878787878788,0.34783216783216786,0.1831442463533225
80,6,between_state,S074,State_LDA,0.3451825951825952,0.2994252873563218,0.1530993278566094
80,6,between_state,S074,Joint_LDA,0.25,0.12037037037037036,0.003273322422258529
80,6,between_state,S075,Raw,0.25,0.12510760401721663,0.007031249999999933
80,6,between_state,S075,Trait_LDA,0.375,0.27847222222222223,0.17138237671786583
80,6,between_state,S075,State_LDA,0.25,0.12510760401721663,0.007031249999999933
80,6,between_state,S075,Joint_LDA,0.275,0.14209726443768997,0.032258064516129004
80,6,between_state,S076,Raw,0.20277777777777778,0.14994152046783624,-0.05866900175131362
80,6,between_state,S076,Trait_LDA,0.275,0.1503623188405797,0.03448275862068939
80,6,between_state,S076,State_LDA,0.20277777777777778,0.18473872854178455,-0.0680212014134276
80,6,between_state,S076,Joint_LDA,0.25,0.10204081632653061,0.0
80,6,between_state,S077,Raw,0.2326388888888889,0.16805194805194806,0.009433962264151052
80,6,between_state,S077,Trait_LDA,0.21875,0.09722222222222222,-0.042553191489361764
80,6,between_state,S077,State_LDA,0.2638888888888889,0.18805194805194805,0.04612159329140475
80,6,between_state,S077,Joint_LDA,0.21875,0.138996138996139,-0.03703703703703698
80,6,between_state,S078,Raw,0.15625,0.09528535980148883,-0.10807860262008728
80,6,between_state,S078,Trait_LDA,0.31875,0.2703962703962704,0.08396946564885499
80,6,between_state,S078,State_LDA,0.15625,0.09528535980148883,-0.10807860262008728
80,6,between_state,S078,Joint_LDA,0.21875,0.08333333333333333,-0.03923647932131491
80,6,between_state,S079,Raw,0.025,0.03076923076923077,-0.0014245014245015675
80,6,between_state,S079,Trait_LDA,0.3,0.22003577817531306,0.07317073170731714
80,6,between_state,S079,State_LDA,0.0,0.0,-0.02121640735502095
80,6,between_state,S079,Joint_LDA,0.25,0.14766081871345027,0.0
80,6,between_state,S080,Raw,0.22651515151515153,0.21266233766233764,0.06616729088639195
80,6,between_state,S080,Trait_LDA,0.31666666666666665,0.22265234765234765,0.09028256374913846
80,6,between_state,S080,State_LDA,0.2015151515151515,0.190995670995671,0.04466501240694798
80,6,between_state,S080,Joint_LDA,0.2481060606060606,0.1294871794871795,-0.0020703933747412417
80,6,between_state,S081,Raw,0.2471590909090909,0.23116883116883116,-0.00654664484451728
80,6,between_state,S081,Trait_LDA,0.39583333333333337,0.2489010989010989,0.17810331534309953
80,6,between_state,S081,State_LDA,0.2471590909090909,0.23116883116883116,-0.00654664484451728
80,6,between_state,S081,Joint_LDA,0.25,0.08163265306122448,0.0
80,6,between_state,S082,Raw,0.325,0.2699868247694335,0.15625
80,6,between_state,S082,Trait_LDA,0.275,0.18300438596491228,0.033333333333333326
80,6,between_state,S082,State_LDA,0.325,0.2699868247694335,0.15625
80,6,between_state,S082,Joint_LDA,0.22499999999999998,0.14592760180995476,-0.03333333333333344
80,6,between_state,S083,Raw,0.25,0.13296551724137934,0.005102040816326481
80,6,between_state,S083,Trait_LDA,0.2777777777777778,0.18333333333333335,0.032506415739948835
80,6,between_state,S083,State_LDA,0.25,0.13296551724137934,0.005102040816326481
80,6,between_state,S083,Joint_LDA,0.24444444444444446,0.14237516869095818,-0.007751937984496138
80,6,between_state,S087,Raw,0.2152777777777778,0.10833333333333332,0.02027748132337248
80,6,between_state,S087,Trait_LDA,0.2619047619047619,0.17916666666666667,0.006741573033707704
80,6,between_state,S087,State_LDA,0.2152777777777778,0.110752688172043,0.02857142857142858
80,6,between_state,S087,Joint_LDA,0.28174603174603174,0.18,0.040632054176072185
80,6,between_state,S089,Raw,0.3447552447552447,0.3290005316321106,0.11313868613138678
80,6,between_state,S089,Trait_LDA,0.33694638694638696,0.25728319783197834,0.10483870967741937
80,6,between_state,S089,State_LDA,0.3447552447552447,0.2649098270150902,0.11916628908019933
80,6,between_state,S089,Joint_LDA,0.26666666666666666,0.11671335200746966,0.019878997407087207
80,6,between_state,S093,Raw,0.19583333333333333,0.18696741854636592,0.049191848208011146
80,6,between_state,S093,Trait_LDA,0.3138888888888889,0.27476190476190476,0.09320695102685628
80,6,between_state,S093,State_LDA,0.19583333333333333,0.19047619047619047,0.055167597765363174
80,6,between_state,S093,Joint_LDA,0.2625,0.17857142857142855,0.018166804293971883
80,6,between_state,S098,Raw,0.2653409090909091,0.20560846560846563,0.07221750212404421
80,6,between_state,S098,Trait_LDA,0.25625,0.1602809706257982,0.0017064846416382506
80,6,between_state,S098,State_LDA,0.2653409090909091,0.20560846560846563,0.07221750212404421
80,6,between_state,S098,Joint_LDA,0.325,0.19523809523809524,0.0892410341951626
80,6,between_state,S099,Raw,0.16666666666666666,0.06153846153846154,-0.07863974495217851
80,6,between_state,S099,Trait_LDA,0.24553571428571427,0.12061403508771928,-0.004098360655737654
80,6,between_state,S099,State_LDA,0.16666666666666666,0.06315789473684211,-0.06842105263157894
80,6,between_state,S099,Joint_LDA,0.35714285714285715,0.2403846153846154,0.125
80,6,between_state,S101,Raw,0.25,0.24,0.1428571428571429
80,6,between_state,S101,Trait_LDA,0.4,0.34710144927536235,0.18741450068399457
80,6,between_state,S101,State_LDA,0.25,0.23393939393939395,0.13725490196078427
80,6,between_state,S101,Joint_LDA,0.28863636363636364,0.1846978557504873,0.04864864864864871
80,6,between_state,S102,Raw,0.25757575757575757,0.14929006085192698,0.03195352214960068
80,6,between_state,S102,Trait_LDA,0.20833333333333334,0.10869565217391304,-0.05189028910303928
80,6,between_state,S102,State_LDA,0.25757575757575757,0.14929006085192698,0.03195352214960068
80,6,between_state,S102,Joint_LDA,0.275,0.15656565656565657,0.033707865168539186
80,6,between_state,S103,Raw,0.21306818181818182,0.13333333333333333,0.05797101449275366
80,6,between_state,S103,Trait_LDA,0.25,0.11702127659574468,0.0036496350364962904
80,6,between_state,S103,State_LDA,0.21306818181818182,0.13333333333333333,0.05797101449275366
80,6,between_state,S103,Joint_LDA,0.21875,0.08974358974358974,-0.025472473294987807
80,6,between_state,S104,Raw,0.3693181818181818,0.2594009661835749,0.2139037433155081
80,6,between_state,S104,Trait_LDA,0.4119318181818182,0.3721638655462185,0.20711974110032372
80,6,between_state,S104,State_LDA,0.3693181818181818,0.2594009661835749,0.20711974110032372
80,6,between_state,S104,Joint_LDA,0.20454545454545456,0.1125,-0.060606060606060774
80,6,between_state,S105,Raw,0.075,0.03571428571428571,-0.05803195962994101
80,6,between_state,S105,Trait_LDA,0.25,0.09473684210526315,0.06498194945848379
80,6,between_state,S105,State_LDA,0.075,0.04285714285714286,-0.05803195962994101
80,6,between_state,S105,Joint_LDA,0.2777777777777778,0.12076923076923078,0.052182163187855735
80,6,between_state,S106,Raw,0.1778846153846154,0.10953846153846154,-0.02779234399580499
80,6,between_state,S106,Trait_LDA,0.23397435897435898,0.15263157894736842,-0.019111860595840247
80,6,between_state,S106,State_LDA,0.1778846153846154,0.10953846153846154,-0.02779234399580499
80,6,between_state,S106,Joint_LDA,0.2744755244755245,0.1791158536585366,0.03289473684210542
80,6,between_state,S107,Raw,0.125,0.09391124871001033,-0.039508340649692775
80,6,between_state,S107,Trait_LDA,0.26071428571428573,0.1829059829059829,0.02346041055718473
80,6,between_state,S107,State_LDA,0.1,0.07552889576883386,-0.06266318537859017
80,6,between_state,S107,Joint_LDA,0.28928571428571426,0.16466165413533834,0.04339796860572487
80,6,between_state,S109,Raw,0.275,0.1233201581027668,0.05125977410946991
80,6,between_state,S109,Trait_LDA,0.2215909090909091,0.11885369532428355,-0.034482758620689724
80,6,between_state,S109,State_LDA,0.275,0.12147001934235976,0.042944785276073816
80,6,between_state,S109,Joint_LDA,0.22499999999999998,0.14823529411764708,-0.034482758620689724
80,7,between_state,S001,Raw,0.1361111111111111,0.09047619047619046,-0.05581835383159883
80,7,between_state,S001,Trait_LDA,0.2222222222222222,0.09523809523809523,-0.03384615384615386
80,7,between_state,S001,State_LDA,0.1361111111111111,0.08850574712643677,-0.06488549618320616
80,7,between_state,S001,Joint_LDA,0.3416666666666667,0.23607427055702918,0.1311647429171039
80,7,between_state,S002,Raw,0.25606060606060604,0.21242236024844718,0.12020460358056273
80,7,between_state,S002,Trait_LDA,0.20189393939393943,0.1909983291562239,-0.060188542422044966
80,7,between_state,S002,State_LDA,0.25606060606060604,0.21051759834368527,0.11397295556986486
80,7,between_state,S002,Joint_LDA,0.325,0.2180232558139535,0.09090909090909094
80,7,between_state,S003,Raw,0.20277777777777778,0.16527777777777777,-0.06312292358803995
80,7,between_state,S003,Trait_LDA,0.26994949494949494,0.17200854700854698,0.023596419853539552
80,7,between_state,S003,State_LDA,0.23055555555555557,0.19642857142857142,-0.029045643153526868
80,7,between_state,S003,Joint_LDA,0.3416666666666667,0.2217741935483871,0.1162029459901801
80,7,between_state,S005,Raw,0.275,0.13541666666666666,0.02977099236641212
80,7,between_state,S005,Trait_LDA,0.25757575757575757,0.16230936819172115,0.007031249999999933
80,7,between_state,S005,State_LDA,0.275,0.13541666666666666,0.02977099236641212
80,7,between_state,S005,Joint_LDA,0.25,0.09803921568627451,0.0
80,7,between_state,S006,Raw,0.3194444444444444,0.20644490644490646,0.10687022900763365
80,7,between_state,S006,Trait_LDA,0.25,0.10465116279069768,-0.0042918454935623185
80,7,between_state,S006,State_LDA,0.3194444444444444,0.20644490644490646,0.10687022900763365
80,7,between_state,S006,Joint_LDA,0.25,0.10204081632653061,0.0
80,7,between_state,S008,Raw,0.1893939393939394,0.09047619047619046,-0.03568464730290466
80,7,between_state,S008,Trait_LDA,0.25757575757575757,0.21346153846153848,0.020779220779220675
80,7,between_state,S008,State_LDA,0.1893939393939394,0.09047619047619046,-0.03568464730290466
80,7,between_state,S008,Joint_LDA,0.29545454545454547,0.1671511627906977,0.05862068965517242
80,7,between_state,S009,Raw,0.26111111111111107,0.23535353535353534,-0.01903695408734607
80,7,between_state,S009,Trait_LDA,0.3194444444444445,0.2626068376068376,0.09346846846846857
80,7,between_state,S009,State_LDA,0.26111111111111107,0.23535353535353534,-0.01903695408734607
80,7,between_state,S009,Joint_LDA,0.16666666666666666,0.09934318555008209,-0.09947643979057585
80,7,between_state,S010,Raw,0.27619047619047615,0.25565610859728505,0.16324981017463924
80,7,between_state,S010,Trait_LDA,0.2591269841269841,0.14274891774891776,0.014693171996542853
80,7,between_state,S010,State_LDA,0.2484126984126984,0.2283833813245578,0.14027149321266963
80,7,between_state,S010,Joint_LDA,0.25,0.09574468085106383,0.0
80,7,between_state,S012,Raw,0.3522727272727273,0.3009803921568628,0.12603495860165603
80,7,between_state,S012,Trait_LDA,0.3181818181818182,0.23214285714285715,0.11969111969111967
80,7,between_state,S012,State_LDA,0.3522727272727273,0.3026565464895635,0.12199630314232912
80,7,between_state,S012,Joint_LDA,0.25,0.06818181818181818,0.0
80,7,between_state,S013,Raw,0.1985236985236985,0.11440905190905191,-0.04659248956884565
80,7,between_state,S013,Trait_LDA,0.28888888888888886,0.18311403508771928,0.040446304044630565
80,7,between_state,S013,State_LDA,0.22125097125097123,0.1564085093496858,-0.0245269796776455
80,7,between_state,S013,Joint_LDA,0.25,0.10185185185185185,0.0
80,7,between_state,S014,Raw,0.25284090909090906,0.18315850815850818,0.054573405073020775
80,7,between_state,S014,Trait_LDA,0.19886363636363635,0.15357142857142858,-0.03282442748091596
80,7,between_state,S014,State_LDA,0.23200757575757575,0.1653726453726454,0.04794007490636709
80,7,between_state,S014,Joint_LDA,0.2375,0.1546653144016227,-0.027485852869846505
80,7,between_state,S015,Raw,0.175,0.18153846153846154,0.10928242264647792
80,7,between_state,S015,Trait_LDA,0.42916666666666664,0.31673280423280425,0.29484029484029495
80,7,between_state,S015,State_LDA,0.2,0.20571428571428568,0.13055003313452618
80,7,between_state,S015,Joint_LDA,0.20833333333333334,0.10416666666666667,-0.06005004170141781
80,7,between_state,S017,Raw,0.2215909090909091,0.1181818181818182,-0.0007627765064834868
80,7,between_state,S017,Trait_LDA,0.25,0.10784313725490197,0.0024330900243308973
80,7,between_state,S017,State_LDA,0.2215909090909091,0.1181818181818182,-0.0007627765064834868
80,7,between_state,S017,Joint_LDA,0.1581196581196581,0.08423913043478261,-0.12814465408805042
80,7,between_state,S018,Raw,0.3691919191919192,0.296969696969697,0.14247311827957
80,7,between_state,S018,Trait_LDA,0.19206349206349205,0.18356643356643357,-0.05335157318741457
80,7,between_state,S018,State_LDA,0.3691919191919192,0.296969696969697,0.14247311827957
80,7,between_state,S018,Joint_LDA,0.25,0.08490566037735849,0.0
80,7,between_state,S019,Raw,0.346969696969697,0.3051900584795322,0.1455108359133127
80,7,between_state,S019,Trait_LDA,0.2916666666666667,0.17613636363636365,0.04661016949152552
80,7,between_state,S019,State_LDA,0.38863636363636367,0.3351988568706835,0.18602261048304214
80,7,between_state,S019,Joint_LDA,0.25,0.07142857142857142,0.0
80,7,between_state,S021,Raw,0.3191287878787879,0.2801724137931034,0.12252964426877466
80,7,between_state,S021,Trait_LDA,0.2777777777777778,0.17448405253283303,0.03384912959381048
80,7,between_state,S021,State_LDA,0.29640151515151514,0.26785714285714285,0.08777120315581854
80,7,between_state,S021,Joint_LDA,0.17897727272727273,0.09895833333333333,-0.10928433268858817
80,7,between_state,S022,Raw,0.43181818181818177,0.3517071524966262,0.24242424242424243
80,7,between_state,S022,Trait_LDA,0.2727272727272727,0.21086500033868455,0.030303030303030276
80,7,between_state,S022,State_LDA,0.43181818181818177,0.3517071524966262,0.24242424242424243
80,7,between_state,S022,Joint_LDA,0.20454545454545453,0.1388888888888889,-0.06060606060606055
80,7,between_state,S023,Raw,0.2689393939393939,0.14444444444444443,0.05485232067510548
80,7,between_state,S023,Trait_LDA,0.25,0.1778846153846154,0.014778325123152691
80,7,between_state,S023,State_LDA,0.2689393939393939,0.14444444444444443,0.05485232067510548
80,7,between_state,S023,Joint_LDA,0.2604166666666667,0.1388888888888889,0.01273885350318471
80,7,between_state,S024,Raw,0.28125,0.14871794871794872,0.042186001917545624
80,7,between_state,S024,Trait_LDA,0.25,0.1,-0.0009661835748793202
80,7,between_state,S024,State_LDA,0.28125,0.1482176360225141,0.04034582132564846
80,7,between_state,S024,Joint_LDA,0.25,0.10869565217391304,0.0019980019980019303
80,7,between_state,S026,Raw,0.2861111111111111,0.2238930659983291,0.06525157232704415
80,7,between_state,S026,Trait_LDA,0.2847222222222222,0.21815820345232112,0.0383111806098515
80,7,between_state,S026,State_LDA,0.30694444444444446,0.24229691876750697,0.09606299212598424
80,7,between_state,S026,Joint_LDA,0.25,0.11538461538461539,0.0016792611251051914
80,7,between_state,S028,Raw,0.28409090909090906,0.1908780903665814,0.0713101160862355
80,7,between_state,S028,Trait_LDA,0.3,0.21651713825626867,0.08629441624365497
80,7,between_state,S028,State_LDA,0.3090909090909091,0.2104084321475626,0.11257189811010682
80,7,between_state,S028,Joint_LDA,0.21875,0.07446808510638298,-0.0336726703210648
80,7,between_state,S029,Raw,0.32884615384615384,0.2743924191750279,0.1832959641255606
80,7,between_state,S029,Trait_LDA,0.2692307692307693,0.20594454887218044,0.027980535279805374
80,7,between_state,S029,State_LDA,0.32884615384615384,0.2826739926739926,0.19413716814159288
80,7,between_state,S029,Joint_LDA,0.375,0.27662037037037035,0.15655940594059414
80,7,between_state,S030,Raw,0.3181818181818182,0.2668067226890756,0.09572153734590294
80,7,between_state,S030,Trait_LDA,0.2727272727272727,0.17907801418439717,0.03125000000000022
80,7,between_state,S030,State_LDA,0.3181818181818182,0.2668067226890756,0.09572153734590294
80,7,between_state,S030,Joint_LDA,0.25,0.10185185185185185,0.0
80,7,between_state,S031,Raw,0.2642857142857143,0.11819819819819818,0.03716216216216206
80,7,between_state,S031,Trait_LDA,0.16904761904761906,0.14567006269592475,-0.11447492904446555
80,7,between_state,S031,State_LDA,0.2642857142857143,0.11819819819819818,0.03716216216216206
80,7,between_state,S031,Joint_LDA,0.19047619047619047,0.1125,-0.059233449477351874
80,7,between_state,S033,Raw,0.47991452991452993,0.3877005347593583,0.29750778816199375
80,7,between_state,S033,Trait_LDA,0.28888888888888886,0.19799498746867167,0.0390625
80,7,between_state,S033,State_LDA,0.47991452991452993,0.3877005347593583,0.29750778816199375
80,7,between_state,S033,Joint_LDA,0.2777777777777778,0.15406162464985995,0.03125
80,7,between_state,S037,Raw,0.3645833333333333,0.3106060606060606,0.1362126245847176
80,7,between_state,S037,Trait_LDA,0.25,0.09090909090909091,-0.0062893081761006275
80,7,between_state,S037,State_LDA,0.3895833333333333,0.3310276679841897,0.17081260364842454
80,7,between_state,S037,Joint_LDA,0.25,0.11764705882352941,0.0017825311942959443
80,7,between_state,S039,Raw,0.24886363636363637,0.167989417989418,0.07748776508972266
80,7,between_state,S039,Trait_LDA,0.21628787878787878,0.18935185185185183,-0.06122448979591821
80,7,between_state,S039,State_LDA,0.24886363636363637,0.16982091982091982,0.08198051948051943
80,7,between_state,S039,Joint_LDA,0.2,0.09302325581395349,-0.04675324675324677
80,7,between_state,S040,Raw,0.14962121212121213,0.15714285714285714,0.09004438807863024
80,7,between_state,S040,Trait_LDA,0.3787878787878788,0.31646825396825395,0.16666666666666663
80,7,between_state,S040,State_LDA,0.14962121212121213,0.1603174603174603,0.09634760705289658
80,7,between_state,S040,Joint_LDA,0.25,0.12533875338753386,0.0
80,7,between_state,S041,Raw,0.4040404040404041,0.3902987693310274,0.1972477064220184
80,7,between_state,S041,Trait_LDA,0.21022727272727273,0.16742424242424242,-0.06044376434583021
80,7,between_state,S041,State_LDA,0.4040404040404041,0.3902987693310274,0.1972477064220184
80,7,between_state,S041,Joint_LDA,0.24621212121212122,0.15045766590389015,-0.00540540540540535
80,7,between_state,S042,Raw,0.275,0.15076923076923077,0.12355848434925865
80,7,between_state,S042,Trait_LDA,0.3664772727272727,0.2659722222222222,0.15241635687732347
80,7,between_state,S042,State_LDA,0.275,0.15333333333333332,0.130718954248366
80,7,between_state,S042,Joint_LDA,0.3055555555555556,0.18421052631578946,0.08007448789571692
80,7,between_state,S043,Raw,0.3607954545454546,0.1869565217391304,0.1327433628318586
80,7,between_state,S043,Trait_LDA,0.2727272727272727,0.12329931972789115,0.027368421052631597
80,7,between_state,S043,State_LDA,0.3607954545454546,0.18619047619047618,0.13465783664459152
80,7,between_state,S043,Joint_LDA,0.28125,0.1613247863247863,0.034482758620689724
80,7,between_state,S044,Raw,0.33974358974358976,0.2333333333333333,0.2128935532233882
80,7,between_state,S044,Trait_LDA,0.358974358974359,0.2684684684684685,0.18446601941747576
80,7,between_state,S044,State_LDA,0.33974358974358976,0.2333333333333333,0.2128935532233882
80,7,between_state,S044,Joint_LDA,0.28205128205128205,0.20855614973262032,0.05161290322580647
80,7,between_state,S045,Raw,0.25,0.11363636363636363,0.004550625711035261
80,7,between_state,S045,Trait_LDA,0.13333333333333333,0.1038961038961039,-0.12668743509865021
80,7,between_state,S045,State_LDA,0.25,0.11363636363636363,0.004550625711035261
80,7,between_state,S045,Joint_LDA,0.2472222222222222,0.1388888888888889,-0.008869179600886845
80,7,between_state,S047,Raw,0.3611111111111111,0.18827838827838828,0.1346153846153847
80,7,between_state,S047,Trait_LDA,0.25,0.10227272727272728,-0.008130081300812941
80,7,between_state,S047,State_LDA,0.3611111111111111,0.18827838827838828,0.1346153846153847
80,7,between_state,S047,Joint_LDA,0.25,0.09183673469387756,0.0
80,7,between_state,S049,Raw,0.42361111111111116,0.33881422924901183,0.2689922480620155
80,7,between_state,S049,Trait_LDA,0.25277777777777777,0.20454212454212456,-0.0007874015748030594
80,7,between_state,S049,State_LDA,0.42361111111111116,0.33881422924901183,0.2689922480620155
80,7,between_state,S049,Joint_LDA,0.225,0.09574468085106383,-0.029019607843137285
80,7,between_state,S050,Raw,0.2931818181818182,0.19649122807017544,0.15407854984894265
80,7,between_state,S050,Trait_LDA,0.26969696969696966,0.225,0.030100334448160515
80,7,between_state,S050,State_LDA,0.2931818181818182,0.19649122807017544,0.15407854984894265
80,7,between_state,S050,Joint_LDA,0.2111111111111111,0.1359447004608295,-0.05004101722723542
80,7,between_state,S051,Raw,0.39015151515151514,0.34034178187403996,0.182615629984051
80,7,between_state,S051,Trait_LDA,0.33106060606060606,0.25595238095238093,0.09748427672955984
80,7,between_state,S051,State_LDA,0.39015151515151514,0.34034178187403996,0.182615629984051
80,7,between_state,S051,Joint_LDA,0.3055555555555556,0.195578231292517,0.07119741100323629
80,7,between_state,S052,Raw,0.18181818181818182,0.18571428571428572,0.08872901678657064
80,7,between_state,S052,Trait_LDA,0.1691919191919192,0.13965141612200432,0.0
80,7,between_state,S052,State_LDA,0.1590909090909091,0.16153846153846155,0.06656101426307448
80,7,between_state,S052,Joint_LDA,0.25,0.18,0.0
80,7,between_state,S053,Raw,0.24747474747474746,0.2409867172675522,0.0244140625
80,7,between_state,S053,Trait_LDA,0.25,0.125,0.009560229445506718
80,7,between_state,S053,State_LDA,0.24747474747474746,0.2409867172675522,0.0244140625
80,7,between_state,S053,Joint_LDA,0.20833333333333331,0.1388888888888889,-0.04323308270676707
80,7,between_state,S054,Raw,0.42727272727272725,0.3078787878787879,0.2694023193577163
80,7,between_state,S054,Trait_LDA,0.3772727272727273,0.3315637065637066,0.1926192619261926
80,7,between_state,S054,State_LDA,0.42727272727272725,0.3043137254901961,0.2674418604651163
80,7,between_state,S054,Joint_LDA,0.2863636363636364,0.20202020202020202,0.0504959422903517
80,7,between_state,S055,Raw,0.40555555555555556,0.36451706188548294,0.2540894220283534
80,7,between_state,S055,Trait_LDA,0.34595959595959597,0.27956989247311825,0.11384615384615382
80,7,between_state,S055,State_LDA,0.40555555555555556,0.36451706188548294,0.2540894220283534
80,7,between_state,S055,Joint_LDA,0.25,0.10869565217391304,0.0
80,7,between_state,S056,Raw,0.33814102564102566,0.24610974610974612,0.13712807244501946
80,7,between_state,S056,Trait_LDA,0.2483974358974359,0.13154761904761905,-0.001280409731113874
80,7,between_state,S056,State_LDA,0.33814102564102566,0.244281045751634,0.13656957928802593
80,7,between_state,S056,Joint_LDA,0.2676282051282051,0.15806159420289856,0.02316602316602312
80,7,between_state,S058,Raw,0.3242424242424242,0.3126262626262626,0.10773899848254942
80,7,between_state,S058,Trait_LDA,0.2263888888888889,0.1816698292220114,-0.022123893805309658
80,7,between_state,S058,State_LDA,0.34924242424242424,0.34503968253968254,0.1389521640091116
80,7,between_state,S058,Joint_LDA,0.23055555555555554,0.1458966565349544,-0.02742772424017792
80,7,between_state,S059,Raw,0.12713675213675213,0.16499999999999998,0.09549274255156615
80,7,between_state,S059,Trait_LDA,0.31837606837606836,0.3018774703557312,0.11641791044776117
80,7,between_state,S059,State_LDA,0.10790598290598291,0.14333333333333334,0.07639939485627867
80,7,between_state,S059,Joint_LDA,0.358974358974359,0.27011494252873564,0.19731404958677679
80,7,between_state,S060,Raw,0.514520202020202,0.4334065934065934,0.3948275862068966
80,7,between_state,S060,Trait_LDA,0.3210227272727273,0.27742149491375495,0.08976660682226201
80,7,between_state,S060,State_LDA,0.514520202020202,0.4334065934065934,0.3948275862068966
80,7,between_state,S060,Joint_LDA,0.2556818181818182,0.15073529411764708,-2.220446049250313e-16
80,7,between_state,S062,Raw,0.44621212121212117,0.40116632860040574,0.26717557251908397
80,7,between_state,S062,Trait_LDA,0.3568181818181818,0.34554334554334554,0.1497584541062802
80,7,between_state,S062,State_LDA,0.44621212121212117,0.40116632860040574,0.26717557251908397
80,7,between_state,S062,Joint_LDA,0.225,0.08490566037735849,-0.030100334448160515
80,7,between_state,S063,Raw,0.275,0.17669172932330826,0.03171953255425708
80,7,between_state,S063,Trait_LDA,0.25,0.11538461538461539,0.0
80,7,between_state,S063,State_LDA,0.275,0.17756410256410254,0.03171953255425708
80,7,between_state,S063,Joint_LDA,0.16875,0.12083333333333332,-0.07594936708860756
80,7,between_state,S064,Raw,0.3547979797979798,0.33645224171539956,0.14049586776859513
80,7,between_state,S064,Trait_LDA,0.27323232323232327,0.20911820911820914,0.029288702928870203
80,7,between_state,S064,State_LDA,0.3547979797979798,0.2720107962213225,0.14684167350287114
80,7,between_state,S064,Joint_LDA,0.25,0.09183673469387756,0.0
80,7,between_state,S065,Raw,0.11458333333333333,0.09692307692307693,-0.041744548286604344
80,7,between_state,S065,Trait_LDA,0.3412878787878788,0.2928321678321678,0.10142954390741987
80,7,between_state,S065,State_LDA,0.13958333333333334,0.12126984126984128,-0.01622971285892638
80,7,between_state,S065,Joint_LDA,0.19583333333333333,0.13468992248062014,-0.0778097982708934
80,7,between_state,S067,Raw,0.2727272727272727,0.2549019607843137,0.030303030303030276
80,7,between_state,S067,Trait_LDA,0.36363636363636365,0.361900299850075,0.1515151515151515
80,7,between_state,S067,State_LDA,0.2727272727272727,0.2549019607843137,0.030303030303030276
80,7,between_state,S067,Joint_LDA,0.25,0.1,0.0
80,7,between_state,S068,Raw,0.3005050505050505,0.20946305156831474,0.10186005314437552
80,7,between_state,S068,Trait_LDA,0.13636363636363635,0.10472727272727274,-0.10852713178294571
80,7,between_state,S068,State_LDA,0.3005050505050505,0.20946305156831474,0.10186005314437552
80,7,between_state,S068,Joint_LDA,0.21180555555555555,0.125,-0.04873949579831938
80,7,between_state,S069,Raw,0.18181818181818182,0.06530612244897958,-0.08758568164508751
80,7,between_state,S069,Trait_LDA,0.3106060606060606,0.19696969696969696,0.07727272727272716
80,7,between_state,S069,State_LDA,0.18181818181818182,0.06530612244897958,-0.08758568164508751
80,7,between_state,S069,Joint_LDA,0.25,0.10377358490566038,0.0
80,7,between_state,S070,Raw,0.08116883116883117,0.11153846153846154,0.05792488860598355
80,7,between_state,S070,Trait_LDA,0.18181818181818182,0.09302325581395349,-0.09965635738831602
80,7,between_state,S070,State_LDA,0.08116883116883117,0.10153846153846154,0.04945407835581239
80,7,between_state,S070,Joint_LDA,0.2727272727272727,0.19871794871794873,0.03448275862068961
80,7,between_state,S071,Raw,0.225,0.10775193798449612,-0.01650738488271064
80,7,between_state,S071,Trait_LDA,0.225,0.12857142857142856,-0.034482758620689724
80,7,between_state,S071,State_LDA,0.225,0.10775193798449612,-0.01650738488271064
80,7,between_state,S071,Joint_LDA,0.21666666666666667,0.12955465587044535,-0.04134366925064614
80,7,between_state,S073,Raw,0.297979797979798,0.25555555555555554,0.06510851419031716
80,7,between_state,S073,Trait_LDA,0.22727272727272727,0.1,-0.03270223752151469
80,7,between_state,S073,State_LDA,0.297979797979798,0.25587606837606836,0.06666666666666665
80,7,between_state,S073,Joint_LDA,0.2878787878787879,0.18681318681318682,0.05405405405405406
80,7,between_state,S075,Raw,0.19999999999999998,0.09523809523809523,-0.05703124999999987
80,7,between_state,S075,Trait_LDA,0.3318181818181818,0.2416267942583732,0.110128617363344
80,7,between_state,S075,State_LDA,0.19999999999999998,0.09523809523809523,-0.05703124999999987
80,7,between_state,S075,Joint_LDA,0.2727272727272727,0.14166666666666666,0.03149606299212593
80,7,between_state,S077,Raw,0.2048611111111111,0.1111111111111111,-0.025104602510460428
80,7,between_state,S077,Trait_LDA,0.2673611111111111,0.17615384615384616,0.020452099031216475
80,7,between_state,S077,State_LDA,0.2326388888888889,0.1261808367071525,0.010471204188481686
80,7,between_state,S077,Joint_LDA,0.21875,0.138996138996139,-0.03703703703703698
80,7,between_state,S078,Raw,0.2743055555555556,0.2682932263814617,0.04162102957283664
80,7,between_state,S078,Trait_LDA,0.3055555555555556,0.27408026755852843,0.05507559395248374
80,7,between_state,S078,State_LDA,0.2743055555555556,0.2682932263814617,0.04162102957283664
80,7,between_state,S078,Joint_LDA,0.25,0.09302325581395349,0.0
80,7,between_state,S079,Raw,0.0,0.0,-0.0069735006973501434
80,7,between_state,S079,Trait_LDA,0.25,0.10416666666666667,0.0
80,7,between_state,S079,State_LDA,0.0,0.0,0.0
80,7,between_state,S079,Joint_LDA,0.2472222222222222,0.1288109756097561,-0.005474452554744769
80,7,between_state,S080,Raw,0.2515151515151515,0.23524318818436463,0.09476309226932667
80,7,between_state,S080,Trait_LDA,0.35833333333333334,0.2656926406926407,0.146814404432133
80,7,between_state,S080,State_LDA,0.2037878787878788,0.19880952380952382,0.05230769230769239
80,7,between_state,S080,Joint_LDA,0.26666666666666666,0.1525,0.02419354838709664
80,7,between_state,S081,Raw,0.2617424242424242,0.2719867851446799,0.0016233766233765268
80,7,between_state,S081,Trait_LDA,0.23958333333333334,0.17360114777618366,-0.03333333333333344
80,7,between_state,S081,State_LDA,0.2617424242424242,0.2719867851446799,0.0016233766233765268
80,7,between_state,S081,Joint_LDA,0.25,0.09803921568627451,0.0
80,7,between_state,S083,Raw,0.3055555555555556,0.2057057057057057,0.06426735218509005
80,7,between_state,S083,Trait_LDA,0.16666666666666666,0.11145510835913312,-0.10282776349614386
80,7,between_state,S083,State_LDA,0.3055555555555556,0.2057057057057057,0.06426735218509005
80,7,between_state,S083,Joint_LDA,0.2777777777777778,0.17307692307692307,0.033333333333333326
80,7,between_state,S084,Raw,0.24305555555555555,0.1286231884057971,0.0484391819160388
80,7,between_state,S084,Trait_LDA,0.29166666666666663,0.21241565452091765,0.08004509582863595
80,7,between_state,S084,State_LDA,0.24305555555555555,0.1286231884057971,0.0484391819160388
80,7,between_state,S084,Joint_LDA,0.19444444444444442,0.11458333333333333,-0.08000000000000007
80,7,between_state,S085,Raw,0.32291666666666663,0.18019480519480519,0.05818181818181822
80,7,between_state,S085,Trait_LDA,0.25,0.08888888888888889,0.0
80,7,between_state,S085,State_LDA,0.32291666666666663,0.18019480519480519,0.05818181818181822
80,7,between_state,S085,Joint_LDA,0.1794871794871795,0.13225806451612904,-0.04421448730009425
80,7,between_state,S089,Raw,0.33869463869463867,0.2482258064516129,0.11354309165526666
80,7,between_state,S089,Trait_LDA,0.24242424242424243,0.1823949579831933,-0.0026525198938991412
80,7,between_state,S089,State_LDA,0.33869463869463867,0.24653846153846154,0.11435079726651487
80,7,between_state,S089,Joint_LDA,0.26666666666666666,0.12941176470588237,0.02262443438914019
80,7,between_state,S091,Raw,0.22916666666666666,0.10377358490566038,-0.030878859857482288
80,7,between_state,S091,Trait_LDA,0.16666666666666666,0.06382978723404255,-0.10043668122270732
80,7,between_state,S091,State_LDA,0.22916666666666666,0.10377358490566038,-0.030878859857482288
80,7,between_state,S091,Joint_LDA,0.25,0.1111111111111111,0.0
80,7,between_state,S093,Raw,0.21944444444444444,0.18036363636363636,0.039531478770131856
80,7,between_state,S093,Trait_LDA,0.24583333333333335,0.234860248447205,-0.009531374106433788
80,7,between_state,S093,State_LDA,0.21944444444444444,0.18036363636363636,0.039531478770131856
80,7,between_state,S093,Joint_LDA,0.26666666666666666,0.17216117216117216,0.02305918524212136
80,7,between_state,S094,Raw,0.3,0.17142857142857143,0.0681198910081744
80,7,between_state,S094,Trait_LDA,0.3027777777777778,0.19308943089430897,0.06472196900638094
80,7,between_state,S094,State_LDA,0.27499999999999997,0.14994152046783626,0.03448275862068961
80,7,between_state,S094,Joint_LDA,0.2,0.09302325581395349,-0.0664172123479887
80,7,between_state,S095,Raw,0.15,0.05714285714285714,-0.019176136363636465
80,7,between_state,S095,Trait_LDA,0.2727272727272727,0.14050235478806908,0.030732860520094496
80,7,between_state,S095,State_LDA,0.15,0.06857142857142857,-0.019176136363636243
80,7,between_state,S095,Joint_LDA,0.3375,0.213768115942029,0.10399397136397892
80,7,between_state,S096,Raw,0.25,0.16888045540796964,0.0
80,7,between_state,S096,Trait_LDA,0.2625,0.18397997496871088,0.011235955056179692
80,7,between_state,S096,State_LDA,0.275,0.1846590909090909,0.03163686382393405
80,7,between_state,S096,Joint_LDA,0.26666666666666666,0.14761904761904762,0.017591339648173276
80,7,between_state,S098,Raw,0.24034090909090908,0.18588779641411218,0.03989813242784379
80,7,between_state,S098,Trait_LDA,0.35624999999999996,0.28248847926267284,0.12359550561797772
80,7,between_state,S098,State_LDA,0.24034090909090908,0.18189919242550817,0.03084832904884305
80,7,between_state,S098,Joint_LDA,0.2545454545454546,0.16925465838509318,0.0036496350364962904
80,7,between_state,S099,Raw,0.21031746031746032,0.13155080213903741,-0.03157894736842115
80,7,between_state,S099,Trait_LDA,0.24553571428571427,0.12032085561497327,-0.009268795056642576
80,7,between_state,S099,State_LDA,0.21031746031746032,0.12987012987012986,-0.04144527098831019
80,7,between_state,S099,Joint_LDA,0.33035714285714285,0.22619047619047616,0.08088235294117652
80,7,between_state,S101,Raw,0.275,0.22923280423280423,0.13672593500919683
80,7,between_state,S101,Trait_LDA,0.4708333333333333,0.3330168923635348,0.2869682646860229
80,7,between_state,S101,State_LDA,0.275,0.22776221599751012,0.13140037014188777
80,7,between_state,S101,Joint_LDA,0.29545454545454547,0.19615384615384618,0.06060606060606055
80,7,between_state,S102,Raw,0.28863636363636364,0.2084870295396611,0.08833922261484095
80,7,between_state,S102,Trait_LDA,0.25833333333333336,0.16125541125541126,0.016236162361623507
80,7,between_state,S102,State_LDA,0.28863636363636364,0.2084870295396611,0.08833922261484095
80,7,between_state,S102,Joint_LDA,0.25,0.10185185185185185,0.0
80,7,between_state,S103,Raw,0.2465034965034965,0.1576036866359447,0.12779552715654952
80,7,between_state,S103,Trait_LDA,0.3004807692307692,0.16444444444444445,0.08235294117647063
80,7,between_state,S103,State_LDA,0.2465034965034965,0.1576036866359447,0.12779552715654952
80,7,between_state,S103,Joint_LDA,0.21875,0.0875,-0.05050505050505061
80,7,between_state,S104,Raw,0.40909090909090906,0.3087272727272727,0.2693110647181628
80,7,between_state,S104,Trait_LDA,0.3977272727272727,0.28237547892720305,0.17470525187566988
80,7,between_state,S104,State_LDA,0.40909090909090906,0.30206060606060603,0.26082365364308346
80,7,between_state,S104,Joint_LDA,0.20454545454545456,0.1125,-0.060606060606060774
80,7,between_state,S105,Raw,0.12777777777777777,0.0783068783068783,-0.08524289642529803
80,7,between_state,S105,Trait_LDA,0.25277777777777777,0.14308943089430895,0.005970149253731294
80,7,between_state,S105,State_LDA,0.13055555555555554,0.08093645484949832,-0.0932594644506004
80,7,between_state,S105,Joint_LDA,0.2777777777777778,0.1456043956043956,0.0357142857142857
80,7,between_state,S106,Raw,0.21955128205128205,0.13142857142857142,-0.002152852529601512
80,7,between_state,S106,Trait_LDA,0.2951631701631702,0.20902777777777776,0.06246482836240841
80,7,between_state,S106,State_LDA,0.21955128205128205,0.13142857142857142,-0.002152852529601512
80,7,between_state,S106,Joint_LDA,0.28365384615384615,0.18620689655172415,0.045631608235948695
80,7,between_state,S108,Raw,0.3565656565656566,0.3632201132201132,0.13632901751713622
80,7,between_state,S108,Trait_LDA,0.33661616161616165,0.2755656108597285,0.10572687224669608
80,7,between_state,S108,State_LDA,0.33573232323232327,0.3404280904280904,0.10570342205323191
80,7,between_state,S108,Joint_LDA,0.25,0.08823529411764706,0.0
80,7,between_state,S109,Raw,0.25,0.08888888888888888,0.03415883859948765
80,7,between_state,S109,Trait_LDA,0.2903409090909091,0.23627450980392156,0.053057553956834536
80,7,between_state,S109,State_LDA,0.25,0.08888888888888888,0.03415883859948765
80,7,between_state,S109,Joint_LDA,0.22499999999999998,0.14821428571428572,-0.034482758620689724
80,8,between_state,S001,Raw,0.1673611111111111,0.1314285714285714,0.00917431192660556
80,8,between_state,S001,Trait_LDA,0.2222222222222222,0.09302325581395349,-0.039175257731958846
80,8,between_state,S001,State_LDA,0.1673611111111111,0.12796536796536798,0.0009250693802035359
80,8,between_state,S001,Joint_LDA,0.25,0.10869565217391304,0.0
80,8,between_state,S003,Raw,0.25606060606060604,0.2424089068825911,0.006622516556291536
80,8,between_state,S003,Trait_LDA,0.225,0.10714285714285714,-0.026490066225165476
80,8,between_state,S003,State_LDA,0.25606060606060604,0.2424089068825911,0.006622516556291536
80,8,between_state,S003,Joint_LDA,0.25,0.1,0.0
80,8,between_state,S004,Raw,0.2796717171717172,0.18408602150537634,0.06593406593406592
80,8,between_state,S004,Trait_LDA,0.4305555555555555,0.34912854030501084,0.22285714285714286
80,8,between_state,S004,State_LDA,0.2796717171717172,0.18408602150537634,0.06593406593406592
80,8,between_state,S004,Joint_LDA,0.25,0.1125,0.010477299185098987
80,8,between_state,S005,Raw,0.275,0.13541666666666666,0.02977099236641212
80,8,between_state,S005,Trait_LDA,0.25,0.09,0.0
80,8,between_state,S005,State_LDA,0.275,0.13541666666666666,0.02977099236641212
80,8,between_state,S005,Joint_LDA,0.28409090909090906,0.19270833333333331,0.048799999999999955
80,8,between_state,S007,Raw,0.3018939393939394,0.2898515519568151,0.17413572343149797
80,8,between_state,S007,Trait_LDA,0.22348484848484848,0.1565349544072948,-0.029006526468455363
80,8,between_state,S007,State_LDA,0.3018939393939394,0.2898515519568151,0.17413572343149797
80,8,between_state,S007,Joint_LDA,0.25,0.10909090909090909,0.0
80,8,between_state,S008,Raw,0.21212121212121213,0.11897435897435897,-0.02025316455696191
80,8,between_state,S008,Trait_LDA,0.3181818181818182,0.21330128205128207,0.0859375
80,8,between_state,S008,State_LDA,0.23484848484848486,0.14867438867438867,0.011824324324324231
80,8,between_state,S008,Joint_LDA,0.25,0.17792792792792794,-2.220446049250313e-16
80,8,between_state,S009,Raw,0.19444444444444442,0.1488970588235294,-0.13390928725701956
80,8,between_state,S009,Trait_LDA,0.275,0.1527777777777778,0.029933481152993324
80,8,between_state,S009,State_LDA,0.19444444444444442,0.1488970588235294,-0.13390928725701956
80,8,between_state,S009,Joint_LDA,0.25,0.10227272727272728,0.0
80,8,between_state,S010,Raw,0.35357142857142854,0.2125,0.14900947459087
80,8,between_state,S010,Trait_LDA,0.20238095238095238,0.11058823529411765,-0.008561643835616417
80,8,between_state,S010,State_LDA,0.35357142857142854,0.21833333333333335,0.16342082980524986
80,8,between_state,S010,Joint_LDA,0.25,0.10416666666666667,0.0
80,8,between_state,S011,Raw,0.2954545454545454,0.22550724637681158,0.11428571428571432
80,8,between_state,S011,Trait_LDA,0.2727272727272727,0.21071428571428572,0.030303030303030276
80,8,between_state,S011,State_LDA,0.2954545454545454,0.22333333333333333,0.1079136690647482
80,8,between_state,S011,Joint_LDA,0.2272727272727273,0.12125,-0.030303030303030276
80,8,between_state,S012,Raw,0.25,0.14957264957264957,0.005813953488372214
80,8,between_state,S012,Trait_LDA,0.4409090909090909,0.4037828947368421,0.302415458937198
80,8,between_state,S012,State_LDA,0.25,0.14957264957264957,0.005813953488372214
80,8,between_state,S012,Joint_LDA,0.25,0.11224489795918367,0.0
80,8,between_state,S014,Raw,0.209280303030303,0.15457875457875458,0.022354694485842153
80,8,between_state,S014,Trait_LDA,0.48996212121212124,0.4353174603174603,0.3625204582651391
80,8,between_state,S014,State_LDA,0.209280303030303,0.15457875457875458,0.022354694485842153
80,8,between_state,S014,Joint_LDA,0.22727272727272727,0.10416666666666667,-0.02998379254457073
80,8,between_state,S017,Raw,0.10795454545454546,0.07051282051282051,-0.14404223227752633
80,8,between_state,S017,Trait_LDA,0.25,0.10576923076923077,0.0
80,8,between_state,S017,State_LDA,0.13920454545454547,0.1,-0.11987860394537164
80,8,between_state,S017,Joint_LDA,0.25,0.12037037037037036,0.0
80,8,between_state,S018,Raw,0.3792929292929293,0.29970760233918126,0.14819759679572764
80,8,between_state,S018,Trait_LDA,0.19545454545454544,0.11490683229813664,-0.06738544474393526
80,8,between_state,S018,State_LDA,0.3792929292929293,0.29970760233918126,0.14819759679572764
80,8,between_state,S018,Joint_LDA,0.25,0.09259259259259259,0.0
80,8,between_state,S019,Raw,0.4325757575757576,0.3568376068376068,0.22699386503067476
80,8,between_state,S019,Trait_LDA,0.24166666666666667,0.15833333333333333,0.018181818181818188
80,8,between_state,S019,State_LDA,0.4325757575757576,0.3568376068376068,0.22699386503067476
80,8,between_state,S019,Joint_LDA,0.30227272727272725,0.21052631578947367,0.08910891089108908
80,8,between_state,S020,Raw,0.34305555555555556,0.23975867269984916,0.1356080489938758
80,8,between_state,S020,Trait_LDA,0.34305555555555556,0.290158371040724,0.11627906976744184
80,8,between_state,S020,State_LDA,0.34305555555555556,0.24345098039215687,0.14161598609904436
80,8,between_state,S020,Joint_LDA,0.2727272727272727,0.13055555555555556,0.030782761653473933
80,8,between_state,S021,Raw,0.4217171717171717,0.35984848484848486,0.25478348439073517
80,8,between_state,S021,Trait_LDA,0.05555555555555555,0.0625,-0.2847222222222223
80,8,between_state,S021,State_LDA,0.4217171717171717,0.35984848484848486,0.25478348439073517
80,8,between_state,S021,Joint_LDA,0.25,0.09782608695652174,0.0
80,8,between_state,S022,Raw,0.36363636363636365,0.27712418300653596,0.1515151515151515
80,8,between_state,S022,Trait_LDA,0.3181818181818182,0.21349206349206348,0.09090909090909094
80,8,between_state,S022,State_LDA,0.36363636363636365,0.27712418300653596,0.1515151515151515
80,8,between_state,S022,Joint_LDA,0.25,0.1,0.0
80,8,between_state,S023,Raw,0.2689393939393939,0.14065934065934066,0.04761904761904756
80,8,between_state,S023,Trait_LDA,0.25,0.11538461538461539,0.0
80,8,between_state,S023,State_LDA,0.2897727272727273,0.1571095571095571,0.07849829351535842
80,8,between_state,S023,Joint_LDA,0.303030303030303,0.2234927234927235,0.08370044052863435
80,8,between_state,S024,Raw,0.3506944444444444,0.22115384615384615,0.12239089184060725
80,8,between_state,S024,Trait_LDA,0.2138888888888889,0.14285714285714285,-0.04682926829268297
80,8,between_state,S024,State_LDA,0.3506944444444444,0.22115384615384615,0.12239089184060725
80,8,between_state,S024,Joint_LDA,0.1625,0.11140583554376658,-0.10182516810758879
80,8,between_state,S025,Raw,0.22954545454545455,0.1181818181818182,0.014728682170542573
80,8,between_state,S025,Trait_LDA,0.3068181818181818,0.21764705882352942,0.08086469175340272
80,8,between_state,S025,State_LDA,0.20681818181818182,0.11636363636363636,0.009811320754716801
80,8,between_state,S025,Joint_LDA,0.25,0.09803921568627451,0.0
80,8,between_state,S026,Raw,0.35694444444444445,0.2641321044546851,0.15396825396825398
80,8,between_state,S026,Trait_LDA,0.20277777777777778,0.18859649122807015,-0.07637231503579955
80,8,between_state,S026,State_LDA,0.35694444444444445,0.32663690476190477,0.1472
80,8,between_state,S026,Joint_LDA,0.25,0.09,0.0
80,8,between_state,S027,Raw,0.2778860028860029,0.21800595238095236,0.044933078393881276
80,8,between_state,S027,Trait_LDA,0.2502164502164502,0.2515204678362573,-0.012707722385141729
80,8,between_state,S027,State_LDA,0.2778860028860029,0.21800595238095236,0.044933078393881276
80,8,between_state,S027,Joint_LDA,0.25,0.11956521739130435,0.0020746887966806016
80,8,between_state,S028,Raw,0.2318181818181818,0.14715608465608465,0.032258064516129004
80,8,between_state,S028,Trait_LDA,0.21988636363636366,0.1919642857142857,-0.03765690376569042
80,8,between_state,S028,State_LDA,0.2545454545454545,0.19503267973856211,0.05614320585842136
80,8,between_state,S028,Joint_LDA,0.25,0.08333333333333333,0.0
80,8,between_state,S029,Raw,0.3330128205128205,0.288042328042328,0.1919023849140321
80,8,between_state,S029,Trait_LDA,0.27852564102564104,0.29517628205128205,0.02501525320317277
80,8,between_state,S029,State_LDA,0.3330128205128205,0.29185185185185186,0.1972451790633608
80,8,between_state,S029,Joint_LDA,0.275,0.1469298245614035,0.030927835051546393
80,8,between_state,S030,Raw,0.29545454545454547,0.2549019607843137,0.06453952139231345
80,8,between_state,S030,Trait_LDA,0.25,0.14052287581699346,0.0
80,8,between_state,S030,State_LDA,0.3181818181818182,0.26431502833691617,0.0950653120464442
80,8,between_state,S030,Joint_LDA,0.25,0.10185185185185185,0.0
80,8,between_state,S031,Raw,0.19285714285714284,0.10666666666666666,0.0065359477124184995
80,8,between_state,S031,Trait_LDA,0.25,0.07777777777777778,0.0
80,8,between_state,S031,State_LDA,0.19285714285714284,0.10517241379310345,0.004095004095003962
80,8,between_state,S031,Joint_LDA,0.15833333333333333,0.10795454545454546,-0.11764705882352922
80,8,between_state,S032,Raw,0.2398989898989899,0.14856711915535445,-0.009746588693956948
80,8,between_state,S032,Trait_LDA,0.17045454545454547,0.14764492753623187,-0.1122244488977957
80,8,between_state,S032,State_LDA,0.2398989898989899,0.14856711915535445,-0.009746588693956948
80,8,between_state,S032,Joint_LDA,0.25,0.10638297872340426,0.0
80,8,between_state,S033,Raw,0.49914529914529915,0.41414141414141414,0.32734375000000004
80,8,between_state,S033,Trait_LDA,0.29423076923076924,0.21214430894308944,0.05238828967642517
80,8,between_state,S033,State_LDA,0.49914529914529915,0.41414141414141414,0.32734375000000004
80,8,between_state,S033,Joint_LDA,0.25,0.09803921568627451,0.0
80,8,between_state,S034,Raw,0.18217893217893216,0.14875576036866361,-0.05241935483870952
80,8,between_state,S034,Trait_LDA,0.25757575757575757,0.22769726247987115,0.012658227848101222
80,8,between_state,S034,State_LDA,0.18217893217893216,0.14875576036866361,-0.05241935483870952
80,8,between_state,S034,Joint_LDA,0.25,0.11702127659574468,0.0
80,8,between_state,S035,Raw,0.25,0.1,0.0
80,8,between_state,S035,Trait_LDA,0.25,0.1,0.0
80,8,between_state,S035,State_LDA,0.25,0.1,0.0
80,8,between_state,S035,Joint_LDA,0.25,0.1,0.0
80,8,between_state,S036,Raw,0.3018543956043956,0.19454545454545452,0.06460674157303381
80,8,between_state,S036,Trait_LDA,0.1826923076923077,0.12579821200510855,-0.1178247734138973
80,8,between_state,S036,State_LDA,0.3018543956043956,0.19454545454545452,0.06460674157303381
80,8,between_state,S036,Joint_LDA,0.21153846153846154,0.11458333333333333,-0.06888888888888878
80,8,between_state,S038,Raw,0.2638888888888889,0.13695652173913042,0.025522041763341052
80,8,between_state,S038,Trait_LDA,0.2152777777777778,0.1294642857142857,-0.05411764705882338
80,8,between_state,S038,State_LDA,0.2638888888888889,0.13695652173913042,0.025522041763341052
80,8,between_state,S038,Joint_LDA,0.3333333333333333,0.19444444444444442,0.09090909090909094
80,8,between_state,S039,Raw,0.3946969696969697,0.2753282182438193,0.20345640219952865
80,8,between_state,S039,Trait_LDA,0.3,0.19688644688644688,0.025000000000000022
80,8,between_state,S039,State_LDA,0.3946969696969697,0.2687922705314009,0.19203187250996023
80,8,between_state,S039,Joint_LDA,0.25,0.10204081632653061,0.0
80,8,between_state,S041,Raw,0.3728535353535354,0.28917604355716875,0.16831683168316824
80,8,between_state,S041,Trait_LDA,0.25,0.171875,0.0015337423312883347
80,8,between_state,S041,State_LDA,0.3728535353535354,0.28917604355716875,0.16831683168316824
80,8,between_state,S041,Joint_LDA,0.25,0.09615384615384616,0.0
80,8,between_state,S042,Raw,0.30625,0.20854700854700853,0.17524115755627012
80,8,between_state,S042,Trait_LDA,0.33484848484848484,0.2881944444444444,0.12037037037037046
80,8,between_state,S042,State_LDA,0.30625,0.20854700854700853,0.17524115755627012
80,8,between_state,S042,Joint_LDA,0.25,0.08695652173913043,0.0
80,8,between_state,S044,Raw,0.2451923076923077,0.16071428571428573,0.058999253174010446
80,8,between_state,S044,Trait_LDA,0.2692307692307692,0.14871794871794872,0.031796502384737524
80,8,between_state,S044,State_LDA,0.2451923076923077,0.16280487804878047,0.06735751295336778
80,8,between_state,S044,Joint_LDA,0.25,0.1111111111111111,0.0
80,8,between_state,S047,Raw,0.3958333333333333,0.2222798375248466,0.1739475774424145
80,8,between_state,S047,Trait_LDA,0.34375,0.26865079365079364,0.09822866344605474
80,8,between_state,S047,State_LDA,0.3958333333333333,0.21593063117564024,0.1772151898734179
80,8,between_state,S047,Joint_LDA,0.25,0.09183673469387756,0.0
80,8,between_state,S048,Raw,0.3049242424242424,0.26328282828282823,0.13261943986820424
80,8,between_state,S048,Trait_LDA,0.28061868686868685,0.20516317016317015,0.0412642669007901
80,8,between_state,S048,State_LDA,0.3049242424242424,0.26010822510822507,0.12468827930174564
80,8,between_state,S048,Joint_LDA,0.25,0.11,0.0
80,8,between_state,S051,Raw,0.3651515151515151,0.3582865562270596,0.1478816946442847
80,8,between_state,S051,Trait_LDA,0.2833333333333333,0.20427350427350427,0.03377847604084849
80,8,between_state,S051,State_LDA,0.3651515151515151,0.3582865562270596,0.1478816946442847
80,8,between_state,S051,Joint_LDA,0.25,0.09803921568627451,0.0
80,8,between_state,S053,Raw,0.303030303030303,0.2549019607843137,0.09491193737769077
80,8,between_state,S053,Trait_LDA,0.1388888888888889,0.06578947368421052,-0.1585127201565557
80,8,between_state,S053,State_LDA,0.303030303030303,0.2549019607843137,0.09491193737769077
80,8,between_state,S053,Joint_LDA,0.26262626262626265,0.17105263157894735,0.020588235294117574
80,8,between_state,S054,Raw,0.5045454545454546,0.3904646464646465,0.3858267716535434
80,8,between_state,S054,Trait_LDA,0.33636363636363636,0.24812030075187969,0.1317898486197685
80,8,between_state,S054,State_LDA,0.5045454545454546,0.3904646464646465,0.3858267716535434
80,8,between_state,S054,Joint_LDA,0.275,0.16893939393939394,0.03448275862068961
80,8,between_state,S055,Raw,0.5277777777777778,0.4947916666666667,0.3885350318471339
80,8,between_state,S055,Trait_LDA,0.3648989898989899,0.27708333333333335,0.1299093655589123
80,8,between_state,S055,State_LDA,0.5050505050505051,0.47501581277672367,0.3510074231177094
80,8,between_state,S055,Joint_LDA,0.25,0.1,0.0
80,8,between_state,S056,Raw,0.3205128205128205,0.23549201009251472,0.10967741935483877
80,8,between_state,S056,Trait_LDA,0.2451923076923077,0.16323529411764706,-0.004495825305073975
80,8,between_state,S056,State_LDA,0.3205128205128205,0.23549201009251472,0.10967741935483877
80,8,between_state,S056,Joint_LDA,0.25,0.10344827586206896,0.0
80,8,between_state,S057,Raw,0.28383838383838383,0.17142857142857143,0.0565217391304349
80,8,between_state,S057,Trait_LDA,0.35353535353535354,0.3169871794871795,0.14090909090909098
80,8,between_state,S057,State_LDA,0.25606060606060604,0.15873015873015872,0.03239740820734338
80,8,between_state,S057,Joint_LDA,0.23106060606060608,0.13357843137254902,-0.02843601895734582
80,8,between_state,S058,Raw,0.3002525252525252,0.2494824016563147,0.0618019359642592
80,8,between_state,S058,Trait_LDA,0.3996212121212121,0.32641941391941387,0.18568232662192385
80,8,between_state,S058,State_LDA,0.2724747474747474,0.23273363318340828,0.029806259314455907
80,8,between_state,S058,Joint_LDA,0.3611111111111111,0.25744047619047616,0.13567073170731714
80,8,between_state,S059,Raw,0.18803418803418803,0.19330143540669859,0.10699919549477077
80,8,between_state,S059,Trait_LDA,0.2841880341880342,0.17865612648221343,0.09664292980671418
80,8,between_state,S059,State_LDA,0.14636752136752137,0.1696969696969697,0.09542586750788651
80,8,between_state,S059,Joint_LDA,0.25,0.13,0.0
80,8,between_state,S060,Raw,0.4150883838383838,0.3453333333333334,0.2710280373831776
80,8,between_state,S060,Trait_LDA,0.2493686868686869,0.24595716783216787,0.0061511423550087985
80,8,between_state,S060,State_LDA,0.4150883838383838,0.3453333333333334,0.2710280373831776
80,8,between_state,S060,Joint_LDA,0.25,0.0851063829787234,0.0
80,8,between_state,S061,Raw,0.402020202020202,0.28510179191293744,0.20171339563862933
80,8,between_state,S061,Trait_LDA,0.25555555555555554,0.15277777777777776,0.011664074650077683
80,8,between_state,S061,State_LDA,0.402020202020202,0.283921568627451,0.2023346303501946
80,8,between_state,S061,Joint_LDA,0.25,0.09,0.0
80,8,between_state,S062,Raw,0.44621212121212117,0.40403225806451615,0.2656467315716272
80,8,between_state,S062,Trait_LDA,0.3393939393939394,0.27938067404551675,0.1187845303867403
80,8,between_state,S062,State_LDA,0.44621212121212117,0.40403225806451615,0.2656467315716272
80,8,between_state,S062,Joint_LDA,0.25,0.10714285714285714,0.0
80,8,between_state,S063,Raw,0.225,0.15268065268065267,-0.03505843071786319
80,8,between_state,S063,Trait_LDA,0.2125,0.14855072463768115,-0.05263157894736836
80,8,between_state,S063,State_LDA,0.24583333333333335,0.19242424242424241,-0.005025125628140614
80,8,between_state,S063,Joint_LDA,0.25,0.08333333333333333,0.0
80,8,between_state,S064,Raw,0.32979797979797976,0.2558454106280193,0.11111111111111116
80,8,between_state,S064,Trait_LDA,0.2505050505050505,0.17781964656964658,-0.0008340283569641116
80,8,between_state,S064,State_LDA,0.32979797979797976,0.2558454106280193,0.11111111111111116
80,8,between_state,S064,Joint_LDA,0.275,0.14749536178107608,0.033333333333333326
80,8,between_state,S065,Raw,0.2270833333333333,0.1496031746031746,0.04652644996813271
80,8,between_state,S065,Trait_LDA,0.32632575757575755,0.26555555555555554,0.11764705882352944
80,8,between_state,S065,State_LDA,0.2270833333333333,0.17804597701149424,0.041639974375400346
80,8,between_state,S065,Joint_LDA,0.175,0.09401709401709402,-0.07731958762886615
80,8,between_state,S066,Raw,0.20277777777777778,0.19317524580682474,0.09110169491525433
80,8,between_state,S066,Trait_LDA,0.2638888888888889,0.2507422402159244,0.02822085889570547
80,8,between_state,S066,State_LDA,0.20277777777777778,0.19317524580682474,0.09110169491525433
80,8,between_state,S066,Joint_LDA,0.3055555555555556,0.23055555555555557,0.08333333333333315
80,8,between_state,S067,Raw,0.25,0.19240196078431374,0.0
80,8,between_state,S067,Trait_LDA,0.22727272727272727,0.1932234432234432,-0.030303030303030276
80,8,between_state,S067,State_LDA,0.2727272727272727,0.23539248475309857,0.030303030303030276
80,8,between_state,S067,Joint_LDA,0.25,0.1,0.0
80,8,between_state,S068,Raw,0.2727272727272727,0.17616892911010557,0.08195292066259818
80,8,between_state,S068,Trait_LDA,0.2585227272727273,0.18035087719298243,0.03448275862068961
80,8,between_state,S068,State_LDA,0.25,0.15705128205128205,0.05699481865284972
80,8,between_state,S068,Joint_LDA,0.21875,0.07777777777777778,-0.03740648379052369
80,8,between_state,S069,Raw,0.06818181818181818,0.0421978021978022,-0.2371601208459213
80,8,between_state,S069,Trait_LDA,0.25,0.10377358490566038,0.0
80,8,between_state,S069,State_LDA,0.06818181818181818,0.0421978021978022,-0.2371601208459213
80,8,between_state,S069,Joint_LDA,0.25,0.10377358490566038,0.0
80,8,between_state,S070,Raw,0.045454545454545456,0.06153846153846154,0.03675538656527255
80,8,between_state,S070,Trait_LDA,0.3084415584415584,0.21798281505728315,0.07216494845360844
80,8,between_state,S070,State_LDA,0.045454545454545456,0.06153846153846154,0.03675538656527255
80,8,between_state,S070,Joint_LDA,0.25,0.11,0.0034364261168383647
80,8,between_state,S071,Raw,0.2,0.08,-0.023708721422523338
80,8,between_state,S071,Trait_LDA,0.2,0.09090909090909091,-0.0680212014134276
80,8,between_state,S071,State_LDA,0.2,0.08,-0.023708721422523338
80,8,between_state,S071,Joint_LDA,0.25,0.09375,0.0
80,8,between_state,S072,Raw,0.25555555555555554,0.24228357849047505,0.006535947712418277
80,8,between_state,S072,Trait_LDA,0.25,0.10869565217391304,0.0009389671361502705
80,8,between_state,S072,State_LDA,0.25555555555555554,0.24228357849047505,0.006535947712418277
80,8,between_state,S072,Joint_LDA,0.25,0.09574468085106383,0.0
80,8,between_state,S075,Raw,0.22499999999999998,0.11705882352941174,-0.016266460108443015
80,8,between_state,S075,Trait_LDA,0.21363636363636362,0.1532967032967033,-0.04458598726114649
80,8,between_state,S075,State_LDA,0.22499999999999998,0.11885369532428355,-0.008455034588777721
80,8,between_state,S075,Joint_LDA,0.25,0.09803921568627451,0.0
80,8,between_state,S076,Raw,0.20277777777777778,0.1460858585858586,-0.05774278215223094
80,8,between_state,S076,Trait_LDA,0.275,0.1518375241779497,0.03448275862068961
80,8,between_state,S076,State_LDA,0.20277777777777778,0.1460858585858586,-0.05774278215223094
80,8,between_state,S076,Joint_LDA,0.25,0.10204081632653061,0.0
80,8,between_state,S078,Raw,0.27708333333333335,0.22272727272727275,0.05097613882863339
80,8,between_state,S078,Trait_LDA,0.3375,0.2885964912280702,0.11049723756906082
80,8,between_state,S078,State_LDA,0.27708333333333335,0.23272727272727273,0.06815761448349311
80,8,between_state,S078,Joint_LDA,0.2125,0.11263736263736264,-0.04589114194236932
80,8,between_state,S080,Raw,0.17651515151515154,0.16499999999999998,0.021013597033374576
80,8,between_state,S080,Trait_LDA,0.3484848484848485,0.24319419237749546,0.13604488078541366
80,8,between_state,S080,State_LDA,0.17651515151515154,0.16700111482720179,0.028816676885346504
80,8,between_state,S080,Joint_LDA,0.2916666666666667,0.1752021563342318,0.059310344827586126
80,8,between_state,S082,Raw,0.275,0.20261437908496732,0.09375
80,8,between_state,S082,Trait_LDA,0.225,0.19925925925925925,-0.03333333333333344
80,8,between_state,S082,State_LDA,0.275,0.20261437908496732,0.09375
80,8,between_state,S082,Joint_LDA,0.325,0.21680376028202114,0.09999999999999998
80,8,between_state,S083,Raw,0.3055555555555556,0.20761494252873564,0.06266094420600865
80,8,between_state,S083,Trait_LDA,0.3055555555555555,0.1858288770053476,0.06506849315068497
80,8,between_state,S083,State_LDA,0.3055555555555556,0.20761494252873564,0.06266094420600865
80,8,between_state,S083,Joint_LDA,0.25,0.09375,0.0
80,8,between_state,S085,Raw,0.2916666666666667,0.15311653116531165,0.03806870937790163
80,8,between_state,S085,Trait_LDA,0.28125,0.125,0.007155635062611965
80,8,between_state,S085,State_LDA,0.2916666666666667,0.15311653116531165,0.03806870937790163
80,8,between_state,S085,Joint_LDA,0.2692307692307692,0.12648809523809523,0.020793950850661713
80,8,between_state,S086,Raw,0.1765734265734266,0.10183150183150184,0.033161385408990274
80,8,between_state,S086,Trait_LDA,0.484508547008547,0.38015873015873014,0.28976377952755905
80,8,between_state,S086,State_LDA,0.1765734265734266,0.11166253101736973,0.07410021171489067
80,8,between_state,S086,Joint_LDA,0.25,0.09,0.0
80,8,between_state,S089,Raw,0.3361305361305361,0.3167600373482726,0.11151736745886653
80,8,between_state,S089,Trait_LDA,0.3106060606060606,0.21747737556561086,0.07387862796833777
80,8,between_state,S089,State_LDA,0.3361305361305361,0.3167600373482726,0.11151736745886653
80,8,between_state,S089,Joint_LDA,0.25,0.08461538461538462,0.0
80,8,between_state,S091,Raw,0.2152777777777778,0.1272378516624041,-0.04672897196261694
80,8,between_state,S091,Trait_LDA,0.25,0.08823529411764706,0.0
80,8,between_state,S091,State_LDA,0.2152777777777778,0.1272378516624041,-0.04672897196261694
80,8,between_state,S091,Joint_LDA,0.25,0.08823529411764706,0.0
80,8,between_state,S095,Raw,0.125,0.07142857142857142,-0.007508532423208036
80,8,between_state,S095,Trait_LDA,0.2789772727272727,0.18174217087260566,0.03529411764705881
80,8,between_state,S095,State_LDA,0.1,0.06153846153846154,-0.016075016744809156
80,8,between_state,S095,Joint_LDA,0.25,0.08163265306122448,0.0
80,8,between_state,S096,Raw,0.2583333333333333,0.1674573055028463,0.004115226337448652
80,8,between_state,S096,Trait_LDA,0.24166666666666667,0.1438223938223938,-0.021857923497267784
80,8,between_state,S096,State_LDA,0.2583333333333333,0.1674573055028463,0.004115226337448652
80,8,between_state,S096,Joint_LDA,0.25,0.09259259259259259,0.0
80,8,between_state,S097,Raw,0.22727272727272727,0.1111111111111111,-0.03300970873786402
80,8,between_state,S097,Trait_LDA,0.2648989898989899,0.19075369075369075,0.021159153633854677
80,8,between_state,S097,State_LDA,0.22727272727272727,0.1111111111111111,-0.03300970873786402
80,8,between_state,S097,Joint_LDA,0.22569444444444445,0.1210801393728223,-0.028880866425992968
80,8,between_state,S098,Raw,0.25113636363636366,0.20973405380458815,0.0423370025402201
80,8,between_state,S098,Trait_LDA,0.21875,0.1515151515151515,-0.04404145077720201
80,8,between_state,S098,State_LDA,0.25113636363636366,0.20973405380458815,0.0423370025402201
80,8,between_state,S098,Joint_LDA,0.25,0.0851063829787234,0.0
80,8,between_state,S099,Raw,0.24603174603174605,0.14642857142857144,0.04641775983854701
80,8,between_state,S099,Trait_LDA,0.24553571428571427,0.11904761904761904,-0.006160164271047153
80,8,between_state,S099,State_LDA,0.24603174603174605,0.14166666666666666,0.02877697841726623
80,8,between_state,S099,Joint_LDA,0.25,0.08333333333333333,0.0
80,8,between_state,S102,Raw,0.3390151515151515,0.26929979986083513,0.14791224345364484
80,8,between_state,S102,Trait_LDA,0.25416666666666665,0.15545454545454546,0.004480955937266606
80,8,between_state,S102,State_LDA,0.3390151515151515,0.27167134136281146,0.154494382022472
80,8,between_state,S102,Joint_LDA,0.25,0.10909090909090909,0.0
80,8,between_state,S103,Raw,0.22727272727272727,0.11764705882352941,0.0871670702179177
80,8,between_state,S103,Trait_LDA,0.28125,0.16956521739130437,0.042727272727272725
80,8,between_state,S103,State_LDA,0.22727272727272727,0.11764705882352941,0.0871670702179177
80,8,between_state,S103,Joint_LDA,0.25,0.0851063829787234,0.0
80,8,between_state,S104,Raw,0.3693181818181818,0.2953209109730849,0.23834196891191717
80,8,between_state,S104,Trait_LDA,0.44886363636363635,0.4395833333333333,0.275599128540305
80,8,between_state,S104,State_LDA,0.3693181818181818,0.29185770750988144,0.23197492163009403
80,8,between_state,S104,Joint_LDA,0.22443181818181818,0.14814814814814814,-0.053511705685618915
80,8,between_state,S106,Raw,0.21955128205128205,0.12996515679442508,-0.02251510159253156
80,8,between_state,S106,Trait_LDA,0.25,0.10483870967741936,0.0
80,8,between_state,S106,State_LDA,0.19871794871794873,0.1164021164021164,-0.04999999999999982
80,8,between_state,S106,Joint_LDA,0.25,0.10833333333333334,0.00226244343891413
80,8,between_state,S107,Raw,0.05,0.041666666666666664,-0.02859412231930114
80,8,between_state,S107,Trait_LDA,0.31785714285714284,0.2554945054945055,0.07588856868395766
80,8,between_state,S107,State_LDA,0.05,0.041666666666666664,-0.004654771140419012
80,8,between_state,S107,Joint_LDA,0.25,0.07954545454545454,0.0
80,8,between_state,S108,Raw,0.26944444444444443,0.2692307692307693,0.017358490566037776
80,8,between_state,S108,Trait_LDA,0.22727272727272727,0.09803921568627451,-0.029096477794793296
80,8,between_state,S108,State_LDA,0.2972222222222222,0.2815934065934066,0.05191873589164797
80,8,between_state,S108,Joint_LDA,0.25,0.10377358490566038,0.0
80,9,between_state,S001,Raw,0.1638888888888889,0.09563218390804598,-0.03646833013435713
80,9,between_state,S001,Trait_LDA,0.2416666666666667,0.19637161084529506,-0.009345794392523255
80,9,between_state,S001,State_LDA,0.1638888888888889,0.09563218390804598,-0.03646833013435713
80,9,between_state,S001,Joint_LDA,0.28888888888888886,0.20159151193633953,0.05857740585774063
80,9,between_state,S002,Raw,0.2602272727272727,0.23678426836321567,0.1362209667294414
80,9,between_state,S002,Trait_LDA,0.41174242424242424,0.4122101230086711,0.21875
80,9,between_state,S002,State_LDA,0.2602272727272727,0.23678426836321567,0.1362209667294414
80,9,between_state,S002,Joint_LDA,0.2772727272727273,0.16374269005847952,0.0375451263537907
80,9,between_state,S004,Raw,0.16319444444444445,0.13185550082101805,-0.032460732984293195
80,9,between_state,S004,Trait_LDA,0.3298611111111111,0.2649270234409553,0.08928571428571419
80,9,between_state,S004,State_LDA,0.13194444444444445,0.1180623973727422,-0.0680628272251309
80,9,between_state,S004,Joint_LDA,0.125,0.05263157894736842,-0.1434977578475336
80,9,between_state,S006,Raw,0.33611111111111114,0.25364532019704433,0.11595466434176105
80,9,between_state,S006,Trait_LDA,0.225,0.09375,-0.034482758620689724
80,9,between_state,S006,State_LDA,0.33611111111111114,0.25364532019704433,0.11595466434176105
80,9,between_state,S006,Joint_LDA,0.25,0.09375,0.0
80,9,between_state,S008,Raw,0.23484848484848483,0.13777777777777778,-0.011235955056179803
80,9,between_state,S008,Trait_LDA,0.22474747474747475,0.21157407407407408,-0.018276762402088753
80,9,between_state,S008,State_LDA,0.23484848484848483,0.1701388888888889,-0.020942408376963373
80,9,between_state,S008,Joint_LDA,0.26420454545454547,0.148062015503876,0.022556390977443663
80,9,between_state,S009,Raw,0.175,0.13106060606060607,-0.12299465240641716
80,9,between_state,S009,Trait_LDA,0.3527777777777778,0.28733583489681047,0.16095890410958902
80,9,between_state,S009,State_LDA,0.175,0.13106060606060607,-0.12299465240641716
80,9,between_state,S009,Joint_LDA,0.13333333333333333,0.09232954545454546,-0.16926503340757226
80,9,between_state,S010,Raw,0.23134920634920636,0.11980920314253646,0.05229283990345934
80,9,between_state,S010,Trait_LDA,0.2214285714285714,0.20615721997300945,-0.027953110910730494
80,9,between_state,S010,State_LDA,0.23134920634920636,0.12470862470862472,0.07317073170731703
80,9,between_state,S010,Joint_LDA,0.22916666666666666,0.11224489795918367,-0.036363636363636376
80,9,between_state,S011,Raw,0.2727272727272727,0.20143993937097388,0.08571428571428574
80,9,between_state,S011,Trait_LDA,0.3181818181818182,0.24270833333333333,0.09090909090909094
80,9,between_state,S011,State_LDA,0.2727272727272727,0.20143993937097388,0.08571428571428574
80,9,between_state,S011,Joint_LDA,0.2727272727272727,0.14351851851851852,0.030303030303030276
80,9,between_state,S012,Raw,0.20454545454545456,0.10975609756097561,-0.053537284894837445
80,9,between_state,S012,Trait_LDA,0.475,0.42443609022556394,0.3460803059273423
80,9,between_state,S012,State_LDA,0.20454545454545456,0.10975609756097561,-0.053537284894837445
80,9,between_state,S012,Joint_LDA,0.25,0.10416666666666667,0.0
80,9,between_state,S013,Raw,0.20235042735042735,0.15490430622009568,-0.04878048780487809
80,9,between_state,S013,Trait_LDA,0.29166666666666663,0.18067226890756302,0.04311543810848395
80,9,between_state,S013,State_LDA,0.20235042735042735,0.15490430622009568,-0.04878048780487809
80,9,between_state,S013,Joint_LDA,0.25,0.10185185185185185,0.0
80,9,between_state,S014,Raw,0.29867424242424245,0.23976608187134502,0.11282843894899541
80,9,between_state,S014,Trait_LDA,0.34090909090909094,0.1976470588235294,0.09028309104820187
80,9,between_state,S014,State_LDA,0.29867424242424245,0.24198830409356722,0.12030651340996168
80,9,between_state,S014,Joint_LDA,0.3875,0.23928571428571427,0.1504221028396009
80,9,between_state,S015,Raw,0.1875,0.2,0.09860093271152559
80,9,between_state,S015,Trait_LDA,0.29583333333333334,0.23653846153846153,0.08056478405315615
80,9,between_state,S015,State_LDA,0.1875,0.2,0.09860093271152559
80,9,between_state,S015,Joint_LDA,0.2232142857142857,0.13406292749658003,-0.025827280064568248
80,9,between_state,S016,Raw,0.3263888888888889,0.22965034965034964,0.10281280310378271
80,9,between_state,S016,Trait_LDA,0.2708333333333333,0.2693498452012384,0.027263875365141188
80,9,between_state,S016,State_LDA,0.35138888888888886,0.24494949494949497,0.13786407766990294
80,9,between_state,S016,Joint_LDA,0.3020833333333333,0.1779411764705882,0.05932203389830504
80,9,between_state,S017,Raw,0.21462218337218336,0.15594567970728962,-0.01547987616099089
80,9,between_state,S017,Trait_LDA,0.22727272727272727,0.10204081632653061,-0.028317152103559895
80,9,between_state,S017,State_LDA,0.21462218337218336,0.15594567970728962,-0.01547987616099089
80,9,between_state,S017,Joint_LDA,0.2202797202797203,0.14,-0.053897180762852326
80,9,between_state,S019,Raw,0.3446969696969697,0.23544973544973544,0.1089108910891089
80,9,between_state,S019,Trait_LDA,0.2916666666666667,0.17183462532299743,0.05063291139240511
80,9,between_state,S019,State_LDA,0.3446969696969697,0.23544973544973544,0.1089108910891089
80,9,between_state,S019,Joint_LDA,0.25,0.1,0.0
80,9,between_state,S023,Raw,0.32260101010101017,0.27675438596491225,0.10652920962199319
80,9,between_state,S023,Trait_LDA,0.28125,0.1875,0.04109589041095896
80,9,between_state,S023,State_LDA,0.32260101010101017,0.27675438596491225,0.10652920962199319
80,9,between_state,S023,Joint_LDA,0.2708333333333333,0.13125,0.022801302931596212
80,9,between_state,S025,Raw,0.22954545454545455,0.15004784688995215,0.0031372549019608176
80,9,between_state,S025,Trait_LDA,0.16363636363636364,0.10790598290598291,-0.1187800963081862
80,9,between_state,S025,State_LDA,0.22954545454545455,0.15215311004784687,0.011664074650077794
80,9,between_state,S025,Joint_LDA,0.22727272727272727,0.1,-0.029983792544570287
80,9,between_state,S026,Raw,0.31527777777777777,0.28436063420583546,0.08961141950832674
80,9,between_state,S026,Trait_LDA,0.1638888888888889,0.09325396825396826,-0.10896445131375576
80,9,between_state,S026,State_LDA,0.31527777777777777,0.28436063420583546,0.08961141950832674
80,9,between_state,S026,Joint_LDA,0.225,0.09,-0.032258064516129004
80,9,between_state,S027,Raw,0.2727272727272727,0.14285714285714285,0.03197674418604646
80,9,between_state,S027,Trait_LDA,0.24098124098124096,0.17615384615384616,-0.002803738317757043
80,9,between_state,S027,State_LDA,0.2727272727272727,0.14285714285714285,0.03197674418604646
80,9,between_state,S027,Joint_LDA,0.39610389610389607,0.25757575757575757,0.16731898238747556
80,9,between_state,S028,Raw,0.2340909090909091,0.1409572317891503,0.039231385108086436
80,9,between_state,S028,Trait_LDA,0.34318181818181814,0.27793507938113055,0.14089347079037806
80,9,between_state,S028,State_LDA,0.2340909090909091,0.13888888888888887,0.025182778229082103
80,9,between_state,S028,Joint_LDA,0.21875,0.07446808510638298,-0.033672670321065024
80,9,between_state,S030,Raw,0.32045454545454544,0.2947593342330185,0.09898843930635837
80,9,between_state,S030,Trait_LDA,0.25,0.15010570824524314,0.0
80,9,between_state,S030,State_LDA,0.32045454545454544,0.2947593342330185,0.09898843930635837
80,9,between_state,S030,Joint_LDA,0.25,0.10185185185185185,0.0
80,9,between_state,S031,Raw,0.20634920634920634,0.0879120879120879,-0.0033003300330032292
80,9,between_state,S031,Trait_LDA,0.19285714285714284,0.11063218390804597,-0.07992895204262873
80,9,between_state,S031,State_LDA,0.24206349206349204,0.09563409563409564,0.016694490818030094
80,9,between_state,S031,Joint_LDA,0.2638888888888889,0.17919799498746866,0.03515625
80,9,between_state,S032,Raw,0.25,0.09782608695652174,0.0
80,9,between_state,S032,Trait_LDA,0.12601010101010102,0.11771260997067448,-0.17576961271102287
80,9,between_state,S032,State_LDA,0.25,0.09782608695652174,0.0
80,9,between_state,S032,Joint_LDA,0.2727272727272727,0.14935064935064934,0.034136546184738936
80,9,between_state,S033,Raw,0.45769230769230773,0.3585434173669468,0.263856362217018
80,9,between_state,S033,Trait_LDA,0.33034188034188033,0.243859649122807,0.10031347962382453
80,9,between_state,S033,State_LDA,0.45769230769230773,0.3585434173669468,0.263856362217018
80,9,between_state,S033,Joint_LDA,0.2094017094017094,0.14302325581395348,-0.0662751677852349
80,9,between_state,S035,Raw,0.25,0.1,0.0
80,9,between_state,S035,Trait_LDA,0.26944444444444443,0.16353383458646614,0.023596419853539552
80,9,between_state,S035,State_LDA,0.25,0.1,0.0
80,9,between_state,S035,Joint_LDA,0.225,0.09574468085106383,-0.03075644222776397
80,9,between_state,S036,Raw,0.31936813186813184,0.20857142857142857,0.09931840311587148
80,9,between_state,S036,Trait_LDA,0.21875,0.09210526315789473,-0.045197740112994156
80,9,between_state,S036,State_LDA,0.31936813186813184,0.20857142857142857,0.09931840311587148
80,9,between_state,S036,Joint_LDA,0.25,0.1326530612244898,0.004484304932735328
80,9,between_state,S037,Raw,0.32083333333333336,0.26597069597069595,0.0713101160862355
80,9,between_state,S037,Trait_LDA,0.1875,0.06818181818181818,-0.0691823899371069
80,9,between_state,S037,State_LDA,0.32083333333333336,0.26597069597069595,0.0713101160862355
80,9,between_state,S037,Joint_LDA,0.225,0.09183673469387756,-0.03333333333333344
80,9,between_state,S038,Raw,0.2569444444444444,0.14791666666666667,0.014084507042253613
80,9,between_state,S038,Trait_LDA,0.22916666666666669,0.18037280701754385,-0.013157894736842257
80,9,between_state,S038,State_LDA,0.2569444444444444,0.14791666666666667,0.014084507042253613
80,9,between_state,S038,Joint_LDA,0.2777777777777778,0.16320754716981134,0.03562945368171011
80,9,between_state,S039,Raw,0.371969696969697,0.27614114471699613,0.16198347107438016
80,9,between_state,S039,Trait_LDA,0.17878787878787877,0.13958810068649885,-0.08607594936708862
80,9,between_state,S039,State_LDA,0.371969696969697,0.2681210945916829,0.1535893155258765
80,9,between_state,S039,Joint_LDA,0.2875,0.19050802139037434,0.06066012488849237
80,9,between_state,S040,Raw,0.17234848484848483,0.16785714285714284,0.03928325292901447
80,9,between_state,S040,Trait_LDA,0.3301767676767677,0.27297430830039526,0.11166666666666658
80,9,between_state,S040,State_LDA,0.22285353535353536,0.20885093167701863,0.07605633802816902
80,9,between_state,S040,Joint_LDA,0.2569444444444444,0.1527777777777778,0.022203947368421018
80,9,between_state,S041,Raw,0.32702020202020204,0.3225887056471764,0.09607993850883934
80,9,between_state,S041,Trait_LDA,0.24583333333333335,0.12708333333333333,-0.0037341299477222645
80,9,between_state,S041,State_LDA,0.3042929292929293,0.3006088738847359,0.0652340752110514
80,9,between_state,S041,Joint_LDA,0.2638888888888889,0.14354066985645933,0.01538461538461533
80,9,between_state,S042,Raw,0.2972222222222222,0.17701149425287355,0.13344594594594594
80,9,between_state,S042,Trait_LDA,0.3306818181818182,0.2653186274509804,0.10588235294117643
80,9,between_state,S042,State_LDA,0.2972222222222222,0.173502722323049,0.1260647359454855
80,9,between_state,S042,Joint_LDA,0.40454545454545454,0.2897465437788018,0.23782234957020054
80,9,between_state,S043,Raw,0.35511363636363635,0.22,0.11803041274438808
80,9,between_state,S043,Trait_LDA,0.26647727272727273,0.15621516164994426,0.02256699576868837
80,9,between_state,S043,State_LDA,0.34659090909090906,0.22053872053872053,0.11418181818181827
80,9,between_state,S043,Joint_LDA,0.23125,0.12708719851576994,-0.026666666666666616
80,9,between_state,S044,Raw,0.3076923076923077,0.1793478260869565,0.12161115414407442
80,9,between_state,S044,Trait_LDA,0.33814102564102566,0.25462962962962965,0.14841849148418496
80,9,between_state,S044,State_LDA,0.3076923076923077,0.1793478260869565,0.12161115414407442
80,9,between_state,S044,Joint_LDA,0.2708333333333333,0.17857142857142855,0.011389521640091216
80,9,between_state,S046,Raw,0.23958333333333331,0.15959595959595957,-0.0009930486593843213
80,9,between_state,S046,Trait_LDA,0.21875,0.13407407407407407,-0.03571428571428581
80,9,between_state,S046,State_LDA,0.21180555555555555,0.13856209150326798,-0.03571428571428581
80,9,between_state,S046,Joint_LDA,0.1111111111111111,0.05714285714285714,-0.1731160896130346
80,9,between_state,S048,Raw,0.27714646464646464,0.2527686805947676,0.09075770191507093
80,9,between_state,S048,Trait_LDA,0.3522727272727273,0.26844701844701846,0.13101604278074874
80,9,between_state,S048,State_LDA,0.27714646464646464,0.24987012987012988,0.09302325581395354
80,9,between_state,S048,Joint_LDA,0.20454545454545456,0.12155388471177944,-0.0714285714285714
80,9,between_state,S049,Raw,0.3236111111111111,0.2562764771460424,0.11369095276220975
80,9,between_state,S049,Trait_LDA,0.2722222222222222,0.2409090909090909,0.019785655399835123
80,9,between_state,S049,State_LDA,0.3236111111111111,0.2562764771460424,0.11369095276220975
80,9,between_state,S049,Joint_LDA,0.25,0.09803921568627451,0.0
80,9,between_state,S050,Raw,0.29772727272727273,0.19083333333333333,0.10898965791567239
80,9,between_state,S050,Trait_LDA,0.23232323232323232,0.16761363636363635,-0.012658227848101111
80,9,between_state,S050,State_LDA,0.29772727272727273,0.19083333333333333,0.10898965791567239
80,9,between_state,S050,Joint_LDA,0.17272727272727273,0.10494505494505495,-0.11392405063291133
80,9,between_state,S051,Raw,0.3878787878787878,0.36868686868686873,0.18130990415335457
80,9,between_state,S051,Trait_LDA,0.2777777777777778,0.14962121212121213,0.03301886792452835
80,9,between_state,S051,State_LDA,0.3878787878787878,0.36868686868686873,0.18130990415335457
80,9,between_state,S051,Joint_LDA,0.3055555555555556,0.195578231292517,0.07119741100323629
80,9,between_state,S055,Raw,0.3012626262626263,0.27380952380952384,0.09052631578947368
80,9,between_state,S055,Trait_LDA,0.25757575757575757,0.17786561264822134,0.012658227848101333
80,9,between_state,S055,State_LDA,0.3012626262626263,0.27380952380952384,0.09052631578947368
80,9,between_state,S055,Joint_LDA,0.25,0.11702127659574468,0.0
80,9,between_state,S056,Raw,0.38974358974358975,0.32757242757242755,0.19870967741935486
80,9,between_state,S056,Trait_LDA,0.22916666666666666,0.09649122807017543,-0.0300703774792066
80,9,between_state,S056,State_LDA,0.3705128205128205,0.31303418803418803,0.1695680206318505
80,9,between_state,S056,Joint_LDA,0.38825757575757575,0.265,0.18377693282636243
80,9,between_state,S057,Raw,0.3282828282828283,0.17666666666666667,0.10243183492999264
80,9,between_state,S057,Trait_LDA,0.2654040404040404,0.2600389863547758,0.02398800599700157
80,9,between_state,S057,State_LDA,0.356060606060606,0.2465686274509804,0.12759643916913943
80,9,between_state,S057,Joint_LDA,0.2638888888888889,0.18055555555555555,0.02908277404921711
80,9,between_state,S058,Raw,0.30252525252525253,0.25140056022408963,0.07284768211920545
80,9,between_state,S058,Trait_LDA,0.2152777777777778,0.10902777777777778,-0.04233576642335768
80,9,between_state,S058,State_LDA,0.30252525252525253,0.25140056022408963,0.07284768211920545
80,9,between_state,S058,Joint_LDA,0.2777777777777778,0.16320754716981134,0.03562945368171011
80,9,between_state,S059,Raw,0.12393162393162394,0.13859649122807016,0.08823529411764708
80,9,between_state,S059,Trait_LDA,0.24145299145299143,0.21157495256166983,-0.006802721088435382
80,9,between_state,S059,State_LDA,0.12393162393162394,0.13859649122807016,0.08823529411764708
80,9,between_state,S059,Joint_LDA,0.33974358974358976,0.25517241379310346,0.1625514403292181
80,9,between_state,S060,Raw,0.45738636363636365,0.34022544283413847,0.3258426966292135
80,9,between_state,S060,Trait_LDA,0.13636363636363635,0.08571428571428572,-0.15116279069767447
80,9,between_state,S060,State_LDA,0.45738636363636365,0.34022544283413847,0.3258426966292135
80,9,between_state,S060,Joint_LDA,0.2708333333333333,0.15625,0.0201005025125629
80,9,between_state,S061,Raw,0.3282828282828283,0.21901709401709402,0.10172143974960879
80,9,between_state,S061,Trait_LDA,0.25,0.09803921568627451,0.0
80,9,between_state,S061,State_LDA,0.3282828282828283,0.21901709401709402,0.10172143974960879
80,9,between_state,S061,Joint_LDA,0.4267676767676768,0.278494623655914,0.2264150943396226
80,9,between_state,S063,Raw,0.26666666666666666,0.2219172932330827,0.021922428330522714
80,9,between_state,S063,Trait_LDA,0.19583333333333336,0.1356837606837607,-0.07638888888888884
80,9,between_state,S063,State_LDA,0.26666666666666666,0.2219172932330827,0.021922428330522714
80,9,between_state,S063,Joint_LDA,0.11458333333333333,0.06220095693779904,-0.16129032258064524
80,9,between_state,S064,Raw,0.31161616161616157,0.28489422084623317,0.07207953603976802
80,9,between_state,S064,Trait_LDA,0.2,0.09523809523809523,-0.07023411371237454
80,9,between_state,S064,State_LDA,0.31161616161616157,0.28489422084623317,0.07207953603976802
80,9,between_state,S064,Joint_LDA,0.25,0.10784313725490197,0.0
80,9,between_state,S065,Raw,0.16458333333333333,0.11183846579384105,-0.03326810176125239
80,9,between_state,S065,Trait_LDA,0.37594696969696967,0.3314616755793226,0.1725990597716589
80,9,between_state,S065,State_LDA,0.16458333333333333,0.13080126603364986,-0.045544554455445585
80,9,between_state,S065,Joint_LDA,0.23579545454545456,0.1272378516624041,-0.011494252873563315
80,9,between_state,S066,Raw,0.25555555555555554,0.25,0.13249211356466883
80,9,between_state,S066,Trait_LDA,0.3138888888888889,0.26290322580645165,0.10116731517509725
80,9,between_state,S066,State_LDA,0.23055555555555557,0.22999999999999998,0.10718002081165445
80,9,between_state,S066,Joint_LDA,0.28888888888888886,0.2111111111111111,0.06322580645161291
80,9,between_state,S067,Raw,0.2954545454545454,0.2777777777777778,0.06060606060606055
80,9,between_state,S067,Trait_LDA,0.18181818181818182,0.12962962962962962,-0.09090909090909083
80,9,between_state,S067,State_LDA,0.2954545454545454,0.2777777777777778,0.06060606060606055
80,9,between_state,S067,Joint_LDA,0.25,0.10185185185185185,0.0
80,9,between_state,S069,Raw,0.09090909090909091,0.05384615384615384,-0.2155369383092156
80,9,between_state,S069,Trait_LDA,0.25,0.10377358490566038,0.0
80,9,between_state,S069,State_LDA,0.09090909090909091,0.05384615384615384,-0.2155369383092156
80,9,between_state,S069,Joint_LDA,0.2777777777777778,0.15576923076923077,0.033742331288343586
80,9,between_state,S070,Raw,0.06818181818181818,0.08571428571428572,0.05128205128205132
80,9,between_state,S070,Trait_LDA,0.33116883116883117,0.3239473684210526,0.11864406779661019
80,9,between_state,S070,State_LDA,0.06818181818181818,0.08571428571428572,0.05128205128205132
80,9,between_state,S070,Joint_LDA,0.22727272727272727,0.16129032258064516,-0.034482758620689724
80,9,between_state,S071,Raw,0.2,0.07111111111111111,-0.05039096437880075
80,9,between_state,S071,Trait_LDA,0.225,0.13333333333333333,-0.031746031746031855
80,9,between_state,S071,State_LDA,0.2,0.07111111111111111,-0.05039096437880075
80,9,between_state,S071,Joint_LDA,0.24166666666666664,0.1525096525096525,-0.009490940465918918
80,9,between_state,S072,Raw,0.2833333333333333,0.2572282608695652,0.04469273743016766
80,9,between_state,S072,Trait_LDA,0.2777777777777778,0.1541501976284585,0.03752345215759856
80,9,between_state,S072,State_LDA,0.31111111111111106,0.28502415458937197,0.08178438661710041
80,9,between_state,S072,Joint_LDA,0.25,0.09574468085106383,0.0
80,9,between_state,S074,Raw,0.24397824397824397,0.20572760572760576,0.0029673590504450953
80,9,between_state,S074,Trait_LDA,0.3366355866355866,0.30838779956427015,0.1181959564541214
80,9,between_state,S074,State_LDA,0.24397824397824397,0.20476190476190476,0.01897810218978102
80,9,between_state,S074,Joint_LDA,0.22727272727272727,0.09615384615384616,-0.030674846625766916
80,9,between_state,S075,Raw,0.22272727272727272,0.126007326007326,-0.02580140734949188
80,9,between_state,S075,Trait_LDA,0.28181818181818186,0.18859649122807015,0.04421221864951763
80,9,between_state,S075,State_LDA,0.22272727272727272,0.1254355400696864,-0.026604068857590146
80,9,between_state,S075,Joint_LDA,0.3,0.1778115501519757,0.06451612903225812
80,9,between_state,S076,Raw,0.22777777777777775,0.16,-0.024518388791593626
80,9,between_state,S076,Trait_LDA,0.275,0.16531165311653118,0.03448275862068961
80,9,between_state,S076,State_LDA,0.22777777777777775,0.16,-0.024518388791593626
80,9,between_state,S076,Joint_LDA,0.25,0.10204081632653061,0.0
80,9,between_state,S077,Raw,0.23680555555555555,0.1839856050382366,0.0010570824524314126
80,9,between_state,S077,Trait_LDA,0.275,0.19726438962681844,0.03191489361702138
80,9,between_state,S077,State_LDA,0.23680555555555555,0.1839856050382366,0.0010570824524314126
80,9,between_state,S077,Joint_LDA,0.21875,0.138996138996139,-0.03703703703703698
80,9,between_state,S078,Raw,0.18125,0.10576923076923077,-0.07929515418502198
80,9,between_state,S078,Trait_LDA,0.21875,0.1449579831932773,-0.04144527098831019
80,9,between_state,S078,State_LDA,0.18125,0.10576923076923077,-0.07929515418502198
80,9,between_state,S078,Joint_LDA,0.25,0.10227272727272728,0.0
80,9,between_state,S079,Raw,0.05,0.042105263157894736,-0.017100371747212018
80,9,between_state,S079,Trait_LDA,0.18055555555555552,0.1714058355437666,-0.08671586715867163
80,9,between_state,S079,State_LDA,0.05,0.05333333333333333,0.012274368231046884
80,9,between_state,S079,Joint_LDA,0.29444444444444445,0.1945945945945946,0.06043956043956045
80,9,between_state,S082,Raw,0.325,0.2815994531784005,0.136
80,9,between_state,S082,Trait_LDA,0.25,0.17084826762246116,0.0
80,9,between_state,S082,State_LDA,0.35000000000000003,0.3019047619047619,0.16800000000000004
80,9,between_state,S082,Joint_LDA,0.275,0.18298109010011124,0.033333333333333326
80,9,between_state,S084,Raw,0.3263888888888889,0.2538345864661654,0.13876651982378851
80,9,between_state,S084,Trait_LDA,0.14930555555555555,0.10192307692307692,-0.09921962095875148
80,9,between_state,S084,State_LDA,0.3263888888888889,0.2500250626566416,0.13014460511679649
80,9,between_state,S084,Joint_LDA,0.1423611111111111,0.08951612903225806,-0.14385150812064973
80,9,between_state,S085,Raw,0.3625,0.25966386554621845,0.11499540018399268
80,9,between_state,S085,Trait_LDA,0.275,0.13333333333333333,0.02539981185324569
80,9,between_state,S085,State_LDA,0.3625,0.25966386554621845,0.11499540018399268
80,9,between_state,S085,Joint_LDA,0.3269230769230769,0.22344322344322343,0.12717948717948713
80,9,between_state,S087,Raw,0.2152777777777778,0.09027777777777778,0.02027748132337248
80,9,between_state,S087,Trait_LDA,0.2048611111111111,0.1376923076923077,-0.05760368663594462
80,9,between_state,S087,State_LDA,0.2152777777777778,0.09027777777777778,0.02027748132337248
80,9,between_state,S087,Joint_LDA,0.30833333333333335,0.21537162162162163,0.0911300121506683
80,9,between_state,S089,Raw,0.39219114219114215,0.3956140350877193,0.1810661764705883
80,9,between_state,S089,Trait_LDA,0.29848484848484846,0.20817307692307693,0.05220522052205234
80,9,between_state,S089,State_LDA,0.39219114219114215,0.39398430688753266,0.18181818181818177
80,9,between_state,S089,Joint_LDA,0.26666666666666666,0.14154411764705882,0.02564102564102566
80,9,between_state,S091,Raw,0.20833333333333334,0.09615384615384616,-0.06161137440758302
80,9,between_state,S091,Trait_LDA,0.25,0.09,-0.002169197396963085
80,9,between_state,S091,State_LDA,0.22916666666666666,0.10377358490566038,-0.030878859857482288
80,9,between_state,S091,Joint_LDA,0.25,0.10377358490566038,0.0
80,9,between_state,S093,Raw,0.19305555555555556,0.18761250953470632,0.02591792656587466
80,9,between_state,S093,Trait_LDA,0.23055555555555557,0.20020438498699367,-0.029827315541601118
80,9,between_state,S093,State_LDA,0.16805555555555557,0.16094584286803965,-0.003599712023038215
80,9,between_state,S093,Joint_LDA,0.3,0.18609022556390975,0.06451612903225812
80,9,between_state,S094,Raw,0.2222222222222222,0.07804878048780488,-0.021505376344086224
80,9,between_state,S094,Trait_LDA,0.44722222222222224,0.3558321479374111,0.25767441860465123
80,9,between_state,S094,State_LDA,0.2222222222222222,0.07804878048780488,-0.021505376344086224
80,9,between_state,S094,Joint_LDA,0.25,0.10638297872340426,0.0009389671361502705
80,9,between_state,S095,Raw,0.15,0.06153846153846154,-0.05514705882352944
80,9,between_state,S095,Trait_LDA,0.225,0.0782608695652174,-0.027407987470634332
80,9,between_state,S095,State_LDA,0.175,0.06999999999999999,-0.03259259259259273
80,9,between_state,S095,Joint_LDA,0.2556818181818182,0.14849833147942157,-0.01000769822940728
80,9,between_state,S096,Raw,0.3041666666666667,0.22794117647058823,0.06575342465753442
80,9,between_state,S096,Trait_LDA,0.2833333333333333,0.20518207282913165,0.038081805359661436
80,9,between_state,S096,State_LDA,0.3041666666666667,0.22794117647058823,0.06575342465753442
80,9,between_state,S096,Joint_LDA,0.325,0.20526315789473684,0.08823529411764708
80,9,between_state,S098,Raw,0.2676136363636364,0.21245021645021644,0.07379134860050884
80,9,between_state,S098,Trait_LDA,0.24375,0.11710963455149502,-0.006661115736885881
80,9,between_state,S098,State_LDA,0.24488636363636362,0.19741200828157351,0.041525423728813515
80,9,between_state,S098,Joint_LDA,0.3,0.18561872909698995,0.06896551724137934
80,9,between_state,S099,Raw,0.20238095238095238,0.10598290598290598,-0.05376344086021523
80,9,between_state,S099,Trait_LDA,0.25,0.08333333333333333,0.0
80,9,between_state,S099,State_LDA,0.20238095238095238,0.10598290598290598,-0.05376344086021523
80,9,between_state,S099,Joint_LDA,0.35714285714285715,0.2779069767441861,0.13732394366197176
80,9,between_state,S101,Raw,0.2727272727272727,0.23324808184143225,0.16389548693586697
80,9,between_state,S101,Trait_LDA,0.31136363636363634,0.3088054187192118,0.08269631688672685
80,9,between_state,S101,State_LDA,0.2727272727272727,0.23957219251336898,0.1643916913946588
80,9,between_state,S101,Joint_LDA,0.25946969696969696,0.18009259259259258,0.011235955056179692
80,9,between_state,S103,Raw,0.22727272727272727,0.11428571428571428,0.07899022801302913
80,9,between_state,S103,Trait_LDA,0.25874125874125875,0.20595533498759305,0.029493087557603603
80,9,between_state,S103,State_LDA,0.22727272727272727,0.11111111111111112,0.07066557107641736
80,9,between_state,S103,Joint_LDA,0.3221153846153846,0.22916666666666669,0.12131715771230511
80,9,between_state,S104,Raw,0.40909090909090906,0.3242424242424243,0.25213675213675213
80,9,between_state,S104,Trait_LDA,0.45170454545454547,0.3547619047619047,0.25213675213675224
80,9,between_state,S104,State_LDA,0.40909090909090906,0.32167832167832167,0.2456896551724138
80,9,between_state,S104,Joint_LDA,0.18181818181818182,0.10526315789473684,-0.09375
80,9,between_state,S105,Raw,0.175,0.06363636363636363,-0.07871720116618075
80,9,between_state,S105,Trait_LDA,0.4,0.3,0.20970873786407773
80,9,between_state,S105,State_LDA,0.2,0.07111111111111111,-0.05299313052011767
80,9,between_state,S105,Joint_LDA,0.2777777777777778,0.1456043956043956,0.0357142857142857
80,9,between_state,S106,Raw,0.2403846153846154,0.14486486486486488,0.03203416978109985
80,9,between_state,S106,Trait_LDA,0.23076923076923078,0.1016949152542373,-0.026032823995472576
80,9,between_state,S106,State_LDA,0.22115384615384615,0.13297491039426523,0.006403415154749181
80,9,between_state,S106,Joint_LDA,0.2884615384615385,0.19675925925925924,0.05555555555555558
80,9,between_state,S107,Raw,0.05,0.037037037037037035,-0.05370219690805511
80,9,between_state,S107,Trait_LDA,0.2714285714285714,0.23989898989898986,0.0485714285714286
80,9,between_state,S107,State_LDA,0.05,0.0392156862745098,-0.045197740112994156
80,9,between_state,S107,Joint_LDA,0.3392857142857143,0.20738636363636365,0.1042830540037244
80,9,between_state,S108,Raw,0.29583333333333334,0.24083269671504964,0.05508145849495738
80,9,between_state,S108,Trait_LDA,0.2222222222222222,0.0851063829787234,-0.035532994923857864
80,9,between_state,S108,State_LDA,0.29583333333333334,0.24083269671504964,0.05508145849495738
80,9,between_state,S108,Joint_LDA,0.25,0.1111111111111111,0.0
