num_subjects,seed,split_type,subject,space,Bal_Acc,F1,Kappa
10,0,trait,,Raw,0.9962500000000001,0.996251934833348,0.9958333333333333
10,0,trait,,Trait_LDA,0.996875,0.9968788573443836,0.9965277777777778
10,0,trait,,State_LDA,0.11187500000000002,0.09147446670189804,0.013194444444444398
10,0,trait,,Joint_LDA,0.9099999999999999,0.9041303864113637,0.9
10,1,trait,,Raw,1.0,1.0,1.0
10,1,trait,,Trait_LDA,1.0,1.0,1.0
10,1,trait,,State_LDA,0.09437500000000001,0.06461183727230138,-0.006250000000000089
10,1,trait,,Joint_LDA,0.8856249999999999,0.8824612696856333,0.8729166666666667
10,2,trait,,Raw,1.0,1.0,1.0
10,2,trait,,Trait_LDA,0.99875,0.9987499877928496,0.9986111111111111
10,2,trait,,State_LDA,0.07625,0.06291329828942407,-0.026388888888888795
10,2,trait,,Joint_LDA,0.8712500000000001,0.8665867947192561,0.8569444444444445
10,3,trait,,Raw,1.0,1.0,1.0
10,3,trait,,Trait_LDA,0.999375,0.9993749938964248,0.9993055555555556
10,3,trait,,State_LDA,0.089375,0.0683158598246543,-0.011805555555555625
10,3,trait,,Joint_LDA,0.9025000000000001,0.9007582109756187,0.8916666666666667
10,4,trait,,Raw,0.999375,0.9993749938964248,0.9993055555555556
10,4,trait,,Trait_LDA,0.9974999999999999,0.9974998290870177,0.9972222222222222
10,4,trait,,State_LDA,0.1025,0.06492675510515854,0.00277777777777799
10,4,trait,,Joint_LDA,0.88125,0.8760864410140783,0.8680555555555556
10,5,trait,,Raw,0.9956250000000001,0.9956268983256278,0.9951388888888889
10,5,trait,,Trait_LDA,0.9974999999999999,0.9975019227399289,0.9972222222222222
10,5,trait,,State_LDA,0.140625,0.11454129170263465,0.04513888888888884
10,5,trait,,Joint_LDA,0.9331250000000001,0.931961062100567,0.9256944444444445
10,6,trait,,Raw,1.0,1.0,1.0
10,6,trait,,Trait_LDA,1.0,1.0,1.0
10,6,trait,,State_LDA,0.075,0.049930464281899394,-0.0277777777777779
10,6,trait,,Joint_LDA,0.8625,0.8546699029164081,0.8472222222222223
10,7,trait,,Raw,0.99875,0.9987499938964248,0.9986111111111111
10,7,trait,,Trait_LDA,0.99875,0.99875,0.9986111111111111
10,7,trait,,State_LDA,0.095,0.06700540684186365,-0.005555555555555758
10,7,trait,,Joint_LDA,0.8643750000000001,0.8593665373357604,0.8493055555555555
10,8,trait,,Raw,0.999375,0.9993749938964248,0.9993055555555556
10,8,trait,,Trait_LDA,0.999375,0.9993749938964248,0.9993055555555556
10,8,trait,,State_LDA,0.08375000000000002,0.058346998506661085,-0.01805555555555549
10,8,trait,,Joint_LDA,0.8493749999999999,0.8534735477853831,0.8326388888888889
10,9,trait,,Raw,0.99875,0.9987499877928496,0.9986111111111111
10,9,trait,,Trait_LDA,0.99875,0.9987499877928496,0.9986111111111111
10,9,trait,,State_LDA,0.11875,0.09855882349974456,0.02083333333333315
10,9,trait,,Joint_LDA,0.915,0.9159521165506928,0.9055555555555556
4,0,trait,,Raw,1.0,1.0,1.0
4,0,trait,,Trait_LDA,1.0,1.0,1.0
4,0,trait,,State_LDA,0.2609375,0.12966468633414535,0.014583333333333282
4,0,trait,,Joint_LDA,1.0,1.0,1.0
4,1,trait,,Raw,1.0,1.0,1.0
4,1,trait,,Trait_LDA,1.0,1.0,1.0
4,1,trait,,State_LDA,0.2265625,0.15347922333657887,-0.03125
4,1,trait,,Joint_LDA,1.0,1.0,1.0
4,2,trait,,Raw,1.0,1.0,1.0
4,2,trait,,Trait_LDA,1.0,1.0,1.0
4,2,trait,,State_LDA,0.2765625,0.27043683324246526,0.03541666666666665
4,2,trait,,Joint_LDA,1.0,1.0,1.0
4,3,trait,,Raw,1.0,1.0,1.0
4,3,trait,,Trait_LDA,1.0,1.0,1.0
4,3,trait,,State_LDA,0.225,0.15480921174939583,-0.03333333333333344
4,3,trait,,Joint_LDA,1.0,1.0,1.0
4,4,trait,,Raw,1.0,1.0,1.0
4,4,trait,,Trait_LDA,1.0,1.0,1.0
4,4,trait,,State_LDA,0.2328125,0.2143314862680728,-0.022916666666666696
4,4,trait,,Joint_LDA,1.0,1.0,1.0
4,5,trait,,Raw,1.0,1.0,1.0
4,5,trait,,Trait_LDA,1.0,1.0,1.0
4,5,trait,,State_LDA,0.228125,0.20019948245028155,-0.029166666666666563
4,5,trait,,Joint_LDA,1.0,1.0,1.0
4,6,trait,,Raw,1.0,1.0,1.0
4,6,trait,,Trait_LDA,1.0,1.0,1.0
4,6,trait,,State_LDA,0.2546875,0.19362738961105563,0.006249999999999978
4,6,trait,,Joint_LDA,1.0,1.0,1.0
4,7,trait,,Raw,1.0,1.0,1.0
4,7,trait,,Trait_LDA,1.0,1.0,1.0
4,7,trait,,State_LDA,0.2328125,0.14904494831014853,-0.022916666666666696
4,7,trait,,Joint_LDA,1.0,1.0,1.0
4,8,trait,,Raw,1.0,1.0,1.0
4,8,trait,,Trait_LDA,1.0,1.0,1.0
4,8,trait,,State_LDA,0.259375,0.1214701927386822,0.012499999999999956
4,8,trait,,Joint_LDA,0.9984375,0.998437484741062,0.9979166666666667
4,9,trait,,Raw,1.0,1.0,1.0
4,9,trait,,Trait_LDA,1.0,1.0,1.0
4,9,trait,,State_LDA,0.25625,0.16944952812349212,0.008333333333333304
4,9,trait,,Joint_LDA,1.0,1.0,1.0
8,0,trait,,Raw,0.9984375,0.998437484741062,0.9982142857142857
8,0,trait,,Trait_LDA,0.953125,0.9517839034001726,0.9464285714285714
8,0,trait,,State_LDA,0.15078124999999998,0.12238572447819614,0.02946428571428572
8,0,trait,,Joint_LDA,0.88828125,0.8837962428025168,0.8723214285714286
8,1,trait,,Raw,1.0,1.0,1.0
8,1,trait,,Trait_LDA,0.99921875,0.999218742370531,0.9991071428571429
8,1,trait,,State_LDA,0.08671875000000001,0.06826528738243985,-0.043749999999999956
8,1,trait,,Joint_LDA,0.946875,0.9460731212793543,0.9392857142857143
8,2,trait,,Raw,1.0,1.0,1.0
8,2,trait,,Trait_LDA,0.996875,0.9968745116424441,0.9964285714285714
8,2,trait,,State_LDA,0.12890625,0.09654249629789353,0.004464285714285698
8,2,trait,,Joint_LDA,0.9796875,0.9793331992441185,0.9767857142857143
8,3,trait,,Raw,0.99921875,0.999218742370531,0.9991071428571429
8,3,trait,,Trait_LDA,0.99921875,0.999218742370531,0.9991071428571429
8,3,trait,,State_LDA,0.11796875,0.09446758532590901,-0.008035714285714368
8,3,trait,,Joint_LDA,0.95,0.9495758065401918,0.9428571428571428
8,4,trait,,Raw,0.99921875,0.999218742370531,0.9991071428571429
8,4,trait,,Trait_LDA,0.99921875,0.999218742370531,0.9991071428571429
8,4,trait,,State_LDA,0.11640625000000002,0.07673068006476513,-0.009821428571428648
8,4,trait,,Joint_LDA,0.98046875,0.9803548840225843,0.9776785714285714
8,5,trait,,Raw,0.94609375,0.9435813671455269,0.9383928571428571
8,5,trait,,Trait_LDA,0.99921875,0.999218742370531,0.9991071428571429
8,5,trait,,State_LDA,0.0859375,0.0647804477388074,-0.044642857142857206
8,5,trait,,Joint_LDA,0.9,0.8942296604116657,0.8857142857142857
8,6,trait,,Raw,1.0,1.0,1.0
8,6,trait,,Trait_LDA,0.99921875,0.999218742370531,0.9991071428571429
8,6,trait,,State_LDA,0.0703125,0.04436075031764511,-0.0625
8,6,trait,,Joint_LDA,0.9156249999999999,0.9106347759434922,0.9035714285714286
8,7,trait,,Raw,1.0,1.0,1.0
8,7,trait,,Trait_LDA,1.0,1.0,1.0
8,7,trait,,State_LDA,0.11484375000000001,0.08954222009799828,-0.011607142857142927
8,7,trait,,Joint_LDA,0.9078125,0.902224580069517,0.8946428571428572
8,8,trait,,Raw,0.9976562499999999,0.9976561813329905,0.9973214285714286
8,8,trait,,Trait_LDA,1.0,1.0,1.0
8,8,trait,,State_LDA,0.10078125,0.09206861079593401,-0.02767857142857144
8,8,trait,,Joint_LDA,0.90390625,0.9011071896365436,0.8901785714285715
8,9,trait,,Raw,1.0,1.0,1.0
8,9,trait,,Trait_LDA,1.0,1.0,1.0
8,9,trait,,State_LDA,0.090625,0.06760392114291372,-0.03928571428571437
8,9,trait,,Joint_LDA,0.9921875,0.9921854975191905,0.9910714285714286
all,0,trait,,Raw,0.9633928571428572,0.9607073051966587,0.9605769230769231
all,0,trait,,Trait_LDA,0.9508928571428571,0.9483997067545004,0.9471153846153846
all,0,trait,,State_LDA,0.08928571428571429,0.06778986558514762,0.019230769230769496
all,0,trait,,Joint_LDA,0.8254464285714286,0.8213568618939944,0.8120192307692307
10,0,within_state,1.0,Raw,0.8625,0.8616830831769855,0.8166666666666667
10,0,within_state,1.0,Trait_LDA,0.8625,0.8616830831769855,0.8166666666666667
10,0,within_state,1.0,State_LDA,0.88125,0.8795571245186136,0.8416666666666667
10,0,within_state,1.0,Joint_LDA,0.6749999999999999,0.6736115059131476,0.5666666666666667
10,0,within_state,10.0,Raw,0.7625,0.7521709503549001,0.6833333333333333
10,0,within_state,10.0,Trait_LDA,0.7625,0.7521709503549001,0.6833333333333333
10,0,within_state,10.0,State_LDA,0.75625,0.748298502093145,0.675
10,0,within_state,10.0,Joint_LDA,0.6,0.5803173542144131,0.4666666666666667
10,0,within_state,11.0,Raw,0.9875,0.9874980465697765,0.9833333333333333
10,0,within_state,11.0,Trait_LDA,0.9875,0.9874980465697765,0.9833333333333333
10,0,within_state,11.0,State_LDA,1.0,1.0,1.0
10,0,within_state,11.0,Joint_LDA,0.94375,0.9412713916962446,0.925
10,0,within_state,12.0,Raw,0.8187500000000001,0.8170248680052601,0.7583333333333333
10,0,within_state,12.0,Trait_LDA,0.8187500000000001,0.8170248680052601,0.7583333333333333
10,0,within_state,12.0,State_LDA,0.79375,0.7869917816154375,0.725
10,0,within_state,12.0,Joint_LDA,0.75,0.742695540013299,0.6666666666666667
10,0,within_state,13.0,Raw,0.9,0.8957300769531759,0.8666666666666667
10,0,within_state,13.0,Trait_LDA,0.9,0.8957300769531759,0.8666666666666667
10,0,within_state,13.0,State_LDA,0.9,0.8954396757860614,0.8666666666666667
10,0,within_state,13.0,Joint_LDA,0.9125,0.910216936621431,0.8833333333333333
10,0,within_state,2.0,Raw,0.8750000000000001,0.8747636107285229,0.8333333333333334
10,0,within_state,2.0,Trait_LDA,0.8750000000000001,0.8747636107285229,0.8333333333333334
10,0,within_state,2.0,State_LDA,0.9,0.8989193368576258,0.8666666666666667
10,0,within_state,2.0,Joint_LDA,0.78125,0.7605105978926734,0.7083333333333333
10,0,within_state,4.0,Raw,0.88125,0.8788758081598457,0.8416666666666667
10,0,within_state,4.0,Trait_LDA,0.88125,0.8788758081598457,0.8416666666666667
10,0,within_state,4.0,State_LDA,0.85625,0.8547707231040564,0.8083333333333333
10,0,within_state,4.0,Joint_LDA,0.8374999999999999,0.8358585858585859,0.7833333333333333
10,0,within_state,5.0,Raw,0.93125,0.9299225065438002,0.9083333333333333
10,0,within_state,5.0,Trait_LDA,0.93125,0.9299225065438002,0.9083333333333333
10,0,within_state,5.0,State_LDA,0.95625,0.9554120434471105,0.9416666666666667
10,0,within_state,5.0,Joint_LDA,0.89375,0.888501197861578,0.8583333333333334
10,0,within_state,6.0,Raw,0.84375,0.8417556166309801,0.7916666666666666
10,0,within_state,6.0,Trait_LDA,0.84375,0.8417556166309801,0.7916666666666666
10,0,within_state,6.0,State_LDA,0.84375,0.8415178169913479,0.7916666666666666
10,0,within_state,6.0,Joint_LDA,0.85625,0.8553800366300366,0.8083333333333333
10,0,within_state,7.0,Raw,0.8875,0.8805185020959325,0.85
10,0,within_state,7.0,Trait_LDA,0.8875,0.8805185020959325,0.85
10,0,within_state,7.0,State_LDA,0.8625,0.8523407742668491,0.8166666666666667
10,0,within_state,7.0,Joint_LDA,0.8250000000000001,0.8147864945180682,0.7666666666666666
10,1,within_state,1.0,Raw,0.8625,0.8616830831769855,0.8166666666666667
10,1,within_state,1.0,Trait_LDA,0.8625,0.8616830831769855,0.8166666666666667
10,1,within_state,1.0,State_LDA,0.88125,0.8795571245186136,0.8416666666666667
10,1,within_state,1.0,Joint_LDA,0.6749999999999999,0.6736115059131476,0.5666666666666667
10,1,within_state,11.0,Raw,0.9875,0.9874980465697765,0.9833333333333333
10,1,within_state,11.0,Trait_LDA,0.9875,0.9874980465697765,0.9833333333333333
10,1,within_state,11.0,State_LDA,1.0,1.0,1.0
10,1,within_state,11.0,Joint_LDA,0.94375,0.9412713916962446,0.925
10,1,within_state,12.0,Raw,0.8187500000000001,0.8170248680052601,0.7583333333333333
10,1,within_state,12.0,Trait_LDA,0.8187500000000001,0.8170248680052601,0.7583333333333333
10,1,within_state,12.0,State_LDA,0.79375,0.7869917816154375,0.725
10,1,within_state,12.0,Joint_LDA,0.75,0.742695540013299,0.6666666666666667
10,1,within_state,14.0,Raw,0.6125,0.6303041734355785,0.4833333333333333
10,1,within_state,14.0,Trait_LDA,0.6125,0.6303041734355785,0.4833333333333333
10,1,within_state,14.0,State_LDA,0.7312500000000001,0.7170845374781952,0.6416666666666666
10,1,within_state,14.0,Joint_LDA,0.75,0.7481622468027336,0.6666666666666667
10,1,within_state,2.0,Raw,0.8750000000000001,0.8747636107285229,0.8333333333333334
10,1,within_state,2.0,Trait_LDA,0.8750000000000001,0.8747636107285229,0.8333333333333334
10,1,within_state,2.0,State_LDA,0.9,0.8989193368576258,0.8666666666666667
10,1,within_state,2.0,Joint_LDA,0.78125,0.7605105978926734,0.7083333333333333
10,1,within_state,4.0,Raw,0.88125,0.8788758081598457,0.8416666666666667
10,1,within_state,4.0,Trait_LDA,0.88125,0.8788758081598457,0.8416666666666667
10,1,within_state,4.0,State_LDA,0.85625,0.8547707231040564,0.8083333333333333
10,1,within_state,4.0,Joint_LDA,0.8374999999999999,0.8358585858585859,0.7833333333333333
10,1,within_state,5.0,Raw,0.93125,0.9299225065438002,0.9083333333333333
10,1,within_state,5.0,Trait_LDA,0.93125,0.9299225065438002,0.9083333333333333
10,1,within_state,5.0,State_LDA,0.95625,0.9554120434471105,0.9416666666666667
10,1,within_state,5.0,Joint_LDA,0.89375,0.888501197861578,0.8583333333333334
10,1,within_state,6.0,Raw,0.84375,0.8417556166309801,0.7916666666666666
10,1,within_state,6.0,Trait_LDA,0.84375,0.8417556166309801,0.7916666666666666
10,1,within_state,6.0,State_LDA,0.84375,0.8415178169913479,0.7916666666666666
10,1,within_state,6.0,Joint_LDA,0.85625,0.8553800366300366,0.8083333333333333
10,1,within_state,7.0,Raw,0.8875,0.8805185020959325,0.85
10,1,within_state,7.0,Trait_LDA,0.8875,0.8805185020959325,0.85
10,1,within_state,7.0,State_LDA,0.8625,0.8523407742668491,0.8166666666666667
10,1,within_state,7.0,Joint_LDA,0.8250000000000001,0.8147864945180682,0.7666666666666666
10,1,within_state,8.0,Raw,0.55,0.543659325748878,0.4
10,1,within_state,8.0,Trait_LDA,0.55,0.543659325748878,0.4
10,1,within_state,8.0,State_LDA,0.5437500000000001,0.5347876760920239,0.3916666666666667
10,1,within_state,8.0,Joint_LDA,0.60625,0.6080121703853956,0.475
10,2,within_state,1.0,Raw,0.8625,0.8616830831769855,0.8166666666666667
10,2,within_state,1.0,Trait_LDA,0.8625,0.8616830831769855,0.8166666666666667
10,2,within_state,1.0,State_LDA,0.88125,0.8795571245186136,0.8416666666666667
10,2,within_state,1.0,Joint_LDA,0.6749999999999999,0.6736115059131476,0.5666666666666667
10,2,within_state,11.0,Raw,0.9875,0.9874980465697765,0.9833333333333333
10,2,within_state,11.0,Trait_LDA,0.9875,0.9874980465697765,0.9833333333333333
10,2,within_state,11.0,State_LDA,1.0,1.0,1.0
10,2,within_state,11.0,Joint_LDA,0.94375,0.9412713916962446,0.925
10,2,within_state,12.0,Raw,0.8187500000000001,0.8170248680052601,0.7583333333333333
10,2,within_state,12.0,Trait_LDA,0.8187500000000001,0.8170248680052601,0.7583333333333333
10,2,within_state,12.0,State_LDA,0.79375,0.7869917816154375,0.725
10,2,within_state,12.0,Joint_LDA,0.75,0.742695540013299,0.6666666666666667
10,2,within_state,13.0,Raw,0.9,0.8957300769531759,0.8666666666666667
10,2,within_state,13.0,Trait_LDA,0.9,0.8957300769531759,0.8666666666666667
10,2,within_state,13.0,State_LDA,0.9,0.8954396757860614,0.8666666666666667
10,2,within_state,13.0,Joint_LDA,0.9125,0.910216936621431,0.8833333333333333
10,2,within_state,14.0,Raw,0.6125,0.6303041734355785,0.4833333333333333
10,2,within_state,14.0,Trait_LDA,0.6125,0.6303041734355785,0.4833333333333333
10,2,within_state,14.0,State_LDA,0.7312500000000001,0.7170845374781952,0.6416666666666666
10,2,within_state,14.0,Joint_LDA,0.75,0.7481622468027336,0.6666666666666667
10,2,within_state,2.0,Raw,0.8750000000000001,0.8747636107285229,0.8333333333333334
10,2,within_state,2.0,Trait_LDA,0.8750000000000001,0.8747636107285229,0.8333333333333334
10,2,within_state,2.0,State_LDA,0.9,0.8989193368576258,0.8666666666666667
10,2,within_state,2.0,Joint_LDA,0.78125,0.7605105978926734,0.7083333333333333
10,2,within_state,4.0,Raw,0.88125,0.8788758081598457,0.8416666666666667
10,2,within_state,4.0,Trait_LDA,0.88125,0.8788758081598457,0.8416666666666667
10,2,within_state,4.0,State_LDA,0.85625,0.8547707231040564,0.8083333333333333
10,2,within_state,4.0,Joint_LDA,0.8374999999999999,0.8358585858585859,0.7833333333333333
10,2,within_state,6.0,Raw,0.84375,0.8417556166309801,0.7916666666666666
10,2,within_state,6.0,Trait_LDA,0.84375,0.8417556166309801,0.7916666666666666
10,2,within_state,6.0,State_LDA,0.84375,0.8415178169913479,0.7916666666666666
10,2,within_state,6.0,Joint_LDA,0.85625,0.8553800366300366,0.8083333333333333
10,2,within_state,7.0,Raw,0.8875,0.8805185020959325,0.85
10,2,within_state,7.0,Trait_LDA,0.8875,0.8805185020959325,0.85
10,2,within_state,7.0,State_LDA,0.8625,0.8523407742668491,0.8166666666666667
10,2,within_state,7.0,Joint_LDA,0.8250000000000001,0.8147864945180682,0.7666666666666666
10,2,within_state,9.0,Raw,0.89375,0.8929661790758361,0.8583333333333334
10,2,within_state,9.0,Trait_LDA,0.89375,0.8929661790758361,0.8583333333333334
10,2,within_state,9.0,State_LDA,0.91875,0.9175708257986739,0.8916666666666666
10,2,within_state,9.0,Joint_LDA,0.875,0.874069264069264,0.8333333333333334
10,3,within_state,12.0,Raw,0.8187500000000001,0.8170248680052601,0.7583333333333333
10,3,within_state,12.0,Trait_LDA,0.8187500000000001,0.8170248680052601,0.7583333333333333
10,3,within_state,12.0,State_LDA,0.79375,0.7869917816154375,0.725
10,3,within_state,12.0,Joint_LDA,0.75,0.742695540013299,0.6666666666666667
10,3,within_state,13.0,Raw,0.9,0.8957300769531759,0.8666666666666667
10,3,within_state,13.0,Trait_LDA,0.9,0.8957300769531759,0.8666666666666667
10,3,within_state,13.0,State_LDA,0.9,0.8954396757860614,0.8666666666666667
10,3,within_state,13.0,Joint_LDA,0.9125,0.910216936621431,0.8833333333333333
10,3,within_state,14.0,Raw,0.6125,0.6303041734355785,0.4833333333333333
10,3,within_state,14.0,Trait_LDA,0.6125,0.6303041734355785,0.4833333333333333
10,3,within_state,14.0,State_LDA,0.7312500000000001,0.7170845374781952,0.6416666666666666
10,3,within_state,14.0,Joint_LDA,0.75,0.7481622468027336,0.6666666666666667
10,3,within_state,3.0,Raw,0.85625,0.856065169769989,0.8083333333333333
10,3,within_state,3.0,Trait_LDA,0.85625,0.856065169769989,0.8083333333333333
10,3,within_state,3.0,State_LDA,0.85625,0.8567812634714113,0.8083333333333333
10,3,within_state,3.0,Joint_LDA,0.79375,0.7959567447063588,0.725
10,3,within_state,4.0,Raw,0.88125,0.8788758081598457,0.8416666666666667
10,3,within_state,4.0,Trait_LDA,0.88125,0.8788758081598457,0.8416666666666667
10,3,within_state,4.0,State_LDA,0.85625,0.8547707231040564,0.8083333333333333
10,3,within_state,4.0,Joint_LDA,0.8374999999999999,0.8358585858585859,0.7833333333333333
10,3,within_state,5.0,Raw,0.93125,0.9299225065438002,0.9083333333333333
10,3,within_state,5.0,Trait_LDA,0.93125,0.9299225065438002,0.9083333333333333
10,3,within_state,5.0,State_LDA,0.95625,0.9554120434471105,0.9416666666666667
10,3,within_state,5.0,Joint_LDA,0.89375,0.888501197861578,0.8583333333333334
10,3,within_state,6.0,Raw,0.84375,0.8417556166309801,0.7916666666666666
10,3,within_state,6.0,Trait_LDA,0.84375,0.8417556166309801,0.7916666666666666
10,3,within_state,6.0,State_LDA,0.84375,0.8415178169913479,0.7916666666666666
10,3,within_state,6.0,Joint_LDA,0.85625,0.8553800366300366,0.8083333333333333
10,3,within_state,7.0,Raw,0.8875,0.8805185020959325,0.85
10,3,within_state,7.0,Trait_LDA,0.8875,0.8805185020959325,0.85
10,3,within_state,7.0,State_LDA,0.8625,0.8523407742668491,0.8166666666666667
10,3,within_state,7.0,Joint_LDA,0.8250000000000001,0.8147864945180682,0.7666666666666666
10,3,within_state,8.0,Raw,0.55,0.543659325748878,0.4
10,3,within_state,8.0,Trait_LDA,0.55,0.543659325748878,0.4
10,3,within_state,8.0,State_LDA,0.5437500000000001,0.5347876760920239,0.3916666666666667
10,3,within_state,8.0,Joint_LDA,0.60625,0.6080121703853956,0.475
10,3,within_state,9.0,Raw,0.89375,0.8929661790758361,0.8583333333333334
10,3,within_state,9.0,Trait_LDA,0.89375,0.8929661790758361,0.8583333333333334
10,3,within_state,9.0,State_LDA,0.91875,0.9175708257986739,0.8916666666666666
10,3,within_state,9.0,Joint_LDA,0.875,0.874069264069264,0.8333333333333334
10,4,within_state,1.0,Raw,0.8625,0.8616830831769855,0.8166666666666667
10,4,within_state,1.0,Trait_LDA,0.8625,0.8616830831769855,0.8166666666666667
10,4,within_state,1.0,State_LDA,0.88125,0.8795571245186136,0.8416666666666667
10,4,within_state,1.0,Joint_LDA,0.6749999999999999,0.6736115059131476,0.5666666666666667
10,4,within_state,10.0,Raw,0.7625,0.7521709503549001,0.6833333333333333
10,4,within_state,10.0,Trait_LDA,0.7625,0.7521709503549001,0.6833333333333333
10,4,within_state,10.0,State_LDA,0.75625,0.748298502093145,0.675
10,4,within_state,10.0,Joint_LDA,0.6,0.5803173542144131,0.4666666666666667
10,4,within_state,11.0,Raw,0.9875,0.9874980465697765,0.9833333333333333
10,4,within_state,11.0,Trait_LDA,0.9875,0.9874980465697765,0.9833333333333333
10,4,within_state,11.0,State_LDA,1.0,1.0,1.0
10,4,within_state,11.0,Joint_LDA,0.94375,0.9412713916962446,0.925
10,4,within_state,13.0,Raw,0.9,0.8957300769531759,0.8666666666666667
10,4,within_state,13.0,Trait_LDA,0.9,0.8957300769531759,0.8666666666666667
10,4,within_state,13.0,State_LDA,0.9,0.8954396757860614,0.8666666666666667
10,4,within_state,13.0,Joint_LDA,0.9125,0.910216936621431,0.8833333333333333
10,4,within_state,14.0,Raw,0.6125,0.6303041734355785,0.4833333333333333
10,4,within_state,14.0,Trait_LDA,0.6125,0.6303041734355785,0.4833333333333333
10,4,within_state,14.0,State_LDA,0.7312500000000001,0.7170845374781952,0.6416666666666666
10,4,within_state,14.0,Joint_LDA,0.75,0.7481622468027336,0.6666666666666667
10,4,within_state,3.0,Raw,0.85625,0.856065169769989,0.8083333333333333
10,4,within_state,3.0,Trait_LDA,0.85625,0.856065169769989,0.8083333333333333
10,4,within_state,3.0,State_LDA,0.85625,0.8567812634714113,0.8083333333333333
10,4,within_state,3.0,Joint_LDA,0.79375,0.7959567447063588,0.725
10,4,within_state,5.0,Raw,0.93125,0.9299225065438002,0.9083333333333333
10,4,within_state,5.0,Trait_LDA,0.93125,0.9299225065438002,0.9083333333333333
10,4,within_state,5.0,State_LDA,0.95625,0.9554120434471105,0.9416666666666667
10,4,within_state,5.0,Joint_LDA,0.89375,0.888501197861578,0.8583333333333334
10,4,within_state,6.0,Raw,0.84375,0.8417556166309801,0.7916666666666666
10,4,within_state,6.0,Trait_LDA,0.84375,0.8417556166309801,0.7916666666666666
10,4,within_state,6.0,State_LDA,0.84375,0.8415178169913479,0.7916666666666666
10,4,within_state,6.0,Joint_LDA,0.85625,0.8553800366300366,0.8083333333333333
10,4,within_state,8.0,Raw,0.55,0.543659325748878,0.4
10,4,within_state,8.0,Trait_LDA,0.55,0.543659325748878,0.4
10,4,within_state,8.0,State_LDA,0.5437500000000001,0.5347876760920239,0.3916666666666667
10,4,within_state,8.0,Joint_LDA,0.60625,0.6080121703853956,0.475
10,4,within_state,9.0,Raw,0.89375,0.8929661790758361,0.8583333333333334
10,4,within_state,9.0,Trait_LDA,0.89375,0.8929661790758361,0.8583333333333334
10,4,within_state,9.0,State_LDA,0.91875,0.9175708257986739,0.8916666666666666
10,4,within_state,9.0,Joint_LDA,0.875,0.874069264069264,0.8333333333333334
10,5,within_state,1.0,Raw,0.8625,0.8616830831769855,0.8166666666666667
10,5,within_state,1.0,Trait_LDA,0.8625,0.8616830831769855,0.8166666666666667
10,5,within_state,1.0,State_LDA,0.88125,0.8795571245186136,0.8416666666666667
10,5,within_state,1.0,Joint_LDA,0.6749999999999999,0.6736115059131476,0.5666666666666667
10,5,within_state,10.0,Raw,0.7625,0.7521709503549001,0.6833333333333333
10,5,within_state,10.0,Trait_LDA,0.7625,0.7521709503549001,0.6833333333333333
10,5,within_state,10.0,State_LDA,0.75625,0.748298502093145,0.675
10,5,within_state,10.0,Joint_LDA,0.6,0.5803173542144131,0.4666666666666667
10,5,within_state,12.0,Raw,0.8187500000000001,0.8170248680052601,0.7583333333333333
10,5,within_state,12.0,Trait_LDA,0.8187500000000001,0.8170248680052601,0.7583333333333333
10,5,within_state,12.0,State_LDA,0.79375,0.7869917816154375,0.725
10,5,within_state,12.0,Joint_LDA,0.75,0.742695540013299,0.6666666666666667
10,5,within_state,13.0,Raw,0.9,0.8957300769531759,0.8666666666666667
10,5,within_state,13.0,Trait_LDA,0.9,0.8957300769531759,0.8666666666666667
10,5,within_state,13.0,State_LDA,0.9,0.8954396757860614,0.8666666666666667
10,5,within_state,13.0,Joint_LDA,0.9125,0.910216936621431,0.8833333333333333
10,5,within_state,2.0,Raw,0.8750000000000001,0.8747636107285229,0.8333333333333334
10,5,within_state,2.0,Trait_LDA,0.8750000000000001,0.8747636107285229,0.8333333333333334
10,5,within_state,2.0,State_LDA,0.9,0.8989193368576258,0.8666666666666667
10,5,within_state,2.0,Joint_LDA,0.78125,0.7605105978926734,0.7083333333333333
10,5,within_state,4.0,Raw,0.88125,0.8788758081598457,0.8416666666666667
10,5,within_state,4.0,Trait_LDA,0.88125,0.8788758081598457,0.8416666666666667
10,5,within_state,4.0,State_LDA,0.85625,0.8547707231040564,0.8083333333333333
10,5,within_state,4.0,Joint_LDA,0.8374999999999999,0.8358585858585859,0.7833333333333333
10,5,within_state,5.0,Raw,0.93125,0.9299225065438002,0.9083333333333333
10,5,within_state,5.0,Trait_LDA,0.93125,0.9299225065438002,0.9083333333333333
10,5,within_state,5.0,State_LDA,0.95625,0.9554120434471105,0.9416666666666667
10,5,within_state,5.0,Joint_LDA,0.89375,0.888501197861578,0.8583333333333334
10,5,within_state,7.0,Raw,0.8875,0.8805185020959325,0.85
10,5,within_state,7.0,Trait_LDA,0.8875,0.8805185020959325,0.85
10,5,within_state,7.0,State_LDA,0.8625,0.8523407742668491,0.8166666666666667
10,5,within_state,7.0,Joint_LDA,0.8250000000000001,0.8147864945180682,0.7666666666666666
10,5,within_state,8.0,Raw,0.55,0.543659325748878,0.4
10,5,within_state,8.0,Trait_LDA,0.55,0.543659325748878,0.4
10,5,within_state,8.0,State_LDA,0.5437500000000001,0.5347876760920239,0.3916666666666667
10,5,within_state,8.0,Joint_LDA,0.60625,0.6080121703853956,0.475
10,5,within_state,9.0,Raw,0.89375,0.8929661790758361,0.8583333333333334
10,5,within_state,9.0,Trait_LDA,0.89375,0.8929661790758361,0.8583333333333334
10,5,within_state,9.0,State_LDA,0.91875,0.9175708257986739,0.8916666666666666
10,5,within_state,9.0,Joint_LDA,0.875,0.874069264069264,0.8333333333333334
10,6,within_state,1.0,Raw,0.8625,0.8616830831769855,0.8166666666666667
10,6,within_state,1.0,Trait_LDA,0.8625,0.8616830831769855,0.8166666666666667
10,6,within_state,1.0,State_LDA,0.88125,0.8795571245186136,0.8416666666666667
10,6,within_state,1.0,Joint_LDA,0.6749999999999999,0.6736115059131476,0.5666666666666667
10,6,within_state,11.0,Raw,0.9875,0.9874980465697765,0.9833333333333333
10,6,within_state,11.0,Trait_LDA,0.9875,0.9874980465697765,0.9833333333333333
10,6,within_state,11.0,State_LDA,1.0,1.0,1.0
10,6,within_state,11.0,Joint_LDA,0.94375,0.9412713916962446,0.925
10,6,within_state,12.0,Raw,0.8187500000000001,0.8170248680052601,0.7583333333333333
10,6,within_state,12.0,Trait_LDA,0.8187500000000001,0.8170248680052601,0.7583333333333333
10,6,within_state,12.0,State_LDA,0.79375,0.7869917816154375,0.725
10,6,within_state,12.0,Joint_LDA,0.75,0.742695540013299,0.6666666666666667
10,6,within_state,13.0,Raw,0.9,0.8957300769531759,0.8666666666666667
10,6,within_state,13.0,Trait_LDA,0.9,0.8957300769531759,0.8666666666666667
10,6,within_state,13.0,State_LDA,0.9,0.8954396757860614,0.8666666666666667
10,6,within_state,13.0,Joint_LDA,0.9125,0.910216936621431,0.8833333333333333
10,6,within_state,14.0,Raw,0.6125,0.6303041734355785,0.4833333333333333
10,6,within_state,14.0,Trait_LDA,0.6125,0.6303041734355785,0.4833333333333333
10,6,within_state,14.0,State_LDA,0.7312500000000001,0.7170845374781952,0.6416666666666666
10,6,within_state,14.0,Joint_LDA,0.75,0.7481622468027336,0.6666666666666667
10,6,within_state,2.0,Raw,0.8750000000000001,0.8747636107285229,0.8333333333333334
10,6,within_state,2.0,Trait_LDA,0.8750000000000001,0.8747636107285229,0.8333333333333334
10,6,within_state,2.0,State_LDA,0.9,0.8989193368576258,0.8666666666666667
10,6,within_state,2.0,Joint_LDA,0.78125,0.7605105978926734,0.7083333333333333
10,6,within_state,4.0,Raw,0.88125,0.8788758081598457,0.8416666666666667
10,6,within_state,4.0,Trait_LDA,0.88125,0.8788758081598457,0.8416666666666667
10,6,within_state,4.0,State_LDA,0.85625,0.8547707231040564,0.8083333333333333
10,6,within_state,4.0,Joint_LDA,0.8374999999999999,0.8358585858585859,0.7833333333333333
10,6,within_state,5.0,Raw,0.93125,0.9299225065438002,0.9083333333333333
10,6,within_state,5.0,Trait_LDA,0.93125,0.9299225065438002,0.9083333333333333
10,6,within_state,5.0,State_LDA,0.95625,0.9554120434471105,0.9416666666666667
10,6,within_state,5.0,Joint_LDA,0.89375,0.888501197861578,0.8583333333333334
10,6,within_state,6.0,Raw,0.84375,0.8417556166309801,0.7916666666666666
10,6,within_state,6.0,Trait_LDA,0.84375,0.8417556166309801,0.7916666666666666
10,6,within_state,6.0,State_LDA,0.84375,0.8415178169913479,0.7916666666666666
10,6,within_state,6.0,Joint_LDA,0.85625,0.8553800366300366,0.8083333333333333
10,6,within_state,8.0,Raw,0.55,0.543659325748878,0.4
10,6,within_state,8.0,Trait_LDA,0.55,0.543659325748878,0.4
10,6,within_state,8.0,State_LDA,0.5437500000000001,0.5347876760920239,0.3916666666666667
10,6,within_state,8.0,Joint_LDA,0.60625,0.6080121703853956,0.475
10,7,within_state,1.0,Raw,0.8625,0.8616830831769855,0.8166666666666667
10,7,within_state,1.0,Trait_LDA,0.8625,0.8616830831769855,0.8166666666666667
10,7,within_state,1.0,State_LDA,0.88125,0.8795571245186136,0.8416666666666667
10,7,within_state,1.0,Joint_LDA,0.6749999999999999,0.6736115059131476,0.5666666666666667
10,7,within_state,11.0,Raw,0.9875,0.9874980465697765,0.9833333333333333
10,7,within_state,11.0,Trait_LDA,0.9875,0.9874980465697765,0.9833333333333333
10,7,within_state,11.0,State_LDA,1.0,1.0,1.0
10,7,within_state,11.0,Joint_LDA,0.94375,0.9412713916962446,0.925
10,7,within_state,12.0,Raw,0.8187500000000001,0.8170248680052601,0.7583333333333333
10,7,within_state,12.0,Trait_LDA,0.8187500000000001,0.8170248680052601,0.7583333333333333
10,7,within_state,12.0,State_LDA,0.79375,0.7869917816154375,0.725
10,7,within_state,12.0,Joint_LDA,0.75,0.742695540013299,0.6666666666666667
10,7,within_state,13.0,Raw,0.9,0.8957300769531759,0.8666666666666667
10,7,within_state,13.0,Trait_LDA,0.9,0.8957300769531759,0.8666666666666667
10,7,within_state,13.0,State_LDA,0.9,0.8954396757860614,0.8666666666666667
10,7,within_state,13.0,Joint_LDA,0.9125,0.910216936621431,0.8833333333333333
10,7,within_state,14.0,Raw,0.6125,0.6303041734355785,0.4833333333333333
10,7,within_state,14.0,Trait_LDA,0.6125,0.6303041734355785,0.4833333333333333
10,7,within_state,14.0,State_LDA,0.7312500000000001,0.7170845374781952,0.6416666666666666
10,7,within_state,14.0,Joint_LDA,0.75,0.7481622468027336,0.6666666666666667
10,7,within_state,3.0,Raw,0.85625,0.856065169769989,0.8083333333333333
10,7,within_state,3.0,Trait_LDA,0.85625,0.856065169769989,0.8083333333333333
10,7,within_state,3.0,State_LDA,0.85625,0.8567812634714113,0.8083333333333333
10,7,within_state,3.0,Joint_LDA,0.79375,0.7959567447063588,0.725
10,7,within_state,4.0,Raw,0.88125,0.8788758081598457,0.8416666666666667
10,7,within_state,4.0,Trait_LDA,0.88125,0.8788758081598457,0.8416666666666667
10,7,within_state,4.0,State_LDA,0.85625,0.8547707231040564,0.8083333333333333
10,7,within_state,4.0,Joint_LDA,0.8374999999999999,0.8358585858585859,0.7833333333333333
10,7,within_state,5.0,Raw,0.93125,0.9299225065438002,0.9083333333333333
10,7,within_state,5.0,Trait_LDA,0.93125,0.9299225065438002,0.9083333333333333
10,7,within_state,5.0,State_LDA,0.95625,0.9554120434471105,0.9416666666666667
10,7,within_state,5.0,Joint_LDA,0.89375,0.888501197861578,0.8583333333333334
10,7,within_state,6.0,Raw,0.84375,0.8417556166309801,0.7916666666666666
10,7,within_state,6.0,Trait_LDA,0.84375,0.8417556166309801,0.7916666666666666
10,7,within_state,6.0,State_LDA,0.84375,0.8415178169913479,0.7916666666666666
10,7,within_state,6.0,Joint_LDA,0.85625,0.8553800366300366,0.8083333333333333
10,7,within_state,7.0,Raw,0.8875,0.8805185020959325,0.85
10,7,within_state,7.0,Trait_LDA,0.8875,0.8805185020959325,0.85
10,7,within_state,7.0,State_LDA,0.8625,0.8523407742668491,0.8166666666666667
10,7,within_state,7.0,Joint_LDA,0.8250000000000001,0.8147864945180682,0.7666666666666666
10,8,within_state,11.0,Raw,0.9875,0.9874980465697765,0.9833333333333333
10,8,within_state,11.0,Trait_LDA,0.9875,0.9874980465697765,0.9833333333333333
10,8,within_state,11.0,State_LDA,1.0,1.0,1.0
10,8,within_state,11.0,Joint_LDA,0.94375,0.9412713916962446,0.925
10,8,within_state,12.0,Raw,0.8187500000000001,0.8170248680052601,0.7583333333333333
10,8,within_state,12.0,Trait_LDA,0.8187500000000001,0.8170248680052601,0.7583333333333333
10,8,within_state,12.0,State_LDA,0.79375,0.7869917816154375,0.725
10,8,within_state,12.0,Joint_LDA,0.75,0.742695540013299,0.6666666666666667
10,8,within_state,13.0,Raw,0.9,0.8957300769531759,0.8666666666666667
10,8,within_state,13.0,Trait_LDA,0.9,0.8957300769531759,0.8666666666666667
10,8,within_state,13.0,State_LDA,0.9,0.8954396757860614,0.8666666666666667
10,8,within_state,13.0,Joint_LDA,0.9125,0.910216936621431,0.8833333333333333
10,8,within_state,14.0,Raw,0.6125,0.6303041734355785,0.4833333333333333
10,8,within_state,14.0,Trait_LDA,0.6125,0.6303041734355785,0.4833333333333333
10,8,within_state,14.0,State_LDA,0.7312500000000001,0.7170845374781952,0.6416666666666666
10,8,within_state,14.0,Joint_LDA,0.75,0.7481622468027336,0.6666666666666667
10,8,within_state,2.0,Raw,0.8750000000000001,0.8747636107285229,0.8333333333333334
10,8,within_state,2.0,Trait_LDA,0.8750000000000001,0.8747636107285229,0.8333333333333334
10,8,within_state,2.0,State_LDA,0.9,0.8989193368576258,0.8666666666666667
10,8,within_state,2.0,Joint_LDA,0.78125,0.7605105978926734,0.7083333333333333
10,8,within_state,3.0,Raw,0.85625,0.856065169769989,0.8083333333333333
10,8,within_state,3.0,Trait_LDA,0.85625,0.856065169769989,0.8083333333333333
10,8,within_state,3.0,State_LDA,0.85625,0.8567812634714113,0.8083333333333333
10,8,within_state,3.0,Joint_LDA,0.79375,0.7959567447063588,0.725
10,8,within_state,5.0,Raw,0.93125,0.9299225065438002,0.9083333333333333
10,8,within_state,5.0,Trait_LDA,0.93125,0.9299225065438002,0.9083333333333333
10,8,within_state,5.0,State_LDA,0.95625,0.9554120434471105,0.9416666666666667
10,8,within_state,5.0,Joint_LDA,0.89375,0.888501197861578,0.8583333333333334
10,8,within_state,6.0,Raw,0.84375,0.8417556166309801,0.7916666666666666
10,8,within_state,6.0,Trait_LDA,0.84375,0.8417556166309801,0.7916666666666666
10,8,within_state,6.0,State_LDA,0.84375,0.8415178169913479,0.7916666666666666
10,8,within_state,6.0,Joint_LDA,0.85625,0.8553800366300366,0.8083333333333333
10,8,within_state,7.0,Raw,0.8875,0.8805185020959325,0.85
10,8,within_state,7.0,Trait_LDA,0.8875,0.8805185020959325,0.85
10,8,within_state,7.0,State_LDA,0.8625,0.8523407742668491,0.8166666666666667
10,8,within_state,7.0,Joint_LDA,0.8250000000000001,0.8147864945180682,0.7666666666666666
10,8,within_state,9.0,Raw,0.89375,0.8929661790758361,0.8583333333333334
10,8,within_state,9.0,Trait_LDA,0.89375,0.8929661790758361,0.8583333333333334
10,8,within_state,9.0,State_LDA,0.91875,0.9175708257986739,0.8916666666666666
10,8,within_state,9.0,Joint_LDA,0.875,0.874069264069264,0.8333333333333334
10,9,within_state,10.0,Raw,0.7625,0.7521709503549001,0.6833333333333333
10,9,within_state,10.0,Trait_LDA,0.7625,0.7521709503549001,0.6833333333333333
10,9,within_state,10.0,State_LDA,0.75625,0.748298502093145,0.675
10,9,within_state,10.0,Joint_LDA,0.6,0.5803173542144131,0.4666666666666667
10,9,within_state,11.0,Raw,0.9875,0.9874980465697765,0.9833333333333333
10,9,within_state,11.0,Trait_LDA,0.9875,0.9874980465697765,0.9833333333333333
10,9,within_state,11.0,State_LDA,1.0,1.0,1.0
10,9,within_state,11.0,Joint_LDA,0.94375,0.9412713916962446,0.925
10,9,within_state,12.0,Raw,0.8187500000000001,0.8170248680052601,0.7583333333333333
10,9,within_state,12.0,Trait_LDA,0.8187500000000001,0.8170248680052601,0.7583333333333333
10,9,within_state,12.0,State_LDA,0.79375,0.7869917816154375,0.725
10,9,within_state,12.0,Joint_LDA,0.75,0.742695540013299,0.6666666666666667
10,9,within_state,14.0,Raw,0.6125,0.6303041734355785,0.4833333333333333
10,9,within_state,14.0,Trait_LDA,0.6125,0.6303041734355785,0.4833333333333333
10,9,within_state,14.0,State_LDA,0.7312500000000001,0.7170845374781952,0.6416666666666666
10,9,within_state,14.0,Joint_LDA,0.75,0.7481622468027336,0.6666666666666667
10,9,within_state,2.0,Raw,0.8750000000000001,0.8747636107285229,0.8333333333333334
10,9,within_state,2.0,Trait_LDA,0.8750000000000001,0.8747636107285229,0.8333333333333334
10,9,within_state,2.0,State_LDA,0.9,0.8989193368576258,0.8666666666666667
10,9,within_state,2.0,Joint_LDA,0.78125,0.7605105978926734,0.7083333333333333
10,9,within_state,5.0,Raw,0.93125,0.9299225065438002,0.9083333333333333
10,9,within_state,5.0,Trait_LDA,0.93125,0.9299225065438002,0.9083333333333333
10,9,within_state,5.0,State_LDA,0.95625,0.9554120434471105,0.9416666666666667
10,9,within_state,5.0,Joint_LDA,0.89375,0.888501197861578,0.8583333333333334
10,9,within_state,6.0,Raw,0.84375,0.8417556166309801,0.7916666666666666
10,9,within_state,6.0,Trait_LDA,0.84375,0.8417556166309801,0.7916666666666666
10,9,within_state,6.0,State_LDA,0.84375,0.8415178169913479,0.7916666666666666
10,9,within_state,6.0,Joint_LDA,0.85625,0.8553800366300366,0.8083333333333333
10,9,within_state,7.0,Raw,0.8875,0.8805185020959325,0.85
10,9,within_state,7.0,Trait_LDA,0.8875,0.8805185020959325,0.85
10,9,within_state,7.0,State_LDA,0.8625,0.8523407742668491,0.8166666666666667
10,9,within_state,7.0,Joint_LDA,0.8250000000000001,0.8147864945180682,0.7666666666666666
10,9,within_state,8.0,Raw,0.55,0.543659325748878,0.4
10,9,within_state,8.0,Trait_LDA,0.55,0.543659325748878,0.4
10,9,within_state,8.0,State_LDA,0.5437500000000001,0.5347876760920239,0.3916666666666667
10,9,within_state,8.0,Joint_LDA,0.60625,0.6080121703853956,0.475
10,9,within_state,9.0,Raw,0.89375,0.8929661790758361,0.8583333333333334
10,9,within_state,9.0,Trait_LDA,0.89375,0.8929661790758361,0.8583333333333334
10,9,within_state,9.0,State_LDA,0.91875,0.9175708257986739,0.8916666666666666
10,9,within_state,9.0,Joint_LDA,0.875,0.874069264069264,0.8333333333333334
4,0,within_state,1.0,Raw,0.8625,0.8616830831769855,0.8166666666666667
4,0,within_state,1.0,Trait_LDA,0.8625,0.8616830831769855,0.8166666666666667
4,0,within_state,1.0,State_LDA,0.88125,0.8795571245186136,0.8416666666666667
4,0,within_state,1.0,Joint_LDA,0.875,0.8746302461307218,0.8333333333333334
4,0,within_state,2.0,Raw,0.8750000000000001,0.8747636107285229,0.8333333333333334
4,0,within_state,2.0,Trait_LDA,0.8750000000000001,0.8747636107285229,0.8333333333333334
4,0,within_state,2.0,State_LDA,0.9,0.8989193368576258,0.8666666666666667
4,0,within_state,2.0,Joint_LDA,0.8812500000000001,0.8786536248561565,0.8416666666666667
4,0,within_state,4.0,Raw,0.88125,0.8788758081598457,0.8416666666666667
4,0,within_state,4.0,Trait_LDA,0.88125,0.8788758081598457,0.8416666666666667
4,0,within_state,4.0,State_LDA,0.85625,0.8547707231040564,0.8083333333333333
4,0,within_state,4.0,Joint_LDA,0.8500000000000001,0.8465925529595941,0.8
4,0,within_state,5.0,Raw,0.93125,0.9299225065438002,0.9083333333333333
4,0,within_state,5.0,Trait_LDA,0.93125,0.9299225065438002,0.9083333333333333
4,0,within_state,5.0,State_LDA,0.95625,0.9554120434471105,0.9416666666666667
4,0,within_state,5.0,Joint_LDA,0.9625,0.9619542306534177,0.95
4,1,within_state,1.0,Raw,0.8625,0.8616830831769855,0.8166666666666667
4,1,within_state,1.0,Trait_LDA,0.8625,0.8616830831769855,0.8166666666666667
4,1,within_state,1.0,State_LDA,0.88125,0.8795571245186136,0.8416666666666667
4,1,within_state,1.0,Joint_LDA,0.875,0.8746302461307218,0.8333333333333334
4,1,within_state,14.0,Raw,0.6125,0.6303041734355785,0.4833333333333333
4,1,within_state,14.0,Trait_LDA,0.6125,0.6303041734355785,0.4833333333333333
4,1,within_state,14.0,State_LDA,0.7312500000000001,0.7170845374781952,0.6416666666666666
4,1,within_state,14.0,Joint_LDA,0.8375,0.828816345271156,0.7833333333333333
4,1,within_state,3.0,Raw,0.85625,0.856065169769989,0.8083333333333333
4,1,within_state,3.0,Trait_LDA,0.85625,0.856065169769989,0.8083333333333333
4,1,within_state,3.0,State_LDA,0.85625,0.8567812634714113,0.8083333333333333
4,1,within_state,3.0,Joint_LDA,0.8625,0.8633065761037357,0.8166666666666667
4,1,within_state,8.0,Raw,0.55,0.543659325748878,0.4
4,1,within_state,8.0,Trait_LDA,0.55,0.543659325748878,0.4
4,1,within_state,8.0,State_LDA,0.5437500000000001,0.5347876760920239,0.3916666666666667
4,1,within_state,8.0,Joint_LDA,0.5499999999999999,0.5429836534165058,0.4
4,2,within_state,10.0,Raw,0.7625,0.7521709503549001,0.6833333333333333
4,2,within_state,10.0,Trait_LDA,0.7625,0.7521709503549001,0.6833333333333333
4,2,within_state,10.0,State_LDA,0.75625,0.748298502093145,0.675
4,2,within_state,10.0,Joint_LDA,0.75625,0.7469868382135463,0.675
4,2,within_state,12.0,Raw,0.8187500000000001,0.8170248680052601,0.7583333333333333
4,2,within_state,12.0,Trait_LDA,0.8187500000000001,0.8170248680052601,0.7583333333333333
4,2,within_state,12.0,State_LDA,0.79375,0.7869917816154375,0.725
4,2,within_state,12.0,Joint_LDA,0.75,0.731659342958778,0.6666666666666667
4,2,within_state,3.0,Raw,0.85625,0.856065169769989,0.8083333333333333
4,2,within_state,3.0,Trait_LDA,0.85625,0.856065169769989,0.8083333333333333
4,2,within_state,3.0,State_LDA,0.85625,0.8567812634714113,0.8083333333333333
4,2,within_state,3.0,Joint_LDA,0.8625,0.8633065761037357,0.8166666666666667
4,2,within_state,6.0,Raw,0.84375,0.8417556166309801,0.7916666666666666
4,2,within_state,6.0,Trait_LDA,0.84375,0.8417556166309801,0.7916666666666666
4,2,within_state,6.0,State_LDA,0.84375,0.8415178169913479,0.7916666666666666
4,2,within_state,6.0,Joint_LDA,0.8375,0.8352093106828415,0.7833333333333333
4,3,within_state,2.0,Raw,0.8750000000000001,0.8747636107285229,0.8333333333333334
4,3,within_state,2.0,Trait_LDA,0.8750000000000001,0.8747636107285229,0.8333333333333334
4,3,within_state,2.0,State_LDA,0.9,0.8989193368576258,0.8666666666666667
4,3,within_state,2.0,Joint_LDA,0.8812500000000001,0.8786536248561565,0.8416666666666667
4,3,within_state,3.0,Raw,0.85625,0.856065169769989,0.8083333333333333
4,3,within_state,3.0,Trait_LDA,0.85625,0.856065169769989,0.8083333333333333
4,3,within_state,3.0,State_LDA,0.85625,0.8567812634714113,0.8083333333333333
4,3,within_state,3.0,Joint_LDA,0.8625,0.8633065761037357,0.8166666666666667
4,3,within_state,5.0,Raw,0.93125,0.9299225065438002,0.9083333333333333
4,3,within_state,5.0,Trait_LDA,0.93125,0.9299225065438002,0.9083333333333333
4,3,within_state,5.0,State_LDA,0.95625,0.9554120434471105,0.9416666666666667
4,3,within_state,5.0,Joint_LDA,0.9625,0.9619542306534177,0.95
4,3,within_state,6.0,Raw,0.84375,0.8417556166309801,0.7916666666666666
4,3,within_state,6.0,Trait_LDA,0.84375,0.8417556166309801,0.7916666666666666
4,3,within_state,6.0,State_LDA,0.84375,0.8415178169913479,0.7916666666666666
4,3,within_state,6.0,Joint_LDA,0.8375,0.8352093106828415,0.7833333333333333
4,4,within_state,10.0,Raw,0.7625,0.7521709503549001,0.6833333333333333
4,4,within_state,10.0,Trait_LDA,0.7625,0.7521709503549001,0.6833333333333333
4,4,within_state,10.0,State_LDA,0.75625,0.748298502093145,0.675
4,4,within_state,10.0,Joint_LDA,0.75625,0.7469868382135463,0.675
4,4,within_state,11.0,Raw,0.9875,0.9874980465697765,0.9833333333333333
4,4,within_state,11.0,Trait_LDA,0.9875,0.9874980465697765,0.9833333333333333
4,4,within_state,11.0,State_LDA,1.0,1.0,1.0
4,4,within_state,11.0,Joint_LDA,0.96875,0.9681996277794103,0.9583333333333334
4,4,within_state,14.0,Raw,0.6125,0.6303041734355785,0.4833333333333333
4,4,within_state,14.0,Trait_LDA,0.6125,0.6303041734355785,0.4833333333333333
4,4,within_state,14.0,State_LDA,0.7312500000000001,0.7170845374781952,0.6416666666666666
4,4,within_state,14.0,Joint_LDA,0.8375,0.828816345271156,0.7833333333333333
4,4,within_state,6.0,Raw,0.84375,0.8417556166309801,0.7916666666666666
4,4,within_state,6.0,Trait_LDA,0.84375,0.8417556166309801,0.7916666666666666
4,4,within_state,6.0,State_LDA,0.84375,0.8415178169913479,0.7916666666666666
4,4,within_state,6.0,Joint_LDA,0.8375,0.8352093106828415,0.7833333333333333
4,5,within_state,10.0,Raw,0.7625,0.7521709503549001,0.6833333333333333
4,5,within_state,10.0,Trait_LDA,0.7625,0.7521709503549001,0.6833333333333333
4,5,within_state,10.0,State_LDA,0.75625,0.748298502093145,0.675
4,5,within_state,10.0,Joint_LDA,0.75625,0.7469868382135463,0.675
4,5,within_state,3.0,Raw,0.85625,0.856065169769989,0.8083333333333333
4,5,within_state,3.0,Trait_LDA,0.85625,0.856065169769989,0.8083333333333333
4,5,within_state,3.0,State_LDA,0.85625,0.8567812634714113,0.8083333333333333
4,5,within_state,3.0,Joint_LDA,0.8625,0.8633065761037357,0.8166666666666667
4,5,within_state,4.0,Raw,0.88125,0.8788758081598457,0.8416666666666667
4,5,within_state,4.0,Trait_LDA,0.88125,0.8788758081598457,0.8416666666666667
4,5,within_state,4.0,State_LDA,0.85625,0.8547707231040564,0.8083333333333333
4,5,within_state,4.0,Joint_LDA,0.8500000000000001,0.8465925529595941,0.8
4,5,within_state,6.0,Raw,0.84375,0.8417556166309801,0.7916666666666666
4,5,within_state,6.0,Trait_LDA,0.84375,0.8417556166309801,0.7916666666666666
4,5,within_state,6.0,State_LDA,0.84375,0.8415178169913479,0.7916666666666666
4,5,within_state,6.0,Joint_LDA,0.8375,0.8352093106828415,0.7833333333333333
4,6,within_state,10.0,Raw,0.7625,0.7521709503549001,0.6833333333333333
4,6,within_state,10.0,Trait_LDA,0.7625,0.7521709503549001,0.6833333333333333
4,6,within_state,10.0,State_LDA,0.75625,0.748298502093145,0.675
4,6,within_state,10.0,Joint_LDA,0.75625,0.7469868382135463,0.675
4,6,within_state,13.0,Raw,0.9,0.8957300769531759,0.8666666666666667
4,6,within_state,13.0,Trait_LDA,0.9,0.8957300769531759,0.8666666666666667
4,6,within_state,13.0,State_LDA,0.9,0.8954396757860614,0.8666666666666667
4,6,within_state,13.0,Joint_LDA,0.89375,0.8898183183906938,0.8583333333333334
4,6,within_state,2.0,Raw,0.8750000000000001,0.8747636107285229,0.8333333333333334
4,6,within_state,2.0,Trait_LDA,0.8750000000000001,0.8747636107285229,0.8333333333333334
4,6,within_state,2.0,State_LDA,0.9,0.8989193368576258,0.8666666666666667
4,6,within_state,2.0,Joint_LDA,0.8812500000000001,0.8786536248561565,0.8416666666666667
4,6,within_state,4.0,Raw,0.88125,0.8788758081598457,0.8416666666666667
4,6,within_state,4.0,Trait_LDA,0.88125,0.8788758081598457,0.8416666666666667
4,6,within_state,4.0,State_LDA,0.85625,0.8547707231040564,0.8083333333333333
4,6,within_state,4.0,Joint_LDA,0.8500000000000001,0.8465925529595941,0.8
4,7,within_state,1.0,Raw,0.8625,0.8616830831769855,0.8166666666666667
4,7,within_state,1.0,Trait_LDA,0.8625,0.8616830831769855,0.8166666666666667
4,7,within_state,1.0,State_LDA,0.88125,0.8795571245186136,0.8416666666666667
4,7,within_state,1.0,Joint_LDA,0.875,0.8746302461307218,0.8333333333333334
4,7,within_state,13.0,Raw,0.9,0.8957300769531759,0.8666666666666667
4,7,within_state,13.0,Trait_LDA,0.9,0.8957300769531759,0.8666666666666667
4,7,within_state,13.0,State_LDA,0.9,0.8954396757860614,0.8666666666666667
4,7,within_state,13.0,Joint_LDA,0.89375,0.8898183183906938,0.8583333333333334
4,7,within_state,4.0,Raw,0.88125,0.8788758081598457,0.8416666666666667
4,7,within_state,4.0,Trait_LDA,0.88125,0.8788758081598457,0.8416666666666667
4,7,within_state,4.0,State_LDA,0.85625,0.8547707231040564,0.8083333333333333
4,7,within_state,4.0,Joint_LDA,0.8500000000000001,0.8465925529595941,0.8
4,7,within_state,7.0,Raw,0.8875,0.8805185020959325,0.85
4,7,within_state,7.0,Trait_LDA,0.8875,0.8805185020959325,0.85
4,7,within_state,7.0,State_LDA,0.8625,0.8523407742668491,0.8166666666666667
4,7,within_state,7.0,Joint_LDA,0.875,0.8673256924985775,0.8333333333333334
4,8,within_state,4.0,Raw,0.88125,0.8788758081598457,0.8416666666666667
4,8,within_state,4.0,Trait_LDA,0.88125,0.8788758081598457,0.8416666666666667
4,8,within_state,4.0,State_LDA,0.85625,0.8547707231040564,0.8083333333333333
4,8,within_state,4.0,Joint_LDA,0.8500000000000001,0.8465925529595941,0.8
4,8,within_state,5.0,Raw,0.93125,0.9299225065438002,0.9083333333333333
4,8,within_state,5.0,Trait_LDA,0.93125,0.9299225065438002,0.9083333333333333
4,8,within_state,5.0,State_LDA,0.95625,0.9554120434471105,0.9416666666666667
4,8,within_state,5.0,Joint_LDA,0.9625,0.9619542306534177,0.95
4,8,within_state,7.0,Raw,0.8875,0.8805185020959325,0.85
4,8,within_state,7.0,Trait_LDA,0.8875,0.8805185020959325,0.85
4,8,within_state,7.0,State_LDA,0.8625,0.8523407742668491,0.8166666666666667
4,8,within_state,7.0,Joint_LDA,0.875,0.8673256924985775,0.8333333333333334
4,8,within_state,8.0,Raw,0.55,0.543659325748878,0.4
4,8,within_state,8.0,Trait_LDA,0.55,0.543659325748878,0.4
4,8,within_state,8.0,State_LDA,0.5437500000000001,0.5347876760920239,0.3916666666666667
4,8,within_state,8.0,Joint_LDA,0.5499999999999999,0.5429836534165058,0.4
4,9,within_state,13.0,Raw,0.9,0.8957300769531759,0.8666666666666667
4,9,within_state,13.0,Trait_LDA,0.9,0.8957300769531759,0.8666666666666667
4,9,within_state,13.0,State_LDA,0.9,0.8954396757860614,0.8666666666666667
4,9,within_state,13.0,Joint_LDA,0.89375,0.8898183183906938,0.8583333333333334
4,9,within_state,7.0,Raw,0.8875,0.8805185020959325,0.85
4,9,within_state,7.0,Trait_LDA,0.8875,0.8805185020959325,0.85
4,9,within_state,7.0,State_LDA,0.8625,0.8523407742668491,0.8166666666666667
4,9,within_state,7.0,Joint_LDA,0.875,0.8673256924985775,0.8333333333333334
4,9,within_state,8.0,Raw,0.55,0.543659325748878,0.4
4,9,within_state,8.0,Trait_LDA,0.55,0.543659325748878,0.4
4,9,within_state,8.0,State_LDA,0.5437500000000001,0.5347876760920239,0.3916666666666667
4,9,within_state,8.0,Joint_LDA,0.5499999999999999,0.5429836534165058,0.4
4,9,within_state,9.0,Raw,0.89375,0.8929661790758361,0.8583333333333334
4,9,within_state,9.0,Trait_LDA,0.89375,0.8929661790758361,0.8583333333333334
4,9,within_state,9.0,State_LDA,0.91875,0.9175708257986739,0.8916666666666666
4,9,within_state,9.0,Joint_LDA,0.90625,0.9046384479717813,0.875
8,0,within_state,1.0,Raw,0.8625,0.8616830831769855,0.8166666666666667
8,0,within_state,1.0,Trait_LDA,0.8625,0.8616830831769855,0.8166666666666667
8,0,within_state,1.0,State_LDA,0.88125,0.8795571245186136,0.8416666666666667
8,0,within_state,1.0,Joint_LDA,0.6749999999999999,0.6736115059131476,0.5666666666666667
8,0,within_state,10.0,Raw,0.7625,0.7521709503549001,0.6833333333333333
8,0,within_state,10.0,Trait_LDA,0.7625,0.7521709503549001,0.6833333333333333
8,0,within_state,10.0,State_LDA,0.75625,0.748298502093145,0.675
8,0,within_state,10.0,Joint_LDA,0.6,0.5803173542144131,0.4666666666666667
8,0,within_state,13.0,Raw,0.9,0.8957300769531759,0.8666666666666667
8,0,within_state,13.0,Trait_LDA,0.9,0.8957300769531759,0.8666666666666667
8,0,within_state,13.0,State_LDA,0.9,0.8954396757860614,0.8666666666666667
8,0,within_state,13.0,Joint_LDA,0.9125,0.910216936621431,0.8833333333333333
8,0,within_state,14.0,Raw,0.6125,0.6303041734355785,0.4833333333333333
8,0,within_state,14.0,Trait_LDA,0.6125,0.6303041734355785,0.4833333333333333
8,0,within_state,14.0,State_LDA,0.7312500000000001,0.7170845374781952,0.6416666666666666
8,0,within_state,14.0,Joint_LDA,0.75,0.7481622468027336,0.6666666666666667
8,0,within_state,2.0,Raw,0.8750000000000001,0.8747636107285229,0.8333333333333334
8,0,within_state,2.0,Trait_LDA,0.8750000000000001,0.8747636107285229,0.8333333333333334
8,0,within_state,2.0,State_LDA,0.9,0.8989193368576258,0.8666666666666667
8,0,within_state,2.0,Joint_LDA,0.78125,0.7605105978926734,0.7083333333333333
8,0,within_state,5.0,Raw,0.93125,0.9299225065438002,0.9083333333333333
8,0,within_state,5.0,Trait_LDA,0.93125,0.9299225065438002,0.9083333333333333
8,0,within_state,5.0,State_LDA,0.95625,0.9554120434471105,0.9416666666666667
8,0,within_state,5.0,Joint_LDA,0.89375,0.888501197861578,0.8583333333333334
8,0,within_state,6.0,Raw,0.84375,0.8417556166309801,0.7916666666666666
8,0,within_state,6.0,Trait_LDA,0.84375,0.8417556166309801,0.7916666666666666
8,0,within_state,6.0,State_LDA,0.84375,0.8415178169913479,0.7916666666666666
8,0,within_state,6.0,Joint_LDA,0.85625,0.8553800366300366,0.8083333333333333
8,0,within_state,7.0,Raw,0.8875,0.8805185020959325,0.85
8,0,within_state,7.0,Trait_LDA,0.8875,0.8805185020959325,0.85
8,0,within_state,7.0,State_LDA,0.8625,0.8523407742668491,0.8166666666666667
8,0,within_state,7.0,Joint_LDA,0.8250000000000001,0.8147864945180682,0.7666666666666666
8,1,within_state,1.0,Raw,0.8625,0.8616830831769855,0.8166666666666667
8,1,within_state,1.0,Trait_LDA,0.8625,0.8616830831769855,0.8166666666666667
8,1,within_state,1.0,State_LDA,0.88125,0.8795571245186136,0.8416666666666667
8,1,within_state,1.0,Joint_LDA,0.6749999999999999,0.6736115059131476,0.5666666666666667
8,1,within_state,12.0,Raw,0.8187500000000001,0.8170248680052601,0.7583333333333333
8,1,within_state,12.0,Trait_LDA,0.8187500000000001,0.8170248680052601,0.7583333333333333
8,1,within_state,12.0,State_LDA,0.79375,0.7869917816154375,0.725
8,1,within_state,12.0,Joint_LDA,0.75,0.742695540013299,0.6666666666666667
8,1,within_state,14.0,Raw,0.6125,0.6303041734355785,0.4833333333333333
8,1,within_state,14.0,Trait_LDA,0.6125,0.6303041734355785,0.4833333333333333
8,1,within_state,14.0,State_LDA,0.7312500000000001,0.7170845374781952,0.6416666666666666
8,1,within_state,14.0,Joint_LDA,0.75,0.7481622468027336,0.6666666666666667
8,1,within_state,2.0,Raw,0.8750000000000001,0.8747636107285229,0.8333333333333334
8,1,within_state,2.0,Trait_LDA,0.8750000000000001,0.8747636107285229,0.8333333333333334
8,1,within_state,2.0,State_LDA,0.9,0.8989193368576258,0.8666666666666667
8,1,within_state,2.0,Joint_LDA,0.78125,0.7605105978926734,0.7083333333333333
8,1,within_state,4.0,Raw,0.88125,0.8788758081598457,0.8416666666666667
8,1,within_state,4.0,Trait_LDA,0.88125,0.8788758081598457,0.8416666666666667
8,1,within_state,4.0,State_LDA,0.85625,0.8547707231040564,0.8083333333333333
8,1,within_state,4.0,Joint_LDA,0.8374999999999999,0.8358585858585859,0.7833333333333333
8,1,within_state,7.0,Raw,0.8875,0.8805185020959325,0.85
8,1,within_state,7.0,Trait_LDA,0.8875,0.8805185020959325,0.85
8,1,within_state,7.0,State_LDA,0.8625,0.8523407742668491,0.8166666666666667
8,1,within_state,7.0,Joint_LDA,0.8250000000000001,0.8147864945180682,0.7666666666666666
8,1,within_state,8.0,Raw,0.55,0.543659325748878,0.4
8,1,within_state,8.0,Trait_LDA,0.55,0.543659325748878,0.4
8,1,within_state,8.0,State_LDA,0.5437500000000001,0.5347876760920239,0.3916666666666667
8,1,within_state,8.0,Joint_LDA,0.60625,0.6080121703853956,0.475
8,1,within_state,9.0,Raw,0.89375,0.8929661790758361,0.8583333333333334
8,1,within_state,9.0,Trait_LDA,0.89375,0.8929661790758361,0.8583333333333334
8,1,within_state,9.0,State_LDA,0.91875,0.9175708257986739,0.8916666666666666
8,1,within_state,9.0,Joint_LDA,0.875,0.874069264069264,0.8333333333333334
8,2,within_state,1.0,Raw,0.8625,0.8616830831769855,0.8166666666666667
8,2,within_state,1.0,Trait_LDA,0.8625,0.8616830831769855,0.8166666666666667
8,2,within_state,1.0,State_LDA,0.88125,0.8795571245186136,0.8416666666666667
8,2,within_state,1.0,Joint_LDA,0.6749999999999999,0.6736115059131476,0.5666666666666667
8,2,within_state,10.0,Raw,0.7625,0.7521709503549001,0.6833333333333333
8,2,within_state,10.0,Trait_LDA,0.7625,0.7521709503549001,0.6833333333333333
8,2,within_state,10.0,State_LDA,0.75625,0.748298502093145,0.675
8,2,within_state,10.0,Joint_LDA,0.6,0.5803173542144131,0.4666666666666667
8,2,within_state,11.0,Raw,0.9875,0.9874980465697765,0.9833333333333333
8,2,within_state,11.0,Trait_LDA,0.9875,0.9874980465697765,0.9833333333333333
8,2,within_state,11.0,State_LDA,1.0,1.0,1.0
8,2,within_state,11.0,Joint_LDA,0.94375,0.9412713916962446,0.925
8,2,within_state,13.0,Raw,0.9,0.8957300769531759,0.8666666666666667
8,2,within_state,13.0,Trait_LDA,0.9,0.8957300769531759,0.8666666666666667
8,2,within_state,13.0,State_LDA,0.9,0.8954396757860614,0.8666666666666667
8,2,within_state,13.0,Joint_LDA,0.9125,0.910216936621431,0.8833333333333333
8,2,within_state,3.0,Raw,0.85625,0.856065169769989,0.8083333333333333
8,2,within_state,3.0,Trait_LDA,0.85625,0.856065169769989,0.8083333333333333
8,2,within_state,3.0,State_LDA,0.85625,0.8567812634714113,0.8083333333333333
8,2,within_state,3.0,Joint_LDA,0.79375,0.7959567447063588,0.725
8,2,within_state,6.0,Raw,0.84375,0.8417556166309801,0.7916666666666666
8,2,within_state,6.0,Trait_LDA,0.84375,0.8417556166309801,0.7916666666666666
8,2,within_state,6.0,State_LDA,0.84375,0.8415178169913479,0.7916666666666666
8,2,within_state,6.0,Joint_LDA,0.85625,0.8553800366300366,0.8083333333333333
8,2,within_state,7.0,Raw,0.8875,0.8805185020959325,0.85
8,2,within_state,7.0,Trait_LDA,0.8875,0.8805185020959325,0.85
8,2,within_state,7.0,State_LDA,0.8625,0.8523407742668491,0.8166666666666667
8,2,within_state,7.0,Joint_LDA,0.8250000000000001,0.8147864945180682,0.7666666666666666
8,2,within_state,9.0,Raw,0.89375,0.8929661790758361,0.8583333333333334
8,2,within_state,9.0,Trait_LDA,0.89375,0.8929661790758361,0.8583333333333334
8,2,within_state,9.0,State_LDA,0.91875,0.9175708257986739,0.8916666666666666
8,2,within_state,9.0,Joint_LDA,0.875,0.874069264069264,0.8333333333333334
8,3,within_state,13.0,Raw,0.9,0.8957300769531759,0.8666666666666667
8,3,within_state,13.0,Trait_LDA,0.9,0.8957300769531759,0.8666666666666667
8,3,within_state,13.0,State_LDA,0.9,0.8954396757860614,0.8666666666666667
8,3,within_state,13.0,Joint_LDA,0.9125,0.910216936621431,0.8833333333333333
8,3,within_state,14.0,Raw,0.6125,0.6303041734355785,0.4833333333333333
8,3,within_state,14.0,Trait_LDA,0.6125,0.6303041734355785,0.4833333333333333
8,3,within_state,14.0,State_LDA,0.7312500000000001,0.7170845374781952,0.6416666666666666
8,3,within_state,14.0,Joint_LDA,0.75,0.7481622468027336,0.6666666666666667
8,3,within_state,2.0,Raw,0.8750000000000001,0.8747636107285229,0.8333333333333334
8,3,within_state,2.0,Trait_LDA,0.8750000000000001,0.8747636107285229,0.8333333333333334
8,3,within_state,2.0,State_LDA,0.9,0.8989193368576258,0.8666666666666667
8,3,within_state,2.0,Joint_LDA,0.78125,0.7605105978926734,0.7083333333333333
8,3,within_state,4.0,Raw,0.88125,0.8788758081598457,0.8416666666666667
8,3,within_state,4.0,Trait_LDA,0.88125,0.8788758081598457,0.8416666666666667
8,3,within_state,4.0,State_LDA,0.85625,0.8547707231040564,0.8083333333333333
8,3,within_state,4.0,Joint_LDA,0.8374999999999999,0.8358585858585859,0.7833333333333333
8,3,within_state,5.0,Raw,0.93125,0.9299225065438002,0.9083333333333333
8,3,within_state,5.0,Trait_LDA,0.93125,0.9299225065438002,0.9083333333333333
8,3,within_state,5.0,State_LDA,0.95625,0.9554120434471105,0.9416666666666667
8,3,within_state,5.0,Joint_LDA,0.89375,0.888501197861578,0.8583333333333334
8,3,within_state,6.0,Raw,0.84375,0.8417556166309801,0.7916666666666666
8,3,within_state,6.0,Trait_LDA,0.84375,0.8417556166309801,0.7916666666666666
8,3,within_state,6.0,State_LDA,0.84375,0.8415178169913479,0.7916666666666666
8,3,within_state,6.0,Joint_LDA,0.85625,0.8553800366300366,0.8083333333333333
8,3,within_state,7.0,Raw,0.8875,0.8805185020959325,0.85
8,3,within_state,7.0,Trait_LDA,0.8875,0.8805185020959325,0.85
8,3,within_state,7.0,State_LDA,0.8625,0.8523407742668491,0.8166666666666667
8,3,within_state,7.0,Joint_LDA,0.8250000000000001,0.8147864945180682,0.7666666666666666
8,3,within_state,8.0,Raw,0.55,0.543659325748878,0.4
8,3,within_state,8.0,Trait_LDA,0.55,0.543659325748878,0.4
8,3,within_state,8.0,State_LDA,0.5437500000000001,0.5347876760920239,0.3916666666666667
8,3,within_state,8.0,Joint_LDA,0.60625,0.6080121703853956,0.475
8,4,within_state,1.0,Raw,0.8625,0.8616830831769855,0.8166666666666667
8,4,within_state,1.0,Trait_LDA,0.8625,0.8616830831769855,0.8166666666666667
8,4,within_state,1.0,State_LDA,0.88125,0.8795571245186136,0.8416666666666667
8,4,within_state,1.0,Joint_LDA,0.6749999999999999,0.6736115059131476,0.5666666666666667
8,4,within_state,10.0,Raw,0.7625,0.7521709503549001,0.6833333333333333
8,4,within_state,10.0,Trait_LDA,0.7625,0.7521709503549001,0.6833333333333333
8,4,within_state,10.0,State_LDA,0.75625,0.748298502093145,0.675
8,4,within_state,10.0,Joint_LDA,0.6,0.5803173542144131,0.4666666666666667
8,4,within_state,12.0,Raw,0.8187500000000001,0.8170248680052601,0.7583333333333333
8,4,within_state,12.0,Trait_LDA,0.8187500000000001,0.8170248680052601,0.7583333333333333
8,4,within_state,12.0,State_LDA,0.79375,0.7869917816154375,0.725
8,4,within_state,12.0,Joint_LDA,0.75,0.742695540013299,0.6666666666666667
8,4,within_state,2.0,Raw,0.8750000000000001,0.8747636107285229,0.8333333333333334
8,4,within_state,2.0,Trait_LDA,0.8750000000000001,0.8747636107285229,0.8333333333333334
8,4,within_state,2.0,State_LDA,0.9,0.8989193368576258,0.8666666666666667
8,4,within_state,2.0,Joint_LDA,0.78125,0.7605105978926734,0.7083333333333333
8,4,within_state,3.0,Raw,0.85625,0.856065169769989,0.8083333333333333
8,4,within_state,3.0,Trait_LDA,0.85625,0.856065169769989,0.8083333333333333
8,4,within_state,3.0,State_LDA,0.85625,0.8567812634714113,0.8083333333333333
8,4,within_state,3.0,Joint_LDA,0.79375,0.7959567447063588,0.725
8,4,within_state,4.0,Raw,0.88125,0.8788758081598457,0.8416666666666667
8,4,within_state,4.0,Trait_LDA,0.88125,0.8788758081598457,0.8416666666666667
8,4,within_state,4.0,State_LDA,0.85625,0.8547707231040564,0.8083333333333333
8,4,within_state,4.0,Joint_LDA,0.8374999999999999,0.8358585858585859,0.7833333333333333
8,4,within_state,7.0,Raw,0.8875,0.8805185020959325,0.85
8,4,within_state,7.0,Trait_LDA,0.8875,0.8805185020959325,0.85
8,4,within_state,7.0,State_LDA,0.8625,0.8523407742668491,0.8166666666666667
8,4,within_state,7.0,Joint_LDA,0.8250000000000001,0.8147864945180682,0.7666666666666666
8,4,within_state,8.0,Raw,0.55,0.543659325748878,0.4
8,4,within_state,8.0,Trait_LDA,0.55,0.543659325748878,0.4
8,4,within_state,8.0,State_LDA,0.5437500000000001,0.5347876760920239,0.3916666666666667
8,4,within_state,8.0,Joint_LDA,0.60625,0.6080121703853956,0.475
8,5,within_state,1.0,Raw,0.8625,0.8616830831769855,0.8166666666666667
8,5,within_state,1.0,Trait_LDA,0.8625,0.8616830831769855,0.8166666666666667
8,5,within_state,1.0,State_LDA,0.88125,0.8795571245186136,0.8416666666666667
8,5,within_state,1.0,Joint_LDA,0.6749999999999999,0.6736115059131476,0.5666666666666667
8,5,within_state,10.0,Raw,0.7625,0.7521709503549001,0.6833333333333333
8,5,within_state,10.0,Trait_LDA,0.7625,0.7521709503549001,0.6833333333333333
8,5,within_state,10.0,State_LDA,0.75625,0.748298502093145,0.675
8,5,within_state,10.0,Joint_LDA,0.6,0.5803173542144131,0.4666666666666667
8,5,within_state,13.0,Raw,0.9,0.8957300769531759,0.8666666666666667
8,5,within_state,13.0,Trait_LDA,0.9,0.8957300769531759,0.8666666666666667
8,5,within_state,13.0,State_LDA,0.9,0.8954396757860614,0.8666666666666667
8,5,within_state,13.0,Joint_LDA,0.9125,0.910216936621431,0.8833333333333333
8,5,within_state,14.0,Raw,0.6125,0.6303041734355785,0.4833333333333333
8,5,within_state,14.0,Trait_LDA,0.6125,0.6303041734355785,0.4833333333333333
8,5,within_state,14.0,State_LDA,0.7312500000000001,0.7170845374781952,0.6416666666666666
8,5,within_state,14.0,Joint_LDA,0.75,0.7481622468027336,0.6666666666666667
8,5,within_state,3.0,Raw,0.85625,0.856065169769989,0.8083333333333333
8,5,within_state,3.0,Trait_LDA,0.85625,0.856065169769989,0.8083333333333333
8,5,within_state,3.0,State_LDA,0.85625,0.8567812634714113,0.8083333333333333
8,5,within_state,3.0,Joint_LDA,0.79375,0.7959567447063588,0.725
8,5,within_state,6.0,Raw,0.84375,0.8417556166309801,0.7916666666666666
8,5,within_state,6.0,Trait_LDA,0.84375,0.8417556166309801,0.7916666666666666
8,5,within_state,6.0,State_LDA,0.84375,0.8415178169913479,0.7916666666666666
8,5,within_state,6.0,Joint_LDA,0.85625,0.8553800366300366,0.8083333333333333
8,5,within_state,7.0,Raw,0.8875,0.8805185020959325,0.85
8,5,within_state,7.0,Trait_LDA,0.8875,0.8805185020959325,0.85
8,5,within_state,7.0,State_LDA,0.8625,0.8523407742668491,0.8166666666666667
8,5,within_state,7.0,Joint_LDA,0.8250000000000001,0.8147864945180682,0.7666666666666666
8,5,within_state,9.0,Raw,0.89375,0.8929661790758361,0.8583333333333334
8,5,within_state,9.0,Trait_LDA,0.89375,0.8929661790758361,0.8583333333333334
8,5,within_state,9.0,State_LDA,0.91875,0.9175708257986739,0.8916666666666666
8,5,within_state,9.0,Joint_LDA,0.875,0.874069264069264,0.8333333333333334
8,6,within_state,1.0,Raw,0.8625,0.8616830831769855,0.8166666666666667
8,6,within_state,1.0,Trait_LDA,0.8625,0.8616830831769855,0.8166666666666667
8,6,within_state,1.0,State_LDA,0.88125,0.8795571245186136,0.8416666666666667
8,6,within_state,1.0,Joint_LDA,0.6749999999999999,0.6736115059131476,0.5666666666666667
8,6,within_state,12.0,Raw,0.8187500000000001,0.8170248680052601,0.7583333333333333
8,6,within_state,12.0,Trait_LDA,0.8187500000000001,0.8170248680052601,0.7583333333333333
8,6,within_state,12.0,State_LDA,0.79375,0.7869917816154375,0.725
8,6,within_state,12.0,Joint_LDA,0.75,0.742695540013299,0.6666666666666667
8,6,within_state,13.0,Raw,0.9,0.8957300769531759,0.8666666666666667
8,6,within_state,13.0,Trait_LDA,0.9,0.8957300769531759,0.8666666666666667
8,6,within_state,13.0,State_LDA,0.9,0.8954396757860614,0.8666666666666667
8,6,within_state,13.0,Joint_LDA,0.9125,0.910216936621431,0.8833333333333333
8,6,within_state,14.0,Raw,0.6125,0.6303041734355785,0.4833333333333333
8,6,within_state,14.0,Trait_LDA,0.6125,0.6303041734355785,0.4833333333333333
8,6,within_state,14.0,State_LDA,0.7312500000000001,0.7170845374781952,0.6416666666666666
8,6,within_state,14.0,Joint_LDA,0.75,0.7481622468027336,0.6666666666666667
8,6,within_state,2.0,Raw,0.8750000000000001,0.8747636107285229,0.8333333333333334
8,6,within_state,2.0,Trait_LDA,0.8750000000000001,0.8747636107285229,0.8333333333333334
8,6,within_state,2.0,State_LDA,0.9,0.8989193368576258,0.8666666666666667
8,6,within_state,2.0,Joint_LDA,0.78125,0.7605105978926734,0.7083333333333333
8,6,within_state,3.0,Raw,0.85625,0.856065169769989,0.8083333333333333
8,6,within_state,3.0,Trait_LDA,0.85625,0.856065169769989,0.8083333333333333
8,6,within_state,3.0,State_LDA,0.85625,0.8567812634714113,0.8083333333333333
8,6,within_state,3.0,Joint_LDA,0.79375,0.7959567447063588,0.725
8,6,within_state,5.0,Raw,0.93125,0.9299225065438002,0.9083333333333333
8,6,within_state,5.0,Trait_LDA,0.93125,0.9299225065438002,0.9083333333333333
8,6,within_state,5.0,State_LDA,0.95625,0.9554120434471105,0.9416666666666667
8,6,within_state,5.0,Joint_LDA,0.89375,0.888501197861578,0.8583333333333334
8,6,within_state,8.0,Raw,0.55,0.543659325748878,0.4
8,6,within_state,8.0,Trait_LDA,0.55,0.543659325748878,0.4
8,6,within_state,8.0,State_LDA,0.5437500000000001,0.5347876760920239,0.3916666666666667
8,6,within_state,8.0,Joint_LDA,0.60625,0.6080121703853956,0.475
8,7,within_state,1.0,Raw,0.8625,0.8616830831769855,0.8166666666666667
8,7,within_state,1.0,Trait_LDA,0.8625,0.8616830831769855,0.8166666666666667
8,7,within_state,1.0,State_LDA,0.88125,0.8795571245186136,0.8416666666666667
8,7,within_state,1.0,Joint_LDA,0.6749999999999999,0.6736115059131476,0.5666666666666667
8,7,within_state,11.0,Raw,0.9875,0.9874980465697765,0.9833333333333333
8,7,within_state,11.0,Trait_LDA,0.9875,0.9874980465697765,0.9833333333333333
8,7,within_state,11.0,State_LDA,1.0,1.0,1.0
8,7,within_state,11.0,Joint_LDA,0.94375,0.9412713916962446,0.925
8,7,within_state,13.0,Raw,0.9,0.8957300769531759,0.8666666666666667
8,7,within_state,13.0,Trait_LDA,0.9,0.8957300769531759,0.8666666666666667
8,7,within_state,13.0,State_LDA,0.9,0.8954396757860614,0.8666666666666667
8,7,within_state,13.0,Joint_LDA,0.9125,0.910216936621431,0.8833333333333333
8,7,within_state,14.0,Raw,0.6125,0.6303041734355785,0.4833333333333333
8,7,within_state,14.0,Trait_LDA,0.6125,0.6303041734355785,0.4833333333333333
8,7,within_state,14.0,State_LDA,0.7312500000000001,0.7170845374781952,0.6416666666666666
8,7,within_state,14.0,Joint_LDA,0.75,0.7481622468027336,0.6666666666666667
8,7,within_state,2.0,Raw,0.8750000000000001,0.8747636107285229,0.8333333333333334
8,7,within_state,2.0,Trait_LDA,0.8750000000000001,0.8747636107285229,0.8333333333333334
8,7,within_state,2.0,State_LDA,0.9,0.8989193368576258,0.8666666666666667
8,7,within_state,2.0,Joint_LDA,0.78125,0.7605105978926734,0.7083333333333333
8,7,within_state,3.0,Raw,0.85625,0.856065169769989,0.8083333333333333
8,7,within_state,3.0,Trait_LDA,0.85625,0.856065169769989,0.8083333333333333
8,7,within_state,3.0,State_LDA,0.85625,0.8567812634714113,0.8083333333333333
8,7,within_state,3.0,Joint_LDA,0.79375,0.7959567447063588,0.725
8,7,within_state,4.0,Raw,0.88125,0.8788758081598457,0.8416666666666667
8,7,within_state,4.0,Trait_LDA,0.88125,0.8788758081598457,0.8416666666666667
8,7,within_state,4.0,State_LDA,0.85625,0.8547707231040564,0.8083333333333333
8,7,within_state,4.0,Joint_LDA,0.8374999999999999,0.8358585858585859,0.7833333333333333
8,7,within_state,6.0,Raw,0.84375,0.8417556166309801,0.7916666666666666
8,7,within_state,6.0,Trait_LDA,0.84375,0.8417556166309801,0.7916666666666666
8,7,within_state,6.0,State_LDA,0.84375,0.8415178169913479,0.7916666666666666
8,7,within_state,6.0,Joint_LDA,0.85625,0.8553800366300366,0.8083333333333333
8,8,within_state,12.0,Raw,0.8187500000000001,0.8170248680052601,0.7583333333333333
8,8,within_state,12.0,Trait_LDA,0.8187500000000001,0.8170248680052601,0.7583333333333333
8,8,within_state,12.0,State_LDA,0.79375,0.7869917816154375,0.725
8,8,within_state,12.0,Joint_LDA,0.75,0.742695540013299,0.6666666666666667
8,8,within_state,14.0,Raw,0.6125,0.6303041734355785,0.4833333333333333
8,8,within_state,14.0,Trait_LDA,0.6125,0.6303041734355785,0.4833333333333333
8,8,within_state,14.0,State_LDA,0.7312500000000001,0.7170845374781952,0.6416666666666666
8,8,within_state,14.0,Joint_LDA,0.75,0.7481622468027336,0.6666666666666667
8,8,within_state,2.0,Raw,0.8750000000000001,0.8747636107285229,0.8333333333333334
8,8,within_state,2.0,Trait_LDA,0.8750000000000001,0.8747636107285229,0.8333333333333334
8,8,within_state,2.0,State_LDA,0.9,0.8989193368576258,0.8666666666666667
8,8,within_state,2.0,Joint_LDA,0.78125,0.7605105978926734,0.7083333333333333
8,8,within_state,4.0,Raw,0.88125,0.8788758081598457,0.8416666666666667
8,8,within_state,4.0,Trait_LDA,0.88125,0.8788758081598457,0.8416666666666667
8,8,within_state,4.0,State_LDA,0.85625,0.8547707231040564,0.8083333333333333
8,8,within_state,4.0,Joint_LDA,0.8374999999999999,0.8358585858585859,0.7833333333333333
8,8,within_state,5.0,Raw,0.93125,0.9299225065438002,0.9083333333333333
8,8,within_state,5.0,Trait_LDA,0.93125,0.9299225065438002,0.9083333333333333
8,8,within_state,5.0,State_LDA,0.95625,0.9554120434471105,0.9416666666666667
8,8,within_state,5.0,Joint_LDA,0.89375,0.888501197861578,0.8583333333333334
8,8,within_state,6.0,Raw,0.84375,0.8417556166309801,0.7916666666666666
8,8,within_state,6.0,Trait_LDA,0.84375,0.8417556166309801,0.7916666666666666
8,8,within_state,6.0,State_LDA,0.84375,0.8415178169913479,0.7916666666666666
8,8,within_state,6.0,Joint_LDA,0.85625,0.8553800366300366,0.8083333333333333
8,8,within_state,7.0,Raw,0.8875,0.8805185020959325,0.85
8,8,within_state,7.0,Trait_LDA,0.8875,0.8805185020959325,0.85
8,8,within_state,7.0,State_LDA,0.8625,0.8523407742668491,0.8166666666666667
8,8,within_state,7.0,Joint_LDA,0.8250000000000001,0.8147864945180682,0.7666666666666666
8,8,within_state,9.0,Raw,0.89375,0.8929661790758361,0.8583333333333334
8,8,within_state,9.0,Trait_LDA,0.89375,0.8929661790758361,0.8583333333333334
8,8,within_state,9.0,State_LDA,0.91875,0.9175708257986739,0.8916666666666666
8,8,within_state,9.0,Joint_LDA,0.875,0.874069264069264,0.8333333333333334
8,9,within_state,11.0,Raw,0.9875,0.9874980465697765,0.9833333333333333
8,9,within_state,11.0,Trait_LDA,0.9875,0.9874980465697765,0.9833333333333333
8,9,within_state,11.0,State_LDA,1.0,1.0,1.0
8,9,within_state,11.0,Joint_LDA,0.94375,0.9412713916962446,0.925
8,9,within_state,12.0,Raw,0.8187500000000001,0.8170248680052601,0.7583333333333333
8,9,within_state,12.0,Trait_LDA,0.8187500000000001,0.8170248680052601,0.7583333333333333
8,9,within_state,12.0,State_LDA,0.79375,0.7869917816154375,0.725
8,9,within_state,12.0,Joint_LDA,0.75,0.742695540013299,0.6666666666666667
8,9,within_state,13.0,Raw,0.9,0.8957300769531759,0.8666666666666667
8,9,within_state,13.0,Trait_LDA,0.9,0.8957300769531759,0.8666666666666667
8,9,within_state,13.0,State_LDA,0.9,0.8954396757860614,0.8666666666666667
8,9,within_state,13.0,Joint_LDA,0.9125,0.910216936621431,0.8833333333333333
8,9,within_state,3.0,Raw,0.85625,0.856065169769989,0.8083333333333333
8,9,within_state,3.0,Trait_LDA,0.85625,0.856065169769989,0.8083333333333333
8,9,within_state,3.0,State_LDA,0.85625,0.8567812634714113,0.8083333333333333
8,9,within_state,3.0,Joint_LDA,0.79375,0.7959567447063588,0.725
8,9,within_state,4.0,Raw,0.88125,0.8788758081598457,0.8416666666666667
8,9,within_state,4.0,Trait_LDA,0.88125,0.8788758081598457,0.8416666666666667
8,9,within_state,4.0,State_LDA,0.85625,0.8547707231040564,0.8083333333333333
8,9,within_state,4.0,Joint_LDA,0.8374999999999999,0.8358585858585859,0.7833333333333333
8,9,within_state,6.0,Raw,0.84375,0.8417556166309801,0.7916666666666666
8,9,within_state,6.0,Trait_LDA,0.84375,0.8417556166309801,0.7916666666666666
8,9,within_state,6.0,State_LDA,0.84375,0.8415178169913479,0.7916666666666666
8,9,within_state,6.0,Joint_LDA,0.85625,0.8553800366300366,0.8083333333333333
8,9,within_state,7.0,Raw,0.8875,0.8805185020959325,0.85
8,9,within_state,7.0,Trait_LDA,0.8875,0.8805185020959325,0.85
8,9,within_state,7.0,State_LDA,0.8625,0.8523407742668491,0.8166666666666667
8,9,within_state,7.0,Joint_LDA,0.8250000000000001,0.8147864945180682,0.7666666666666666
8,9,within_state,9.0,Raw,0.89375,0.8929661790758361,0.8583333333333334
8,9,within_state,9.0,Trait_LDA,0.89375,0.8929661790758361,0.8583333333333334
8,9,within_state,9.0,State_LDA,0.91875,0.9175708257986739,0.8916666666666666
8,9,within_state,9.0,Joint_LDA,0.875,0.874069264069264,0.8333333333333334
all,0,within_state,1.0,Raw,0.8625,0.8616830831769855,0.8166666666666667
all,0,within_state,1.0,Trait_LDA,0.8625,0.8616830831769855,0.8166666666666667
all,0,within_state,1.0,State_LDA,0.88125,0.8795571245186136,0.8416666666666667
all,0,within_state,1.0,Joint_LDA,0.6749999999999999,0.6736115059131476,0.5666666666666667
all,0,within_state,10.0,Raw,0.7625,0.7521709503549001,0.6833333333333333
all,0,within_state,10.0,Trait_LDA,0.7625,0.7521709503549001,0.6833333333333333
all,0,within_state,10.0,State_LDA,0.75625,0.748298502093145,0.675
all,0,within_state,10.0,Joint_LDA,0.6,0.5803173542144131,0.4666666666666667
all,0,within_state,11.0,Raw,0.9875,0.9874980465697765,0.9833333333333333
all,0,within_state,11.0,Trait_LDA,0.9875,0.9874980465697765,0.9833333333333333
all,0,within_state,11.0,State_LDA,1.0,1.0,1.0
all,0,within_state,11.0,Joint_LDA,0.94375,0.9412713916962446,0.925
all,0,within_state,12.0,Raw,0.8187500000000001,0.8170248680052601,0.7583333333333333
all,0,within_state,12.0,Trait_LDA,0.8187500000000001,0.8170248680052601,0.7583333333333333
all,0,within_state,12.0,State_LDA,0.79375,0.7869917816154375,0.725
all,0,within_state,12.0,Joint_LDA,0.75,0.742695540013299,0.6666666666666667
all,0,within_state,13.0,Raw,0.9,0.8957300769531759,0.8666666666666667
all,0,within_state,13.0,Trait_LDA,0.9,0.8957300769531759,0.8666666666666667
all,0,within_state,13.0,State_LDA,0.9,0.8954396757860614,0.8666666666666667
all,0,within_state,13.0,Joint_LDA,0.9125,0.910216936621431,0.8833333333333333
all,0,within_state,14.0,Raw,0.6125,0.6303041734355785,0.4833333333333333
all,0,within_state,14.0,Trait_LDA,0.6125,0.6303041734355785,0.4833333333333333
all,0,within_state,14.0,State_LDA,0.7312500000000001,0.7170845374781952,0.6416666666666666
all,0,within_state,14.0,Joint_LDA,0.75,0.7481622468027336,0.6666666666666667
all,0,within_state,2.0,Raw,0.8750000000000001,0.8747636107285229,0.8333333333333334
all,0,within_state,2.0,Trait_LDA,0.8750000000000001,0.8747636107285229,0.8333333333333334
all,0,within_state,2.0,State_LDA,0.9,0.8989193368576258,0.8666666666666667
all,0,within_state,2.0,Joint_LDA,0.78125,0.7605105978926734,0.7083333333333333
all,0,within_state,3.0,Raw,0.85625,0.856065169769989,0.8083333333333333
all,0,within_state,3.0,Trait_LDA,0.85625,0.856065169769989,0.8083333333333333
all,0,within_state,3.0,State_LDA,0.85625,0.8567812634714113,0.8083333333333333
all,0,within_state,3.0,Joint_LDA,0.79375,0.7959567447063588,0.725
all,0,within_state,4.0,Raw,0.88125,0.8788758081598457,0.8416666666666667
all,0,within_state,4.0,Trait_LDA,0.88125,0.8788758081598457,0.8416666666666667
all,0,within_state,4.0,State_LDA,0.85625,0.8547707231040564,0.8083333333333333
all,0,within_state,4.0,Joint_LDA,0.8374999999999999,0.8358585858585859,0.7833333333333333
all,0,within_state,5.0,Raw,0.93125,0.9299225065438002,0.9083333333333333
all,0,within_state,5.0,Trait_LDA,0.93125,0.9299225065438002,0.9083333333333333
all,0,within_state,5.0,State_LDA,0.95625,0.9554120434471105,0.9416666666666667
all,0,within_state,5.0,Joint_LDA,0.89375,0.888501197861578,0.8583333333333334
all,0,within_state,6.0,Raw,0.84375,0.8417556166309801,0.7916666666666666
all,0,within_state,6.0,Trait_LDA,0.84375,0.8417556166309801,0.7916666666666666
all,0,within_state,6.0,State_LDA,0.84375,0.8415178169913479,0.7916666666666666
all,0,within_state,6.0,Joint_LDA,0.85625,0.8553800366300366,0.8083333333333333
all,0,within_state,7.0,Raw,0.8875,0.8805185020959325,0.85
all,0,within_state,7.0,Trait_LDA,0.8875,0.8805185020959325,0.85
all,0,within_state,7.0,State_LDA,0.8625,0.8523407742668491,0.8166666666666667
all,0,within_state,7.0,Joint_LDA,0.8250000000000001,0.8147864945180682,0.7666666666666666
all,0,within_state,8.0,Raw,0.55,0.543659325748878,0.4
all,0,within_state,8.0,Trait_LDA,0.55,0.543659325748878,0.4
all,0,within_state,8.0,State_LDA,0.5437500000000001,0.5347876760920239,0.3916666666666667
all,0,within_state,8.0,Joint_LDA,0.60625,0.6080121703853956,0.475
all,0,within_state,9.0,Raw,0.89375,0.8929661790758361,0.8583333333333334
all,0,within_state,9.0,Trait_LDA,0.89375,0.8929661790758361,0.8583333333333334
all,0,within_state,9.0,State_LDA,0.91875,0.9175708257986739,0.8916666666666666
all,0,within_state,9.0,Joint_LDA,0.875,0.874069264069264,0.8333333333333334
10,0,between_state,1.0,Raw,0.8125,0.7817528025909328,0.75
10,0,between_state,1.0,Trait_LDA,0.2625,0.21829547997314835,0.01666666666666672
10,0,between_state,1.0,State_LDA,0.8125,0.7817528025909328,0.75
10,0,between_state,1.0,Joint_LDA,0.6124999999999999,0.5288458760652897,0.4833333333333333
10,0,between_state,10.0,Raw,0.4375,0.38463719472838015,0.25
10,0,between_state,10.0,Trait_LDA,0.25625,0.11291486291486291,0.008333333333333304
10,0,between_state,10.0,State_LDA,0.425,0.37458764327648864,0.23333333333333328
10,0,between_state,10.0,Joint_LDA,0.51875,0.464825484250263,0.3583333333333333
10,0,between_state,11.0,Raw,0.9,0.8992636681842464,0.8666666666666667
10,0,between_state,11.0,Trait_LDA,0.25625,0.11315074961633809,0.008333333333333304
10,0,between_state,11.0,State_LDA,0.9125000000000001,0.9093752231027343,0.8833333333333333
10,0,between_state,11.0,Joint_LDA,0.625,0.5356669402184205,0.5
10,0,between_state,12.0,Raw,0.73125,0.6676328502415458,0.6416666666666666
10,0,between_state,12.0,Trait_LDA,0.30625,0.20397086630716438,0.07499999999999996
10,0,between_state,12.0,State_LDA,0.73125,0.6676328502415458,0.6416666666666666
10,0,between_state,12.0,Joint_LDA,0.60625,0.5500307219662058,0.475
10,0,between_state,13.0,Raw,0.91875,0.915970462464365,0.8916666666666666
10,0,between_state,13.0,Trait_LDA,0.29375,0.20182794512486668,0.05833333333333335
10,0,between_state,13.0,State_LDA,0.90625,0.9027429416292634,0.875
10,0,between_state,13.0,Joint_LDA,0.8062500000000001,0.7907242798404995,0.7416666666666667
10,0,between_state,2.0,Raw,0.825,0.8264024595687331,0.7666666666666666
10,0,between_state,2.0,Trait_LDA,0.25,0.1,0.0
10,0,between_state,2.0,State_LDA,0.8187500000000001,0.8183088749126484,0.7583333333333333
10,0,between_state,2.0,Joint_LDA,0.7375,0.694855720065804,0.65
10,0,between_state,4.0,Raw,0.7125,0.6388989351014668,0.6166666666666667
10,0,between_state,4.0,Trait_LDA,0.26875000000000004,0.2077140084221608,0.025000000000000022
10,0,between_state,4.0,State_LDA,0.74375,0.6621246992363218,0.6583333333333333
10,0,between_state,4.0,Joint_LDA,0.7625000000000001,0.745231921636416,0.6833333333333333
10,0,between_state,5.0,Raw,0.9249999999999999,0.9240208599404002,0.9
10,0,between_state,5.0,Trait_LDA,0.3625,0.252156321732477,0.15000000000000002
10,0,between_state,5.0,State_LDA,0.9249999999999999,0.9240208599404002,0.9
10,0,between_state,5.0,Joint_LDA,0.68125,0.6129912507208714,0.575
10,0,between_state,6.0,Raw,0.7374999999999999,0.720931691765025,0.65
10,0,between_state,6.0,Trait_LDA,0.25,0.14239795918367346,0.0
10,0,between_state,6.0,State_LDA,0.7562500000000001,0.7418052406147644,0.675
10,0,between_state,6.0,Joint_LDA,0.675,0.6140342883526524,0.5666666666666667
10,0,between_state,7.0,Raw,0.8375,0.821219482583337,0.7833333333333333
10,0,between_state,7.0,Trait_LDA,0.33125,0.21657509157509158,0.10833333333333328
10,0,between_state,7.0,State_LDA,0.85625,0.8459762688875433,0.8083333333333333
10,0,between_state,7.0,Joint_LDA,0.725,0.7123535219510452,0.6333333333333333
10,1,between_state,1.0,Raw,0.8125,0.7871461779952202,0.75
10,1,between_state,1.0,Trait_LDA,0.23750000000000002,0.22259178365616925,-0.016666666666666607
10,1,between_state,1.0,State_LDA,0.8125,0.7871461779952202,0.75
10,1,between_state,1.0,Joint_LDA,0.775,0.7137757378721235,0.7
10,1,between_state,11.0,Raw,0.8875,0.8796783010933558,0.85
10,1,between_state,11.0,Trait_LDA,0.23750000000000002,0.14959273182957394,-0.016666666666666607
10,1,between_state,11.0,State_LDA,0.8875,0.8762586681358543,0.85
10,1,between_state,11.0,Joint_LDA,0.6187499999999999,0.5531871550798177,0.4916666666666667
10,1,between_state,12.0,Raw,0.7375,0.6610169491525424,0.65
10,1,between_state,12.0,Trait_LDA,0.2625,0.17255892255892255,0.01666666666666672
10,1,between_state,12.0,State_LDA,0.73125,0.6550332383665717,0.6416666666666666
10,1,between_state,12.0,Joint_LDA,0.675,0.6226370256425426,0.5666666666666667
10,1,between_state,14.0,Raw,0.5874999999999999,0.5843161826133962,0.44999999999999996
10,1,between_state,14.0,Trait_LDA,0.34375,0.29744381322506674,0.125
10,1,between_state,14.0,State_LDA,0.6937500000000001,0.6961365568419273,0.5916666666666667
10,1,between_state,14.0,Joint_LDA,0.5125,0.4507369958292595,0.35
10,1,between_state,2.0,Raw,0.8500000000000001,0.8445171621804195,0.8
10,1,between_state,2.0,Trait_LDA,0.36875,0.2899556846069079,0.15833333333333333
10,1,between_state,2.0,State_LDA,0.8312499999999999,0.8261223109226501,0.775
10,1,between_state,2.0,Joint_LDA,0.7,0.6279936516251341,0.6
10,1,between_state,4.0,Raw,0.75625,0.6802623488419759,0.675
10,1,between_state,4.0,Trait_LDA,0.35,0.2520183889779644,0.1333333333333333
10,1,between_state,4.0,State_LDA,0.74375,0.6621246992363218,0.6583333333333333
10,1,between_state,4.0,Joint_LDA,0.7374999999999999,0.6609421228372111,0.65
10,1,between_state,5.0,Raw,0.86875,0.8613573466568756,0.825
10,1,between_state,5.0,Trait_LDA,0.38125,0.3443784988596309,0.17500000000000004
10,1,between_state,5.0,State_LDA,0.86875,0.8615242516104585,0.825
10,1,between_state,5.0,Joint_LDA,0.68125,0.6465544680512454,0.575
10,1,between_state,6.0,Raw,0.7625,0.7338243909831687,0.6833333333333333
10,1,between_state,6.0,Trait_LDA,0.25,0.14692891074256187,0.0
10,1,between_state,6.0,State_LDA,0.75625,0.7343780098355568,0.675
10,1,between_state,6.0,Joint_LDA,0.71875,0.6541955781830662,0.625
10,1,between_state,7.0,Raw,0.8,0.7555433388308594,0.7333333333333334
10,1,between_state,7.0,Trait_LDA,0.2625,0.1255453752181501,0.01666666666666672
10,1,between_state,7.0,State_LDA,0.8125,0.7736464770633507,0.75
10,1,between_state,7.0,Joint_LDA,0.6875000000000001,0.625091749081073,0.5833333333333333
10,1,between_state,8.0,Raw,0.46875,0.3960212293124629,0.29166666666666663
10,1,between_state,8.0,Trait_LDA,0.26875,0.14790372670807453,0.025000000000000022
10,1,between_state,8.0,State_LDA,0.5,0.4287697855859901,0.33333333333333337
10,1,between_state,8.0,Joint_LDA,0.425,0.33419884921810467,0.23333333333333328
10,2,between_state,1.0,Raw,0.8125,0.7858127565205879,0.75
10,2,between_state,1.0,Trait_LDA,0.20625,0.12775471634436908,-0.05833333333333335
10,2,between_state,1.0,State_LDA,0.81875,0.7879256420971057,0.7583333333333333
10,2,between_state,1.0,Joint_LDA,0.66875,0.6047156346069389,0.5583333333333333
10,2,between_state,11.0,Raw,0.8875000000000001,0.8862788324763383,0.85
10,2,between_state,11.0,Trait_LDA,0.29375,0.175743262017227,0.05833333333333335
10,2,between_state,11.0,State_LDA,0.93125,0.9288846271786654,0.9083333333333333
10,2,between_state,11.0,Joint_LDA,0.675,0.5885854585041577,0.5666666666666667
10,2,between_state,12.0,Raw,0.725,0.6615334632878492,0.6333333333333333
10,2,between_state,12.0,Trait_LDA,0.19375,0.11666666666666667,-0.07499999999999996
10,2,between_state,12.0,State_LDA,0.725,0.6615334632878492,0.6333333333333333
10,2,between_state,12.0,Joint_LDA,0.7062499999999999,0.6904185881273346,0.6083333333333334
10,2,between_state,13.0,Raw,0.89375,0.8863396340280622,0.8583333333333334
10,2,between_state,13.0,Trait_LDA,0.3125,0.2534314082244213,0.08333333333333337
10,2,between_state,13.0,State_LDA,0.9125,0.9057183126950568,0.8833333333333333
10,2,between_state,13.0,Joint_LDA,0.7,0.6188344995886801,0.6
10,2,between_state,14.0,Raw,0.58125,0.5739039589442815,0.44166666666666665
10,2,between_state,14.0,Trait_LDA,0.2125,0.13552745041678643,-0.050000000000000044
10,2,between_state,14.0,State_LDA,0.6125,0.6029580752102304,0.4833333333333333
10,2,between_state,14.0,Joint_LDA,0.6,0.56825886256266,0.4666666666666667
10,2,between_state,2.0,Raw,0.8875000000000001,0.8812150861196459,0.85
10,2,between_state,2.0,Trait_LDA,0.3,0.18974437005477784,0.06666666666666665
10,2,between_state,2.0,State_LDA,0.875,0.8685367475350285,0.8333333333333334
10,2,between_state,2.0,Joint_LDA,0.83125,0.8184324919489314,0.775
10,2,between_state,4.0,Raw,0.75,0.6666666666666666,0.6666666666666667
10,2,between_state,4.0,Trait_LDA,0.25,0.12736842105263158,0.0
10,2,between_state,4.0,State_LDA,0.74375,0.6621246992363218,0.6583333333333333
10,2,between_state,4.0,Joint_LDA,0.75625,0.687389770723104,0.675
10,2,between_state,6.0,Raw,0.8,0.7915606481232477,0.7333333333333334
10,2,between_state,6.0,Trait_LDA,0.2625,0.17072231634067458,0.01666666666666672
10,2,between_state,6.0,State_LDA,0.8,0.790974233245095,0.7333333333333334
10,2,between_state,6.0,Joint_LDA,0.70625,0.6279802955665025,0.6083333333333334
10,2,between_state,7.0,Raw,0.7937500000000001,0.7504789808004798,0.725
10,2,between_state,7.0,Trait_LDA,0.25,0.11466466466466467,0.0
10,2,between_state,7.0,State_LDA,0.79375,0.7552631578947367,0.725
10,2,between_state,7.0,Joint_LDA,0.7000000000000001,0.6772940970230128,0.6
10,2,between_state,9.0,Raw,0.8187500000000001,0.8225941923233845,0.7583333333333333
10,2,between_state,9.0,Trait_LDA,0.275,0.15085995085995085,0.033333333333333326
10,2,between_state,9.0,State_LDA,0.8,0.8057188130221838,0.7333333333333334
10,2,between_state,9.0,Joint_LDA,0.75,0.6740397884976198,0.6666666666666667
10,3,between_state,12.0,Raw,0.70625,0.6483863916331343,0.6083333333333334
10,3,between_state,12.0,Trait_LDA,0.3125,0.24562504880464578,0.08333333333333337
10,3,between_state,12.0,State_LDA,0.70625,0.6483863916331343,0.6083333333333334
10,3,between_state,12.0,Joint_LDA,0.68125,0.6428680195178195,0.575
10,3,between_state,13.0,Raw,0.89375,0.887267618862547,0.8583333333333334
10,3,between_state,13.0,Trait_LDA,0.2125,0.09392265193370165,-0.050000000000000044
10,3,between_state,13.0,State_LDA,0.875,0.8699723194046567,0.8333333333333334
10,3,between_state,13.0,Joint_LDA,0.7375,0.7100762699758396,0.65
10,3,between_state,14.0,Raw,0.58125,0.5995419442761962,0.44166666666666665
10,3,between_state,14.0,Trait_LDA,0.25625,0.11269763451403358,0.008333333333333304
10,3,between_state,14.0,State_LDA,0.55625,0.5788799542897903,0.4083333333333333
10,3,between_state,14.0,Joint_LDA,0.5,0.4331531954887218,0.33333333333333337
10,3,between_state,3.0,Raw,0.725,0.715078303883689,0.6333333333333333
10,3,between_state,3.0,Trait_LDA,0.25625,0.2584125636672326,0.008333333333333304
10,3,between_state,3.0,State_LDA,0.725,0.7186691831204026,0.6333333333333333
10,3,between_state,3.0,Joint_LDA,0.71875,0.685979558883546,0.625
10,3,between_state,4.0,Raw,0.7625,0.6933010492332526,0.6833333333333333
10,3,between_state,4.0,Trait_LDA,0.32499999999999996,0.21632996632996632,0.09999999999999998
10,3,between_state,4.0,State_LDA,0.75625,0.6802623488419759,0.675
10,3,between_state,4.0,Joint_LDA,0.75625,0.7408885107890083,0.675
10,3,between_state,5.0,Raw,0.85625,0.843933201695979,0.8083333333333333
10,3,between_state,5.0,Trait_LDA,0.32499999999999996,0.22524071784496646,0.09999999999999998
10,3,between_state,5.0,State_LDA,0.85625,0.843933201695979,0.8083333333333333
10,3,between_state,5.0,Joint_LDA,0.71875,0.6545791007165919,0.625
10,3,between_state,6.0,Raw,0.75,0.7215018315018316,0.6666666666666667
10,3,between_state,6.0,Trait_LDA,0.28125,0.24102982162764772,0.04166666666666663
10,3,between_state,6.0,State_LDA,0.73125,0.6869982854025407,0.6416666666666666
10,3,between_state,6.0,Joint_LDA,0.69375,0.651240603368263,0.5916666666666667
10,3,between_state,7.0,Raw,0.75625,0.6766504329004329,0.675
10,3,between_state,7.0,Trait_LDA,0.275,0.23912064378348066,0.033333333333333326
10,3,between_state,7.0,State_LDA,0.75,0.6624824048929969,0.6666666666666667
10,3,between_state,7.0,Joint_LDA,0.69375,0.6482640705297554,0.5916666666666667
10,3,between_state,8.0,Raw,0.47500000000000003,0.4109857131699769,0.30000000000000004
10,3,between_state,8.0,Trait_LDA,0.2625,0.12481962481962482,0.01666666666666672
10,3,between_state,8.0,State_LDA,0.48124999999999996,0.4196894425902059,0.30833333333333335
10,3,between_state,8.0,Joint_LDA,0.3875,0.2792782738095238,0.18333333333333335
10,3,between_state,9.0,Raw,0.8375,0.842208778336961,0.7833333333333333
10,3,between_state,9.0,Trait_LDA,0.34375,0.23809269804015698,0.125
10,3,between_state,9.0,State_LDA,0.83125,0.8362977394718805,0.775
10,3,between_state,9.0,Joint_LDA,0.875,0.8705805801603628,0.8333333333333334
10,4,between_state,1.0,Raw,0.80625,0.7810910020212346,0.7416666666666667
10,4,between_state,1.0,Trait_LDA,0.33125,0.31573848015021183,0.10833333333333328
10,4,between_state,1.0,State_LDA,0.80625,0.7808629572674517,0.7416666666666667
10,4,between_state,1.0,Joint_LDA,0.63125,0.5495010225723376,0.5083333333333333
10,4,between_state,10.0,Raw,0.36875,0.3228527774746262,0.15833333333333333
10,4,between_state,10.0,Trait_LDA,0.26875,0.15725047080979285,0.025000000000000022
10,4,between_state,10.0,State_LDA,0.39375,0.3462065995771379,0.19166666666666665
10,4,between_state,10.0,Joint_LDA,0.5187499999999999,0.466007356294834,0.3583333333333333
10,4,between_state,11.0,Raw,0.775,0.7568314769320608,0.7
10,4,between_state,11.0,Trait_LDA,0.25,0.133381660021747,0.0
10,4,between_state,11.0,State_LDA,0.75,0.723513980605932,0.6666666666666667
10,4,between_state,11.0,Joint_LDA,0.48124999999999996,0.37220365729137656,0.30833333333333335
10,4,between_state,13.0,Raw,0.8937499999999999,0.8897323622567993,0.8583333333333334
10,4,between_state,13.0,Trait_LDA,0.30625,0.19723092998955066,0.07499999999999996
10,4,between_state,13.0,State_LDA,0.88125,0.874536182864767,0.8416666666666667
10,4,between_state,13.0,Joint_LDA,0.69375,0.600788949726232,0.5916666666666667
10,4,between_state,14.0,Raw,0.5687500000000001,0.5684302273974811,0.42500000000000004
10,4,between_state,14.0,Trait_LDA,0.225,0.1630150387914363,-0.03333333333333344
10,4,between_state,14.0,State_LDA,0.6000000000000001,0.6042395882701139,0.4666666666666667
10,4,between_state,14.0,Joint_LDA,0.6625,0.6461229206825159,0.55
10,4,between_state,3.0,Raw,0.6812499999999999,0.6699857387460579,0.575
10,4,between_state,3.0,Trait_LDA,0.21875,0.18768880373357985,-0.04166666666666674
10,4,between_state,3.0,State_LDA,0.6937500000000001,0.6821394533065014,0.5916666666666667
10,4,between_state,3.0,Joint_LDA,0.6875,0.6628371862701661,0.5833333333333333
10,4,between_state,5.0,Raw,0.84375,0.8367604617604618,0.7916666666666666
10,4,between_state,5.0,Trait_LDA,0.3875,0.33973960326572267,0.18333333333333335
10,4,between_state,5.0,State_LDA,0.85625,0.8498457893795817,0.8083333333333333
10,4,between_state,5.0,Joint_LDA,0.69375,0.6398803005819163,0.5916666666666667
10,4,between_state,6.0,Raw,0.7125,0.6876481412396007,0.6166666666666667
10,4,between_state,6.0,Trait_LDA,0.28125,0.2066902356902357,0.04166666666666663
10,4,between_state,6.0,State_LDA,0.7750000000000001,0.7294068790306821,0.7
10,4,between_state,6.0,Joint_LDA,0.63125,0.5962317321294716,0.5083333333333333
10,4,between_state,8.0,Raw,0.5,0.4236486486486487,0.33333333333333337
10,4,between_state,8.0,Trait_LDA,0.2125,0.16656297111680107,-0.050000000000000044
10,4,between_state,8.0,State_LDA,0.48749999999999993,0.42053532458084464,0.31666666666666665
10,4,between_state,8.0,Joint_LDA,0.42499999999999993,0.3507183961851977,0.23333333333333328
10,4,between_state,9.0,Raw,0.68125,0.6718384552235199,0.575
10,4,between_state,9.0,Trait_LDA,0.25,0.1,0.0
10,4,between_state,9.0,State_LDA,0.6625,0.6350699115404997,0.55
10,4,between_state,9.0,Joint_LDA,0.74375,0.6884627421786168,0.6583333333333333
10,5,between_state,1.0,Raw,0.79375,0.7554871395642682,0.725
10,5,between_state,1.0,Trait_LDA,0.3125,0.2622866127583109,0.08333333333333337
10,5,between_state,1.0,State_LDA,0.7875,0.7496457790575437,0.7166666666666667
10,5,between_state,1.0,Joint_LDA,0.73125,0.6694114424230146,0.6416666666666666
10,5,between_state,10.0,Raw,0.4875,0.45478550564182174,0.31666666666666665
10,5,between_state,10.0,Trait_LDA,0.3,0.2579233156028369,0.06666666666666665
10,5,between_state,10.0,State_LDA,0.5249999999999999,0.49867731355915906,0.3666666666666667
10,5,between_state,10.0,Joint_LDA,0.5562499999999999,0.536254035763467,0.4083333333333333
10,5,between_state,12.0,Raw,0.7124999999999999,0.6584383434303253,0.6166666666666667
10,5,between_state,12.0,Trait_LDA,0.24375,0.13787674313990103,-0.008333333333333304
10,5,between_state,12.0,State_LDA,0.7,0.6460290675633354,0.6
10,5,between_state,12.0,Joint_LDA,0.64375,0.5605928255299324,0.525
10,5,between_state,13.0,Raw,0.85625,0.8521032676538629,0.8083333333333333
10,5,between_state,13.0,Trait_LDA,0.33125,0.25657021184013923,0.10833333333333328
10,5,between_state,13.0,State_LDA,0.85,0.8431224291439344,0.8
10,5,between_state,13.0,Joint_LDA,0.7625,0.7395716749375286,0.6833333333333333
10,5,between_state,2.0,Raw,0.8875,0.8852359805488896,0.85
10,5,between_state,2.0,Trait_LDA,0.24375,0.09898477157360407,-0.008333333333333304
10,5,between_state,2.0,State_LDA,0.86875,0.8685281500659965,0.825
10,5,between_state,2.0,Joint_LDA,0.725,0.6394845464612906,0.6333333333333333
10,5,between_state,4.0,Raw,0.7374999999999999,0.666389288440468,0.65
10,5,between_state,4.0,Trait_LDA,0.29375,0.19236849669445244,0.05833333333333335
10,5,between_state,4.0,State_LDA,0.75625,0.6802623488419759,0.675
10,5,between_state,4.0,Joint_LDA,0.6437499999999999,0.5905383875191267,0.525
10,5,between_state,5.0,Raw,0.8875,0.8828093822332189,0.85
10,5,between_state,5.0,Trait_LDA,0.4125,0.34256151483874253,0.21666666666666667
10,5,between_state,5.0,State_LDA,0.8875,0.8828093822332189,0.85
10,5,between_state,5.0,Joint_LDA,0.71875,0.6436626094115239,0.625
10,5,between_state,7.0,Raw,0.78125,0.7200625461495026,0.7083333333333333
10,5,between_state,7.0,Trait_LDA,0.375,0.26014536226787205,0.16666666666666663
10,5,between_state,7.0,State_LDA,0.7687499999999999,0.7142896504048284,0.6916666666666667
10,5,between_state,7.0,Joint_LDA,0.6875,0.65274220586605,0.5833333333333333
10,5,between_state,8.0,Raw,0.5125,0.4510298982859958,0.35
10,5,between_state,8.0,Trait_LDA,0.225,0.12217236010623683,-0.03333333333333344
10,5,between_state,8.0,State_LDA,0.5062500000000001,0.44289830782575457,0.3416666666666667
10,5,between_state,8.0,Joint_LDA,0.39375000000000004,0.2779793090655831,0.19166666666666665
10,5,between_state,9.0,Raw,0.84375,0.8424424210809187,0.7916666666666666
10,5,between_state,9.0,Trait_LDA,0.26875,0.14598197002378188,0.025000000000000022
10,5,between_state,9.0,State_LDA,0.84375,0.8433081061773046,0.7916666666666666
10,5,between_state,9.0,Joint_LDA,0.7437499999999999,0.6638706069600379,0.6583333333333333
10,6,between_state,1.0,Raw,0.8187500000000001,0.794855364855649,0.7583333333333333
10,6,between_state,1.0,Trait_LDA,0.25,0.14406997684589656,0.0
10,6,between_state,1.0,State_LDA,0.8125,0.7898259796838588,0.75
10,6,between_state,1.0,Joint_LDA,0.7124999999999999,0.6337974818950278,0.6166666666666667
10,6,between_state,11.0,Raw,0.85625,0.8414408393142603,0.8083333333333333
10,6,between_state,11.0,Trait_LDA,0.3375,0.29892285789217343,0.1166666666666667
10,6,between_state,11.0,State_LDA,0.86875,0.8555406426929545,0.825
10,6,between_state,11.0,Joint_LDA,0.5125,0.38662386302835744,0.35
10,6,between_state,12.0,Raw,0.73125,0.6581196581196581,0.6416666666666666
10,6,between_state,12.0,Trait_LDA,0.26875,0.17741478279356532,0.025000000000000022
10,6,between_state,12.0,State_LDA,0.73125,0.6581196581196581,0.6416666666666666
10,6,between_state,12.0,Joint_LDA,0.71875,0.7001202155656179,0.625
10,6,between_state,13.0,Raw,0.8875000000000001,0.8800667828106853,0.85
10,6,between_state,13.0,Trait_LDA,0.2875,0.2080186409340729,0.050000000000000044
10,6,between_state,13.0,State_LDA,0.86875,0.8587065038446536,0.825
10,6,between_state,13.0,Joint_LDA,0.75,0.7295490943313157,0.6666666666666667
10,6,between_state,14.0,Raw,0.86875,0.8623395574615086,0.825
10,6,between_state,14.0,Trait_LDA,0.28125,0.1863607793840352,0.04166666666666663
10,6,between_state,14.0,State_LDA,0.7875000000000001,0.782083989216378,0.7166666666666667
10,6,between_state,14.0,Joint_LDA,0.4625,0.4252904358090268,0.2833333333333333
10,6,between_state,2.0,Raw,0.86875,0.868177578018996,0.825
10,6,between_state,2.0,Trait_LDA,0.2875,0.19055818625340795,0.050000000000000044
10,6,between_state,2.0,State_LDA,0.85625,0.8568885199022185,0.8083333333333333
10,6,between_state,2.0,Joint_LDA,0.7312500000000001,0.7069364258371009,0.6416666666666666
10,6,between_state,4.0,Raw,0.74375,0.6621246992363218,0.6583333333333333
10,6,between_state,4.0,Trait_LDA,0.25625,0.11269763451403358,0.008333333333333304
10,6,between_state,4.0,State_LDA,0.74375,0.6621246992363218,0.6583333333333333
10,6,between_state,4.0,Joint_LDA,0.7562500000000001,0.7486057486057486,0.675
10,6,between_state,5.0,Raw,0.875,0.8673399296621456,0.8333333333333334
10,6,between_state,5.0,Trait_LDA,0.33125,0.2683283096106493,0.10833333333333328
10,6,between_state,5.0,State_LDA,0.8625,0.8542568542568543,0.8166666666666667
10,6,between_state,5.0,Joint_LDA,0.70625,0.6362108479755538,0.6083333333333334
10,6,between_state,6.0,Raw,0.70625,0.6553557744937054,0.6083333333333334
10,6,between_state,6.0,Trait_LDA,0.2875,0.19543068848410003,0.050000000000000044
10,6,between_state,6.0,State_LDA,0.73125,0.6808129558129559,0.6416666666666666
10,6,between_state,6.0,Joint_LDA,0.75,0.707610891523935,0.6666666666666667
10,6,between_state,8.0,Raw,0.50625,0.43465213852716655,0.3416666666666667
10,6,between_state,8.0,Trait_LDA,0.3,0.18971813840247215,0.06666666666666665
10,6,between_state,8.0,State_LDA,0.5125,0.4502400670899862,0.35
10,6,between_state,8.0,Joint_LDA,0.39375,0.2885447323137293,0.19166666666666665
10,7,between_state,1.0,Raw,0.79375,0.769023798435563,0.725
10,7,between_state,1.0,Trait_LDA,0.32499999999999996,0.23200357051288137,0.09999999999999998
10,7,between_state,1.0,State_LDA,0.79375,0.7704243060860708,0.725
10,7,between_state,1.0,Joint_LDA,0.75,0.6868985475797714,0.6666666666666667
10,7,between_state,11.0,Raw,0.875,0.8633919636095636,0.8333333333333334
10,7,between_state,11.0,Trait_LDA,0.24375,0.11020408163265306,-0.008333333333333304
10,7,between_state,11.0,State_LDA,0.90625,0.9003041846756288,0.875
10,7,between_state,11.0,Joint_LDA,0.525,0.4255227718517594,0.3666666666666667
10,7,between_state,12.0,Raw,0.74375,0.6638655462184874,0.6583333333333333
10,7,between_state,12.0,Trait_LDA,0.25,0.1,0.0
10,7,between_state,12.0,State_LDA,0.74375,0.6638655462184874,0.6583333333333333
10,7,between_state,12.0,Joint_LDA,0.70625,0.6285905988804539,0.6083333333333334
10,7,between_state,13.0,Raw,0.9,0.8944065082798042,0.8666666666666667
10,7,between_state,13.0,Trait_LDA,0.3875,0.26849764295962286,0.18333333333333335
10,7,between_state,13.0,State_LDA,0.89375,0.8871974816742259,0.8583333333333334
10,7,between_state,13.0,Joint_LDA,0.8187500000000001,0.8065681336161188,0.7583333333333333
10,7,between_state,14.0,Raw,0.53125,0.5518536288842671,0.375
10,7,between_state,14.0,Trait_LDA,0.24375,0.17319596654581412,-0.008333333333333304
10,7,between_state,14.0,State_LDA,0.525,0.5470057147413235,0.3666666666666667
10,7,between_state,14.0,Joint_LDA,0.45625,0.36669158825769865,0.275
10,7,between_state,3.0,Raw,0.71875,0.7081644766281925,0.625
10,7,between_state,3.0,Trait_LDA,0.25625,0.15434501553286084,0.008333333333333304
10,7,between_state,3.0,State_LDA,0.7,0.6950756581341817,0.6
10,7,between_state,3.0,Joint_LDA,0.73125,0.6865132932083396,0.6416666666666666
10,7,between_state,4.0,Raw,0.7375,0.6576053123054576,0.65
10,7,between_state,4.0,Trait_LDA,0.25625,0.1238216969798564,0.008333333333333304
10,7,between_state,4.0,State_LDA,0.7375,0.6576053123054576,0.65
10,7,between_state,4.0,Joint_LDA,0.725,0.7104622934640331,0.6333333333333333
10,7,between_state,5.0,Raw,0.88125,0.8750059650735524,0.8416666666666667
10,7,between_state,5.0,Trait_LDA,0.3875,0.3233535317225974,0.18333333333333335
10,7,between_state,5.0,State_LDA,0.86875,0.8595682175309147,0.825
10,7,between_state,5.0,Joint_LDA,0.75,0.6917389268848722,0.6666666666666667
10,7,between_state,6.0,Raw,0.7875,0.7928455299011914,0.7166666666666667
10,7,between_state,6.0,Trait_LDA,0.26875,0.19007438129174212,0.025000000000000022
10,7,between_state,6.0,State_LDA,0.7875,0.7909535639798798,0.7166666666666667
10,7,between_state,6.0,Joint_LDA,0.69375,0.6506991685563115,0.5916666666666667
10,7,between_state,7.0,Raw,0.8,0.7643927985744243,0.7333333333333334
10,7,between_state,7.0,Trait_LDA,0.25625,0.18442607246182438,0.008333333333333304
10,7,between_state,7.0,State_LDA,0.8,0.7617357753007494,0.7333333333333334
10,7,between_state,7.0,Joint_LDA,0.7125,0.6773909185913012,0.6166666666666667
10,8,between_state,11.0,Raw,0.95,0.9492951523605786,0.9333333333333333
10,8,between_state,11.0,Trait_LDA,0.25,0.13154819471308835,0.0
10,8,between_state,11.0,State_LDA,0.9375,0.9359126984126984,0.9166666666666666
10,8,between_state,11.0,Joint_LDA,0.64375,0.5638077369784686,0.525
10,8,between_state,12.0,Raw,0.7125,0.6504820692877268,0.6166666666666667
10,8,between_state,12.0,Trait_LDA,0.33124999999999993,0.27947463825493807,0.10833333333333328
10,8,between_state,12.0,State_LDA,0.7125,0.6520934328132102,0.6166666666666667
10,8,between_state,12.0,Joint_LDA,0.6749999999999999,0.646123781406355,0.5666666666666667
10,8,between_state,13.0,Raw,0.89375,0.8888316402841634,0.8583333333333334
10,8,between_state,13.0,Trait_LDA,0.2625,0.14347179089026915,0.01666666666666672
10,8,between_state,13.0,State_LDA,0.89375,0.8888316402841634,0.8583333333333334
10,8,between_state,13.0,Joint_LDA,0.73125,0.6460919239512944,0.6416666666666666
10,8,between_state,14.0,Raw,0.65,0.6388605152650096,0.5333333333333333
10,8,between_state,14.0,Trait_LDA,0.28125,0.1813793103448276,0.04166666666666663
10,8,between_state,14.0,State_LDA,0.6375,0.6268010992275698,0.5166666666666666
10,8,between_state,14.0,Joint_LDA,0.6187499999999999,0.553355314695944,0.4916666666666667
10,8,between_state,2.0,Raw,0.83125,0.8232051744475638,0.775
10,8,between_state,2.0,Trait_LDA,0.26875,0.23523260427088005,0.025000000000000022
10,8,between_state,2.0,State_LDA,0.81875,0.8114948958633658,0.7583333333333333
10,8,between_state,2.0,Joint_LDA,0.8187500000000001,0.7990000163385754,0.7583333333333333
10,8,between_state,3.0,Raw,0.725,0.7183772656106256,0.6333333333333333
10,8,between_state,3.0,Trait_LDA,0.25625000000000003,0.24449392288688318,0.008333333333333304
10,8,between_state,3.0,State_LDA,0.7125,0.7067046911207167,0.6166666666666667
10,8,between_state,3.0,Joint_LDA,0.675,0.6281944102942382,0.5666666666666667
10,8,between_state,5.0,Raw,0.9125,0.9103703982459511,0.8833333333333333
10,8,between_state,5.0,Trait_LDA,0.35625,0.33832509673217637,0.14166666666666672
10,8,between_state,5.0,State_LDA,0.90625,0.9033609941700199,0.875
10,8,between_state,5.0,Joint_LDA,0.71875,0.6489047781182613,0.625
10,8,between_state,6.0,Raw,0.7687499999999999,0.7338856107833005,0.6916666666666667
10,8,between_state,6.0,Trait_LDA,0.225,0.15971200336346436,-0.03333333333333344
10,8,between_state,6.0,State_LDA,0.78125,0.7447058823529411,0.7083333333333333
10,8,between_state,6.0,Joint_LDA,0.60625,0.5673999326027289,0.475
10,8,between_state,7.0,Raw,0.76875,0.6976220406452963,0.6916666666666667
10,8,between_state,7.0,Trait_LDA,0.27499999999999997,0.16015873015873017,0.033333333333333326
10,8,between_state,7.0,State_LDA,0.775,0.7092704043923556,0.7
10,8,between_state,7.0,Joint_LDA,0.7,0.6830459052275638,0.6
10,8,between_state,9.0,Raw,0.8,0.8076640020301993,0.7333333333333334
10,8,between_state,9.0,Trait_LDA,0.41875,0.3167052205626506,0.22499999999999998
10,8,between_state,9.0,State_LDA,0.7875,0.7957628256782165,0.7166666666666667
10,8,between_state,9.0,Joint_LDA,0.78125,0.7617115345874501,0.7083333333333333
10,9,between_state,10.0,Raw,0.5125,0.4568099967259631,0.35
10,9,between_state,10.0,Trait_LDA,0.30000000000000004,0.2928139026523873,0.06666666666666665
10,9,between_state,10.0,State_LDA,0.51875,0.4550247371675943,0.3583333333333333
10,9,between_state,10.0,Joint_LDA,0.5249999999999999,0.46656323308667674,0.3666666666666667
10,9,between_state,11.0,Raw,0.9249999999999999,0.9241666192885705,0.9
10,9,between_state,11.0,Trait_LDA,0.28125,0.18940933727519094,0.04166666666666663
10,9,between_state,11.0,State_LDA,0.8812500000000001,0.872236269944428,0.8416666666666667
10,9,between_state,11.0,Joint_LDA,0.5625,0.463632327657875,0.41666666666666663
10,9,between_state,12.0,Raw,0.7062499999999999,0.6398278127801726,0.6083333333333334
10,9,between_state,12.0,Trait_LDA,0.3375,0.2949774876919966,0.1166666666666667
10,9,between_state,12.0,State_LDA,0.7062499999999999,0.6398278127801726,0.6083333333333334
10,9,between_state,12.0,Joint_LDA,0.7,0.6131250275828589,0.6
10,9,between_state,14.0,Raw,0.54375,0.5094774649519175,0.3916666666666667
10,9,between_state,14.0,Trait_LDA,0.275,0.2102324121499194,0.033333333333333326
10,9,between_state,14.0,State_LDA,0.7,0.6927420242024203,0.6
10,9,between_state,14.0,Joint_LDA,0.50625,0.4319309163059163,0.3416666666666667
10,9,between_state,2.0,Raw,0.84375,0.8267382471329839,0.7916666666666666
10,9,between_state,2.0,Trait_LDA,0.24375000000000002,0.11988553211957467,-0.008333333333333304
10,9,between_state,2.0,State_LDA,0.84375,0.8269434557987287,0.7916666666666666
10,9,between_state,2.0,Joint_LDA,0.7124999999999999,0.6516174402250352,0.6166666666666667
10,9,between_state,5.0,Raw,0.9125,0.9115893892938203,0.8833333333333333
10,9,between_state,5.0,Trait_LDA,0.25625000000000003,0.20046326314461496,0.008333333333333304
10,9,between_state,5.0,State_LDA,0.8875000000000001,0.8841779135896782,0.85
10,9,between_state,5.0,Joint_LDA,0.6125,0.5468193547011281,0.4833333333333333
10,9,between_state,6.0,Raw,0.7749999999999999,0.7511893170121019,0.7
10,9,between_state,6.0,Trait_LDA,0.35,0.2808346500604145,0.1333333333333333
10,9,between_state,6.0,State_LDA,0.8125,0.7877882539040817,0.75
10,9,between_state,6.0,Joint_LDA,0.6062500000000001,0.5495304275810308,0.475
10,9,between_state,7.0,Raw,0.7937500000000001,0.7470913064020789,0.725
10,9,between_state,7.0,Trait_LDA,0.25625000000000003,0.13671946951556457,0.008333333333333304
10,9,between_state,7.0,State_LDA,0.7937500000000001,0.7498170302603799,0.725
10,9,between_state,7.0,Joint_LDA,0.65,0.6046627091203454,0.5333333333333333
10,9,between_state,8.0,Raw,0.47500000000000003,0.40826363341124106,0.30000000000000004
10,9,between_state,8.0,Trait_LDA,0.25625,0.11269763451403358,0.008333333333333304
10,9,between_state,8.0,State_LDA,0.49375,0.4377581705825981,0.32499999999999996
10,9,between_state,8.0,Joint_LDA,0.43750000000000006,0.37292358803986714,0.25
10,9,between_state,9.0,Raw,0.85,0.8492226071030419,0.8
10,9,between_state,9.0,Trait_LDA,0.29375,0.19103786895422992,0.05833333333333335
10,9,between_state,9.0,State_LDA,0.84375,0.8453366379996814,0.7916666666666666
10,9,between_state,9.0,Joint_LDA,0.7375,0.65657025005124,0.65
4,0,between_state,1.0,Raw,0.725,0.6382482460068667,0.6333333333333333
4,0,between_state,1.0,Trait_LDA,0.30625,0.20001628134158256,0.07499999999999996
4,0,between_state,1.0,State_LDA,0.71875,0.6322182808117472,0.625
4,0,between_state,1.0,Joint_LDA,0.79375,0.7554598418643361,0.725
4,0,between_state,2.0,Raw,0.7874999999999999,0.7966540480074066,0.7166666666666667
4,0,between_state,2.0,Trait_LDA,0.3125,0.20800000000000002,0.08333333333333337
4,0,between_state,2.0,State_LDA,0.6437499999999999,0.6095438977082677,0.525
4,0,between_state,2.0,Joint_LDA,0.70625,0.6624186093527787,0.6083333333333334
4,0,between_state,4.0,Raw,0.60625,0.5558874203375482,0.475
4,0,between_state,4.0,Trait_LDA,0.25625,0.11269763451403358,0.008333333333333304
4,0,between_state,4.0,State_LDA,0.59375,0.5437408936376882,0.45833333333333337
4,0,between_state,4.0,Joint_LDA,0.575,0.5289353647562602,0.43333333333333335
4,0,between_state,5.0,Raw,0.8187500000000001,0.7946478172446608,0.7583333333333333
4,0,between_state,5.0,Trait_LDA,0.14375,0.11065535124941066,-0.1416666666666666
4,0,between_state,5.0,State_LDA,0.83125,0.8112299308097133,0.775
4,0,between_state,5.0,Joint_LDA,0.8625,0.8517106355233055,0.8166666666666667
4,1,between_state,1.0,Raw,0.76875,0.7010494909759979,0.6916666666666667
4,1,between_state,1.0,Trait_LDA,0.25,0.1,0.0
4,1,between_state,1.0,State_LDA,0.775,0.7102439092730355,0.7
4,1,between_state,1.0,Joint_LDA,0.8125,0.7814530636711337,0.75
4,1,between_state,14.0,Raw,0.5875,0.6000735596373943,0.44999999999999996
4,1,between_state,14.0,Trait_LDA,0.2875,0.19160036520151297,0.050000000000000044
4,1,between_state,14.0,State_LDA,0.5875,0.5985412226516875,0.44999999999999996
4,1,between_state,14.0,Joint_LDA,0.5375,0.5212418300653595,0.3833333333333333
4,1,between_state,3.0,Raw,0.6125,0.5954856803143094,0.4833333333333333
4,1,between_state,3.0,Trait_LDA,0.28750000000000003,0.19499280690537085,0.050000000000000044
4,1,between_state,3.0,State_LDA,0.6437499999999999,0.6098217258931544,0.525
4,1,between_state,3.0,Joint_LDA,0.6937500000000001,0.6636848054396778,0.5916666666666667
4,1,between_state,8.0,Raw,0.47500000000000003,0.3968695557491289,0.30000000000000004
4,1,between_state,8.0,Trait_LDA,0.27499999999999997,0.18965248278013774,0.033333333333333326
4,1,between_state,8.0,State_LDA,0.4625,0.39629058867759087,0.2833333333333333
4,1,between_state,8.0,Joint_LDA,0.4375,0.34483975918558163,0.25
4,2,between_state,10.0,Raw,0.54375,0.4746322763001386,0.3916666666666667
4,2,between_state,10.0,Trait_LDA,0.28125,0.15952936188255246,0.04166666666666663
4,2,between_state,10.0,State_LDA,0.525,0.4741731080137373,0.3666666666666667
4,2,between_state,10.0,Joint_LDA,0.47500000000000003,0.3949374699374699,0.30000000000000004
4,2,between_state,12.0,Raw,0.7562500000000001,0.6961945031712473,0.675
4,2,between_state,12.0,Trait_LDA,0.25,0.1,0.0
4,2,between_state,12.0,State_LDA,0.7625,0.7093667143762171,0.6833333333333333
4,2,between_state,12.0,Joint_LDA,0.75,0.7231607269107543,0.6666666666666667
4,2,between_state,3.0,Raw,0.69375,0.6756024970963995,0.5916666666666667
4,2,between_state,3.0,Trait_LDA,0.2625,0.1547017753111663,0.01666666666666672
4,2,between_state,3.0,State_LDA,0.7062499999999999,0.6947451630292678,0.6083333333333334
4,2,between_state,3.0,Joint_LDA,0.69375,0.6787228509471281,0.5916666666666667
4,2,between_state,6.0,Raw,0.675,0.6784747402462556,0.5666666666666667
4,2,between_state,6.0,Trait_LDA,0.275,0.16363636363636364,0.033333333333333326
4,2,between_state,6.0,State_LDA,0.74375,0.7402487553781184,0.6583333333333333
4,2,between_state,6.0,Joint_LDA,0.78125,0.7778094002670877,0.7083333333333333
4,3,between_state,2.0,Raw,0.6625,0.6037730243612597,0.55
4,3,between_state,2.0,Trait_LDA,0.24375,0.09848484848484848,-0.008333333333333304
4,3,between_state,2.0,State_LDA,0.65625,0.5949895087369329,0.5416666666666667
4,3,between_state,2.0,Joint_LDA,0.6875,0.6510775456427631,0.5833333333333333
4,3,between_state,3.0,Raw,0.6625,0.6775696033562166,0.55
4,3,between_state,3.0,Trait_LDA,0.2375,0.15685993111366245,-0.016666666666666607
4,3,between_state,3.0,State_LDA,0.66875,0.6833306235580123,0.5583333333333333
4,3,between_state,3.0,Joint_LDA,0.6499999999999999,0.666192211619148,0.5333333333333333
4,3,between_state,5.0,Raw,0.90625,0.9016193265430215,0.875
4,3,between_state,5.0,Trait_LDA,0.33125,0.23641361531986532,0.10833333333333328
4,3,between_state,5.0,State_LDA,0.8999999999999999,0.8956001746962362,0.8666666666666667
4,3,between_state,5.0,Joint_LDA,0.94375,0.9430230948961009,0.925
4,3,between_state,6.0,Raw,0.6625000000000001,0.6332603753096474,0.55
4,3,between_state,6.0,Trait_LDA,0.25,0.1,0.0
4,3,between_state,6.0,State_LDA,0.8125,0.8016255590805076,0.75
4,3,between_state,6.0,Joint_LDA,0.7,0.6857770829734998,0.6
4,4,between_state,10.0,Raw,0.44999999999999996,0.3416210547426652,0.2666666666666667
4,4,between_state,10.0,Trait_LDA,0.21250000000000002,0.14154680008338544,-0.050000000000000044
4,4,between_state,10.0,State_LDA,0.49374999999999997,0.4111099498327759,0.32499999999999996
4,4,between_state,10.0,Joint_LDA,0.44999999999999996,0.3564474532559639,0.2666666666666667
4,4,between_state,11.0,Raw,0.55,0.439652793457264,0.4
4,4,between_state,11.0,Trait_LDA,0.25,0.16382133649223052,0.0
4,4,between_state,11.0,State_LDA,0.6,0.5312444008958567,0.4666666666666667
4,4,between_state,11.0,Joint_LDA,0.6312500000000001,0.584540097737045,0.5083333333333333
4,4,between_state,14.0,Raw,0.65,0.6190720409084073,0.5333333333333333
4,4,between_state,14.0,Trait_LDA,0.24375000000000002,0.1622608695652174,-0.008333333333333304
4,4,between_state,14.0,State_LDA,0.61875,0.5778558706387574,0.4916666666666667
4,4,between_state,14.0,Joint_LDA,0.54375,0.49799026612632996,0.3916666666666667
4,4,between_state,6.0,Raw,0.75,0.7145040326139723,0.6666666666666667
4,4,between_state,6.0,Trait_LDA,0.26875,0.15450191570881225,0.025000000000000022
4,4,between_state,6.0,State_LDA,0.75625,0.7192267773741567,0.675
4,4,between_state,6.0,Joint_LDA,0.76875,0.754994119048328,0.6916666666666667
4,5,between_state,10.0,Raw,0.5625,0.5132202011614957,0.41666666666666663
4,5,between_state,10.0,Trait_LDA,0.25,0.1,0.0
4,5,between_state,10.0,State_LDA,0.59375,0.5632665640101561,0.45833333333333337
4,5,between_state,10.0,Joint_LDA,0.5874999999999999,0.5489748027616527,0.44999999999999996
4,5,between_state,3.0,Raw,0.7125,0.6746865327939566,0.6166666666666667
4,5,between_state,3.0,Trait_LDA,0.24375000000000002,0.14781746031746032,-0.008333333333333304
4,5,between_state,3.0,State_LDA,0.7,0.6646520146520146,0.6
4,5,between_state,3.0,Joint_LDA,0.66875,0.6118145431027544,0.5583333333333333
4,5,between_state,4.0,Raw,0.39375,0.3344607146059931,0.19166666666666665
4,5,between_state,4.0,Trait_LDA,0.23125,0.16753685503685503,-0.02499999999999991
4,5,between_state,4.0,State_LDA,0.43125,0.3814664867296446,0.2416666666666667
4,5,between_state,4.0,Joint_LDA,0.625,0.5704541453969372,0.5
4,5,between_state,6.0,Raw,0.7062499999999999,0.6607396345928546,0.6083333333333334
4,5,between_state,6.0,Trait_LDA,0.25625,0.11269763451403358,0.008333333333333304
4,5,between_state,6.0,State_LDA,0.6937500000000001,0.6340122810080904,0.5916666666666667
4,5,between_state,6.0,Joint_LDA,0.65625,0.5696052631578947,0.5416666666666667
4,6,between_state,10.0,Raw,0.35625,0.23725961538461537,0.14166666666666672
4,6,between_state,10.0,Trait_LDA,0.2625,0.16973723950468136,0.01666666666666672
4,6,between_state,10.0,State_LDA,0.3625,0.23708849290244638,0.15000000000000002
4,6,between_state,10.0,Joint_LDA,0.43125,0.348387353724945,0.2416666666666667
4,6,between_state,13.0,Raw,0.8,0.7731044723969251,0.7333333333333334
4,6,between_state,13.0,Trait_LDA,0.25,0.1,0.0
4,6,between_state,13.0,State_LDA,0.8,0.774344206856068,0.7333333333333334
4,6,between_state,13.0,Joint_LDA,0.83125,0.816531453804978,0.775
4,6,between_state,2.0,Raw,0.85625,0.8522876339449538,0.8083333333333333
4,6,between_state,2.0,Trait_LDA,0.24375,0.1,-0.008333333333333304
4,6,between_state,2.0,State_LDA,0.85,0.8388216652261596,0.8
4,6,between_state,2.0,Joint_LDA,0.76875,0.7125908395486709,0.6916666666666667
4,6,between_state,4.0,Raw,0.3625,0.2811374671839788,0.15000000000000002
4,6,between_state,4.0,Trait_LDA,0.25,0.1,0.0
4,6,between_state,4.0,State_LDA,0.38749999999999996,0.3082602206445727,0.18333333333333335
4,6,between_state,4.0,Joint_LDA,0.64375,0.5832148386892912,0.525
4,7,between_state,1.0,Raw,0.675,0.6153025959329589,0.5666666666666667
4,7,between_state,1.0,Trait_LDA,0.25625,0.11320522296132052,0.008333333333333304
4,7,between_state,1.0,State_LDA,0.73125,0.6457940509148875,0.6416666666666666
4,7,between_state,1.0,Joint_LDA,0.7375,0.6812413955564078,0.65
4,7,between_state,13.0,Raw,0.78125,0.7488342425395751,0.7083333333333333
4,7,between_state,13.0,Trait_LDA,0.28125,0.15483971366324306,0.04166666666666663
4,7,between_state,13.0,State_LDA,0.8062499999999999,0.7818168704244655,0.7416666666666667
4,7,between_state,13.0,Joint_LDA,0.875,0.869854714251266,0.8333333333333334
4,7,between_state,4.0,Raw,0.5625,0.4800217389351515,0.41666666666666663
4,7,between_state,4.0,Trait_LDA,0.3,0.19729206963249518,0.06666666666666665
4,7,between_state,4.0,State_LDA,0.65625,0.5932304290513246,0.5416666666666667
4,7,between_state,4.0,Joint_LDA,0.69375,0.6240964249501193,0.5916666666666667
4,7,between_state,7.0,Raw,0.7124999999999999,0.6426594704692554,0.6166666666666667
4,7,between_state,7.0,Trait_LDA,0.30624999999999997,0.25303554470221135,0.07499999999999996
4,7,between_state,7.0,State_LDA,0.78125,0.7329464238091906,0.7083333333333333
4,7,between_state,7.0,Joint_LDA,0.8562500000000001,0.8465288361853545,0.8083333333333333
4,8,between_state,4.0,Raw,0.73125,0.6473601942892899,0.6416666666666666
4,8,between_state,4.0,Trait_LDA,0.30625,0.2191734921816828,0.07499999999999996
4,8,between_state,4.0,State_LDA,0.74375,0.6607791264654009,0.6583333333333333
4,8,between_state,4.0,Joint_LDA,0.7374999999999999,0.662493899843213,0.65
4,8,between_state,5.0,Raw,0.8500000000000001,0.8329954840184911,0.8
4,8,between_state,5.0,Trait_LDA,0.18125000000000002,0.11935395864025755,-0.09166666666666656
4,8,between_state,5.0,State_LDA,0.8687499999999999,0.8584955404589335,0.825
4,8,between_state,5.0,Joint_LDA,0.8875,0.8837555998571115,0.85
4,8,between_state,7.0,Raw,0.79375,0.7711827646038172,0.725
4,8,between_state,7.0,Trait_LDA,0.25625,0.11291486291486291,0.008333333333333304
4,8,between_state,7.0,State_LDA,0.825,0.8005698005698005,0.7666666666666666
4,8,between_state,7.0,Joint_LDA,0.8562500000000001,0.8429581300341042,0.8083333333333333
4,8,between_state,8.0,Raw,0.48124999999999996,0.42638682010378626,0.30833333333333335
4,8,between_state,8.0,Trait_LDA,0.25625,0.11269763451403358,0.008333333333333304
4,8,between_state,8.0,State_LDA,0.46249999999999997,0.40293843617190495,0.2833333333333333
4,8,between_state,8.0,Joint_LDA,0.475,0.4145412721923176,0.30000000000000004
4,9,between_state,13.0,Raw,0.7562500000000001,0.7160031549669974,0.675
4,9,between_state,13.0,Trait_LDA,0.25,0.1,0.0
4,9,between_state,13.0,State_LDA,0.78125,0.7361790549553154,0.7083333333333333
4,9,between_state,13.0,Joint_LDA,0.7562500000000001,0.7039048135014447,0.675
4,9,between_state,7.0,Raw,0.76875,0.6933431859934712,0.6916666666666667
4,9,between_state,7.0,Trait_LDA,0.25,0.1,0.0
4,9,between_state,7.0,State_LDA,0.7625,0.6873433583959899,0.6833333333333333
4,9,between_state,7.0,Joint_LDA,0.8,0.7590539541759055,0.7333333333333334
4,9,between_state,8.0,Raw,0.5125,0.4849325441262731,0.35
4,9,between_state,8.0,Trait_LDA,0.25,0.13362637362637364,0.0
4,9,between_state,8.0,State_LDA,0.5750000000000001,0.5739433582103708,0.43333333333333335
4,9,between_state,8.0,Joint_LDA,0.48750000000000004,0.42407347554406377,0.31666666666666665
4,9,between_state,9.0,Raw,0.7375,0.6464414948610351,0.65
4,9,between_state,9.0,Trait_LDA,0.25,0.10050251256281408,0.0
4,9,between_state,9.0,State_LDA,0.7375,0.6484625860401255,0.65
4,9,between_state,9.0,Joint_LDA,0.71875,0.6352110421877863,0.625
8,0,between_state,1.0,Raw,0.8250000000000001,0.8017430542073816,0.7666666666666666
8,0,between_state,1.0,Trait_LDA,0.21875,0.16967373711559758,-0.04166666666666674
8,0,between_state,1.0,State_LDA,0.83125,0.8104077540106951,0.775
8,0,between_state,1.0,Joint_LDA,0.7625,0.7121329757199322,0.6833333333333333
8,0,between_state,10.0,Raw,0.43125,0.3596960434708779,0.2416666666666667
8,0,between_state,10.0,Trait_LDA,0.19375,0.11209088671971126,-0.07499999999999996
8,0,between_state,10.0,State_LDA,0.425,0.330131379150987,0.23333333333333328
8,0,between_state,10.0,Joint_LDA,0.6062500000000001,0.6140050073383407,0.475
8,0,between_state,13.0,Raw,0.90625,0.9024879511118237,0.875
8,0,between_state,13.0,Trait_LDA,0.275,0.16724412398164623,0.033333333333333326
8,0,between_state,13.0,State_LDA,0.89375,0.8895236420112042,0.8583333333333334
8,0,between_state,13.0,Joint_LDA,0.7875,0.7663189264131893,0.7166666666666667
8,0,between_state,14.0,Raw,0.625,0.6191835274108127,0.5
8,0,between_state,14.0,Trait_LDA,0.25625000000000003,0.1810586176727909,0.008333333333333304
8,0,between_state,14.0,State_LDA,0.65,0.6411798987986921,0.5333333333333333
8,0,between_state,14.0,Joint_LDA,0.41250000000000003,0.39499206771399664,0.21666666666666667
8,0,between_state,2.0,Raw,0.85625,0.8459445029154407,0.8083333333333333
8,0,between_state,2.0,Trait_LDA,0.34375,0.22869674185463656,0.125
8,0,between_state,2.0,State_LDA,0.8625,0.8523950900448282,0.8166666666666667
8,0,between_state,2.0,Joint_LDA,0.73125,0.7112353771595818,0.6416666666666666
8,0,between_state,5.0,Raw,0.9125,0.9105308006170075,0.8833333333333333
8,0,between_state,5.0,Trait_LDA,0.375,0.33196834742351045,0.16666666666666663
8,0,between_state,5.0,State_LDA,0.8999999999999999,0.8976967324912529,0.8666666666666667
8,0,between_state,5.0,Joint_LDA,0.7375,0.6717037329609958,0.65
8,0,between_state,6.0,Raw,0.725,0.6898385360285251,0.6333333333333333
8,0,between_state,6.0,Trait_LDA,0.25625,0.16143348780155375,0.008333333333333304
8,0,between_state,6.0,State_LDA,0.70625,0.6666240736008178,0.6083333333333334
8,0,between_state,6.0,Joint_LDA,0.475,0.36005921438052935,0.30000000000000004
8,0,between_state,7.0,Raw,0.775,0.7395164741121095,0.7
8,0,between_state,7.0,Trait_LDA,0.2625,0.1639489828866645,0.01666666666666672
8,0,between_state,7.0,State_LDA,0.78125,0.7389514181629948,0.7083333333333333
8,0,between_state,7.0,Joint_LDA,0.6812499999999999,0.6101614520477211,0.575
8,1,between_state,1.0,Raw,0.81875,0.788768783866823,0.7583333333333333
8,1,between_state,1.0,Trait_LDA,0.25,0.19233929556290297,0.0
8,1,between_state,1.0,State_LDA,0.80625,0.7648219541516394,0.7416666666666667
8,1,between_state,1.0,Joint_LDA,0.71875,0.6827305885468475,0.625
8,1,between_state,12.0,Raw,0.7374999999999999,0.6708463949843261,0.65
8,1,between_state,12.0,Trait_LDA,0.26875000000000004,0.17914438502673796,0.025000000000000022
8,1,between_state,12.0,State_LDA,0.73125,0.6631608122301319,0.6416666666666666
8,1,between_state,12.0,Joint_LDA,0.64375,0.586144035601867,0.525
8,1,between_state,14.0,Raw,0.49375,0.44193207164055515,0.32499999999999996
8,1,between_state,14.0,Trait_LDA,0.24375,0.1542940837419365,-0.008333333333333304
8,1,between_state,14.0,State_LDA,0.6000000000000001,0.589975742549272,0.4666666666666667
8,1,between_state,14.0,Joint_LDA,0.48750000000000004,0.44691560239915173,0.31666666666666665
8,1,between_state,2.0,Raw,0.8624999999999999,0.8545732011567135,0.8166666666666667
8,1,between_state,2.0,Trait_LDA,0.2625,0.15492048808422537,0.01666666666666672
8,1,between_state,2.0,State_LDA,0.875,0.8692109578185528,0.8333333333333334
8,1,between_state,2.0,Joint_LDA,0.5875,0.5149371919701887,0.44999999999999996
8,1,between_state,4.0,Raw,0.75,0.6666666666666666,0.6666666666666667
8,1,between_state,4.0,Trait_LDA,0.25625,0.11320522296132052,0.008333333333333304
8,1,between_state,4.0,State_LDA,0.75,0.6666666666666666,0.6666666666666667
8,1,between_state,4.0,Joint_LDA,0.69375,0.6170196084961361,0.5916666666666667
8,1,between_state,7.0,Raw,0.8,0.7494579945799459,0.7333333333333334
8,1,between_state,7.0,Trait_LDA,0.26875,0.1519641547007651,0.025000000000000022
8,1,between_state,7.0,State_LDA,0.78125,0.7270127702373754,0.7083333333333333
8,1,between_state,7.0,Joint_LDA,0.75625,0.7275067921905605,0.675
8,1,between_state,8.0,Raw,0.475,0.39754288874962856,0.30000000000000004
8,1,between_state,8.0,Trait_LDA,0.3375,0.2461660306717546,0.1166666666666667
8,1,between_state,8.0,State_LDA,0.44999999999999996,0.37587607125229955,0.2666666666666667
8,1,between_state,8.0,Joint_LDA,0.35625,0.2562008703817467,0.14166666666666672
8,1,between_state,9.0,Raw,0.8500000000000001,0.8497418499762621,0.8
8,1,between_state,9.0,Trait_LDA,0.33125,0.22009493670886077,0.10833333333333328
8,1,between_state,9.0,State_LDA,0.84375,0.8441579254079254,0.7916666666666666
8,1,between_state,9.0,Joint_LDA,0.8,0.7780824028169151,0.7333333333333334
8,2,between_state,1.0,Raw,0.76875,0.7275036638983878,0.6916666666666667
8,2,between_state,1.0,Trait_LDA,0.3,0.25290886241564525,0.06666666666666665
8,2,between_state,1.0,State_LDA,0.75625,0.7150151668351871,0.675
8,2,between_state,1.0,Joint_LDA,0.64375,0.5875450180072029,0.525
8,2,between_state,10.0,Raw,0.35,0.27905128874956464,0.1333333333333333
8,2,between_state,10.0,Trait_LDA,0.24375000000000002,0.1171875,-0.008333333333333304
8,2,between_state,10.0,State_LDA,0.3125,0.216682301438399,0.08333333333333337
8,2,between_state,10.0,Joint_LDA,0.44375000000000003,0.3992272060172445,0.2583333333333333
8,2,between_state,11.0,Raw,0.60625,0.5438581436985864,0.475
8,2,between_state,11.0,Trait_LDA,0.275,0.16369888826078763,0.033333333333333326
8,2,between_state,11.0,State_LDA,0.65,0.6105183483558061,0.5333333333333333
8,2,between_state,11.0,Joint_LDA,0.7125,0.6586177348700915,0.6166666666666667
8,2,between_state,13.0,Raw,0.8937499999999999,0.8906792188516913,0.8583333333333334
8,2,between_state,13.0,Trait_LDA,0.35625,0.23308899689267787,0.14166666666666672
8,2,between_state,13.0,State_LDA,0.8687499999999999,0.8631343556042351,0.825
8,2,between_state,13.0,Joint_LDA,0.68125,0.5910894660894661,0.575
8,2,between_state,3.0,Raw,0.7,0.6902493875013712,0.6
8,2,between_state,3.0,Trait_LDA,0.175,0.11933588218634947,-0.10000000000000009
8,2,between_state,3.0,State_LDA,0.6937500000000001,0.6793527252852927,0.5916666666666667
8,2,between_state,3.0,Joint_LDA,0.65,0.6023564733642128,0.5333333333333333
8,2,between_state,6.0,Raw,0.5874999999999999,0.5794162826420891,0.44999999999999996
8,2,between_state,6.0,Trait_LDA,0.28125,0.20699023199023198,0.04166666666666663
8,2,between_state,6.0,State_LDA,0.68125,0.6490079628554571,0.575
8,2,between_state,6.0,Joint_LDA,0.5812499999999999,0.5936464047542852,0.44166666666666665
8,2,between_state,7.0,Raw,0.8,0.7721611721611722,0.7333333333333334
8,2,between_state,7.0,Trait_LDA,0.375,0.27203925048280186,0.16666666666666663
8,2,between_state,7.0,State_LDA,0.8,0.7721611721611722,0.7333333333333334
8,2,between_state,7.0,Joint_LDA,0.75,0.6592071611253196,0.6666666666666667
8,2,between_state,9.0,Raw,0.675,0.6725923716585857,0.5666666666666667
8,2,between_state,9.0,Trait_LDA,0.29374999999999996,0.18785714285714286,0.05833333333333335
8,2,between_state,9.0,State_LDA,0.7000000000000001,0.687845947156292,0.6
8,2,between_state,9.0,Joint_LDA,0.7062499999999999,0.6286775319462877,0.6083333333333334
8,3,between_state,13.0,Raw,0.89375,0.8883005638646805,0.8583333333333334
8,3,between_state,13.0,Trait_LDA,0.27499999999999997,0.21074758747261854,0.033333333333333326
8,3,between_state,13.0,State_LDA,0.88125,0.8731886840757809,0.8416666666666667
8,3,between_state,13.0,Joint_LDA,0.8,0.7653654028914272,0.7333333333333334
8,3,between_state,14.0,Raw,0.7,0.6978183868096616,0.6
8,3,between_state,14.0,Trait_LDA,0.25,0.1,0.0
8,3,between_state,14.0,State_LDA,0.65625,0.662544570968484,0.5416666666666667
8,3,between_state,14.0,Joint_LDA,0.6125,0.5162555984036925,0.4833333333333333
8,3,between_state,2.0,Raw,0.8250000000000001,0.8118569057717131,0.7666666666666666
8,3,between_state,2.0,Trait_LDA,0.3125,0.277129600720658,0.08333333333333337
8,3,between_state,2.0,State_LDA,0.8,0.7813429913463392,0.7333333333333334
8,3,between_state,2.0,Joint_LDA,0.7625,0.6942710067710068,0.6833333333333333
8,3,between_state,4.0,Raw,0.75,0.6756972316558608,0.6666666666666667
8,3,between_state,4.0,Trait_LDA,0.275,0.18022420235699912,0.033333333333333326
8,3,between_state,4.0,State_LDA,0.75,0.6756972316558608,0.6666666666666667
8,3,between_state,4.0,Joint_LDA,0.6875,0.6034767776500379,0.5833333333333333
8,3,between_state,5.0,Raw,0.90625,0.9033815102306458,0.875
8,3,between_state,5.0,Trait_LDA,0.33125,0.25849195037093126,0.10833333333333328
8,3,between_state,5.0,State_LDA,0.9,0.8965653094864586,0.8666666666666667
8,3,between_state,5.0,Joint_LDA,0.8125,0.7978466991809687,0.75
8,3,between_state,6.0,Raw,0.68125,0.617235882169175,0.575
8,3,between_state,6.0,Trait_LDA,0.35625,0.2992366523979896,0.14166666666666672
8,3,between_state,6.0,State_LDA,0.6875,0.6152433094384689,0.5833333333333333
8,3,between_state,6.0,Joint_LDA,0.48125,0.4148336708801825,0.30833333333333335
8,3,between_state,7.0,Raw,0.8,0.7563959541871189,0.7333333333333334
8,3,between_state,7.0,Trait_LDA,0.26875,0.13623563865735525,0.025000000000000022
8,3,between_state,7.0,State_LDA,0.80625,0.7655247983190481,0.7416666666666667
8,3,between_state,7.0,Joint_LDA,0.75,0.7327527522124159,0.6666666666666667
8,3,between_state,8.0,Raw,0.46875,0.39614527629233515,0.29166666666666663
8,3,between_state,8.0,Trait_LDA,0.25,0.1,0.0
8,3,between_state,8.0,State_LDA,0.48750000000000004,0.4134097120033635,0.31666666666666665
8,3,between_state,8.0,Joint_LDA,0.4625,0.36986563631300473,0.2833333333333333
8,4,between_state,1.0,Raw,0.79375,0.7520140827637423,0.725
8,4,between_state,1.0,Trait_LDA,0.25625,0.20240162037037035,0.008333333333333304
8,4,between_state,1.0,State_LDA,0.79375,0.755995682946536,0.725
8,4,between_state,1.0,Joint_LDA,0.66875,0.6273783720592232,0.5583333333333333
8,4,between_state,10.0,Raw,0.4375,0.4149193642178717,0.25
8,4,between_state,10.0,Trait_LDA,0.25,0.1,0.0
8,4,between_state,10.0,State_LDA,0.53125,0.5229505188348738,0.375
8,4,between_state,10.0,Joint_LDA,0.5,0.4356677981631803,0.33333333333333337
8,4,between_state,12.0,Raw,0.74375,0.6740210693699066,0.6583333333333333
8,4,between_state,12.0,Trait_LDA,0.175,0.11582608695652175,-0.10000000000000009
8,4,between_state,12.0,State_LDA,0.73125,0.6676328502415458,0.6416666666666666
8,4,between_state,12.0,Joint_LDA,0.5874999999999999,0.5007204599632162,0.44999999999999996
8,4,between_state,2.0,Raw,0.78125,0.7687902939571645,0.7083333333333333
8,4,between_state,2.0,Trait_LDA,0.25,0.11061267855034826,0.0
8,4,between_state,2.0,State_LDA,0.78125,0.7683258114543847,0.7083333333333333
8,4,between_state,2.0,Joint_LDA,0.75625,0.7413272237833641,0.675
8,4,between_state,3.0,Raw,0.6875,0.6786651280230402,0.5833333333333333
8,4,between_state,3.0,Trait_LDA,0.26875000000000004,0.22300699479019553,0.025000000000000022
8,4,between_state,3.0,State_LDA,0.6937500000000001,0.6920235544875584,0.5916666666666667
8,4,between_state,3.0,Joint_LDA,0.7,0.6720869957178274,0.6
8,4,between_state,4.0,Raw,0.75625,0.6802623488419759,0.675
8,4,between_state,4.0,Trait_LDA,0.25,0.1,0.0
8,4,between_state,4.0,State_LDA,0.75,0.6743629394862687,0.6666666666666667
8,4,between_state,4.0,Joint_LDA,0.6625,0.609459367792701,0.55
8,4,between_state,7.0,Raw,0.7625000000000001,0.7349379000041113,0.6833333333333333
8,4,between_state,7.0,Trait_LDA,0.27499999999999997,0.17914349276974414,0.033333333333333326
8,4,between_state,7.0,State_LDA,0.7875000000000001,0.7695503817343705,0.7166666666666667
8,4,between_state,7.0,Joint_LDA,0.75,0.6602214377406932,0.6666666666666667
8,4,between_state,8.0,Raw,0.48124999999999996,0.4118388806031672,0.30833333333333335
8,4,between_state,8.0,Trait_LDA,0.23750000000000002,0.11796536796536797,-0.016666666666666607
8,4,between_state,8.0,State_LDA,0.46875,0.3975734105252178,0.29166666666666663
8,4,between_state,8.0,Joint_LDA,0.45000000000000007,0.39488847707104524,0.2666666666666667
8,5,between_state,1.0,Raw,0.79375,0.755631504801334,0.725
8,5,between_state,1.0,Trait_LDA,0.30625,0.22532532096290483,0.07499999999999996
8,5,between_state,1.0,State_LDA,0.79375,0.755631504801334,0.725
8,5,between_state,1.0,Joint_LDA,0.7250000000000001,0.6822907668004187,0.6333333333333333
8,5,between_state,10.0,Raw,0.3625,0.334547397047397,0.15000000000000002
8,5,between_state,10.0,Trait_LDA,0.26875,0.13554183662220262,0.025000000000000022
8,5,between_state,10.0,State_LDA,0.34375,0.2932857496247116,0.125
8,5,between_state,10.0,Joint_LDA,0.45625,0.4067990832696715,0.275
8,5,between_state,13.0,Raw,0.8875,0.8800194954081778,0.85
8,5,between_state,13.0,Trait_LDA,0.3125,0.2153759133563295,0.08333333333333337
8,5,between_state,13.0,State_LDA,0.88125,0.874536182864767,0.8416666666666667
8,5,between_state,13.0,Joint_LDA,0.825,0.8153180503805975,0.7666666666666666
8,5,between_state,14.0,Raw,0.525,0.5478627937527368,0.3666666666666667
8,5,between_state,14.0,Trait_LDA,0.24375,0.19502608797465112,-0.008333333333333304
8,5,between_state,14.0,State_LDA,0.51875,0.5417174435978679,0.3583333333333333
8,5,between_state,14.0,Joint_LDA,0.475,0.4190778816951914,0.30000000000000004
8,5,between_state,3.0,Raw,0.7250000000000001,0.7146483676079347,0.6333333333333333
8,5,between_state,3.0,Trait_LDA,0.175,0.11473529132211767,-0.10000000000000009
8,5,between_state,3.0,State_LDA,0.7,0.6869646753955264,0.6
8,5,between_state,3.0,Joint_LDA,0.65,0.6056160214435099,0.5333333333333333
8,5,between_state,6.0,Raw,0.74375,0.6809708379475822,0.6583333333333333
8,5,between_state,6.0,Trait_LDA,0.25625,0.255261021872864,0.008333333333333304
8,5,between_state,6.0,State_LDA,0.7375,0.6744804680992837,0.65
8,5,between_state,6.0,Joint_LDA,0.63125,0.5851637618434904,0.5083333333333333
8,5,between_state,7.0,Raw,0.7562500000000001,0.6929428391295178,0.675
8,5,between_state,7.0,Trait_LDA,0.36875,0.3609192497753818,0.15833333333333333
8,5,between_state,7.0,State_LDA,0.75,0.6792391266656486,0.6666666666666667
8,5,between_state,7.0,Joint_LDA,0.7250000000000001,0.6854166666666666,0.6333333333333333
8,5,between_state,9.0,Raw,0.675,0.6724559686888454,0.5666666666666667
8,5,between_state,9.0,Trait_LDA,0.25,0.1,0.0
8,5,between_state,9.0,State_LDA,0.6625,0.652967263505215,0.55
8,5,between_state,9.0,Joint_LDA,0.675,0.6083950617283951,0.5666666666666667
8,6,between_state,1.0,Raw,0.80625,0.7778854263687689,0.7416666666666667
8,6,between_state,1.0,Trait_LDA,0.28125,0.21595080914673295,0.04166666666666663
8,6,between_state,1.0,State_LDA,0.8125,0.783766204502452,0.75
8,6,between_state,1.0,Joint_LDA,0.775,0.728600510338099,0.7
8,6,between_state,12.0,Raw,0.74375,0.6638655462184874,0.6583333333333333
8,6,between_state,12.0,Trait_LDA,0.23750000000000002,0.15180265654648956,-0.016666666666666607
8,6,between_state,12.0,State_LDA,0.73125,0.6550332383665717,0.6416666666666666
8,6,between_state,12.0,Joint_LDA,0.68125,0.648896454746238,0.575
8,6,between_state,13.0,Raw,0.775,0.7187701638921151,0.7
8,6,between_state,13.0,Trait_LDA,0.2625,0.17647460146849436,0.01666666666666672
8,6,between_state,13.0,State_LDA,0.7875,0.7441137566137566,0.7166666666666667
8,6,between_state,13.0,Joint_LDA,0.8625,0.8553766062909046,0.8166666666666667
8,6,between_state,14.0,Raw,0.8062499999999999,0.788502937395791,0.7416666666666667
8,6,between_state,14.0,Trait_LDA,0.28125,0.23563400381685834,0.04166666666666663
8,6,between_state,14.0,State_LDA,0.70625,0.7019703190200565,0.6083333333333334
8,6,between_state,14.0,Joint_LDA,0.53125,0.5166604412580591,0.375
8,6,between_state,2.0,Raw,0.8500000000000001,0.8500475241004258,0.8
8,6,between_state,2.0,Trait_LDA,0.28125,0.15811887535488597,0.04166666666666663
8,6,between_state,2.0,State_LDA,0.8062499999999999,0.8031412853674899,0.7416666666666667
8,6,between_state,2.0,Joint_LDA,0.84375,0.8257610742419995,0.7916666666666666
8,6,between_state,3.0,Raw,0.625,0.6048280347247997,0.5
8,6,between_state,3.0,Trait_LDA,0.29374999999999996,0.23546989934185056,0.05833333333333335
8,6,between_state,3.0,State_LDA,0.68125,0.67012782124344,0.575
8,6,between_state,3.0,Joint_LDA,0.6625,0.6419683309898633,0.55
8,6,between_state,5.0,Raw,0.8937499999999999,0.8896580988967159,0.8583333333333334
8,6,between_state,5.0,Trait_LDA,0.39374999999999993,0.31912509847937065,0.19166666666666665
8,6,between_state,5.0,State_LDA,0.8937499999999999,0.8893538573499099,0.8583333333333334
8,6,between_state,5.0,Joint_LDA,0.7625,0.7196011586452762,0.6833333333333333
8,6,between_state,8.0,Raw,0.48750000000000004,0.41478408636545383,0.31666666666666665
8,6,between_state,8.0,Trait_LDA,0.28125,0.16511023545907266,0.04166666666666663
8,6,between_state,8.0,State_LDA,0.49374999999999997,0.4178415194040194,0.32499999999999996
8,6,between_state,8.0,Joint_LDA,0.3625,0.26053533388904326,0.15000000000000002
8,7,between_state,1.0,Raw,0.80625,0.7856326553039921,0.7416666666666667
8,7,between_state,1.0,Trait_LDA,0.2375,0.15984948784056863,-0.016666666666666607
8,7,between_state,1.0,State_LDA,0.81875,0.7995324705940756,0.7583333333333333
8,7,between_state,1.0,Joint_LDA,0.74375,0.7088554910764803,0.6583333333333333
8,7,between_state,11.0,Raw,0.9437500000000001,0.9424706500926012,0.925
8,7,between_state,11.0,Trait_LDA,0.23125,0.15685553102771646,-0.02499999999999991
8,7,between_state,11.0,State_LDA,0.95,0.9490329611127437,0.9333333333333333
8,7,between_state,11.0,Joint_LDA,0.5625,0.48749089225279696,0.41666666666666663
8,7,between_state,13.0,Raw,0.89375,0.8881890442544477,0.8583333333333334
8,7,between_state,13.0,Trait_LDA,0.24375,0.13112305854241338,-0.008333333333333304
8,7,between_state,13.0,State_LDA,0.9,0.8940713971956241,0.8666666666666667
8,7,between_state,13.0,Joint_LDA,0.8812500000000001,0.8712254601328137,0.8416666666666667
8,7,between_state,14.0,Raw,0.63125,0.6211167982689887,0.5083333333333333
8,7,between_state,14.0,Trait_LDA,0.25625,0.179562068729931,0.008333333333333304
8,7,between_state,14.0,State_LDA,0.6375,0.6208173427490364,0.5166666666666666
8,7,between_state,14.0,Joint_LDA,0.51875,0.4550453185644858,0.3583333333333333
8,7,between_state,2.0,Raw,0.86875,0.8657186309625334,0.825
8,7,between_state,2.0,Trait_LDA,0.26875,0.138201871657754,0.025000000000000022
8,7,between_state,2.0,State_LDA,0.85625,0.8518242321236252,0.8083333333333333
8,7,between_state,2.0,Joint_LDA,0.85625,0.8479882195169155,0.8083333333333333
8,7,between_state,3.0,Raw,0.71875,0.7189955667053713,0.625
8,7,between_state,3.0,Trait_LDA,0.29375,0.20714285714285713,0.05833333333333335
8,7,between_state,3.0,State_LDA,0.71875,0.7224940328243974,0.625
8,7,between_state,3.0,Joint_LDA,0.6500000000000001,0.6331450623594357,0.5333333333333333
8,7,between_state,4.0,Raw,0.73125,0.6528613662760004,0.6416666666666666
8,7,between_state,4.0,Trait_LDA,0.25,0.1,0.0
8,7,between_state,4.0,State_LDA,0.74375,0.6621246992363218,0.6583333333333333
8,7,between_state,4.0,Joint_LDA,0.75,0.6649808071376699,0.6666666666666667
8,7,between_state,6.0,Raw,0.75,0.6978319783197832,0.6666666666666667
8,7,between_state,6.0,Trait_LDA,0.25,0.1342062193126023,0.0
8,7,between_state,6.0,State_LDA,0.74375,0.6851362052581564,0.6583333333333333
8,7,between_state,6.0,Joint_LDA,0.70625,0.6157548986295164,0.6083333333333334
8,8,between_state,12.0,Raw,0.70625,0.6573518529312982,0.6083333333333334
8,8,between_state,12.0,Trait_LDA,0.26875,0.1575541175060736,0.025000000000000022
8,8,between_state,12.0,State_LDA,0.7,0.6359917385439334,0.6
8,8,between_state,12.0,Joint_LDA,0.6,0.5453762604785266,0.4666666666666667
8,8,between_state,14.0,Raw,0.5062500000000001,0.4629344611359,0.3416666666666667
8,8,between_state,14.0,Trait_LDA,0.25625,0.11340445269016698,0.008333333333333304
8,8,between_state,14.0,State_LDA,0.625,0.6146677967572595,0.5
8,8,between_state,14.0,Joint_LDA,0.40625,0.30799501823507824,0.20833333333333337
8,8,between_state,2.0,Raw,0.9,0.8964370406574708,0.8666666666666667
8,8,between_state,2.0,Trait_LDA,0.3,0.23879222540210207,0.06666666666666665
8,8,between_state,2.0,State_LDA,0.85625,0.8502069802941492,0.8083333333333333
8,8,between_state,2.0,Joint_LDA,0.76875,0.7077787636793849,0.6916666666666667
8,8,between_state,4.0,Raw,0.75,0.6756972316558608,0.6666666666666667
8,8,between_state,4.0,Trait_LDA,0.3,0.1816009557945042,0.06666666666666665
8,8,between_state,4.0,State_LDA,0.75,0.6756972316558608,0.6666666666666667
8,8,between_state,4.0,Joint_LDA,0.79375,0.7960730271592797,0.725
8,8,between_state,5.0,Raw,0.8875,0.8817587641117052,0.85
8,8,between_state,5.0,Trait_LDA,0.2875,0.23361380303823992,0.050000000000000044
8,8,between_state,5.0,State_LDA,0.875,0.8669994628807014,0.8333333333333334
8,8,between_state,5.0,Joint_LDA,0.70625,0.6745895066790589,0.6083333333333334
8,8,between_state,6.0,Raw,0.7250000000000001,0.7006699021071844,0.6333333333333333
8,8,between_state,6.0,Trait_LDA,0.21875,0.1691281775868242,-0.04166666666666674
8,8,between_state,6.0,State_LDA,0.70625,0.6680379198876224,0.6083333333333334
8,8,between_state,6.0,Joint_LDA,0.6875,0.6083704016745318,0.5833333333333333
8,8,between_state,7.0,Raw,0.775,0.709830866807611,0.7
8,8,between_state,7.0,Trait_LDA,0.28750000000000003,0.17494505494505497,0.050000000000000044
8,8,between_state,7.0,State_LDA,0.78125,0.71895390196217,0.7083333333333333
8,8,between_state,7.0,Joint_LDA,0.7375,0.7235943163485721,0.65
8,8,between_state,9.0,Raw,0.79375,0.7962880869333644,0.725
8,8,between_state,9.0,Trait_LDA,0.4,0.33145651599259845,0.19999999999999996
8,8,between_state,9.0,State_LDA,0.7875,0.7905195151201343,0.7166666666666667
8,8,between_state,9.0,Joint_LDA,0.7562500000000001,0.7331578266865878,0.675
8,9,between_state,11.0,Raw,0.9437500000000001,0.9430427105176029,0.925
8,9,between_state,11.0,Trait_LDA,0.23750000000000002,0.16765456484682878,-0.016666666666666607
8,9,between_state,11.0,State_LDA,0.95,0.949170672900219,0.9333333333333333
8,9,between_state,11.0,Joint_LDA,0.58125,0.4897672792409634,0.44166666666666665
8,9,between_state,12.0,Raw,0.73125,0.7134722295737512,0.6416666666666666
8,9,between_state,12.0,Trait_LDA,0.23125,0.16316446842525978,-0.02499999999999991
8,9,between_state,12.0,State_LDA,0.7374999999999999,0.7214734373032199,0.65
8,9,between_state,12.0,Joint_LDA,0.625,0.5829880750688315,0.5
8,9,between_state,13.0,Raw,0.8875,0.8831440239070761,0.85
8,9,between_state,13.0,Trait_LDA,0.25,0.10050251256281408,0.0
8,9,between_state,13.0,State_LDA,0.8875000000000001,0.8816374983041649,0.85
8,9,between_state,13.0,Joint_LDA,0.7,0.6091605830260154,0.6
8,9,between_state,3.0,Raw,0.7375,0.7417878277564752,0.65
8,9,between_state,3.0,Trait_LDA,0.25,0.10050251256281408,0.0
8,9,between_state,3.0,State_LDA,0.74375,0.7511689224017991,0.6583333333333333
8,9,between_state,3.0,Joint_LDA,0.65625,0.6296436740098712,0.5416666666666667
8,9,between_state,4.0,Raw,0.7625000000000001,0.6999007494530082,0.6833333333333333
8,9,between_state,4.0,Trait_LDA,0.25,0.1,0.0
8,9,between_state,4.0,State_LDA,0.75,0.6743629394862687,0.6666666666666667
8,9,between_state,4.0,Joint_LDA,0.7125,0.6352039501107194,0.6166666666666667
8,9,between_state,6.0,Raw,0.75625,0.7583265499932166,0.675
8,9,between_state,6.0,Trait_LDA,0.25625,0.11315074961633809,0.008333333333333304
8,9,between_state,6.0,State_LDA,0.78125,0.7856037151702786,0.7083333333333333
8,9,between_state,6.0,Joint_LDA,0.59375,0.5776190213421204,0.45833333333333337
8,9,between_state,7.0,Raw,0.84375,0.8268398268398268,0.7916666666666666
8,9,between_state,7.0,Trait_LDA,0.16875,0.09166602716598879,-0.10833333333333339
8,9,between_state,7.0,State_LDA,0.83125,0.8070201389345429,0.775
8,9,between_state,7.0,Joint_LDA,0.7375,0.721483566252588,0.65
8,9,between_state,9.0,Raw,0.85,0.8533597980966402,0.8
8,9,between_state,9.0,Trait_LDA,0.24375,0.19920323186624597,-0.008333333333333304
8,9,between_state,9.0,State_LDA,0.8375,0.841757875701913,0.7833333333333333
8,9,between_state,9.0,Joint_LDA,0.7375,0.6813861781969507,0.65
all,0,between_state,1.0,Raw,0.8125,0.780886250699693,0.75
all,0,between_state,1.0,Trait_LDA,0.25,0.22446830201826085,0.0
all,0,between_state,1.0,State_LDA,0.8062499999999999,0.771017026451809,0.7416666666666667
all,0,between_state,1.0,Joint_LDA,0.6812499999999999,0.6036250983059493,0.575
all,0,between_state,10.0,Raw,0.41250000000000003,0.37282550304219364,0.21666666666666667
all,0,between_state,10.0,Trait_LDA,0.25625,0.11367521367521367,0.008333333333333304
all,0,between_state,10.0,State_LDA,0.4375,0.38836897293569533,0.25
all,0,between_state,10.0,Joint_LDA,0.6,0.5628514787393293,0.4666666666666667
all,0,between_state,11.0,Raw,0.8812500000000001,0.8728473503222427,0.8416666666666667
all,0,between_state,11.0,Trait_LDA,0.25625,0.12329931972789115,0.008333333333333304
all,0,between_state,11.0,State_LDA,0.86875,0.8554031795384303,0.825
all,0,between_state,11.0,Joint_LDA,0.575,0.5154966798802415,0.43333333333333335
all,0,between_state,12.0,Raw,0.725,0.6615334632878492,0.6333333333333333
all,0,between_state,12.0,Trait_LDA,0.30625,0.2734923582164962,0.07499999999999996
all,0,between_state,12.0,State_LDA,0.71875,0.6554560280116075,0.625
all,0,between_state,12.0,Joint_LDA,0.6875,0.6530078334326813,0.5833333333333333
all,0,between_state,13.0,Raw,0.8875,0.8807184373535465,0.85
all,0,between_state,13.0,Trait_LDA,0.20625000000000002,0.15286990791321992,-0.05833333333333335
all,0,between_state,13.0,State_LDA,0.8812500000000001,0.8734051271964333,0.8416666666666667
all,0,between_state,13.0,Joint_LDA,0.73125,0.6496553473491109,0.6416666666666666
all,0,between_state,14.0,Raw,0.70625,0.6586265899767044,0.6083333333333334
all,0,between_state,14.0,Trait_LDA,0.34375,0.23982771260997066,0.125
all,0,between_state,14.0,State_LDA,0.86875,0.864910738293559,0.825
all,0,between_state,14.0,Joint_LDA,0.46249999999999997,0.39345831084065364,0.2833333333333333
all,0,between_state,2.0,Raw,0.8625,0.8499871001031991,0.8166666666666667
all,0,between_state,2.0,Trait_LDA,0.35,0.27897219213994473,0.1333333333333333
all,0,between_state,2.0,State_LDA,0.85625,0.8444713328369322,0.8083333333333333
all,0,between_state,2.0,Joint_LDA,0.8250000000000001,0.7963991608569922,0.7666666666666666
all,0,between_state,3.0,Raw,0.7250000000000001,0.7133653274551398,0.6333333333333333
all,0,between_state,3.0,Trait_LDA,0.275,0.22537970159921378,0.033333333333333326
all,0,between_state,3.0,State_LDA,0.7125,0.7026214982200898,0.6166666666666667
all,0,between_state,3.0,Joint_LDA,0.6937500000000001,0.6144496478264627,0.5916666666666667
all,0,between_state,4.0,Raw,0.75,0.6743629394862687,0.6666666666666667
all,0,between_state,4.0,Trait_LDA,0.30625,0.21661343399148278,0.07499999999999996
all,0,between_state,4.0,State_LDA,0.75,0.6743629394862687,0.6666666666666667
all,0,between_state,4.0,Joint_LDA,0.7375,0.7275992081256653,0.65
all,0,between_state,5.0,Raw,0.9,0.8963411578578128,0.8666666666666667
all,0,between_state,5.0,Trait_LDA,0.26875,0.17777215933187618,0.025000000000000022
all,0,between_state,5.0,State_LDA,0.8875,0.8817587641117052,0.85
all,0,between_state,5.0,Joint_LDA,0.73125,0.6870405870810156,0.6416666666666666
all,0,between_state,6.0,Raw,0.83125,0.826419878296146,0.775
all,0,between_state,6.0,Trait_LDA,0.33125,0.3210322999903726,0.10833333333333328
all,0,between_state,6.0,State_LDA,0.84375,0.8350182612468553,0.7916666666666666
all,0,between_state,6.0,Joint_LDA,0.65625,0.5661923599516668,0.5416666666666667
all,0,between_state,7.0,Raw,0.7375,0.6733862836550033,0.65
all,0,between_state,7.0,Trait_LDA,0.2625,0.20803066989507668,0.01666666666666672
all,0,between_state,7.0,State_LDA,0.725,0.6608734055542567,0.6333333333333333
all,0,between_state,7.0,Joint_LDA,0.7125000000000001,0.676575404962516,0.6166666666666667
all,0,between_state,8.0,Raw,0.475,0.40252032520325204,0.30000000000000004
all,0,between_state,8.0,Trait_LDA,0.24375,0.150109649122807,-0.008333333333333304
all,0,between_state,8.0,State_LDA,0.475,0.40991179726844174,0.30000000000000004
all,0,between_state,8.0,Joint_LDA,0.40624999999999994,0.30593650843714537,0.20833333333333337
all,0,between_state,9.0,Raw,0.83125,0.8346574548072309,0.775
all,0,between_state,9.0,Trait_LDA,0.2625,0.18577667002784828,0.01666666666666672
all,0,between_state,9.0,State_LDA,0.83125,0.8357119813380981,0.775
all,0,between_state,9.0,Joint_LDA,0.73125,0.6577493382674171,0.6416666666666666
